model_name	task_type	dataset	setting	seed	AUROC	AUPR	ACC	F1	MCC	Brier	ECE	NLL	loss	train_loss_final	test_loss	run_status	run_dir	source_file	schema_note	upstream_source
ISG-MDA	MDA	MDR	random	0	0.9147894806974148	0.9047594362182053	0.8484288354898336	0.8481481481481481	0.6968624329205784	0.11814219709651505	0.07176253143575076	0.4426885695263392		0.2485237993518539	0.44268857248389126	PASS	formal_runs/isg_clean_fixedfinal_20260706/04_formal_runs/MDR/random/seed_0	formal_runs/isg_clean_fixedfinal_20260706/08_final_audit_20260710_after_4seed_rerun/ISG_FORMAL_250_RAW_METRICS.tsv		outputs/paper1_data_refresh_20260710/PAPER1_7MODEL_RAW_SEED_METRICS.tsv
ISG-MDA	MDA	MDR	random	1	0.9030360699874608	0.8857671205145338	0.8262476894639557	0.8292461398728429	0.6528981535471741	0.12877694574934184	0.07130609069424608	0.46457809758811947		0.25052763766065483	0.46457809892908264	PASS	formal_runs/isg_clean_fixedfinal_20260706/04_formal_runs/MDR/random/seed_1	formal_runs/isg_clean_fixedfinal_20260706/08_final_audit_20260710_after_4seed_rerun/ISG_FORMAL_250_RAW_METRICS.tsv		outputs/paper1_data_refresh_20260710/PAPER1_7MODEL_RAW_SEED_METRICS.tsv
ISG-MDA	MDA	MDR	random	2	0.9197368466009068	0.9010475550845993	0.8484288354898336	0.855379188712522	0.70009918803198	0.11420636820524765	0.06273758353787698	0.41182965694338297		0.2675221379124339	0.411829656461691	PASS	formal_runs/isg_clean_fixedfinal_20260706/04_formal_runs/MDR/random/seed_2	formal_runs/isg_clean_fixedfinal_20260706/08_final_audit_20260710_after_4seed_rerun/ISG_FORMAL_250_RAW_METRICS.tsv		outputs/paper1_data_refresh_20260710/PAPER1_7MODEL_RAW_SEED_METRICS.tsv
ISG-MDA	MDA	MDR	random	3	0.9055447740030955	0.8857153950511218	0.8308687615526802	0.840174672489083	0.6662705372660035	0.1276784297279235	0.07437448397170182	0.44727941768488805		0.24852169306290897	0.44727942066580445	PASS	formal_runs/isg_clean_fixedfinal_20260706/04_formal_runs/MDR/random/seed_3	formal_runs/isg_clean_fixedfinal_20260706/08_final_audit_20260710_after_4seed_rerun/ISG_FORMAL_250_RAW_METRICS.tsv		outputs/paper1_data_refresh_20260710/PAPER1_7MODEL_RAW_SEED_METRICS.tsv
ISG-MDA	MDA	MDR	random	4	0.9113147078218266	0.8929548362610455	0.8391866913123844	0.8446428571428571	0.6800530454894083	0.11950550636340694	0.04829523601973922	0.42361509872823927		0.27157227493621205	0.4236151000928967	PASS	formal_runs/isg_clean_fixedfinal_20260706/04_formal_runs/MDR/random/seed_4	formal_runs/isg_clean_fixedfinal_20260706/08_final_audit_20260710_after_4seed_rerun/ISG_FORMAL_250_RAW_METRICS.tsv		outputs/paper1_data_refresh_20260710/PAPER1_7MODEL_RAW_SEED_METRICS.tsv
ISG-MDA	MDA	MDR	random	5	0.8974121996303142	0.8774029950000051	0.8317929759704251	0.8361836183618362	0.6645413972359817	0.12929558653056403	0.06223335308185948	0.4518491422558205		0.25330704507058915	0.4518491438488423	PASS	formal_runs/isg_clean_fixedfinal_20260706/04_formal_runs/MDR/random/seed_5	formal_runs/isg_clean_fixedfinal_20260706/08_final_audit_20260710_after_4seed_rerun/ISG_FORMAL_250_RAW_METRICS.tsv		outputs/paper1_data_refresh_20260710/PAPER1_7MODEL_RAW_SEED_METRICS.tsv
ISG-MDA	MDA	MDR	random	6	0.9164235122881226	0.8951312328664245	0.8576709796672828	0.8608852755194218	0.7161069663668633	0.11361021754641806	0.05189290719104098	0.3901958018815322		0.2580356561413371	0.3901958055449942	PASS	formal_runs/isg_clean_fixedfinal_20260706/04_formal_runs/MDR/random/seed_6	formal_runs/isg_clean_fixedfinal_20260706/08_final_audit_20260710_after_4seed_rerun/ISG_FORMAL_250_RAW_METRICS.tsv		outputs/paper1_data_refresh_20260710/PAPER1_7MODEL_RAW_SEED_METRICS.tsv
ISG-MDA	MDA	MDR	random	7	0.9148714812372516	0.9039533588773386	0.8456561922365989	0.852863436123348	0.694653884628356	0.11918447817630409	0.0643433410570182	0.4206215800341224		0.2593431409373518	0.4206215857137373	PASS	formal_runs/isg_clean_fixedfinal_20260706/04_formal_runs/MDR/random/seed_7	formal_runs/isg_clean_fixedfinal_20260706/08_final_audit_20260710_after_4seed_rerun/ISG_FORMAL_250_RAW_METRICS.tsv		outputs/paper1_data_refresh_20260710/PAPER1_7MODEL_RAW_SEED_METRICS.tsv
ISG-MDA	MDA	MDR	random	8	0.9208041348772212	0.901170126672445	0.8498151571164511	0.8479176415535797	0.699848242974657	0.11628567613705379	0.06059281059928178	0.40877942687980234		0.25276914551478935	0.40877942809776546	PASS	formal_runs/isg_clean_fixedfinal_20260706/04_formal_runs/MDR/random/seed_8	formal_runs/isg_clean_fixedfinal_20260706/08_final_audit_20260710_after_4seed_rerun/ISG_FORMAL_250_RAW_METRICS.tsv		outputs/paper1_data_refresh_20260710/PAPER1_7MODEL_RAW_SEED_METRICS.tsv
ISG-MDA	MDA	MDR	random	9	0.92070376963315	0.9042728101130462	0.8530499075785583	0.8594164456233422	0.7090139917996877	0.1114708965693198	0.04455105148632709	0.38470546029710123		0.25981768570387714	0.3847054577468724	PASS	formal_runs/isg_clean_fixedfinal_20260706/04_formal_runs/MDR/random/seed_9	formal_runs/isg_clean_fixedfinal_20260706/08_final_audit_20260710_after_4seed_rerun/ISG_FORMAL_250_RAW_METRICS.tsv		outputs/paper1_data_refresh_20260710/PAPER1_7MODEL_RAW_SEED_METRICS.tsv
ISG-MDA	MDA	MDR	random	10	0.9167946501481133	0.8986650268431691	0.8424214417744916	0.852060737527115	0.6907329406462998	0.1165012552502142	0.06240957873507394	0.40560854741702435		0.25324190129175506	0.405608543186223	PASS	formal_runs/isg_clean_fixedfinal_20260706/04_formal_runs/MDR/random/seed_10	formal_runs/isg_clean_fixedfinal_20260706/08_final_audit_20260710_after_4seed_rerun/ISG_FORMAL_250_RAW_METRICS.tsv		outputs/paper1_data_refresh_20260710/PAPER1_7MODEL_RAW_SEED_METRICS.tsv
ISG-MDA	MDA	MDR	random	11	0.9194032923216745	0.9031978180306706	0.8456561922365989	0.8536371603856266	0.6954604830907376	0.11607730565430763	0.0634756782970198	0.40869681763162274		0.2655829676485249	0.4086968225604285	PASS	formal_runs/isg_clean_fixedfinal_20260706/04_formal_runs/MDR/random/seed_11	formal_runs/isg_clean_fixedfinal_20260706/08_final_audit_20260710_after_4seed_rerun/ISG_FORMAL_250_RAW_METRICS.tsv		outputs/paper1_data_refresh_20260710/PAPER1_7MODEL_RAW_SEED_METRICS.tsv
ISG-MDA	MDA	MDR	random	12	0.9214187118398529	0.9083505845701898	0.8525878003696857	0.8610021786492374	0.710401515173932	0.11076586490306355	0.04951569627064239	0.3882448185704339		0.2531890306448821	0.38824481972925323	PASS	formal_runs/isg_clean_fixedfinal_20260706/04_formal_runs/MDR/random/seed_12	formal_runs/isg_clean_fixedfinal_20260706/08_final_audit_20260710_after_4seed_rerun/ISG_FORMAL_250_RAW_METRICS.tsv		outputs/paper1_data_refresh_20260710/PAPER1_7MODEL_RAW_SEED_METRICS.tsv
ISG-MDA	MDA	MDR	random	13	0.911642282895029	0.891860415406929	0.8285582255083179	0.8397408207343412	0.6636104585832416	0.12490679862143605	0.07889544997397557	0.43637664708543883		0.26621889739671023	0.4363766453623111	PASS	formal_runs/isg_clean_fixedfinal_20260706/04_formal_runs/MDR/random/seed_13	formal_runs/isg_clean_fixedfinal_20260706/08_final_audit_20260710_after_4seed_rerun/ISG_FORMAL_250_RAW_METRICS.tsv		outputs/paper1_data_refresh_20260710/PAPER1_7MODEL_RAW_SEED_METRICS.tsv
ISG-MDA	MDA	MDR	random	14	0.9150350552307803	0.9004459390758558	0.8419593345656192	0.8453887884267631	0.684592644489604	0.11836278324224332	0.059250133954469875	0.42624652462612284		0.24780619116902325	0.42624652727254	PASS	formal_runs/isg_clean_fixedfinal_20260706/04_formal_runs/MDR/random/seed_14	formal_runs/isg_clean_fixedfinal_20260706/08_final_audit_20260710_after_4seed_rerun/ISG_FORMAL_250_RAW_METRICS.tsv		outputs/paper1_data_refresh_20260710/PAPER1_7MODEL_RAW_SEED_METRICS.tsv
ISG-MDA	MDA	MDR	random	15	0.9194293445765185	0.9043225326904492	0.8401109057301294	0.8485113835376532	0.6844441950597903	0.11446864037013192	0.05381128883310686	0.3876134134348805		0.27518640718467796	0.3876134156079037	PASS	formal_runs/isg_clean_fixedfinal_20260706/04_formal_runs/MDR/random/seed_15	formal_runs/isg_clean_fixedfinal_20260706/08_final_audit_20260710_after_4seed_rerun/ISG_FORMAL_250_RAW_METRICS.tsv		outputs/paper1_data_refresh_20260710/PAPER1_7MODEL_RAW_SEED_METRICS.tsv
ISG-MDA	MDA	MDR	random	16	0.9165311379966584	0.8926154242618587	0.8498151571164511	0.8556197245668592	0.7019029756186219	0.11204456328810386	0.04340804444972743	0.3835527252464743		0.27037690596413627	0.3835527270536546	PASS	formal_runs/isg_clean_fixedfinal_20260706/04_formal_runs/MDR/random/seed_16	formal_runs/isg_clean_fixedfinal_20260706/08_final_audit_20260710_after_4seed_rerun/ISG_FORMAL_250_RAW_METRICS.tsv		outputs/paper1_data_refresh_20260710/PAPER1_7MODEL_RAW_SEED_METRICS.tsv
ISG-MDA	MDA	MDR	random	17	0.8934291942421954	0.873713403185614	0.8100739371534196	0.8276729559748428	0.6335030885837787	0.13997712227074316	0.0932012885937761	0.49843553546426905		0.24844411481580606	0.4984355389300644	PASS	formal_runs/isg_clean_fixedfinal_20260706/04_formal_runs/MDR/random/seed_17	formal_runs/isg_clean_fixedfinal_20260706/08_final_audit_20260710_after_4seed_rerun/ISG_FORMAL_250_RAW_METRICS.tsv		outputs/paper1_data_refresh_20260710/PAPER1_7MODEL_RAW_SEED_METRICS.tsv
ISG-MDA	MDA	MDR	random	18	0.9084852621113089	0.8916221489594812	0.8313308687615527	0.8375611927013796	0.6646200654655277	0.12383054040156498	0.06757632995958594	0.4417179873766362		0.2634852949756209	0.4417179878009225	PASS	formal_runs/isg_clean_fixedfinal_20260706/04_formal_runs/MDR/random/seed_18	formal_runs/isg_clean_fixedfinal_20260706/08_final_audit_20260710_after_4seed_rerun/ISG_FORMAL_250_RAW_METRICS.tsv		outputs/paper1_data_refresh_20260710/PAPER1_7MODEL_RAW_SEED_METRICS.tsv
ISG-MDA	MDA	MDR	random	19	0.9173302161739232	0.9025055746463901	0.844731977818854	0.8539130434782609	0.6949756927724462	0.11491464530591533	0.056214928455432085	0.40141453405464506		0.27590827107236743	0.4014145328685669	PASS	formal_runs/isg_clean_fixedfinal_20260706/04_formal_runs/MDR/random/seed_19	formal_runs/isg_clean_fixedfinal_20260706/08_final_audit_20260710_after_4seed_rerun/ISG_FORMAL_250_RAW_METRICS.tsv		outputs/paper1_data_refresh_20260710/PAPER1_7MODEL_RAW_SEED_METRICS.tsv
ISG-MDA	MDA	MDR	random	20	0.9210659386840963	0.9073193707726313	0.8442698706099815	0.8518681318681318	0.6921917773813875	0.11649775940552141	0.06293592378092024	0.39846381632873723		0.24846982614124968	0.39846381561593075	PASS	formal_runs/isg_clean_fixedfinal_20260706/04_formal_runs/MDR/random/seed_20	formal_runs/isg_clean_fixedfinal_20260706/08_final_audit_20260710_after_4seed_rerun/ISG_FORMAL_250_RAW_METRICS.tsv		outputs/paper1_data_refresh_20260710/PAPER1_7MODEL_RAW_SEED_METRICS.tsv
ISG-MDA	MDA	MDR	random	21	0.9252424140958928	0.9071233739217495	0.8544362292051756	0.8610498456109396	0.7121063244099631	0.10752342781807572	0.04667197699626596	0.3782544812262076		0.26371082269751633	0.3782544794067217	PASS	formal_runs/isg_clean_fixedfinal_20260706/04_formal_runs/MDR/random/seed_21	formal_runs/isg_clean_fixedfinal_20260706/08_final_audit_20260710_after_4seed_rerun/ISG_FORMAL_250_RAW_METRICS.tsv		outputs/paper1_data_refresh_20260710/PAPER1_7MODEL_RAW_SEED_METRICS.tsv
ISG-MDA	MDA	MDR	random	22	0.9177312500640629	0.903865366113549	0.8414972273567468	0.8457040035987404	0.6840121235976825	0.11522660973456428	0.05616635069620064	0.4001638575185471		0.2766379072529032	0.40016385698054063	PASS	formal_runs/isg_clean_fixedfinal_20260706/04_formal_runs/MDR/random/seed_22	formal_runs/isg_clean_fixedfinal_20260706/08_final_audit_20260710_after_4seed_rerun/ISG_FORMAL_250_RAW_METRICS.tsv		outputs/paper1_data_refresh_20260710/PAPER1_7MODEL_RAW_SEED_METRICS.tsv
ISG-MDA	MDA	MDR	random	23	0.9226017404614582	0.9180531328267933	0.8364140480591498	0.845414847161572	0.6774370825833108	0.11568115258598606	0.05444854184555897	0.37535950935026086		0.2713272002589953	0.37535950756337416	PASS	formal_runs/isg_clean_fixedfinal_20260706/04_formal_runs/MDR/random/seed_23	formal_runs/isg_clean_fixedfinal_20260706/08_final_audit_20260710_after_4seed_rerun/ISG_FORMAL_250_RAW_METRICS.tsv		outputs/paper1_data_refresh_20260710/PAPER1_7MODEL_RAW_SEED_METRICS.tsv
ISG-MDA	MDA	MDR	random	24	0.9136615461885125	0.8866188490091308	0.8484288354898336	0.8523852385238524	0.6978610216099306	0.11424763090898686	0.04796585141683105	0.42159442196508184		0.2710879510373985	0.42159442330905117	PASS	formal_runs/isg_clean_fixedfinal_20260706/04_formal_runs/MDR/random/seed_24	formal_runs/isg_clean_fixedfinal_20260706/08_final_audit_20260710_after_4seed_rerun/ISG_FORMAL_250_RAW_METRICS.tsv		outputs/paper1_data_refresh_20260710/PAPER1_7MODEL_RAW_SEED_METRICS.tsv
ISG-MDA	MDA	MDR	mirna_cold	0	0.8994387805283381	0.8762921888636352	0.8273480662983426	0.8302399275690358	0.6550764374464216	0.12648927415686098	0.05870264363307508	0.46097713783860145		0.24822873852501026	0.4609771420283871	PASS	formal_runs/isg_clean_fixedfinal_20260706/04_formal_runs/MDR/mirna_cold/seed_0	formal_runs/isg_clean_fixedfinal_20260706/08_final_audit_20260710_after_4seed_rerun/ISG_FORMAL_250_RAW_METRICS.tsv		outputs/paper1_data_refresh_20260710/PAPER1_7MODEL_RAW_SEED_METRICS.tsv
ISG-MDA	MDA	MDR	mirna_cold	1	0.8989282212932831	0.8878299029877927	0.8251845018450185	0.8242929995363931	0.650402491765322	0.13373418587016672	0.06833145693098384	0.4695662385582888		0.2619131027770588	0.4695662425562904	PASS	formal_runs/isg_clean_fixedfinal_20260706/04_formal_runs/MDR/mirna_cold/seed_1	formal_runs/isg_clean_fixedfinal_20260706/08_final_audit_20260710_after_4seed_rerun/ISG_FORMAL_250_RAW_METRICS.tsv		outputs/paper1_data_refresh_20260710/PAPER1_7MODEL_RAW_SEED_METRICS.tsv
ISG-MDA	MDA	MDR	mirna_cold	2	0.9104504236658243	0.891745892971056	0.8327188940092166	0.838163174320107	0.6669490551310933	0.12157766854376706	0.06018140066058914	0.42586744159033396		0.2675142393680397	0.42586744337037963	PASS	formal_runs/isg_clean_fixedfinal_20260706/04_formal_runs/MDR/mirna_cold/seed_2	formal_runs/isg_clean_fixedfinal_20260706/08_final_audit_20260710_after_4seed_rerun/ISG_FORMAL_250_RAW_METRICS.tsv		outputs/paper1_data_refresh_20260710/PAPER1_7MODEL_RAW_SEED_METRICS.tsv
ISG-MDA	MDA	MDR	mirna_cold	3	0.8990176194011797	0.8789169677001422	0.8220494053064958	0.8211494252873563	0.6441314318586003	0.13521984281945554	0.08623152595849372	0.516744581023642		0.2471211965076346	0.5167445821273469	PASS	formal_runs/isg_clean_fixedfinal_20260706/04_formal_runs/MDR/mirna_cold/seed_3	formal_runs/isg_clean_fixedfinal_20260706/08_final_audit_20260710_after_4seed_rerun/ISG_FORMAL_250_RAW_METRICS.tsv		outputs/paper1_data_refresh_20260710/PAPER1_7MODEL_RAW_SEED_METRICS.tsv
ISG-MDA	MDA	MDR	mirna_cold	4	0.9041342988808426	0.8869361041771492	0.832258064516129	0.8330275229357799	0.6645443546674503	0.1258900332790432	0.06288844169801466	0.4358387589399925		0.26161021510870214	0.43583876202183386	PASS	formal_runs/isg_clean_fixedfinal_20260706/04_formal_runs/MDR/mirna_cold/seed_4	formal_runs/isg_clean_fixedfinal_20260706/08_final_audit_20260710_after_4seed_rerun/ISG_FORMAL_250_RAW_METRICS.tsv		outputs/paper1_data_refresh_20260710/PAPER1_7MODEL_RAW_SEED_METRICS.tsv
ISG-MDA	MDA	MDR	mirna_cold	5	0.919310187542068	0.9035176302943951	0.844731977818854	0.8491921005385996	0.690673239967421	0.11408147035568078	0.0530446562308889	0.3903379145053346		0.2597292740767975	0.3903379141182644	PASS	formal_runs/isg_clean_fixedfinal_20260706/04_formal_runs/MDR/mirna_cold/seed_5	formal_runs/isg_clean_fixedfinal_20260706/08_final_audit_20260710_after_4seed_rerun/ISG_FORMAL_250_RAW_METRICS.tsv		outputs/paper1_data_refresh_20260710/PAPER1_7MODEL_RAW_SEED_METRICS.tsv
ISG-MDA	MDA	MDR	mirna_cold	6	0.9019873150826718	0.874955487960585	0.8333333333333334	0.8324825986078886	0.6667010573501113	0.12680812823279164	0.06522352849102735	0.45936518845226487		0.2497743555721646	0.4593651876169999	PASS	formal_runs/isg_clean_fixedfinal_20260706/04_formal_runs/MDR/mirna_cold/seed_6	formal_runs/isg_clean_fixedfinal_20260706/08_final_audit_20260710_after_4seed_rerun/ISG_FORMAL_250_RAW_METRICS.tsv		outputs/paper1_data_refresh_20260710/PAPER1_7MODEL_RAW_SEED_METRICS.tsv
ISG-MDA	MDA	MDR	mirna_cold	7	0.9007606746149195	0.8854163815402604	0.8356290174471993	0.8354779411764706	0.671259166942373	0.12937973974627476	0.07817964463158071	0.4758901488533667		0.26376777532916	0.4758901590048665	PASS	formal_runs/isg_clean_fixedfinal_20260706/04_formal_runs/MDR/mirna_cold/seed_7	formal_runs/isg_clean_fixedfinal_20260706/08_final_audit_20260710_after_4seed_rerun/ISG_FORMAL_250_RAW_METRICS.tsv		outputs/paper1_data_refresh_20260710/PAPER1_7MODEL_RAW_SEED_METRICS.tsv
ISG-MDA	MDA	MDR	mirna_cold	8	0.9062248812103822	0.8873357360194261	0.8305709023941068	0.8374558303886925	0.6635270108545408	0.12320044132966136	0.05762221176910899	0.4401062775700239		0.259052093153055	0.44010627936592417	PASS	formal_runs/isg_clean_fixedfinal_20260706/04_formal_runs/MDR/mirna_cold/seed_8	formal_runs/isg_clean_fixedfinal_20260706/08_final_audit_20260710_after_4seed_rerun/ISG_FORMAL_250_RAW_METRICS.tsv		outputs/paper1_data_refresh_20260710/PAPER1_7MODEL_RAW_SEED_METRICS.tsv
ISG-MDA	MDA	MDR	mirna_cold	9	0.882762426839562	0.8484737660720247	0.8140495867768595	0.8122392211404729	0.6282159895185653	0.1431699716133786	0.0767802663359616	0.5199247088991124		0.2497794162007958	0.5199247061542626	PASS	formal_runs/isg_clean_fixedfinal_20260706/04_formal_runs/MDR/mirna_cold/seed_9	formal_runs/isg_clean_fixedfinal_20260706/08_final_audit_20260710_after_4seed_rerun/ISG_FORMAL_250_RAW_METRICS.tsv		outputs/paper1_data_refresh_20260710/PAPER1_7MODEL_RAW_SEED_METRICS.tsv
ISG-MDA	MDA	MDR	mirna_cold	10	0.8965899721561419	0.8702017347422467	0.8308823529411765	0.834681042228212	0.6624646194206236	0.1284034965677509	0.06338982123523311	0.47583349699502575		0.264214163242378	0.47583350089981274	PASS	formal_runs/isg_clean_fixedfinal_20260706/04_formal_runs/MDR/mirna_cold/seed_10	formal_runs/isg_clean_fixedfinal_20260706/08_final_audit_20260710_after_4seed_rerun/ISG_FORMAL_250_RAW_METRICS.tsv		outputs/paper1_data_refresh_20260710/PAPER1_7MODEL_RAW_SEED_METRICS.tsv
ISG-MDA	MDA	MDR	mirna_cold	11	0.9040247191488459	0.8790044258544751	0.8373271889400922	0.8401991851516524	0.6750906346432477	0.12316414021257878	0.05821356292547247	0.45459823487130346		0.25106681758642085	0.45459823256813436	PASS	formal_runs/isg_clean_fixedfinal_20260706/04_formal_runs/MDR/mirna_cold/seed_11	formal_runs/isg_clean_fixedfinal_20260706/08_final_audit_20260710_after_4seed_rerun/ISG_FORMAL_250_RAW_METRICS.tsv		outputs/paper1_data_refresh_20260710/PAPER1_7MODEL_RAW_SEED_METRICS.tsv
ISG-MDA	MDA	MDR	mirna_cold	12	0.8930825424490406	0.8671236409327189	0.8178044280442804	0.821991888237945	0.6363134898553737	0.1357753153524821	0.07487276255063362	0.4727788703401497		0.264221188141563	0.47277887325005336	PASS	formal_runs/isg_clean_fixedfinal_20260706/04_formal_runs/MDR/mirna_cold/seed_12	formal_runs/isg_clean_fixedfinal_20260706/08_final_audit_20260710_after_4seed_rerun/ISG_FORMAL_250_RAW_METRICS.tsv		outputs/paper1_data_refresh_20260710/PAPER1_7MODEL_RAW_SEED_METRICS.tsv
ISG-MDA	MDA	MDR	mirna_cold	13	0.9014732070447666	0.8837604240756362	0.8359375	0.8349514563106796	0.6719229660444053	0.12898917042623878	0.07046603164843547	0.47864181695222663		0.262881925608338	0.47864181756534996	PASS	formal_runs/isg_clean_fixedfinal_20260706/04_formal_runs/MDR/mirna_cold/seed_13	formal_runs/isg_clean_fixedfinal_20260706/08_final_audit_20260710_after_4seed_rerun/ISG_FORMAL_250_RAW_METRICS.tsv		outputs/paper1_data_refresh_20260710/PAPER1_7MODEL_RAW_SEED_METRICS.tsv
ISG-MDA	MDA	MDR	mirna_cold	14	0.9075328600079953	0.8902745414156183	0.8294824399260629	0.8423750533959846	0.6679629517351643	0.12524186054878728	0.07169768563018733	0.4357562331129072		0.2538047842586748	0.43575623515793666	PASS	formal_runs/isg_clean_fixedfinal_20260706/04_formal_runs/MDR/mirna_cold/seed_14	formal_runs/isg_clean_fixedfinal_20260706/08_final_audit_20260710_after_4seed_rerun/ISG_FORMAL_250_RAW_METRICS.tsv		outputs/paper1_data_refresh_20260710/PAPER1_7MODEL_RAW_SEED_METRICS.tsv
ISG-MDA	MDA	MDR	mirna_cold	15	0.9157370086432076	0.9012292249000693	0.8497695852534562	0.8540734109221128	0.7007593328792048	0.11538370290037948	0.052740446906219776	0.3982918318257615		0.2519686457994246	0.398291832497043	PASS	formal_runs/isg_clean_fixedfinal_20260706/04_formal_runs/MDR/mirna_cold/seed_15	formal_runs/isg_clean_fixedfinal_20260706/08_final_audit_20260710_after_4seed_rerun/ISG_FORMAL_250_RAW_METRICS.tsv		outputs/paper1_data_refresh_20260710/PAPER1_7MODEL_RAW_SEED_METRICS.tsv
ISG-MDA	MDA	MDR	mirna_cold	16	0.900936581097443	0.8767936386649291	0.8365561694290976	0.8471803702109342	0.6797147928382502	0.12655846659305325	0.07097791557456501	0.4538231306905878		0.256396490362166	0.4538231372943021	PASS	formal_runs/isg_clean_fixedfinal_20260706/04_formal_runs/MDR/mirna_cold/seed_16	formal_runs/isg_clean_fixedfinal_20260706/08_final_audit_20260710_after_4seed_rerun/ISG_FORMAL_250_RAW_METRICS.tsv		outputs/paper1_data_refresh_20260710/PAPER1_7MODEL_RAW_SEED_METRICS.tsv
ISG-MDA	MDA	MDR	mirna_cold	17	0.8966870073561318	0.8799711755711196	0.8179297597042514	0.8189338235294118	0.6358986286342785	0.13654878744308913	0.08065246361228094	0.4934591857919308		0.24747157400634442	0.4934591874617966	PASS	formal_runs/isg_clean_fixedfinal_20260706/04_formal_runs/MDR/mirna_cold/seed_17	formal_runs/isg_clean_fixedfinal_20260706/08_final_audit_20260710_after_4seed_rerun/ISG_FORMAL_250_RAW_METRICS.tsv		outputs/paper1_data_refresh_20260710/PAPER1_7MODEL_RAW_SEED_METRICS.tsv
ISG-MDA	MDA	MDR	mirna_cold	18	0.88772952597859	0.8633892430930206	0.8152573529411765	0.8197309417040358	0.6312927392661887	0.14425372759018762	0.09448336308866796	0.5491597844647967		0.2398443505660875	0.5500413161866805	PASS	formal_runs/isg_clean_fixedfinal_20260706/04_formal_runs/MDR/mirna_cold/seed_18	formal_runs/isg_clean_fixedfinal_20260706/08_final_audit_20260710_after_4seed_rerun/ISG_FORMAL_250_RAW_METRICS.tsv		outputs/paper1_data_refresh_20260710/PAPER1_7MODEL_RAW_SEED_METRICS.tsv
ISG-MDA	MDA	MDR	mirna_cold	19	0.9080530509325854	0.8843033199498774	0.8350277264325323	0.8352561144439317	0.670058028422517	0.12420543288364778	0.06807349781369398	0.45302165553924895		0.25079418375630336	0.4530216572520473	PASS	formal_runs/isg_clean_fixedfinal_20260706/04_formal_runs/MDR/mirna_cold/seed_19	formal_runs/isg_clean_fixedfinal_20260706/08_final_audit_20260710_after_4seed_rerun/ISG_FORMAL_250_RAW_METRICS.tsv		outputs/paper1_data_refresh_20260710/PAPER1_7MODEL_RAW_SEED_METRICS.tsv
ISG-MDA	MDA	MDR	mirna_cold	20	0.906319935356241	0.8880011092947114	0.839648798521257	0.8486698648059311	0.6841775463255638	0.12481238744401581	0.07547710561811799	0.4760227682489734		0.2561299965752826	0.4760227700258139	PASS	formal_runs/isg_clean_fixedfinal_20260706/04_formal_runs/MDR/mirna_cold/seed_20	formal_runs/isg_clean_fixedfinal_20260706/08_final_audit_20260710_after_4seed_rerun/ISG_FORMAL_250_RAW_METRICS.tsv		outputs/paper1_data_refresh_20260710/PAPER1_7MODEL_RAW_SEED_METRICS.tsv
ISG-MDA	MDA	MDR	mirna_cold	21	0.9046935889217871	0.8862255765751753	0.8416206261510129	0.8456014362657092	0.6841514330247452	0.12130847620293056	0.043971139882511036	0.4149739283881974		0.2855036696188712	0.4149739301007097	PASS	formal_runs/isg_clean_fixedfinal_20260706/04_formal_runs/MDR/mirna_cold/seed_21	formal_runs/isg_clean_fixedfinal_20260706/08_final_audit_20260710_after_4seed_rerun/ISG_FORMAL_250_RAW_METRICS.tsv		outputs/paper1_data_refresh_20260710/PAPER1_7MODEL_RAW_SEED_METRICS.tsv
ISG-MDA	MDA	MDR	mirna_cold	22	0.885169775284354	0.854647105553391	0.8183918669131238	0.8249443207126949	0.6385756083713491	0.141845860493271	0.08559595495621386	0.5385316355367898		0.25763865886438964	0.5385316363819866	PASS	formal_runs/isg_clean_fixedfinal_20260706/04_formal_runs/MDR/mirna_cold/seed_22	formal_runs/isg_clean_fixedfinal_20260706/08_final_audit_20260710_after_4seed_rerun/ISG_FORMAL_250_RAW_METRICS.tsv		outputs/paper1_data_refresh_20260710/PAPER1_7MODEL_RAW_SEED_METRICS.tsv
ISG-MDA	MDA	MDR	mirna_cold	23	0.9003593463460267	0.8851636957707408	0.8256130790190735	0.8290293855743545	0.6517468167557491	0.13265594009347492	0.07812591536536591	0.49962584258074033		0.24227029455786792	0.49962584664884424	PASS	formal_runs/isg_clean_fixedfinal_20260706/04_formal_runs/MDR/mirna_cold/seed_23	formal_runs/isg_clean_fixedfinal_20260706/08_final_audit_20260710_after_4seed_rerun/ISG_FORMAL_250_RAW_METRICS.tsv		outputs/paper1_data_refresh_20260710/PAPER1_7MODEL_RAW_SEED_METRICS.tsv
ISG-MDA	MDA	MDR	mirna_cold	24	0.8975650964702184	0.8810631905247547	0.8211645101663586	0.8240109140518418	0.6426653383240333	0.1311098343747282	0.07047299845563154	0.4762257097580425		0.26101349830820203	0.4762257113364179	PASS	formal_runs/isg_clean_fixedfinal_20260706/04_formal_runs/MDR/mirna_cold/seed_24	formal_runs/isg_clean_fixedfinal_20260706/08_final_audit_20260710_after_4seed_rerun/ISG_FORMAL_250_RAW_METRICS.tsv		outputs/paper1_data_refresh_20260710/PAPER1_7MODEL_RAW_SEED_METRICS.tsv
ISG-MDA	MDA	MDR	drug_cold	0	0.5785255936909263	0.54898526338741	0.5302309782608695	0.40821566110397944	0.06636738534970207	0.37443229978640147	0.3330926787755244	1.5575755599015155		0.2538810397660741	1.5588592807559862	PASS	formal_runs/isg_clean_fixedfinal_20260706/04_formal_runs/MDR/drug_cold/seed_0	formal_runs/isg_clean_fixedfinal_20260706/08_final_audit_20260710_after_4seed_rerun/ISG_FORMAL_250_RAW_METRICS.tsv		outputs/paper1_data_refresh_20260710/PAPER1_7MODEL_RAW_SEED_METRICS.tsv
ISG-MDA	MDA	MDR	drug_cold	1	0.4883880742337937	0.5478754008223223	0.5337026777469991	0.2937062937062937	0.09188439776477206	0.400381803110652	0.35966233151370164	2.3870455786542832		0.2631532283234728	2.3870455953993406	PASS	formal_runs/isg_clean_fixedfinal_20260706/04_formal_runs/MDR/drug_cold/seed_1	formal_runs/isg_clean_fixedfinal_20260706/08_final_audit_20260710_after_4seed_rerun/ISG_FORMAL_250_RAW_METRICS.tsv		outputs/paper1_data_refresh_20260710/PAPER1_7MODEL_RAW_SEED_METRICS.tsv
ISG-MDA	MDA	MDR	drug_cold	2	0.5493451088439587	0.549238628661858	0.5415035238841034	0.34397759103641457	0.10397314826542986	0.3883771459236307	0.34550604017351794	2.2989779224049776		0.2674774866015887	2.2989779455337844	PASS	formal_runs/isg_clean_fixedfinal_20260706/04_formal_runs/MDR/drug_cold/seed_2	formal_runs/isg_clean_fixedfinal_20260706/08_final_audit_20260710_after_4seed_rerun/ISG_FORMAL_250_RAW_METRICS.tsv		outputs/paper1_data_refresh_20260710/PAPER1_7MODEL_RAW_SEED_METRICS.tsv
ISG-MDA	MDA	MDR	drug_cold	3	0.5006782608695651	0.5246577707958071	0.5230434782608696	0.29543994861913936	0.06038142498056434	0.39829949128370223	0.35065769210075054	2.151902001452551		0.2637097811130984	2.1519019981570864	PASS	formal_runs/isg_clean_fixedfinal_20260706/04_formal_runs/MDR/drug_cold/seed_3	formal_runs/isg_clean_fixedfinal_20260706/08_final_audit_20260710_after_4seed_rerun/ISG_FORMAL_250_RAW_METRICS.tsv		outputs/paper1_data_refresh_20260710/PAPER1_7MODEL_RAW_SEED_METRICS.tsv
ISG-MDA	MDA	MDR	drug_cold	4	0.4176031087875328	0.44591774778841986	0.4720068906115418	0.13172804532577903	-0.09015430016422935	0.46618481513579335	0.44556568235146043	3.3137209999994965		0.2601613405311809	3.31664644229217	PASS	formal_runs/isg_clean_fixedfinal_20260706/04_formal_runs/MDR/drug_cold/seed_4	formal_runs/isg_clean_fixedfinal_20260706/08_final_audit_20260710_after_4seed_rerun/ISG_FORMAL_250_RAW_METRICS.tsv		outputs/paper1_data_refresh_20260710/PAPER1_7MODEL_RAW_SEED_METRICS.tsv
ISG-MDA	MDA	MDR	drug_cold	5	0.5580482207554338	0.5814474910470454	0.538664323374341	0.3613138686131387	0.09298668827057642	0.3774039247650654	0.3324992574769864	1.654529136291776		0.25878244182655075	1.6545291386924434	PASS	formal_runs/isg_clean_fixedfinal_20260706/04_formal_runs/MDR/drug_cold/seed_5	formal_runs/isg_clean_fixedfinal_20260706/08_final_audit_20260710_after_4seed_rerun/ISG_FORMAL_250_RAW_METRICS.tsv		outputs/paper1_data_refresh_20260710/PAPER1_7MODEL_RAW_SEED_METRICS.tsv
ISG-MDA	MDA	MDR	drug_cold	6	0.5459494248583454	0.5340598854882537	0.5174013921113689	0.3354632587859425	0.04159211798682432	0.4064797750702453	0.3731285797851857	2.0098967453410954		0.2724159876515183	2.0098967487186954	PASS	formal_runs/isg_clean_fixedfinal_20260706/04_formal_runs/MDR/drug_cold/seed_6	formal_runs/isg_clean_fixedfinal_20260706/08_final_audit_20260710_after_4seed_rerun/ISG_FORMAL_250_RAW_METRICS.tsv		outputs/paper1_data_refresh_20260710/PAPER1_7MODEL_RAW_SEED_METRICS.tsv
ISG-MDA	MDA	MDR	drug_cold	7	0.4636412405043464	0.5185735712250055	0.48584070796460177	0.3671023965141612	-0.03055076717982252	0.40065396363799727	0.35640875227435576	1.6975815096282358		0.2643595753610482	1.697581505247977	PASS	formal_runs/isg_clean_fixedfinal_20260706/04_formal_runs/MDR/drug_cold/seed_7	formal_runs/isg_clean_fixedfinal_20260706/08_final_audit_20260710_after_4seed_rerun/ISG_FORMAL_250_RAW_METRICS.tsv		outputs/paper1_data_refresh_20260710/PAPER1_7MODEL_RAW_SEED_METRICS.tsv
ISG-MDA	MDA	MDR	drug_cold	8	0.3965044938271605	0.42701700886252414	0.4391111111111111	0.1484480431848853	-0.16665223871814963	0.4981065091999249	0.48851542555899297	3.1277293435217315		0.23919600678926808	3.128739078786638	PASS	formal_runs/isg_clean_fixedfinal_20260706/04_formal_runs/MDR/drug_cold/seed_8	formal_runs/isg_clean_fixedfinal_20260706/08_final_audit_20260710_after_4seed_rerun/ISG_FORMAL_250_RAW_METRICS.tsv		outputs/paper1_data_refresh_20260710/PAPER1_7MODEL_RAW_SEED_METRICS.tsv
ISG-MDA	MDA	MDR	drug_cold	9	0.5318244095907698	0.5362233486824002	0.5112403100775194	0.28474191718661374	0.02904926575666161	0.3913203917136981	0.35101896964639573	1.5375727729301432		0.263733699530891	1.537572774914808	PASS	formal_runs/isg_clean_fixedfinal_20260706/04_formal_runs/MDR/drug_cold/seed_9	formal_runs/isg_clean_fixedfinal_20260706/08_final_audit_20260710_after_4seed_rerun/ISG_FORMAL_250_RAW_METRICS.tsv		outputs/paper1_data_refresh_20260710/PAPER1_7MODEL_RAW_SEED_METRICS.tsv
ISG-MDA	MDA	MDR	drug_cold	10	0.6111383570455111	0.6080532379703406	0.5992935635792779	0.5060474117077891	0.2144595385147993	0.3177733552496912	0.24528240102218682	1.3834494212935737		0.2961913566457381	1.383449437292629	PASS	formal_runs/isg_clean_fixedfinal_20260706/04_formal_runs/MDR/drug_cold/seed_10	formal_runs/isg_clean_fixedfinal_20260706/08_final_audit_20260710_after_4seed_rerun/ISG_FORMAL_250_RAW_METRICS.tsv		outputs/paper1_data_refresh_20260710/PAPER1_7MODEL_RAW_SEED_METRICS.tsv
ISG-MDA	MDA	MDR	drug_cold	11	0.5731211110875152	0.5733469915659455	0.5460829493087558	0.3722115997450606	0.11070023275988251	0.38384320464377525	0.3439375569584204	1.924458887235791		0.26730816216447867	1.9245810080233807	PASS	formal_runs/isg_clean_fixedfinal_20260706/04_formal_runs/MDR/drug_cold/seed_11	formal_runs/isg_clean_fixedfinal_20260706/08_final_audit_20260710_after_4seed_rerun/ISG_FORMAL_250_RAW_METRICS.tsv		outputs/paper1_data_refresh_20260710/PAPER1_7MODEL_RAW_SEED_METRICS.tsv
ISG-MDA	MDA	MDR	drug_cold	12	0.6841715776384083	0.6564232859539276	0.6309742647058824	0.5526462395543176	0.2796560732104441	0.2890237435729222	0.22430521188555622	1.112090529522658		0.25805872711158034	1.1120905308600735	PASS	formal_runs/isg_clean_fixedfinal_20260706/04_formal_runs/MDR/drug_cold/seed_12	formal_runs/isg_clean_fixedfinal_20260706/08_final_audit_20260710_after_4seed_rerun/ISG_FORMAL_250_RAW_METRICS.tsv		outputs/paper1_data_refresh_20260710/PAPER1_7MODEL_RAW_SEED_METRICS.tsv
ISG-MDA	MDA	MDR	drug_cold	13	0.47796834928379306	0.5220263689244238	0.4904109589041096	0.33964497041420116	-0.021556610178204483	0.4113783153232946	0.38673982320014827	2.785820738554485		0.30376249667778404	2.8445439317999366	PASS	formal_runs/isg_clean_fixedfinal_20260706/04_formal_runs/MDR/drug_cold/seed_13	formal_runs/isg_clean_fixedfinal_20260706/08_final_audit_20260710_after_4seed_rerun/ISG_FORMAL_250_RAW_METRICS.tsv		outputs/paper1_data_refresh_20260710/PAPER1_7MODEL_RAW_SEED_METRICS.tsv
ISG-MDA	MDA	MDR	drug_cold	14	0.4716010774287801	0.47476123930462294	0.4925675675675676	0.1774370208105148	-0.02313299371246473	0.4416572968770793	0.41249332994639537	1.9978162328678157		0.2804056091773786	1.9978162274167344	PASS	formal_runs/isg_clean_fixedfinal_20260706/04_formal_runs/MDR/drug_cold/seed_14	formal_runs/isg_clean_fixedfinal_20260706/08_final_audit_20260710_after_4seed_rerun/ISG_FORMAL_250_RAW_METRICS.tsv		outputs/paper1_data_refresh_20260710/PAPER1_7MODEL_RAW_SEED_METRICS.tsv
ISG-MDA	MDA	MDR	drug_cold	15	0.645596016646849	0.65774944349166	0.5956896551724138	0.47714604236343366	0.2147234914983178	0.30536266440195703	0.25631647975022254	1.2254266204818391		0.2616160446771367	1.2254266046244522	PASS	formal_runs/isg_clean_fixedfinal_20260706/04_formal_runs/MDR/drug_cold/seed_15	formal_runs/isg_clean_fixedfinal_20260706/08_final_audit_20260710_after_4seed_rerun/ISG_FORMAL_250_RAW_METRICS.tsv		outputs/paper1_data_refresh_20260710/PAPER1_7MODEL_RAW_SEED_METRICS.tsv
ISG-MDA	MDA	MDR	drug_cold	16	0.5934923943751054	0.6261063849181077	0.5564123376623377	0.27854785478547855	0.17692685174717607	0.3893468095715049	0.3750500118542623	2.336217166660269		0.25520641396821014	2.3397014291061984	PASS	formal_runs/isg_clean_fixedfinal_20260706/04_formal_runs/MDR/drug_cold/seed_16	formal_runs/isg_clean_fixedfinal_20260706/08_final_audit_20260710_after_4seed_rerun/ISG_FORMAL_250_RAW_METRICS.tsv		outputs/paper1_data_refresh_20260710/PAPER1_7MODEL_RAW_SEED_METRICS.tsv
ISG-MDA	MDA	MDR	drug_cold	17	0.48255267680512226	0.542327006402773	0.5180221811460258	0.3402909550917141	0.04278654465874402	0.4143234157733118	0.3910270860286731	2.3567208316504185		0.2714888179830933	2.3567208533146022	PASS	formal_runs/isg_clean_fixedfinal_20260706/04_formal_runs/MDR/drug_cold/seed_17	formal_runs/isg_clean_fixedfinal_20260706/08_final_audit_20260710_after_4seed_rerun/ISG_FORMAL_250_RAW_METRICS.tsv		outputs/paper1_data_refresh_20260710/PAPER1_7MODEL_RAW_SEED_METRICS.tsv
ISG-MDA	MDA	MDR	drug_cold	18	0.4231525685852609	0.4508127067701074	0.4763986013986014	0.15752461322081576	-0.07223926742262807	0.4685986509421316	0.4456917057995895	2.809199266062976		0.2754267638395116	2.809199279421693	PASS	formal_runs/isg_clean_fixedfinal_20260706/04_formal_runs/MDR/drug_cold/seed_18	formal_runs/isg_clean_fixedfinal_20260706/08_final_audit_20260710_after_4seed_rerun/ISG_FORMAL_250_RAW_METRICS.tsv		outputs/paper1_data_refresh_20260710/PAPER1_7MODEL_RAW_SEED_METRICS.tsv
ISG-MDA	MDA	MDR	drug_cold	19	0.570210115175798	0.5470069120633212	0.5364061456245826	0.4726443768996961	0.07503931696612924	0.358044924381917	0.3138475172543069	1.3687097864976088		0.2304649890748347	1.3687097945050868	PASS	formal_runs/isg_clean_fixedfinal_20260706/04_formal_runs/MDR/drug_cold/seed_19	formal_runs/isg_clean_fixedfinal_20260706/08_final_audit_20260710_after_4seed_rerun/ISG_FORMAL_250_RAW_METRICS.tsv		outputs/paper1_data_refresh_20260710/PAPER1_7MODEL_RAW_SEED_METRICS.tsv
ISG-MDA	MDA	MDR	drug_cold	20	0.4177429637014276	0.46096269263073675	0.4854628921193573	0.17837507635919364	-0.043770204620304405	0.4686071630535947	0.44866620187963785	3.2607836800679593		0.26178318050056404	3.2635454249204163	PASS	formal_runs/isg_clean_fixedfinal_20260706/04_formal_runs/MDR/drug_cold/seed_20	formal_runs/isg_clean_fixedfinal_20260706/08_final_audit_20260710_after_4seed_rerun/ISG_FORMAL_250_RAW_METRICS.tsv		outputs/paper1_data_refresh_20260710/PAPER1_7MODEL_RAW_SEED_METRICS.tsv
ISG-MDA	MDA	MDR	drug_cold	21	0.6572272770655045	0.6598885296802868	0.5834473324213406	0.39702970297029705	0.21235640118682036	0.3402773542072534	0.3055755827378449	1.6261097313241484		0.2341874834252901	1.6266894172749669	PASS	formal_runs/isg_clean_fixedfinal_20260706/04_formal_runs/MDR/drug_cold/seed_21	formal_runs/isg_clean_fixedfinal_20260706/08_final_audit_20260710_after_4seed_rerun/ISG_FORMAL_250_RAW_METRICS.tsv		outputs/paper1_data_refresh_20260710/PAPER1_7MODEL_RAW_SEED_METRICS.tsv
ISG-MDA	MDA	MDR	drug_cold	22	0.5098944346212426	0.5429082900747677	0.5297071129707113	0.21617852161785217	0.09902370990237098	0.4350384628989566	0.4122353990403645	2.4479328391519997		0.27418444103488887	2.4479328535403666	PASS	formal_runs/isg_clean_fixedfinal_20260706/04_formal_runs/MDR/drug_cold/seed_22	formal_runs/isg_clean_fixedfinal_20260706/08_final_audit_20260710_after_4seed_rerun/ISG_FORMAL_250_RAW_METRICS.tsv		outputs/paper1_data_refresh_20260710/PAPER1_7MODEL_RAW_SEED_METRICS.tsv
ISG-MDA	MDA	MDR	drug_cold	23	0.6572625786385	0.6465516315863493	0.6044226044226044	0.4984423676012461	0.23043355116915598	0.31139103497559867	0.25538807152444465	1.558247715426266		0.2643845907116847	1.5583187771273088	PASS	formal_runs/isg_clean_fixedfinal_20260706/04_formal_runs/MDR/drug_cold/seed_23	formal_runs/isg_clean_fixedfinal_20260706/08_final_audit_20260710_after_4seed_rerun/ISG_FORMAL_250_RAW_METRICS.tsv		outputs/paper1_data_refresh_20260710/PAPER1_7MODEL_RAW_SEED_METRICS.tsv
ISG-MDA	MDA	MDR	drug_cold	24	0.5836358804140748	0.5446713711559693	0.5145586897179254	0.33849969001859886	0.034395163262279864	0.36800165686497155	0.33098019140133095	1.3813310715780773		0.2433317361714004	1.3813310852367515	PASS	formal_runs/isg_clean_fixedfinal_20260706/04_formal_runs/MDR/drug_cold/seed_24	formal_runs/isg_clean_fixedfinal_20260706/08_final_audit_20260710_after_4seed_rerun/ISG_FORMAL_250_RAW_METRICS.tsv		outputs/paper1_data_refresh_20260710/PAPER1_7MODEL_RAW_SEED_METRICS.tsv
ISG-MDA	MDA	MDR	strict_cold	0	0.5762057297694748	0.5762792175159318	0.5433579335793358	0.40718562874251496	0.09762831775804129	0.4010162825813733	0.38318655669169066	2.440399733084895		0.11379790556237156	2.442840738600031	PASS	formal_runs/isg_clean_fixedfinal_20260706/04_formal_runs/MDR/strict_cold/seed_0	formal_runs/isg_clean_fixedfinal_20260706/08_final_audit_20260710_after_4seed_rerun/ISG_FORMAL_250_RAW_METRICS.tsv		outputs/paper1_data_refresh_20260710/PAPER1_7MODEL_RAW_SEED_METRICS.tsv
ISG-MDA	MDA	MDR	strict_cold	1	0.5560115405871345	0.5541765609211685	0.5423183072677092	0.5162858531842489	0.08513119246275015	0.40071615777422703	0.3842869821943311	2.5125859243555464		0.026229098522743303	2.527198832519798	PASS	formal_runs/isg_clean_fixedfinal_20260706/04_formal_runs/MDR/strict_cold/seed_1	formal_runs/isg_clean_fixedfinal_20260706/08_final_audit_20260710_after_4seed_rerun/ISG_FORMAL_250_RAW_METRICS.tsv		outputs/paper1_data_refresh_20260710/PAPER1_7MODEL_RAW_SEED_METRICS.tsv
ISG-MDA	MDA	MDR	strict_cold	2	0.5180127585408696	0.5263394434147983	0.5115313653136532	0.30919765166340507	0.028456330735812288	0.4328122856181241	0.4117329313575505	2.6006718983309987		0.18454387079261186	2.6015841388504444	PASS	formal_runs/isg_clean_fixedfinal_20260706/04_formal_runs/MDR/strict_cold/seed_2	formal_runs/isg_clean_fixedfinal_20260706/08_final_audit_20260710_after_4seed_rerun/ISG_FORMAL_250_RAW_METRICS.tsv		outputs/paper1_data_refresh_20260710/PAPER1_7MODEL_RAW_SEED_METRICS.tsv
ISG-MDA	MDA	MDR	strict_cold	3	0.5144331646046643	0.5370969298046522	0.5249307479224377	0.4336818932305999	0.05267132224341084	0.4157697005274216	0.3851803071438487	2.6318238460024816		0.08713672110193636	2.6501559752176345	PASS	formal_runs/isg_clean_fixedfinal_20260706/04_formal_runs/MDR/strict_cold/seed_3	formal_runs/isg_clean_fixedfinal_20260706/08_final_audit_20260710_after_4seed_rerun/ISG_FORMAL_250_RAW_METRICS.tsv		outputs/paper1_data_refresh_20260710/PAPER1_7MODEL_RAW_SEED_METRICS.tsv
ISG-MDA	MDA	MDR	strict_cold	4	0.6074459052688763	0.6038911777901917	0.5646950092421442	0.5355029585798816	0.13042439274549927	0.3886424006028662	0.3708380061493536	2.3594935512956194		0.058457480205776305	2.360455032197032	PASS	formal_runs/isg_clean_fixedfinal_20260706/04_formal_runs/MDR/strict_cold/seed_4	formal_runs/isg_clean_fixedfinal_20260706/08_final_audit_20260710_after_4seed_rerun/ISG_FORMAL_250_RAW_METRICS.tsv		outputs/paper1_data_refresh_20260710/PAPER1_7MODEL_RAW_SEED_METRICS.tsv
ISG-MDA	MDA	MDR	strict_cold	5	0.5022656919991391	0.516553571679007	0.5101663585951941	0.4426919032597266	0.02095637302271391	0.4362211325237504	0.41279330111897017	2.918005339280851		0.05757374344459197	2.9344097146705868	PASS	formal_runs/isg_clean_fixedfinal_20260706/04_formal_runs/MDR/strict_cold/seed_5	formal_runs/isg_clean_fixedfinal_20260706/08_final_audit_20260710_after_4seed_rerun/ISG_FORMAL_250_RAW_METRICS.tsv		outputs/paper1_data_refresh_20260710/PAPER1_7MODEL_RAW_SEED_METRICS.tsv
ISG-MDA	MDA	MDR	strict_cold	6	0.5375560880315009	0.523382042633825	0.5267034990791897	0.40301974448315914	0.05868185418408471	0.43517976996391294	0.4160185569141819	3.067161990322823		0.03060142042175416	3.0868393296914425	PASS	formal_runs/isg_clean_fixedfinal_20260706/04_formal_runs/MDR/strict_cold/seed_6	formal_runs/isg_clean_fixedfinal_20260706/08_final_audit_20260710_after_4seed_rerun/ISG_FORMAL_250_RAW_METRICS.tsv		outputs/paper1_data_refresh_20260710/PAPER1_7MODEL_RAW_SEED_METRICS.tsv
ISG-MDA	MDA	MDR	strict_cold	7	0.5806693468226195	0.5758014804576852	0.5465867158671587	0.40889957907396274	0.10529800507129013	0.40754846618215435	0.39123167074487625	2.6082917918266415		0.05417080183083622	2.667636932702082	PASS	formal_runs/isg_clean_fixedfinal_20260706/04_formal_runs/MDR/strict_cold/seed_7	formal_runs/isg_clean_fixedfinal_20260706/08_final_audit_20260710_after_4seed_rerun/ISG_FORMAL_250_RAW_METRICS.tsv		outputs/paper1_data_refresh_20260710/PAPER1_7MODEL_RAW_SEED_METRICS.tsv
ISG-MDA	MDA	MDR	strict_cold	8	0.5786943558307791	0.5804204657448235	0.5575342465753425	0.5857203933304831	0.11614881591970344	0.4016748096784484	0.38342552214064196	2.719013111764163		0.021254225639421816	2.763432692392776	PASS	formal_runs/isg_clean_fixedfinal_20260706/04_formal_runs/MDR/strict_cold/seed_8	formal_runs/isg_clean_fixedfinal_20260706/08_final_audit_20260710_after_4seed_rerun/ISG_FORMAL_250_RAW_METRICS.tsv		outputs/paper1_data_refresh_20260710/PAPER1_7MODEL_RAW_SEED_METRICS.tsv
ISG-MDA	MDA	MDR	strict_cold	9	0.5397150904249568	0.541046813403996	0.5238970588235294	0.4703476482617587	0.04880222344529815	0.41720894540852305	0.39437813816308653	2.5005251800355923		0.07026381109210646	2.5022260818411324	PASS	formal_runs/isg_clean_fixedfinal_20260706/04_formal_runs/MDR/strict_cold/seed_9	formal_runs/isg_clean_fixedfinal_20260706/08_final_audit_20260710_after_4seed_rerun/ISG_FORMAL_250_RAW_METRICS.tsv		outputs/paper1_data_refresh_20260710/PAPER1_7MODEL_RAW_SEED_METRICS.tsv
ISG-MDA	MDA	MDR	strict_cold	10	0.5310951137647908	0.5318843998386591	0.5083025830258303	0.1887366818873668	0.026960733325942888	0.4500633087424265	0.44290215958512674	3.893016091593835		0.09032883076272773	4.011810843279496	PASS	formal_runs/isg_clean_fixedfinal_20260706/04_formal_runs/MDR/strict_cold/seed_10	formal_runs/isg_clean_fixedfinal_20260706/08_final_audit_20260710_after_4seed_rerun/ISG_FORMAL_250_RAW_METRICS.tsv		outputs/paper1_data_refresh_20260710/PAPER1_7MODEL_RAW_SEED_METRICS.tsv
ISG-MDA	MDA	MDR	strict_cold	11	0.5572332362402682	0.5428850774274274	0.5431985294117647	0.40336134453781514	0.09780826314949875	0.40983208208437366	0.3840100456733607	2.6328577235447588		0.07628702238015246	2.6384164388565456	PASS	formal_runs/isg_clean_fixedfinal_20260706/04_formal_runs/MDR/strict_cold/seed_11	formal_runs/isg_clean_fixedfinal_20260706/08_final_audit_20260710_after_4seed_rerun/ISG_FORMAL_250_RAW_METRICS.tsv		outputs/paper1_data_refresh_20260710/PAPER1_7MODEL_RAW_SEED_METRICS.tsv
ISG-MDA	MDA	MDR	strict_cold	12	0.5370286987727076	0.5190397541161207	0.5252757352941176	0.4639335755059678	0.051929722932056874	0.42531391897331683	0.40662747258832693	2.5873635728042923		0.05113889199664008	2.5882644688381866	PASS	formal_runs/isg_clean_fixedfinal_20260706/04_formal_runs/MDR/strict_cold/seed_12	formal_runs/isg_clean_fixedfinal_20260706/08_final_audit_20260710_after_4seed_rerun/ISG_FORMAL_250_RAW_METRICS.tsv		outputs/paper1_data_refresh_20260710/PAPER1_7MODEL_RAW_SEED_METRICS.tsv
ISG-MDA	MDA	MDR	strict_cold	13	0.5387258562662198	0.5545535416968377	0.5358455882352942	0.4587352625937835	0.07479132349420992	0.4201507392411183	0.40020417435816896	2.914656113333818		0.0801730488472786	2.940446089734049	PASS	formal_runs/isg_clean_fixedfinal_20260706/04_formal_runs/MDR/strict_cold/seed_13	formal_runs/isg_clean_fixedfinal_20260706/08_final_audit_20260710_after_4seed_rerun/ISG_FORMAL_250_RAW_METRICS.tsv		outputs/paper1_data_refresh_20260710/PAPER1_7MODEL_RAW_SEED_METRICS.tsv
ISG-MDA	MDA	MDR	strict_cold	14	0.5852032689099477	0.57001963134124	0.565416285452882	0.5585501858736059	0.1308959168352673	0.3897047668790142	0.37017397773101646	2.5146828479131558		0.034606735416067146	2.5213903724220184	PASS	formal_runs/isg_clean_fixedfinal_20260706/04_formal_runs/MDR/strict_cold/seed_14	formal_runs/isg_clean_fixedfinal_20260706/08_final_audit_20260710_after_4seed_rerun/ISG_FORMAL_250_RAW_METRICS.tsv		outputs/paper1_data_refresh_20260710/PAPER1_7MODEL_RAW_SEED_METRICS.tsv
ISG-MDA	MDA	MDR	strict_cold	15	0.5799859751365042	0.5828797406146027	0.5553505535055351	0.5005181347150259	0.11346981242883905	0.3954490516964203	0.3712069977528243	2.5089315051290737		0.05035347415176325	2.5159657762499315	PASS	formal_runs/isg_clean_fixedfinal_20260706/04_formal_runs/MDR/strict_cold/seed_15	formal_runs/isg_clean_fixedfinal_20260706/08_final_audit_20260710_after_4seed_rerun/ISG_FORMAL_250_RAW_METRICS.tsv		outputs/paper1_data_refresh_20260710/PAPER1_7MODEL_RAW_SEED_METRICS.tsv
ISG-MDA	MDA	MDR	strict_cold	16	0.532088863808391	0.5379213329649963	0.5206801470588235	0.355775169857937	0.04814844903102856	0.4432535783086037	0.4309544897005373	3.396280692283805		0.03891632759060042	3.456373542547226	PASS	formal_runs/isg_clean_fixedfinal_20260706/04_formal_runs/MDR/strict_cold/seed_16	formal_runs/isg_clean_fixedfinal_20260706/08_final_audit_20260710_after_4seed_rerun/ISG_FORMAL_250_RAW_METRICS.tsv		outputs/paper1_data_refresh_20260710/PAPER1_7MODEL_RAW_SEED_METRICS.tsv
ISG-MDA	MDA	MDR	strict_cold	17	0.6269396976695221	0.6444914721229176	0.600091407678245	0.5184369840396258	0.21279242009817226	0.3602936929811781	0.3399645216709146	2.486190289658984		0.04586585758542511	2.498656414217661	PASS	formal_runs/isg_clean_fixedfinal_20260706/04_formal_runs/MDR/strict_cold/seed_17	formal_runs/isg_clean_fixedfinal_20260706/08_final_audit_20260710_after_4seed_rerun/ISG_FORMAL_250_RAW_METRICS.tsv		outputs/paper1_data_refresh_20260710/PAPER1_7MODEL_RAW_SEED_METRICS.tsv
ISG-MDA	MDA	MDR	strict_cold	18	0.5186798249305614	0.5184552186371445	0.5041284403669725	0.42834479111581175	0.008563358350581689	0.4447991088844548	0.4276159349824679	2.963876745831431		0.02776718190031462	3.003470309283755	PASS	formal_runs/isg_clean_fixedfinal_20260706/04_formal_runs/MDR/strict_cold/seed_18	formal_runs/isg_clean_fixedfinal_20260706/08_final_audit_20260710_after_4seed_rerun/ISG_FORMAL_250_RAW_METRICS.tsv		outputs/paper1_data_refresh_20260710/PAPER1_7MODEL_RAW_SEED_METRICS.tsv
ISG-MDA	MDA	MDR	strict_cold	19	0.48762304351836977	0.5043625586905611	0.5036968576709797	0.38977272727272727	0.007970136059030216	0.45378312895958517	0.43473936853470363	3.455503810625038		0.06848015995642628	3.5647878391244716	PASS	formal_runs/isg_clean_fixedfinal_20260706/04_formal_runs/MDR/strict_cold/seed_19	formal_runs/isg_clean_fixedfinal_20260706/08_final_audit_20260710_after_4seed_rerun/ISG_FORMAL_250_RAW_METRICS.tsv		outputs/paper1_data_refresh_20260710/PAPER1_7MODEL_RAW_SEED_METRICS.tsv
ISG-MDA	MDA	MDR	strict_cold	20	0.5599996316909821	0.5335221156591277	0.5361390667886551	0.4138728323699422	0.07953012521893825	0.4183441470490492	0.39681012049166264	2.7287769697327584		0.07355061193685168	2.72984936413477	PASS	formal_runs/isg_clean_fixedfinal_20260706/04_formal_runs/MDR/strict_cold/seed_20	formal_runs/isg_clean_fixedfinal_20260706/08_final_audit_20260710_after_4seed_rerun/ISG_FORMAL_250_RAW_METRICS.tsv		outputs/paper1_data_refresh_20260710/PAPER1_7MODEL_RAW_SEED_METRICS.tsv
ISG-MDA	MDA	MDR	strict_cold	21	0.5718374158143755	0.5933866588424546	0.559228650137741	0.48990435706695007	0.12309154701634567	0.3902630658450876	0.36695551523856074	2.406269630555304		0.09453997908470531	2.41456152825754	PASS	formal_runs/isg_clean_fixedfinal_20260706/04_formal_runs/MDR/strict_cold/seed_21	formal_runs/isg_clean_fixedfinal_20260706/08_final_audit_20260710_after_4seed_rerun/ISG_FORMAL_250_RAW_METRICS.tsv		outputs/paper1_data_refresh_20260710/PAPER1_7MODEL_RAW_SEED_METRICS.tsv
ISG-MDA	MDA	MDR	strict_cold	22	0.5538584640149239	0.5671671393879117	0.5313942751615882	0.49020592667001506	0.06362468832458454	0.4120781586010254	0.39613481386236005	2.3986809683918695		0.1376295408421156	2.39932098194943	PASS	formal_runs/isg_clean_fixedfinal_20260706/04_formal_runs/MDR/strict_cold/seed_22	formal_runs/isg_clean_fixedfinal_20260706/08_final_audit_20260710_after_4seed_rerun/ISG_FORMAL_250_RAW_METRICS.tsv		outputs/paper1_data_refresh_20260710/PAPER1_7MODEL_RAW_SEED_METRICS.tsv
ISG-MDA	MDA	MDR	strict_cold	23	0.5089893091796188	0.5411862158841276	0.5166358595194085	0.443024494142705	0.03449871494680191	0.4415632277203182	0.42622533750891245	3.1190814179986757		0.03821000077931041	3.127697412385958	PASS	formal_runs/isg_clean_fixedfinal_20260706/04_formal_runs/MDR/strict_cold/seed_23	formal_runs/isg_clean_fixedfinal_20260706/08_final_audit_20260710_after_4seed_rerun/ISG_FORMAL_250_RAW_METRICS.tsv		outputs/paper1_data_refresh_20260710/PAPER1_7MODEL_RAW_SEED_METRICS.tsv
ISG-MDA	MDA	MDR	strict_cold	24	0.5140507386386507	0.5391554568017516	0.4977106227106227	0.41679957469431156	-0.0047658942207047346	0.44539348577879867	0.4331304787640091	2.895446586047585		0.07048808189649736	2.897880935297781	PASS	formal_runs/isg_clean_fixedfinal_20260706/04_formal_runs/MDR/strict_cold/seed_24	formal_runs/isg_clean_fixedfinal_20260706/08_final_audit_20260710_after_4seed_rerun/ISG_FORMAL_250_RAW_METRICS.tsv		outputs/paper1_data_refresh_20260710/PAPER1_7MODEL_RAW_SEED_METRICS.tsv
ISG-MDA	MDA	MDR	scaffold_cold	0	0.4168971851471147	0.44255090682790016	0.4373379429559205	0.20706455542021923	-0.1539537529415511	0.4647803888853528	0.4468739474164132	2.315131693858554		0.26340880764444274	2.3154876761737317	PASS	formal_runs/isg_clean_fixedfinal_20260706/04_formal_runs/MDR/scaffold_cold/seed_0	formal_runs/isg_clean_fixedfinal_20260706/08_final_audit_20260710_after_4seed_rerun/ISG_FORMAL_250_RAW_METRICS.tsv		outputs/paper1_data_refresh_20260710/PAPER1_7MODEL_RAW_SEED_METRICS.tsv
ISG-MDA	MDA	MDR	scaffold_cold	1	0.627135729852375	0.6226521458832237	0.5746869409660107	0.5069984447900466	0.15534547660797565	0.3132288179769193	0.2528652495966104	1.055662972302422		0.2561961072858275	1.0556629839651486	PASS	formal_runs/isg_clean_fixedfinal_20260706/04_formal_runs/MDR/scaffold_cold/seed_1	formal_runs/isg_clean_fixedfinal_20260706/08_final_audit_20260710_after_4seed_rerun/ISG_FORMAL_250_RAW_METRICS.tsv		outputs/paper1_data_refresh_20260710/PAPER1_7MODEL_RAW_SEED_METRICS.tsv
ISG-MDA	MDA	MDR	scaffold_cold	2	0.5841218034551565	0.5977884325710325	0.5366847826086957	0.34296724470134876	0.0908442319458976	0.3696209553687904	0.3349195567737174	1.6940549620314589		0.25719633371170697	1.694482960778734	PASS	formal_runs/isg_clean_fixedfinal_20260706/04_formal_runs/MDR/scaffold_cold/seed_2	formal_runs/isg_clean_fixedfinal_20260706/08_final_audit_20260710_after_4seed_rerun/ISG_FORMAL_250_RAW_METRICS.tsv		outputs/paper1_data_refresh_20260710/PAPER1_7MODEL_RAW_SEED_METRICS.tsv
ISG-MDA	MDA	MDR	scaffold_cold	3	0.5123794132596542	0.5077870494800427	0.4815884476534296	0.33702677746999077	-0.04091921255439915	0.407731467491224	0.3775868487839125	1.6496782786996431		0.24920660381700882	1.64967828304759	PASS	formal_runs/isg_clean_fixedfinal_20260706/04_formal_runs/MDR/scaffold_cold/seed_3	formal_runs/isg_clean_fixedfinal_20260706/08_final_audit_20260710_after_4seed_rerun/ISG_FORMAL_250_RAW_METRICS.tsv		outputs/paper1_data_refresh_20260710/PAPER1_7MODEL_RAW_SEED_METRICS.tsv
ISG-MDA	MDA	MDR	scaffold_cold	4	0.7062573827160494	0.6554808251199943	0.5853333333333334	0.4707884288145207	0.18932517660326603	0.29697724350874943	0.2495493079678199	0.9258272004136952		0.2788595907108504	0.925827211327023	PASS	formal_runs/isg_clean_fixedfinal_20260706/04_formal_runs/MDR/scaffold_cold/seed_4	formal_runs/isg_clean_fixedfinal_20260706/08_final_audit_20260710_after_4seed_rerun/ISG_FORMAL_250_RAW_METRICS.tsv		outputs/paper1_data_refresh_20260710/PAPER1_7MODEL_RAW_SEED_METRICS.tsv
ISG-MDA	MDA	MDR	scaffold_cold	5	0.7476862757528039	0.7647395451630403	0.6860706860706861	0.6071118820468343	0.40641613972478163	0.24679075242307066	0.19382465207708865	1.04620361421823		0.2639213569702641	1.0467121674009932	PASS	formal_runs/isg_clean_fixedfinal_20260706/04_formal_runs/MDR/scaffold_cold/seed_5	formal_runs/isg_clean_fixedfinal_20260706/08_final_audit_20260710_after_4seed_rerun/ISG_FORMAL_250_RAW_METRICS.tsv		outputs/paper1_data_refresh_20260710/PAPER1_7MODEL_RAW_SEED_METRICS.tsv
ISG-MDA	MDA	MDR	scaffold_cold	6	0.6024075035017925	0.5864455095389758	0.5593922651933702	0.49122807017543857	0.1232932145539479	0.3055760522677114	0.23090331862938537	0.9522115124839237		0.2572055652341402	0.9522115197410022	PASS	formal_runs/isg_clean_fixedfinal_20260706/04_formal_runs/MDR/scaffold_cold/seed_6	formal_runs/isg_clean_fixedfinal_20260706/08_final_audit_20260710_after_4seed_rerun/ISG_FORMAL_250_RAW_METRICS.tsv		outputs/paper1_data_refresh_20260710/PAPER1_7MODEL_RAW_SEED_METRICS.tsv
ISG-MDA	MDA	MDR	scaffold_cold	7	0.6500406952320941	0.6341395471013709	0.6154891304347826	0.5452597750401714	0.2428532880736397	0.29274452094610603	0.21701198524957993	0.9636265314387891		0.2775535551527965	0.9636265289956245	PASS	formal_runs/isg_clean_fixedfinal_20260706/04_formal_runs/MDR/scaffold_cold/seed_7	formal_runs/isg_clean_fixedfinal_20260706/08_final_audit_20260710_after_4seed_rerun/ISG_FORMAL_250_RAW_METRICS.tsv		outputs/paper1_data_refresh_20260710/PAPER1_7MODEL_RAW_SEED_METRICS.tsv
ISG-MDA	MDA	MDR	scaffold_cold	8	0.633508428743691	0.6669155513361731	0.5980015372790162	0.43581445523193096	0.23955576985421256	0.3373107495563603	0.29339140646394574	1.9823519572181145		0.2510064875267428	1.9832258898103403	PASS	formal_runs/isg_clean_fixedfinal_20260706/04_formal_runs/MDR/scaffold_cold/seed_8	formal_runs/isg_clean_fixedfinal_20260706/08_final_audit_20260710_after_4seed_rerun/ISG_FORMAL_250_RAW_METRICS.tsv		outputs/paper1_data_refresh_20260710/PAPER1_7MODEL_RAW_SEED_METRICS.tsv
ISG-MDA	MDA	MDR	scaffold_cold	9	0.560706852522217	0.590227168396017	0.5630165289256198	0.386066763425254	0.1542377337809425	0.3680143767330347	0.3155812825286626	1.8129267773660844		0.23835350532789487	1.8129267637148376	PASS	formal_runs/isg_clean_fixedfinal_20260706/04_formal_runs/MDR/scaffold_cold/seed_9	formal_runs/isg_clean_fixedfinal_20260706/08_final_audit_20260710_after_4seed_rerun/ISG_FORMAL_250_RAW_METRICS.tsv		outputs/paper1_data_refresh_20260710/PAPER1_7MODEL_RAW_SEED_METRICS.tsv
ISG-MDA	MDA	MDR	scaffold_cold	10	0.4606564001485542	0.45584109909743753	0.4505541346973572	0.14805023132848646	-0.14046013010697606	0.46436439128999496	0.45102878092941684	2.4876846191420516		0.2655538617017529	2.4876846457940336	PASS	formal_runs/isg_clean_fixedfinal_20260706/04_formal_runs/MDR/scaffold_cold/seed_10	formal_runs/isg_clean_fixedfinal_20260706/08_final_audit_20260710_after_4seed_rerun/ISG_FORMAL_250_RAW_METRICS.tsv		outputs/paper1_data_refresh_20260710/PAPER1_7MODEL_RAW_SEED_METRICS.tsv
ISG-MDA	MDA	MDR	scaffold_cold	11	0.5592774322020353	0.5438805121404927	0.5182481751824818	0.3795534665099882	0.04080112028357931	0.37942975545869667	0.3419594631750724	1.4358476807029534		0.2610495783638982	1.4358476848497879	PASS	formal_runs/isg_clean_fixedfinal_20260706/04_formal_runs/MDR/scaffold_cold/seed_11	formal_runs/isg_clean_fixedfinal_20260706/08_final_audit_20260710_after_4seed_rerun/ISG_FORMAL_250_RAW_METRICS.tsv		outputs/paper1_data_refresh_20260710/PAPER1_7MODEL_RAW_SEED_METRICS.tsv
ISG-MDA	MDA	MDR	scaffold_cold	12	0.6387784652040972	0.6790708879603806	0.5692239858906526	0.2670667666916729	0.24467684333543233	0.3945049261830153	0.3952374134306795	2.962602079704736		0.2672375938673289	3.0176811119774767	PASS	formal_runs/isg_clean_fixedfinal_20260706/04_formal_runs/MDR/scaffold_cold/seed_12	formal_runs/isg_clean_fixedfinal_20260706/08_final_audit_20260710_after_4seed_rerun/ISG_FORMAL_250_RAW_METRICS.tsv		outputs/paper1_data_refresh_20260710/PAPER1_7MODEL_RAW_SEED_METRICS.tsv
ISG-MDA	MDA	MDR	scaffold_cold	13	0.5603073843289484	0.5450281252108076	0.5132850241545893	0.2641509433962264	0.03610747494760198	0.4139069518464795	0.39355904471495784	2.1386496321033572		0.25661286781748643	2.138649631861519	PASS	formal_runs/isg_clean_fixedfinal_20260706/04_formal_runs/MDR/scaffold_cold/seed_13	formal_runs/isg_clean_fixedfinal_20260706/08_final_audit_20260710_after_4seed_rerun/ISG_FORMAL_250_RAW_METRICS.tsv		outputs/paper1_data_refresh_20260710/PAPER1_7MODEL_RAW_SEED_METRICS.tsv
ISG-MDA	MDA	MDR	scaffold_cold	14	0.45000983196333577	0.5133296426731719	0.5118050266565118	0.31370449678800855	0.028915130241725685	0.4108607178703282	0.36603528953564185	2.092898478196683		0.2572482769455253	2.092898482486594	PASS	formal_runs/isg_clean_fixedfinal_20260706/04_formal_runs/MDR/scaffold_cold/seed_14	formal_runs/isg_clean_fixedfinal_20260706/08_final_audit_20260710_after_4seed_rerun/ISG_FORMAL_250_RAW_METRICS.tsv		outputs/paper1_data_refresh_20260710/PAPER1_7MODEL_RAW_SEED_METRICS.tsv
ISG-MDA	MDA	MDR	scaffold_cold	15	0.6942552146895032	0.6793229462290489	0.6284644194756555	0.5866666666666667	0.2623504405283987	0.26593337829725144	0.19276509415096596	0.9010840566960655		0.23576931632009643	0.9010840502571077	PASS	formal_runs/isg_clean_fixedfinal_20260706/04_formal_runs/MDR/scaffold_cold/seed_15	formal_runs/isg_clean_fixedfinal_20260706/08_final_audit_20260710_after_4seed_rerun/ISG_FORMAL_250_RAW_METRICS.tsv		outputs/paper1_data_refresh_20260710/PAPER1_7MODEL_RAW_SEED_METRICS.tsv
ISG-MDA	MDA	MDR	scaffold_cold	16	0.5645535283540196	0.5442304789313384	0.4986754966887417	0.2951582867783985	-0.0032447315630138836	0.4173213610321201	0.39328086949928087	1.9711002751992066		0.247083199441326	1.971100286182189	PASS	formal_runs/isg_clean_fixedfinal_20260706/04_formal_runs/MDR/scaffold_cold/seed_16	formal_runs/isg_clean_fixedfinal_20260706/08_final_audit_20260710_after_4seed_rerun/ISG_FORMAL_250_RAW_METRICS.tsv		outputs/paper1_data_refresh_20260710/PAPER1_7MODEL_RAW_SEED_METRICS.tsv
ISG-MDA	MDA	MDR	scaffold_cold	17	0.5461760380650189	0.5483583080559702	0.5167644593461861	0.3124627310673822	0.041690015270732295	0.39603388004581186	0.35654107563485044	2.0778453549796185		0.2530356060842475	2.078521927564162	PASS	formal_runs/isg_clean_fixedfinal_20260706/04_formal_runs/MDR/scaffold_cold/seed_17	formal_runs/isg_clean_fixedfinal_20260706/08_final_audit_20260710_after_4seed_rerun/ISG_FORMAL_250_RAW_METRICS.tsv		outputs/paper1_data_refresh_20260710/PAPER1_7MODEL_RAW_SEED_METRICS.tsv
ISG-MDA	MDA	MDR	scaffold_cold	18	0.512963348604748	0.5175387226860989	0.5098639455782313	0.3621071270473661	0.022260724309097514	0.38611810921021267	0.33879336409097266	1.5575955073444032		0.24881260362079197	1.5575955163053914	PASS	formal_runs/isg_clean_fixedfinal_20260706/04_formal_runs/MDR/scaffold_cold/seed_18	formal_runs/isg_clean_fixedfinal_20260706/08_final_audit_20260710_after_4seed_rerun/ISG_FORMAL_250_RAW_METRICS.tsv		outputs/paper1_data_refresh_20260710/PAPER1_7MODEL_RAW_SEED_METRICS.tsv
ISG-MDA	MDA	MDR	scaffold_cold	19	0.6429237134841287	0.6597082412346258	0.6063449508489723	0.4631322364411944	0.25146819459212993	0.33353862237765913	0.28741393530796283	1.5894892265852083		0.2719888121361835	1.58948922045429	PASS	formal_runs/isg_clean_fixedfinal_20260706/04_formal_runs/MDR/scaffold_cold/seed_19	formal_runs/isg_clean_fixedfinal_20260706/08_final_audit_20260710_after_4seed_rerun/ISG_FORMAL_250_RAW_METRICS.tsv		outputs/paper1_data_refresh_20260710/PAPER1_7MODEL_RAW_SEED_METRICS.tsv
ISG-MDA	MDA	MDR	scaffold_cold	20	0.525507002128069	0.5407816486723931	0.5105407882676444	0.34317343173431736	0.024502147245272308	0.40628335432309437	0.3781891110015369	2.1654731557211075		0.2707523601198638	2.1654731624723027	PASS	formal_runs/isg_clean_fixedfinal_20260706/04_formal_runs/MDR/scaffold_cold/seed_20	formal_runs/isg_clean_fixedfinal_20260706/08_final_audit_20260710_after_4seed_rerun/ISG_FORMAL_250_RAW_METRICS.tsv		outputs/paper1_data_refresh_20260710/PAPER1_7MODEL_RAW_SEED_METRICS.tsv
ISG-MDA	MDA	MDR	scaffold_cold	21	0.5685651765728879	0.5464676464587062	0.5374806800618238	0.4017991004497751	0.08411387284262936	0.35683097506133726	0.31171516541857197	1.6039523814072072		0.260890361418387	1.6039523732901726	PASS	formal_runs/isg_clean_fixedfinal_20260706/04_formal_runs/MDR/scaffold_cold/seed_21	formal_runs/isg_clean_fixedfinal_20260706/08_final_audit_20260710_after_4seed_rerun/ISG_FORMAL_250_RAW_METRICS.tsv		outputs/paper1_data_refresh_20260710/PAPER1_7MODEL_RAW_SEED_METRICS.tsv
ISG-MDA	MDA	MDR	scaffold_cold	22	0.5036390775766044	0.5174438745245955	0.5142378559463987	0.19778699861687413	0.04634234675401411	0.418830794347219	0.39188928302618303	2.3726692985085323		0.25333418434396127	2.372669293028825	PASS	formal_runs/isg_clean_fixedfinal_20260706/04_formal_runs/MDR/scaffold_cold/seed_22	formal_runs/isg_clean_fixedfinal_20260706/08_final_audit_20260710_after_4seed_rerun/ISG_FORMAL_250_RAW_METRICS.tsv		outputs/paper1_data_refresh_20260710/PAPER1_7MODEL_RAW_SEED_METRICS.tsv
ISG-MDA	MDA	MDR	scaffold_cold	23	0.6455256229438897	0.6297604979400813	0.5705270972531552	0.4665744582757031	0.15316684617322415	0.3205664591563782	0.2789661273011063	1.1511395147158534		0.2623631678462967	1.1511395173154235	PASS	formal_runs/isg_clean_fixedfinal_20260706/04_formal_runs/MDR/scaffold_cold/seed_23	formal_runs/isg_clean_fixedfinal_20260706/08_final_audit_20260710_after_4seed_rerun/ISG_FORMAL_250_RAW_METRICS.tsv		outputs/paper1_data_refresh_20260710/PAPER1_7MODEL_RAW_SEED_METRICS.tsv
ISG-MDA	MDA	MDR	scaffold_cold	24	0.6272541561903981	0.6090779526333305	0.5614035087719298	0.39413265306122447	0.14729802200440115	0.36162665504210834	0.321781454849769	1.915788455865188		0.24078883712701568	1.9160680440654385	PASS	formal_runs/isg_clean_fixedfinal_20260706/04_formal_runs/MDR/scaffold_cold/seed_24	formal_runs/isg_clean_fixedfinal_20260706/08_final_audit_20260710_after_4seed_rerun/ISG_FORMAL_250_RAW_METRICS.tsv		outputs/paper1_data_refresh_20260710/PAPER1_7MODEL_RAW_SEED_METRICS.tsv
ISG-MDA	MDA	MDS	random	0	0.908492243090593	0.8960214986126395	0.8456973293768546	0.8543417366946778	0.6963170369105575	0.12443440531413086	0.08471053685662205	0.46861838795151156		0.2385079303119196	0.468618388345758	PASS	formal_runs/isg_clean_fixedfinal_20260706/04_formal_runs/MDS/random/seed_0	formal_runs/isg_clean_fixedfinal_20260706/08_final_audit_20260710_after_4seed_rerun/ISG_FORMAL_250_RAW_METRICS.tsv		outputs/paper1_data_refresh_20260710/PAPER1_7MODEL_RAW_SEED_METRICS.tsv
ISG-MDA	MDA	MDS	random	1	0.9103887895855776	0.9002763493218232	0.8323442136498517	0.8386482627320324	0.6667270385180211	0.12346289050901968	0.06471389842440403	0.41815989522240654		0.2376563634917844	0.41815989810151705	PASS	formal_runs/isg_clean_fixedfinal_20260706/04_formal_runs/MDS/random/seed_1	formal_runs/isg_clean_fixedfinal_20260706/08_final_audit_20260710_after_4seed_rerun/ISG_FORMAL_250_RAW_METRICS.tsv		outputs/paper1_data_refresh_20260710/PAPER1_7MODEL_RAW_SEED_METRICS.tsv
ISG-MDA	MDA	MDS	random	2	0.9099539095664798	0.897247892851763	0.8422354104846687	0.8514205868653936	0.6897632754420454	0.12224342809043354	0.06564807163886957	0.4296871612788127		0.23203558360339097	0.42968716406798624	PASS	formal_runs/isg_clean_fixedfinal_20260706/04_formal_runs/MDS/random/seed_2	formal_runs/isg_clean_fixedfinal_20260706/08_final_audit_20260710_after_4seed_rerun/ISG_FORMAL_250_RAW_METRICS.tsv		outputs/paper1_data_refresh_20260710/PAPER1_7MODEL_RAW_SEED_METRICS.tsv
ISG-MDA	MDA	MDS	random	3	0.9173145840854458	0.8986950896486212	0.8560830860534124	0.854717923115327	0.7122919693995964	0.1136530491402395	0.06805986523048235	0.42715284855821306		0.2397281538944801	0.42715284891581323	PASS	formal_runs/isg_clean_fixedfinal_20260706/04_formal_runs/MDS/random/seed_3	formal_runs/isg_clean_fixedfinal_20260706/08_final_audit_20260710_after_4seed_rerun/ISG_FORMAL_250_RAW_METRICS.tsv		outputs/paper1_data_refresh_20260710/PAPER1_7MODEL_RAW_SEED_METRICS.tsv
ISG-MDA	MDA	MDS	random	4	0.9176579876550819	0.9110654107732888	0.8545994065281899	0.8567251461988304	0.7095112519727368	0.11481543720913609	0.06244419041104787	0.44291818393751037		0.2494891044816669	0.4429181878345362	PASS	formal_runs/isg_clean_fixedfinal_20260706/04_formal_runs/MDS/random/seed_4	formal_runs/isg_clean_fixedfinal_20260706/08_final_audit_20260710_after_4seed_rerun/ISG_FORMAL_250_RAW_METRICS.tsv		outputs/paper1_data_refresh_20260710/PAPER1_7MODEL_RAW_SEED_METRICS.tsv
ISG-MDA	MDA	MDS	random	5	0.9102894862741301	0.8954937440600631	0.8506429277942631	0.8545279383429673	0.7022883472197767	0.11873057860021062	0.0648161868098846	0.4416186570471958		0.24381863972116397	0.4416186610268084	PASS	formal_runs/isg_clean_fixedfinal_20260706/04_formal_runs/MDS/random/seed_5	formal_runs/isg_clean_fixedfinal_20260706/08_final_audit_20260710_after_4seed_rerun/ISG_FORMAL_250_RAW_METRICS.tsv		outputs/paper1_data_refresh_20260710/PAPER1_7MODEL_RAW_SEED_METRICS.tsv
ISG-MDA	MDA	MDS	random	6	0.907233096668594	0.8961244419317834	0.8397626112759644	0.8427184466019417	0.6800057308895135	0.12407041664339943	0.08027227989796303	0.4938428546247814		0.23920978152041325	0.49384285310609405	PASS	formal_runs/isg_clean_fixedfinal_20260706/04_formal_runs/MDS/random/seed_6	formal_runs/isg_clean_fixedfinal_20260706/08_final_audit_20260710_after_4seed_rerun/ISG_FORMAL_250_RAW_METRICS.tsv		outputs/paper1_data_refresh_20260710/PAPER1_7MODEL_RAW_SEED_METRICS.tsv
ISG-MDA	MDA	MDS	random	7	0.9123650722370443	0.8948822382434058	0.8437190900098912	0.843098311817279	0.6874597029655661	0.11838658560472319	0.0698674795204825	0.43714722195727046		0.2504957927841967	0.43714722233403447	PASS	formal_runs/isg_clean_fixedfinal_20260706/04_formal_runs/MDS/random/seed_7	formal_runs/isg_clean_fixedfinal_20260706/08_final_audit_20260710_after_4seed_rerun/ISG_FORMAL_250_RAW_METRICS.tsv		outputs/paper1_data_refresh_20260710/PAPER1_7MODEL_RAW_SEED_METRICS.tsv
ISG-MDA	MDA	MDS	random	8	0.9057469712490008	0.8872354353469346	0.8531157270029673	0.8608899297423888	0.7106845723707061	0.11882309282055971	0.05616540780344849	0.42267241742244377		0.23585341954449454	0.42267241428443164	PASS	formal_runs/isg_clean_fixedfinal_20260706/04_formal_runs/MDS/random/seed_8	formal_runs/isg_clean_fixedfinal_20260706/08_final_audit_20260710_after_4seed_rerun/ISG_FORMAL_250_RAW_METRICS.tsv		outputs/paper1_data_refresh_20260710/PAPER1_7MODEL_RAW_SEED_METRICS.tsv
ISG-MDA	MDA	MDS	random	9	0.9068285457396923	0.8901894696907622	0.8432245301681504	0.8467858869018849	0.6871920390433657	0.12348870355030483	0.07214500360729377	0.4644009449102856		0.23426237079860135	0.46440094485363076	PASS	formal_runs/isg_clean_fixedfinal_20260706/04_formal_runs/MDS/random/seed_9	formal_runs/isg_clean_fixedfinal_20260706/08_final_audit_20260710_after_4seed_rerun/ISG_FORMAL_250_RAW_METRICS.tsv		outputs/paper1_data_refresh_20260710/PAPER1_7MODEL_RAW_SEED_METRICS.tsv
ISG-MDA	MDA	MDS	random	10	0.9113055107956887	0.8991039399190307	0.8486646884272997	0.8557964184731386	0.7007658008991655	0.12311548105006656	0.08577359379305324	0.5049283196190829		0.2343428432425443	0.5049283212211082	PASS	formal_runs/isg_clean_fixedfinal_20260706/04_formal_runs/MDS/random/seed_10	formal_runs/isg_clean_fixedfinal_20260706/08_final_audit_20260710_after_4seed_rerun/ISG_FORMAL_250_RAW_METRICS.tsv		outputs/paper1_data_refresh_20260710/PAPER1_7MODEL_RAW_SEED_METRICS.tsv
ISG-MDA	MDA	MDS	random	11	0.9209966334709884	0.9081828169762935	0.8570722057368941	0.8579852579852579	0.7142034579927611	0.11168738740168303	0.07104953596498045	0.433142476386819		0.24247304668026692	0.43314247695557795	PASS	formal_runs/isg_clean_fixedfinal_20260706/04_formal_runs/MDS/random/seed_11	formal_runs/isg_clean_fixedfinal_20260706/08_final_audit_20260710_after_4seed_rerun/ISG_FORMAL_250_RAW_METRICS.tsv		outputs/paper1_data_refresh_20260710/PAPER1_7MODEL_RAW_SEED_METRICS.tsv
ISG-MDA	MDA	MDS	random	12	0.9170342845905719	0.9022393065311303	0.8570722057368941	0.8633569739952719	0.717185202462852	0.11435257289487344	0.0612166244221944	0.41264991179570815		0.2440894677988114	0.41264990980264343	PASS	formal_runs/isg_clean_fixedfinal_20260706/04_formal_runs/MDS/random/seed_12	formal_runs/isg_clean_fixedfinal_20260706/08_final_audit_20260710_after_4seed_rerun/ISG_FORMAL_250_RAW_METRICS.tsv		outputs/paper1_data_refresh_20260710/PAPER1_7MODEL_RAW_SEED_METRICS.tsv
ISG-MDA	MDA	MDS	random	13	0.9079913239234887	0.893956391358613	0.8397626112759644	0.8468809073724007	0.6824815734593774	0.12452507445469278	0.07349365892279035	0.44295491489410505		0.2559680800858241	0.44295491294384476	PASS	formal_runs/isg_clean_fixedfinal_20260706/04_formal_runs/MDS/random/seed_13	formal_runs/isg_clean_fixedfinal_20260706/08_final_audit_20260710_after_4seed_rerun/ISG_FORMAL_250_RAW_METRICS.tsv		outputs/paper1_data_refresh_20260710/PAPER1_7MODEL_RAW_SEED_METRICS.tsv
ISG-MDA	MDA	MDS	random	14	0.9097386708618647	0.89488188361583	0.8526211671612265	0.8607476635514019	0.7100956127993885	0.12021482434192805	0.07441148461966006	0.447475794563604		0.2384667338238121	0.4474758026802693	PASS	formal_runs/isg_clean_fixedfinal_20260706/04_formal_runs/MDS/random/seed_14	formal_runs/isg_clean_fixedfinal_20260706/08_final_audit_20260710_after_4seed_rerun/ISG_FORMAL_250_RAW_METRICS.tsv		outputs/paper1_data_refresh_20260710/PAPER1_7MODEL_RAW_SEED_METRICS.tsv
ISG-MDA	MDA	MDS	random	15	0.9282496886376467	0.9194551809126216	0.8699307616221563	0.8713936430317848	0.7400530557210805	0.10346845145444637	0.05212754886557602	0.3884175510270386		0.2648725866637488	0.38920614609732473	PASS	formal_runs/isg_clean_fixedfinal_20260706/04_formal_runs/MDS/random/seed_15	formal_runs/isg_clean_fixedfinal_20260706/08_final_audit_20260710_after_4seed_rerun/ISG_FORMAL_250_RAW_METRICS.tsv		outputs/paper1_data_refresh_20260710/PAPER1_7MODEL_RAW_SEED_METRICS.tsv
ISG-MDA	MDA	MDS	random	16	0.9205299568250727	0.9117268718543081	0.8674579624134521	0.8711538461538462	0.7361282942370737	0.10760979862277259	0.055106640515284216	0.4299961652340933		0.23544365808187132	0.429996169432924	PASS	formal_runs/isg_clean_fixedfinal_20260706/04_formal_runs/MDS/random/seed_16	formal_runs/isg_clean_fixedfinal_20260706/08_final_audit_20260710_after_4seed_rerun/ISG_FORMAL_250_RAW_METRICS.tsv		outputs/paper1_data_refresh_20260710/PAPER1_7MODEL_RAW_SEED_METRICS.tsv
ISG-MDA	MDA	MDS	random	17	0.9215494055987501	0.9078893593087485	0.8437190900098912	0.8486590038314177	0.6889077154632922	0.1131531954083869	0.06313304011924556	0.4069103928136186		0.2524087593206344	0.4069103916662973	PASS	formal_runs/isg_clean_fixedfinal_20260706/04_formal_runs/MDS/random/seed_17	formal_runs/isg_clean_fixedfinal_20260706/08_final_audit_20260710_after_4seed_rerun/ISG_FORMAL_250_RAW_METRICS.tsv		outputs/paper1_data_refresh_20260710/PAPER1_7MODEL_RAW_SEED_METRICS.tsv
ISG-MDA	MDA	MDS	random	18	0.901486223255368	0.8840958193145894	0.8283877349159249	0.8264132066033016	0.6569454933139004	0.12848257812745642	0.0678866624982554	0.4484280428963942		0.23142235872623446	0.4484280407959347	PASS	formal_runs/isg_clean_fixedfinal_20260706/04_formal_runs/MDS/random/seed_18	formal_runs/isg_clean_fixedfinal_20260706/08_final_audit_20260710_after_4seed_rerun/ISG_FORMAL_250_RAW_METRICS.tsv		outputs/paper1_data_refresh_20260710/PAPER1_7MODEL_RAW_SEED_METRICS.tsv
ISG-MDA	MDA	MDS	random	19	0.9155887610175311	0.9016054542518034	0.8481701285855588	0.8544333807491702	0.6989329314073013	0.11528184776691977	0.0612997886585965	0.4284375258061154		0.22805795072403515	0.4284375288793642	PASS	formal_runs/isg_clean_fixedfinal_20260706/04_formal_runs/MDS/random/seed_19	formal_runs/isg_clean_fixedfinal_20260706/08_final_audit_20260710_after_4seed_rerun/ISG_FORMAL_250_RAW_METRICS.tsv		outputs/paper1_data_refresh_20260710/PAPER1_7MODEL_RAW_SEED_METRICS.tsv
ISG-MDA	MDA	MDS	random	20	0.9119888936828419	0.902052308317663	0.8501483679525222	0.8539759036144579	0.7012610040331233	0.11689986890975237	0.05233058845225906	0.4270202775333464		0.24148680490489766	0.4270202778132391	PASS	formal_runs/isg_clean_fixedfinal_20260706/04_formal_runs/MDS/random/seed_20	formal_runs/isg_clean_fixedfinal_20260706/08_final_audit_20260710_after_4seed_rerun/ISG_FORMAL_250_RAW_METRICS.tsv		outputs/paper1_data_refresh_20260710/PAPER1_7MODEL_RAW_SEED_METRICS.tsv
ISG-MDA	MDA	MDS	random	21	0.912983883512813	0.8944104621418945	0.8521266073194856	0.8583609663666508	0.7069980086142952	0.11762188826524686	0.06080560531664207	0.42532765639590353		0.2285333110308429	0.4253276597734257	PASS	formal_runs/isg_clean_fixedfinal_20260706/04_formal_runs/MDS/random/seed_21	formal_runs/isg_clean_fixedfinal_20260706/08_final_audit_20260710_after_4seed_rerun/ISG_FORMAL_250_RAW_METRICS.tsv		outputs/paper1_data_refresh_20260710/PAPER1_7MODEL_RAW_SEED_METRICS.tsv
ISG-MDA	MDA	MDS	random	22	0.9071137370233074	0.8848193055102324	0.854104846686449	0.8551791850760923	0.7082876555191195	0.11893352575231837	0.06354958670875763	0.4672085316628035		0.24283536243285397	0.4672085353340051	PASS	formal_runs/isg_clean_fixedfinal_20260706/04_formal_runs/MDS/random/seed_22	formal_runs/isg_clean_fixedfinal_20260706/08_final_audit_20260710_after_4seed_rerun/ISG_FORMAL_250_RAW_METRICS.tsv		outputs/paper1_data_refresh_20260710/PAPER1_7MODEL_RAW_SEED_METRICS.tsv
ISG-MDA	MDA	MDS	random	23	0.9062806654006719	0.8949817127020284	0.8447082096933729	0.8518867924528302	0.6926783539768041	0.12627000246111258	0.08623623640069208	0.49076527377139845		0.22839788020379526	0.49076527504491757	PASS	formal_runs/isg_clean_fixedfinal_20260706/04_formal_runs/MDS/random/seed_23	formal_runs/isg_clean_fixedfinal_20260706/08_final_audit_20260710_after_4seed_rerun/ISG_FORMAL_250_RAW_METRICS.tsv		outputs/paper1_data_refresh_20260710/PAPER1_7MODEL_RAW_SEED_METRICS.tsv
ISG-MDA	MDA	MDS	random	24	0.9094040725119628	0.8838443437411105	0.8456973293768546	0.8491295938104448	0.6921114361912148	0.11787331215605354	0.0566376558760403	0.41323531042400835		0.2545381380637153	0.4132353113973412	PASS	formal_runs/isg_clean_fixedfinal_20260706/04_formal_runs/MDS/random/seed_24	formal_runs/isg_clean_fixedfinal_20260706/08_final_audit_20260710_after_4seed_rerun/ISG_FORMAL_250_RAW_METRICS.tsv		outputs/paper1_data_refresh_20260710/PAPER1_7MODEL_RAW_SEED_METRICS.tsv
ISG-MDA	MDA	MDS	mirna_cold	0	0.8754149807058383	0.8445581269677112	0.8221343873517787	0.8316183348924229	0.6483958583882814	0.1432472000295475	0.0913531736363653	0.5653144357849598		0.22987334411784838	0.5653144396812078	PASS	formal_runs/isg_clean_fixedfinal_20260706/04_formal_runs/MDS/mirna_cold/seed_0	formal_runs/isg_clean_fixedfinal_20260706/08_final_audit_20260710_after_4seed_rerun/ISG_FORMAL_250_RAW_METRICS.tsv		outputs/paper1_data_refresh_20260710/PAPER1_7MODEL_RAW_SEED_METRICS.tsv
ISG-MDA	MDA	MDS	mirna_cold	1	0.9143352887875142	0.8981008014316852	0.8448616600790514	0.8509021842355176	0.6919987139622553	0.11606747120242215	0.0635563393845264	0.4310075571165864		0.2351275639095146	0.43100755758907483	PASS	formal_runs/isg_clean_fixedfinal_20260706/04_formal_runs/MDS/mirna_cold/seed_1	formal_runs/isg_clean_fixedfinal_20260706/08_final_audit_20260710_after_4seed_rerun/ISG_FORMAL_250_RAW_METRICS.tsv		outputs/paper1_data_refresh_20260710/PAPER1_7MODEL_RAW_SEED_METRICS.tsv
ISG-MDA	MDA	MDS	mirna_cold	2	0.8870192472319814	0.8626720639079628	0.8066271018793274	0.7995899538698104	0.6147720752018814	0.14307773677372468	0.09865281205270919	0.5339157108828718		0.23114180211056112	0.533915705558808	PASS	formal_runs/isg_clean_fixedfinal_20260706/04_formal_runs/MDS/mirna_cold/seed_2	formal_runs/isg_clean_fixedfinal_20260706/08_final_audit_20260710_after_4seed_rerun/ISG_FORMAL_250_RAW_METRICS.tsv		outputs/paper1_data_refresh_20260710/PAPER1_7MODEL_RAW_SEED_METRICS.tsv
ISG-MDA	MDA	MDS	mirna_cold	3	0.9116909837484997	0.8922814271978531	0.8456973293768546	0.8517110266159695	0.6936801031168256	0.11888458110085857	0.06184381625217713	0.44102320490642577		0.24056631446828236	0.4410232036244622	PASS	formal_runs/isg_clean_fixedfinal_20260706/04_formal_runs/MDS/mirna_cold/seed_3	formal_runs/isg_clean_fixedfinal_20260706/08_final_audit_20260710_after_4seed_rerun/ISG_FORMAL_250_RAW_METRICS.tsv		outputs/paper1_data_refresh_20260710/PAPER1_7MODEL_RAW_SEED_METRICS.tsv
ISG-MDA	MDA	MDS	mirna_cold	4	0.894055631904511	0.8743775238266622	0.8346418056918548	0.8383693045563549	0.6699966633061155	0.13068352043772755	0.06915936091267728	0.49938199353660534		0.23591054583238402	0.4993820020799197	PASS	formal_runs/isg_clean_fixedfinal_20260706/04_formal_runs/MDS/mirna_cold/seed_4	formal_runs/isg_clean_fixedfinal_20260706/08_final_audit_20260710_after_4seed_rerun/ISG_FORMAL_250_RAW_METRICS.tsv		outputs/paper1_data_refresh_20260710/PAPER1_7MODEL_RAW_SEED_METRICS.tsv
ISG-MDA	MDA	MDS	mirna_cold	5	0.8914649048400336	0.8719769020681734	0.8422354104846687	0.8440097799511003	0.6846480141162937	0.12859880186225464	0.06870528275473803	0.5014886452488054		0.24940789894334697	0.5014886499984093	PASS	formal_runs/isg_clean_fixedfinal_20260706/04_formal_runs/MDS/mirna_cold/seed_5	formal_runs/isg_clean_fixedfinal_20260706/08_final_audit_20260710_after_4seed_rerun/ISG_FORMAL_250_RAW_METRICS.tsv		outputs/paper1_data_refresh_20260710/PAPER1_7MODEL_RAW_SEED_METRICS.tsv
ISG-MDA	MDA	MDS	mirna_cold	6	0.9035499214627667	0.8919382089999243	0.8341511285574092	0.8399621212121212	0.6700714693022686	0.12669892375826486	0.07025854792173308	0.4645263866585814		0.24780396778491942	0.46452639211733276	PASS	formal_runs/isg_clean_fixedfinal_20260706/04_formal_runs/MDS/mirna_cold/seed_6	formal_runs/isg_clean_fixedfinal_20260706/08_final_audit_20260710_after_4seed_rerun/ISG_FORMAL_250_RAW_METRICS.tsv		outputs/paper1_data_refresh_20260710/PAPER1_7MODEL_RAW_SEED_METRICS.tsv
ISG-MDA	MDA	MDS	mirna_cold	7	0.9075951427104113	0.8925615431959517	0.843040473840079	0.8462282398452611	0.6866714007900434	0.11867710905456869	0.05133534123280171	0.4369364640229988		0.23130698159495605	0.4369364685037882	PASS	formal_runs/isg_clean_fixedfinal_20260706/04_formal_runs/MDS/mirna_cold/seed_7	formal_runs/isg_clean_fixedfinal_20260706/08_final_audit_20260710_after_4seed_rerun/ISG_FORMAL_250_RAW_METRICS.tsv		outputs/paper1_data_refresh_20260710/PAPER1_7MODEL_RAW_SEED_METRICS.tsv
ISG-MDA	MDA	MDS	mirna_cold	8	0.9036309791369582	0.8796868709831283	0.8390748031496063	0.8419526341227647	0.6785997423447377	0.12166256475799428	0.04883664678677828	0.4348268234159836		0.25290969994293694	0.4348268250780781	PASS	formal_runs/isg_clean_fixedfinal_20260706/04_formal_runs/MDS/mirna_cold/seed_8	formal_runs/isg_clean_fixedfinal_20260706/08_final_audit_20260710_after_4seed_rerun/ISG_FORMAL_250_RAW_METRICS.tsv		outputs/paper1_data_refresh_20260710/PAPER1_7MODEL_RAW_SEED_METRICS.tsv
ISG-MDA	MDA	MDS	mirna_cold	9	0.9055654858867004	0.8868108793602435	0.8288822947576657	0.8393686165273909	0.6634437277173223	0.12887216374221863	0.09081747650636318	0.4837815995462674		0.23543023165649865	0.48378160168461937	PASS	formal_runs/isg_clean_fixedfinal_20260706/04_formal_runs/MDS/mirna_cold/seed_9	formal_runs/isg_clean_fixedfinal_20260706/08_final_audit_20260710_after_4seed_rerun/ISG_FORMAL_250_RAW_METRICS.tsv		outputs/paper1_data_refresh_20260710/PAPER1_7MODEL_RAW_SEED_METRICS.tsv
ISG-MDA	MDA	MDS	mirna_cold	10	0.8963949405552343	0.8808647725990306	0.8330039525691699	0.8325074331020813	0.6660196109710654	0.13086475385991586	0.06319425479777291	0.47923045792156344		0.2484630513079151	0.4792304552590894	PASS	formal_runs/isg_clean_fixedfinal_20260706/04_formal_runs/MDS/mirna_cold/seed_10	formal_runs/isg_clean_fixedfinal_20260706/08_final_audit_20260710_after_4seed_rerun/ISG_FORMAL_250_RAW_METRICS.tsv		outputs/paper1_data_refresh_20260710/PAPER1_7MODEL_RAW_SEED_METRICS.tsv
ISG-MDA	MDA	MDS	mirna_cold	11	0.9099019058623063	0.9000693069782675	0.8338264299802761	0.8360097323600973	0.667889671766826	0.1261548548503346	0.08536094812059404	0.46079850829840535		0.23686121501544916	0.46079851254909	PASS	formal_runs/isg_clean_fixedfinal_20260706/04_formal_runs/MDS/mirna_cold/seed_11	formal_runs/isg_clean_fixedfinal_20260706/08_final_audit_20260710_after_4seed_rerun/ISG_FORMAL_250_RAW_METRICS.tsv		outputs/paper1_data_refresh_20260710/PAPER1_7MODEL_RAW_SEED_METRICS.tsv
ISG-MDA	MDA	MDS	mirna_cold	12	0.9036567076183357	0.8824529983294516	0.8415597235932872	0.8400597907324364	0.6832396375282301	0.12499588713079611	0.07861512517880831	0.46755040473236853		0.24980572220772335	0.46755040742949694	PASS	formal_runs/isg_clean_fixedfinal_20260706/04_formal_runs/MDS/mirna_cold/seed_12	formal_runs/isg_clean_fixedfinal_20260706/08_final_audit_20260710_after_4seed_rerun/ISG_FORMAL_250_RAW_METRICS.tsv		outputs/paper1_data_refresh_20260710/PAPER1_7MODEL_RAW_SEED_METRICS.tsv
ISG-MDA	MDA	MDS	mirna_cold	13	0.9110115142923391	0.8991620520997163	0.8506429277942631	0.8553639846743295	0.702784993184855	0.11831630868641761	0.06716784825178011	0.45892941625085815		0.2314217627387574	0.4589294205787274	PASS	formal_runs/isg_clean_fixedfinal_20260706/04_formal_runs/MDS/mirna_cold/seed_13	formal_runs/isg_clean_fixedfinal_20260706/08_final_audit_20260710_after_4seed_rerun/ISG_FORMAL_250_RAW_METRICS.tsv		outputs/paper1_data_refresh_20260710/PAPER1_7MODEL_RAW_SEED_METRICS.tsv
ISG-MDA	MDA	MDS	mirna_cold	14	0.9050212271425105	0.8935169583090896	0.839724680432645	0.8360160965794768	0.6801454548133274	0.12474013209460277	0.07743811890299299	0.49499442581615305		0.2348073147678393	0.4949944318806058	PASS	formal_runs/isg_clean_fixedfinal_20260706/04_formal_runs/MDS/mirna_cold/seed_14	formal_runs/isg_clean_fixedfinal_20260706/08_final_audit_20260710_after_4seed_rerun/ISG_FORMAL_250_RAW_METRICS.tsv		outputs/paper1_data_refresh_20260710/PAPER1_7MODEL_RAW_SEED_METRICS.tsv
ISG-MDA	MDA	MDS	mirna_cold	15	0.8989307398072417	0.877554453523437	0.837426326129666	0.8455436304246383	0.6786116129167776	0.1265021889100318	0.06694948315469126	0.46700912766112984		0.23085576034454688	0.46700912596903055	PASS	formal_runs/isg_clean_fixedfinal_20260706/04_formal_runs/MDS/mirna_cold/seed_15	formal_runs/isg_clean_fixedfinal_20260706/08_final_audit_20260710_after_4seed_rerun/ISG_FORMAL_250_RAW_METRICS.tsv		outputs/paper1_data_refresh_20260710/PAPER1_7MODEL_RAW_SEED_METRICS.tsv
ISG-MDA	MDA	MDS	mirna_cold	16	0.9086585639077956	0.8929755054657609	0.8471810089020771	0.8463451019393337	0.6944031211884366	0.1185494361445907	0.0681278196646404	0.4853967947656615		0.23825071397878556	0.4853967969424647	PASS	formal_runs/isg_clean_fixedfinal_20260706/04_formal_runs/MDS/mirna_cold/seed_16	formal_runs/isg_clean_fixedfinal_20260706/08_final_audit_20260710_after_4seed_rerun/ISG_FORMAL_250_RAW_METRICS.tsv		outputs/paper1_data_refresh_20260710/PAPER1_7MODEL_RAW_SEED_METRICS.tsv
ISG-MDA	MDA	MDS	mirna_cold	17	0.9064200794401067	0.8966803285804142	0.841715976331361	0.8442503639010189	0.6837941643039923	0.1252855643317518	0.07639846265557014	0.47869536785896544		0.22374111151341164	0.478695368155455	PASS	formal_runs/isg_clean_fixedfinal_20260706/04_formal_runs/MDS/mirna_cold/seed_17	formal_runs/isg_clean_fixedfinal_20260706/08_final_audit_20260710_after_4seed_rerun/ISG_FORMAL_250_RAW_METRICS.tsv		outputs/paper1_data_refresh_20260710/PAPER1_7MODEL_RAW_SEED_METRICS.tsv
ISG-MDA	MDA	MDS	mirna_cold	18	0.8979269577672311	0.887383537128262	0.8323442136498517	0.8378766140602583	0.6662419028983664	0.1293470644308015	0.07620945401423021	0.4944222796643523		0.2380041005866173	0.49442228111857595	PASS	formal_runs/isg_clean_fixedfinal_20260706/04_formal_runs/MDS/mirna_cold/seed_18	formal_runs/isg_clean_fixedfinal_20260706/08_final_audit_20260710_after_4seed_rerun/ISG_FORMAL_250_RAW_METRICS.tsv		outputs/paper1_data_refresh_20260710/PAPER1_7MODEL_RAW_SEED_METRICS.tsv
ISG-MDA	MDA	MDS	mirna_cold	19	0.9021282069522661	0.8798529950181145	0.8316880552813426	0.8399812294697325	0.6669686900416972	0.12554305093092616	0.060803055568134125	0.4576284095385284		0.23656044330699583	0.45762840651806813	PASS	formal_runs/isg_clean_fixedfinal_20260706/04_formal_runs/MDS/mirna_cold/seed_19	formal_runs/isg_clean_fixedfinal_20260706/08_final_audit_20260710_after_4seed_rerun/ISG_FORMAL_250_RAW_METRICS.tsv		outputs/paper1_data_refresh_20260710/PAPER1_7MODEL_RAW_SEED_METRICS.tsv
ISG-MDA	MDA	MDS	mirna_cold	20	0.8941588128998427	0.8723188186447174	0.8338278931750742	0.8416588124410933	0.6709459795843075	0.1277220559365176	0.053453425855900724	0.4726242033921187		0.23413453171328688	0.472624205929825	PASS	formal_runs/isg_clean_fixedfinal_20260706/04_formal_runs/MDS/mirna_cold/seed_20	formal_runs/isg_clean_fixedfinal_20260706/08_final_audit_20260710_after_4seed_rerun/ISG_FORMAL_250_RAW_METRICS.tsv		outputs/paper1_data_refresh_20260710/PAPER1_7MODEL_RAW_SEED_METRICS.tsv
ISG-MDA	MDA	MDS	mirna_cold	21	0.8994912144101019	0.8766382758674547	0.8390918065153011	0.8466603951081844	0.6815124062293177	0.1250512687981469	0.06811519636674145	0.46921738878922525		0.23631566007172403	0.46921738873347124	PASS	formal_runs/isg_clean_fixedfinal_20260706/04_formal_runs/MDS/mirna_cold/seed_21	formal_runs/isg_clean_fixedfinal_20260706/08_final_audit_20260710_after_4seed_rerun/ISG_FORMAL_250_RAW_METRICS.tsv		outputs/paper1_data_refresh_20260710/PAPER1_7MODEL_RAW_SEED_METRICS.tsv
ISG-MDA	MDA	MDS	mirna_cold	22	0.8888691823666474	0.8635571490851252	0.8331688055281342	0.8360814742967992	0.6667587855379314	0.13472431677509433	0.08303946603049628	0.5225370183713852		0.22769593337006394	0.52253701975468	PASS	formal_runs/isg_clean_fixedfinal_20260706/04_formal_runs/MDS/mirna_cold/seed_22	formal_runs/isg_clean_fixedfinal_20260706/08_final_audit_20260710_after_4seed_rerun/ISG_FORMAL_250_RAW_METRICS.tsv		outputs/paper1_data_refresh_20260710/PAPER1_7MODEL_RAW_SEED_METRICS.tsv
ISG-MDA	MDA	MDS	mirna_cold	23	0.8733371479010764	0.8427853585719514	0.8137351778656127	0.8188370975492552	0.6284680253049728	0.14156135791520275	0.06889168497426826	0.5231122600143142		0.2352185080188268	0.5231122657244385	PASS	formal_runs/isg_clean_fixedfinal_20260706/04_formal_runs/MDS/mirna_cold/seed_23	formal_runs/isg_clean_fixedfinal_20260706/08_final_audit_20260710_after_4seed_rerun/ISG_FORMAL_250_RAW_METRICS.tsv		outputs/paper1_data_refresh_20260710/PAPER1_7MODEL_RAW_SEED_METRICS.tsv
ISG-MDA	MDA	MDS	mirna_cold	24	0.9015372555427175	0.8747693658628645	0.8441814595660749	0.844946025515211	0.6883963958785415	0.12307940905095792	0.06500724925316594	0.45152455708189276		0.2514416920666647	0.4515245560358262	PASS	formal_runs/isg_clean_fixedfinal_20260706/04_formal_runs/MDS/mirna_cold/seed_24	formal_runs/isg_clean_fixedfinal_20260706/08_final_audit_20260710_after_4seed_rerun/ISG_FORMAL_250_RAW_METRICS.tsv		outputs/paper1_data_refresh_20260710/PAPER1_7MODEL_RAW_SEED_METRICS.tsv
ISG-MDA	MDA	MDS	drug_cold	0	0.6987405663811304	0.6885423103300568	0.6103448275862069	0.507778469197262	0.24277710141469072	0.2815233435095982	0.22669617255695815	0.9427050326742772		0.2525383401740509	0.9427050375586072	PASS	formal_runs/isg_clean_fixedfinal_20260706/04_formal_runs/MDS/drug_cold/seed_0	formal_runs/isg_clean_fixedfinal_20260706/08_final_audit_20260710_after_4seed_rerun/ISG_FORMAL_250_RAW_METRICS.tsv		outputs/paper1_data_refresh_20260710/PAPER1_7MODEL_RAW_SEED_METRICS.tsv
ISG-MDA	MDA	MDS	drug_cold	1	0.6786179618111505	0.6097528605123846	0.597511768661735	0.521391443422631	0.2057079066666943	0.2968479843545843	0.26304698842712054	1.2009400355006439		0.23203412957023697	1.2009400292659815	PASS	formal_runs/isg_clean_fixedfinal_20260706/04_formal_runs/MDS/drug_cold/seed_1	formal_runs/isg_clean_fixedfinal_20260706/08_final_audit_20260710_after_4seed_rerun/ISG_FORMAL_250_RAW_METRICS.tsv		outputs/paper1_data_refresh_20260710/PAPER1_7MODEL_RAW_SEED_METRICS.tsv
ISG-MDA	MDA	MDS	drug_cold	2	0.8202182101505919	0.7581693511291994	0.6101928374655647	0.42905178211163414	0.28514102374369493	0.2656395475534482	0.27982103814079345	0.8570167544898207		0.2719408466491242	0.8570167525672278	PASS	formal_runs/isg_clean_fixedfinal_20260706/04_formal_runs/MDS/drug_cold/seed_2	formal_runs/isg_clean_fixedfinal_20260706/08_final_audit_20260710_after_4seed_rerun/ISG_FORMAL_250_RAW_METRICS.tsv		outputs/paper1_data_refresh_20260710/PAPER1_7MODEL_RAW_SEED_METRICS.tsv
ISG-MDA	MDA	MDS	drug_cold	3	0.613437936700999	0.592077191227689	0.5642985611510791	0.4376088218224028	0.14404502014261988	0.3336955012812122	0.281048884126479	1.211654371674467		0.25105535342934043	1.2116543792134566	PASS	formal_runs/isg_clean_fixedfinal_20260706/04_formal_runs/MDS/drug_cold/seed_3	formal_runs/isg_clean_fixedfinal_20260706/08_final_audit_20260710_after_4seed_rerun/ISG_FORMAL_250_RAW_METRICS.tsv		outputs/paper1_data_refresh_20260710/PAPER1_7MODEL_RAW_SEED_METRICS.tsv
ISG-MDA	MDA	MDS	drug_cold	4	0.681522597161029	0.6063062901393699	0.5594749794913864	0.4150326797385621	0.1367950704184348	0.3157135592121068	0.2961189153645624	1.1899303529712089		0.2457140812060202	1.189930354526925	PASS	formal_runs/isg_clean_fixedfinal_20260706/04_formal_runs/MDS/drug_cold/seed_4	formal_runs/isg_clean_fixedfinal_20260706/08_final_audit_20260710_after_4seed_rerun/ISG_FORMAL_250_RAW_METRICS.tsv		outputs/paper1_data_refresh_20260710/PAPER1_7MODEL_RAW_SEED_METRICS.tsv
ISG-MDA	MDA	MDS	drug_cold	5	0.6808007579498992	0.6805563510181323	0.6084220716360116	0.5027658266748617	0.23955260109169452	0.30848272027074297	0.267046200449258	1.350425256149709		0.24406587841483499	1.3504252691986716	PASS	formal_runs/isg_clean_fixedfinal_20260706/04_formal_runs/MDS/drug_cold/seed_5	formal_runs/isg_clean_fixedfinal_20260706/08_final_audit_20260710_after_4seed_rerun/ISG_FORMAL_250_RAW_METRICS.tsv		outputs/paper1_data_refresh_20260710/PAPER1_7MODEL_RAW_SEED_METRICS.tsv
ISG-MDA	MDA	MDS	drug_cold	6	0.7907891169512471	0.7249006797476781	0.6846612062546538	0.6306149149585696	0.38622911895768175	0.23430302760790717	0.20094926420551124	0.8151186410998773		0.22346322321965667	0.8151186448775026	PASS	formal_runs/isg_clean_fixedfinal_20260706/04_formal_runs/MDS/drug_cold/seed_6	formal_runs/isg_clean_fixedfinal_20260706/08_final_audit_20260710_after_4seed_rerun/ISG_FORMAL_250_RAW_METRICS.tsv		outputs/paper1_data_refresh_20260710/PAPER1_7MODEL_RAW_SEED_METRICS.tsv
ISG-MDA	MDA	MDS	drug_cold	7	0.5464314710743802	0.5299284520691063	0.5018181818181818	0.2689434364994664	0.0047177180706593205	0.39780057372047917	0.36644105054143616	1.726983643678146		0.2234745604426811	1.7269836532419378	PASS	formal_runs/isg_clean_fixedfinal_20260706/04_formal_runs/MDS/drug_cold/seed_7	formal_runs/isg_clean_fixedfinal_20260706/08_final_audit_20260710_after_4seed_rerun/ISG_FORMAL_250_RAW_METRICS.tsv		outputs/paper1_data_refresh_20260710/PAPER1_7MODEL_RAW_SEED_METRICS.tsv
ISG-MDA	MDA	MDS	drug_cold	8	0.7314888419847165	0.6835411742363684	0.6527050610820244	0.5701943844492441	0.3307608522927537	0.2710393038988384	0.232202602741996	1.0946576749992736		0.22286904432420965	1.0946576712591278	PASS	formal_runs/isg_clean_fixedfinal_20260706/04_formal_runs/MDS/drug_cold/seed_8	formal_runs/isg_clean_fixedfinal_20260706/08_final_audit_20260710_after_4seed_rerun/ISG_FORMAL_250_RAW_METRICS.tsv		outputs/paper1_data_refresh_20260710/PAPER1_7MODEL_RAW_SEED_METRICS.tsv
ISG-MDA	MDA	MDS	drug_cold	9	0.7276251174271031	0.6793245170299277	0.6472103004291846	0.5856854838709677	0.3083329492245035	0.26525771750093635	0.21252664527028936	1.0218924538846912		0.2356223080160686	1.021892461474873	PASS	formal_runs/isg_clean_fixedfinal_20260706/04_formal_runs/MDS/drug_cold/seed_9	formal_runs/isg_clean_fixedfinal_20260706/08_final_audit_20260710_after_4seed_rerun/ISG_FORMAL_250_RAW_METRICS.tsv		outputs/paper1_data_refresh_20260710/PAPER1_7MODEL_RAW_SEED_METRICS.tsv
ISG-MDA	MDA	MDS	drug_cold	10	0.6655067920905653	0.6373293279217034	0.5612959719789843	0.3381770145310436	0.16600173293162543	0.33301463928729724	0.30565558903924106	1.2599013878990737		0.2772533768951771	1.2599014009360465	PASS	formal_runs/isg_clean_fixedfinal_20260706/04_formal_runs/MDS/drug_cold/seed_10	formal_runs/isg_clean_fixedfinal_20260706/08_final_audit_20260710_after_4seed_rerun/ISG_FORMAL_250_RAW_METRICS.tsv		outputs/paper1_data_refresh_20260710/PAPER1_7MODEL_RAW_SEED_METRICS.tsv
ISG-MDA	MDA	MDS	drug_cold	11	0.6873227768488314	0.721084303869397	0.6535776614310645	0.6053677932405567	0.3167553469785526	0.2687921325834242	0.20212045547306468	1.0951242645197474		0.24585953278575728	1.0951242676788184	PASS	formal_runs/isg_clean_fixedfinal_20260706/04_formal_runs/MDS/drug_cold/seed_11	formal_runs/isg_clean_fixedfinal_20260706/08_final_audit_20260710_after_4seed_rerun/ISG_FORMAL_250_RAW_METRICS.tsv		outputs/paper1_data_refresh_20260710/PAPER1_7MODEL_RAW_SEED_METRICS.tsv
ISG-MDA	MDA	MDS	drug_cold	12	0.7687538060255765	0.7436053013897708	0.6590056285178236	0.5833810888252149	0.3412966330530071	0.2540333819884305	0.22124678935480074	0.8814619157843613		0.2528804661472559	0.8815639730242358	PASS	formal_runs/isg_clean_fixedfinal_20260706/04_formal_runs/MDS/drug_cold/seed_12	formal_runs/isg_clean_fixedfinal_20260706/08_final_audit_20260710_after_4seed_rerun/ISG_FORMAL_250_RAW_METRICS.tsv		outputs/paper1_data_refresh_20260710/PAPER1_7MODEL_RAW_SEED_METRICS.tsv
ISG-MDA	MDA	MDS	drug_cold	13	0.7267651585103109	0.6404663005615854	0.6140350877192983	0.5383001049317944	0.24143266350053644	0.2711885519734234	0.22563759620830284	0.8596017426129907		0.2282543557529006	0.8596017507084629	PASS	formal_runs/isg_clean_fixedfinal_20260706/04_formal_runs/MDS/drug_cold/seed_13	formal_runs/isg_clean_fixedfinal_20260706/08_final_audit_20260710_after_4seed_rerun/ISG_FORMAL_250_RAW_METRICS.tsv		outputs/paper1_data_refresh_20260710/PAPER1_7MODEL_RAW_SEED_METRICS.tsv
ISG-MDA	MDA	MDS	drug_cold	14	0.5877284807956105	0.5405661134872783	0.5101851851851852	0.30668414154652685	0.02516227141949462	0.36644139525947667	0.33739137747420556	1.4114295555929826		0.25598725709533593	1.4114295461663493	PASS	formal_runs/isg_clean_fixedfinal_20260706/04_formal_runs/MDS/drug_cold/seed_14	formal_runs/isg_clean_fixedfinal_20260706/08_final_audit_20260710_after_4seed_rerun/ISG_FORMAL_250_RAW_METRICS.tsv		outputs/paper1_data_refresh_20260710/PAPER1_7MODEL_RAW_SEED_METRICS.tsv
ISG-MDA	MDA	MDS	drug_cold	15	0.7106461374154502	0.6833340047423034	0.5306603773584906	0.14445399828030955	0.14260731240256674	0.3816066333705161	0.386343109946002	1.373364271838987		0.26008876523168073	1.3733642893579772	PASS	formal_runs/isg_clean_fixedfinal_20260706/04_formal_runs/MDS/drug_cold/seed_15	formal_runs/isg_clean_fixedfinal_20260706/08_final_audit_20260710_after_4seed_rerun/ISG_FORMAL_250_RAW_METRICS.tsv		outputs/paper1_data_refresh_20260710/PAPER1_7MODEL_RAW_SEED_METRICS.tsv
ISG-MDA	MDA	MDS	drug_cold	16	0.5533719411047988	0.5073787132681625	0.48227969348659006	0.2172338884866039	-0.04816634594626971	0.4198907437490596	0.40004798384274654	1.8222215301826976		0.262841059873229	1.827986172789358	PASS	formal_runs/isg_clean_fixedfinal_20260706/04_formal_runs/MDS/drug_cold/seed_16	formal_runs/isg_clean_fixedfinal_20260706/08_final_audit_20260710_after_4seed_rerun/ISG_FORMAL_250_RAW_METRICS.tsv		outputs/paper1_data_refresh_20260710/PAPER1_7MODEL_RAW_SEED_METRICS.tsv
ISG-MDA	MDA	MDS	drug_cold	17	0.6142735276571328	0.5815858320207757	0.5307017543859649	0.27539503386004516	0.08654148246997985	0.37852908155996834	0.350250434231903	1.5212270484956694		0.2643836446646545	1.5212270477478034	PASS	formal_runs/isg_clean_fixedfinal_20260706/04_formal_runs/MDS/drug_cold/seed_17	formal_runs/isg_clean_fixedfinal_20260706/08_final_audit_20260710_after_4seed_rerun/ISG_FORMAL_250_RAW_METRICS.tsv		outputs/paper1_data_refresh_20260710/PAPER1_7MODEL_RAW_SEED_METRICS.tsv
ISG-MDA	MDA	MDS	drug_cold	18	0.7219164796238332	0.6634419924580406	0.5697786333012512	0.36324786324786323	0.18337616608281299	0.33141305259923837	0.3266998548985874	1.3392605665156927		0.2328719945320602	1.3392605624942393	PASS	formal_runs/isg_clean_fixedfinal_20260706/04_formal_runs/MDS/drug_cold/seed_18	formal_runs/isg_clean_fixedfinal_20260706/08_final_audit_20260710_after_4seed_rerun/ISG_FORMAL_250_RAW_METRICS.tsv		outputs/paper1_data_refresh_20260710/PAPER1_7MODEL_RAW_SEED_METRICS.tsv
ISG-MDA	MDA	MDS	drug_cold	19	0.6399002409307586	0.6546074505182411	0.5984481086323957	0.446524064171123	0.23556843862795068	0.32634842360608196	0.2843058491685514	1.7976451150477923		0.24225166364448628	1.7976451221886014	PASS	formal_runs/isg_clean_fixedfinal_20260706/04_formal_runs/MDS/drug_cold/seed_19	formal_runs/isg_clean_fixedfinal_20260706/08_final_audit_20260710_after_4seed_rerun/ISG_FORMAL_250_RAW_METRICS.tsv		outputs/paper1_data_refresh_20260710/PAPER1_7MODEL_RAW_SEED_METRICS.tsv
ISG-MDA	MDA	MDS	drug_cold	20	0.6184590568048084	0.5818227202180475	0.5423892100192679	0.2952522255192878	0.1189341233031751	0.3642771459614359	0.33763154198542805	1.5705917915979009		0.24768146985318082	1.5705917985223392	PASS	formal_runs/isg_clean_fixedfinal_20260706/04_formal_runs/MDS/drug_cold/seed_20	formal_runs/isg_clean_fixedfinal_20260706/08_final_audit_20260710_after_4seed_rerun/ISG_FORMAL_250_RAW_METRICS.tsv		outputs/paper1_data_refresh_20260710/PAPER1_7MODEL_RAW_SEED_METRICS.tsv
ISG-MDA	MDA	MDS	drug_cold	21	0.689255378510757	0.6797025017378369	0.5856299212598425	0.4103641456582633	0.212982113798962	0.3192258861009584	0.2864661929984462	1.286810167087658		0.25354098590250473	1.2868101579232478	PASS	formal_runs/isg_clean_fixedfinal_20260706/04_formal_runs/MDS/drug_cold/seed_21	formal_runs/isg_clean_fixedfinal_20260706/08_final_audit_20260710_after_4seed_rerun/ISG_FORMAL_250_RAW_METRICS.tsv		outputs/paper1_data_refresh_20260710/PAPER1_7MODEL_RAW_SEED_METRICS.tsv
ISG-MDA	MDA	MDS	drug_cold	22	0.45810789571005917	0.4505984969924014	0.46057692307692305	0.07272727272727272	-0.14390394770711262	0.49392792931394014	0.4886692897949951	3.0113105105178355		0.23865574017709087	3.011310518017182	PASS	formal_runs/isg_clean_fixedfinal_20260706/04_formal_runs/MDS/drug_cold/seed_22	formal_runs/isg_clean_fixedfinal_20260706/08_final_audit_20260710_after_4seed_rerun/ISG_FORMAL_250_RAW_METRICS.tsv		outputs/paper1_data_refresh_20260710/PAPER1_7MODEL_RAW_SEED_METRICS.tsv
ISG-MDA	MDA	MDS	drug_cold	23	0.6547909843611026	0.6035068704207306	0.5845410628019324	0.4921259842519685	0.18153026686032092	0.32598521819805426	0.28210487881267876	1.341103907265213		0.23556849263522459	1.3411038994981086	PASS	formal_runs/isg_clean_fixedfinal_20260706/04_formal_runs/MDS/drug_cold/seed_23	formal_runs/isg_clean_fixedfinal_20260706/08_final_audit_20260710_after_4seed_rerun/ISG_FORMAL_250_RAW_METRICS.tsv		outputs/paper1_data_refresh_20260710/PAPER1_7MODEL_RAW_SEED_METRICS.tsv
ISG-MDA	MDA	MDS	drug_cold	24	0.6746824269208527	0.6416222828813916	0.5469667318982387	0.2662440570522979	0.1458973304832155	0.379796583214823	0.3726803682608874	1.6660380586784047		0.24655697669183452	1.6660380565986008	PASS	formal_runs/isg_clean_fixedfinal_20260706/04_formal_runs/MDS/drug_cold/seed_24	formal_runs/isg_clean_fixedfinal_20260706/08_final_audit_20260710_after_4seed_rerun/ISG_FORMAL_250_RAW_METRICS.tsv		outputs/paper1_data_refresh_20260710/PAPER1_7MODEL_RAW_SEED_METRICS.tsv
ISG-MDA	MDA	MDS	strict_cold	0	0.519918949743988	0.5150232996960887	0.5142857142857142	0.4186320754716981	0.030256484580160448	0.4303992746783258	0.4046987083126661	2.531486862256503		0.05820434879172932	2.6155072027239306	PASS	formal_runs/isg_clean_fixedfinal_20260706/04_formal_runs/MDS/strict_cold/seed_0	formal_runs/isg_clean_fixedfinal_20260706/08_final_audit_20260710_after_4seed_rerun/ISG_FORMAL_250_RAW_METRICS.tsv		outputs/paper1_data_refresh_20260710/PAPER1_7MODEL_RAW_SEED_METRICS.tsv
ISG-MDA	MDA	MDS	strict_cold	1	0.5914883932635412	0.5806951515230377	0.5453648915187377	0.6215106732348111	0.09910640369995743	0.40843685282731795	0.3929898350975042	2.5610181184673455		0.0612587545468257	2.726465666082484	PASS	formal_runs/isg_clean_fixedfinal_20260706/04_formal_runs/MDS/strict_cold/seed_1	formal_runs/isg_clean_fixedfinal_20260706/08_final_audit_20260710_after_4seed_rerun/ISG_FORMAL_250_RAW_METRICS.tsv		outputs/paper1_data_refresh_20260710/PAPER1_7MODEL_RAW_SEED_METRICS.tsv
ISG-MDA	MDA	MDS	strict_cold	2	0.5604298390401385	0.5632890817930409	0.547945205479452	0.5461689587426326	0.09589334890163244	0.41048023539251544	0.3912002994872656	2.841220001161099		0.04993331890149289	3.0883169920710434	PASS	formal_runs/isg_clean_fixedfinal_20260706/04_formal_runs/MDS/strict_cold/seed_2	formal_runs/isg_clean_fixedfinal_20260706/08_final_audit_20260710_after_4seed_rerun/ISG_FORMAL_250_RAW_METRICS.tsv		outputs/paper1_data_refresh_20260710/PAPER1_7MODEL_RAW_SEED_METRICS.tsv
ISG-MDA	MDA	MDS	strict_cold	3	0.5706780312702704	0.5542836807081066	0.5400593471810089	0.5829596412556054	0.08187011368084773	0.38350667957987167	0.356703706488933	1.7991971333726773		0.13257824118705946	1.7991971384759708	PASS	formal_runs/isg_clean_fixedfinal_20260706/04_formal_runs/MDS/strict_cold/seed_3	formal_runs/isg_clean_fixedfinal_20260706/08_final_audit_20260710_after_4seed_rerun/ISG_FORMAL_250_RAW_METRICS.tsv		outputs/paper1_data_refresh_20260710/PAPER1_7MODEL_RAW_SEED_METRICS.tsv
ISG-MDA	MDA	MDS	strict_cold	4	0.5416911844724522	0.534361018578703	0.5250245338567223	0.508130081300813	0.050167577471546924	0.41459526331908364	0.39340475501786126	2.341875167373444		0.06523634561447687	2.342172675441596	PASS	formal_runs/isg_clean_fixedfinal_20260706/04_formal_runs/MDS/strict_cold/seed_4	formal_runs/isg_clean_fixedfinal_20260706/08_final_audit_20260710_after_4seed_rerun/ISG_FORMAL_250_RAW_METRICS.tsv		outputs/paper1_data_refresh_20260710/PAPER1_7MODEL_RAW_SEED_METRICS.tsv
ISG-MDA	MDA	MDS	strict_cold	5	0.582308233638283	0.5775217594439394	0.5536945812807882	0.49272116461366183	0.11063344699250503	0.38637990464546257	0.3592286484571048	1.9900388623684218		0.06191118832292228	1.9900388792817816	PASS	formal_runs/isg_clean_fixedfinal_20260706/04_formal_runs/MDS/strict_cold/seed_5	formal_runs/isg_clean_fixedfinal_20260706/08_final_audit_20260710_after_4seed_rerun/ISG_FORMAL_250_RAW_METRICS.tsv		outputs/paper1_data_refresh_20260710/PAPER1_7MODEL_RAW_SEED_METRICS.tsv
ISG-MDA	MDA	MDS	strict_cold	6	0.5602683048288803	0.5521698150714321	0.5385756676557863	0.521783700666325	0.07734229333184958	0.40085899419703125	0.3799161278549516	2.088259787467348		0.0850414839055803	2.088259791761902	PASS	formal_runs/isg_clean_fixedfinal_20260706/04_formal_runs/MDS/strict_cold/seed_6	formal_runs/isg_clean_fixedfinal_20260706/08_final_audit_20260710_after_4seed_rerun/ISG_FORMAL_250_RAW_METRICS.tsv		outputs/paper1_data_refresh_20260710/PAPER1_7MODEL_RAW_SEED_METRICS.tsv
ISG-MDA	MDA	MDS	strict_cold	7	0.6249213977721884	0.6476444119185285	0.5968379446640316	0.5531215772179627	0.19749276206865599	0.36063457161251783	0.34195562022531767	2.3851744388852527		0.044221634783486764	2.471699392371498	PASS	formal_runs/isg_clean_fixedfinal_20260706/04_formal_runs/MDS/strict_cold/seed_7	formal_runs/isg_clean_fixedfinal_20260706/08_final_audit_20260710_after_4seed_rerun/ISG_FORMAL_250_RAW_METRICS.tsv		outputs/paper1_data_refresh_20260710/PAPER1_7MODEL_RAW_SEED_METRICS.tsv
ISG-MDA	MDA	MDS	strict_cold	8	0.6263120436919337	0.61134428018885	0.5848871442590775	0.5257847533632287	0.1753077774202633	0.3533739865229034	0.3241320279511408	1.6592572669918666		0.13323060412030557	1.6592572667764844	PASS	formal_runs/isg_clean_fixedfinal_20260706/04_formal_runs/MDS/strict_cold/seed_8	formal_runs/isg_clean_fixedfinal_20260706/08_final_audit_20260710_after_4seed_rerun/ISG_FORMAL_250_RAW_METRICS.tsv		outputs/paper1_data_refresh_20260710/PAPER1_7MODEL_RAW_SEED_METRICS.tsv
ISG-MDA	MDA	MDS	strict_cold	9	0.5689600290584137	0.5653566635117663	0.5513833992094862	0.5280665280665281	0.10327222322026011	0.3876707499066138	0.35572321318803624	2.0298587863083055		0.10762379182758827	2.0298588153401855	PASS	formal_runs/isg_clean_fixedfinal_20260706/04_formal_runs/MDS/strict_cold/seed_9	formal_runs/isg_clean_fixedfinal_20260706/08_final_audit_20260710_after_4seed_rerun/ISG_FORMAL_250_RAW_METRICS.tsv		outputs/paper1_data_refresh_20260710/PAPER1_7MODEL_RAW_SEED_METRICS.tsv
ISG-MDA	MDA	MDS	strict_cold	10	0.5384829351602224	0.519406658127955	0.5261341222879684	0.4542873367404884	0.054180249898378406	0.4099981709586987	0.39049848528164965	2.2459157795641054		0.08253564513811804	2.2474078304433727	PASS	formal_runs/isg_clean_fixedfinal_20260706/04_formal_runs/MDS/strict_cold/seed_10	formal_runs/isg_clean_fixedfinal_20260706/08_final_audit_20260710_after_4seed_rerun/ISG_FORMAL_250_RAW_METRICS.tsv		outputs/paper1_data_refresh_20260710/PAPER1_7MODEL_RAW_SEED_METRICS.tsv
ISG-MDA	MDA	MDS	strict_cold	11	0.5866421128278835	0.5836110791787863	0.5691699604743083	0.56312625250501	0.13839290217387437	0.38428848576339264	0.3590370318139172	2.3264802300410032		0.04094957987613538	2.451931170324092	PASS	formal_runs/isg_clean_fixedfinal_20260706/04_formal_runs/MDS/strict_cold/seed_11	formal_runs/isg_clean_fixedfinal_20260706/08_final_audit_20260710_after_4seed_rerun/ISG_FORMAL_250_RAW_METRICS.tsv		outputs/paper1_data_refresh_20260710/PAPER1_7MODEL_RAW_SEED_METRICS.tsv
ISG-MDA	MDA	MDS	strict_cold	12	0.5162938018290826	0.5068897133755227	0.5137659783677483	0.43774872086412736	0.028597286205451218	0.4300627151027417	0.4115949893849665	2.638024916353983		0.04768345135093575	2.638690216468616	PASS	formal_runs/isg_clean_fixedfinal_20260706/04_formal_runs/MDS/strict_cold/seed_12	formal_runs/isg_clean_fixedfinal_20260706/08_final_audit_20260710_after_4seed_rerun/ISG_FORMAL_250_RAW_METRICS.tsv		outputs/paper1_data_refresh_20260710/PAPER1_7MODEL_RAW_SEED_METRICS.tsv
ISG-MDA	MDA	MDS	strict_cold	13	0.5334148398937565	0.5278920239357205	0.5180311890838206	0.507715281234445	0.03609409129992995	0.3958411704903877	0.3624990123562182	1.7675127215469773		0.12457430084271415	1.7675127295257984	PASS	formal_runs/isg_clean_fixedfinal_20260706/04_formal_runs/MDS/strict_cold/seed_13	formal_runs/isg_clean_fixedfinal_20260706/08_final_audit_20260710_after_4seed_rerun/ISG_FORMAL_250_RAW_METRICS.tsv		outputs/paper1_data_refresh_20260710/PAPER1_7MODEL_RAW_SEED_METRICS.tsv
ISG-MDA	MDA	MDS	strict_cold	14	0.6700571404021309	0.6862380744011638	0.6190711462450593	0.6031909418425115	0.23890878580800834	0.32876224605254356	0.3011782602046638	1.6983649326754415		0.053699718245206154	1.698364928305856	PASS	formal_runs/isg_clean_fixedfinal_20260706/04_formal_runs/MDS/strict_cold/seed_14	formal_runs/isg_clean_fixedfinal_20260706/08_final_audit_20260710_after_4seed_rerun/ISG_FORMAL_250_RAW_METRICS.tsv		outputs/paper1_data_refresh_20260710/PAPER1_7MODEL_RAW_SEED_METRICS.tsv
ISG-MDA	MDA	MDS	strict_cold	15	0.6065666393704855	0.6239284794443276	0.5756676557863502	0.5206703910614525	0.155484512981304	0.36284763962059347	0.33734076047964245	1.8356437387924385		0.061969562012283534	1.8356437367100626	PASS	formal_runs/isg_clean_fixedfinal_20260706/04_formal_runs/MDS/strict_cold/seed_15	formal_runs/isg_clean_fixedfinal_20260706/08_final_audit_20260710_after_4seed_rerun/ISG_FORMAL_250_RAW_METRICS.tsv		outputs/paper1_data_refresh_20260710/PAPER1_7MODEL_RAW_SEED_METRICS.tsv
ISG-MDA	MDA	MDS	strict_cold	16	0.5418702962182642	0.5437072258739459	0.5310957551826259	0.5329400196656834	0.062193449832753295	0.4179711811415824	0.3952978164347	2.470340464806274		0.06573399111417168	2.4722134198511694	PASS	formal_runs/isg_clean_fixedfinal_20260706/04_formal_runs/MDS/strict_cold/seed_16	formal_runs/isg_clean_fixedfinal_20260706/08_final_audit_20260710_after_4seed_rerun/ISG_FORMAL_250_RAW_METRICS.tsv		outputs/paper1_data_refresh_20260710/PAPER1_7MODEL_RAW_SEED_METRICS.tsv
ISG-MDA	MDA	MDS	strict_cold	17	0.5623486278980053	0.5583737821683388	0.5496558505408063	0.5268595041322314	0.09977602187720067	0.4048790390349624	0.3791814792892729	2.3670589860014806		0.07108893736765004	2.3670590001221603	PASS	formal_runs/isg_clean_fixedfinal_20260706/04_formal_runs/MDS/strict_cold/seed_17	formal_runs/isg_clean_fixedfinal_20260706/08_final_audit_20260710_after_4seed_rerun/ISG_FORMAL_250_RAW_METRICS.tsv		outputs/paper1_data_refresh_20260710/PAPER1_7MODEL_RAW_SEED_METRICS.tsv
ISG-MDA	MDA	MDS	strict_cold	18	0.5390911824899624	0.5222709266247242	0.5187747035573123	0.4330616996507567	0.03939340680910883	0.4245019720675362	0.4038888482632592	2.447868150913121		0.054930026583336844	2.4504155914774053	PASS	formal_runs/isg_clean_fixedfinal_20260706/04_formal_runs/MDS/strict_cold/seed_18	formal_runs/isg_clean_fixedfinal_20260706/08_final_audit_20260710_after_4seed_rerun/ISG_FORMAL_250_RAW_METRICS.tsv		outputs/paper1_data_refresh_20260710/PAPER1_7MODEL_RAW_SEED_METRICS.tsv
ISG-MDA	MDA	MDS	strict_cold	19	0.5821083237216454	0.5786830713488802	0.5563725490196079	0.5561549779303581	0.11274515222278898	0.36910748617001216	0.3378012125311913	1.6248817817089438		0.13279397476614857	1.625258990830066	PASS	formal_runs/isg_clean_fixedfinal_20260706/04_formal_runs/MDS/strict_cold/seed_19	formal_runs/isg_clean_fixedfinal_20260706/08_final_audit_20260710_after_4seed_rerun/ISG_FORMAL_250_RAW_METRICS.tsv		outputs/paper1_data_refresh_20260710/PAPER1_7MODEL_RAW_SEED_METRICS.tsv
ISG-MDA	MDA	MDS	strict_cold	20	0.6033178499041039	0.5861670046149934	0.5724852071005917	0.5889046941678521	0.14543517347664803	0.33784936756453815	0.2957336553957923	1.2937622852519715		0.20030438298017922	1.2937622905012653	PASS	formal_runs/isg_clean_fixedfinal_20260706/04_formal_runs/MDS/strict_cold/seed_20	formal_runs/isg_clean_fixedfinal_20260706/08_final_audit_20260710_after_4seed_rerun/ISG_FORMAL_250_RAW_METRICS.tsv		outputs/paper1_data_refresh_20260710/PAPER1_7MODEL_RAW_SEED_METRICS.tsv
ISG-MDA	MDA	MDS	strict_cold	21	0.6396411739957772	0.6432797787445266	0.6075638506876228	0.5774722369116869	0.21734373979825145	0.34502008561678926	0.320836476852448	2.025375043866297		0.10310747667980594	2.108840428073186	PASS	formal_runs/isg_clean_fixedfinal_20260706/04_formal_runs/MDS/strict_cold/seed_21	formal_runs/isg_clean_fixedfinal_20260706/08_final_audit_20260710_after_4seed_rerun/ISG_FORMAL_250_RAW_METRICS.tsv		outputs/paper1_data_refresh_20260710/PAPER1_7MODEL_RAW_SEED_METRICS.tsv
ISG-MDA	MDA	MDS	strict_cold	22	0.5127560594513655	0.5130755206432362	0.5073385518590998	0.5921425678412313	0.016138747539898107	0.44387188100482167	0.4255005136283445	2.6709070504815586		0.10303627718717624	2.6709070420311853	PASS	formal_runs/isg_clean_fixedfinal_20260706/04_formal_runs/MDS/strict_cold/seed_22	formal_runs/isg_clean_fixedfinal_20260706/08_final_audit_20260710_after_4seed_rerun/ISG_FORMAL_250_RAW_METRICS.tsv		outputs/paper1_data_refresh_20260710/PAPER1_7MODEL_RAW_SEED_METRICS.tsv
ISG-MDA	MDA	MDS	strict_cold	23	0.5511783829898809	0.5314484421966521	0.5281899109792285	0.513265306122449	0.05648613875006604	0.40179911710604516	0.38223620644478457	2.1509392656830517		0.058028323232060294	2.1509392731975026	PASS	formal_runs/isg_clean_fixedfinal_20260706/04_formal_runs/MDS/strict_cold/seed_23	formal_runs/isg_clean_fixedfinal_20260706/08_final_audit_20260710_after_4seed_rerun/ISG_FORMAL_250_RAW_METRICS.tsv		outputs/paper1_data_refresh_20260710/PAPER1_7MODEL_RAW_SEED_METRICS.tsv
ISG-MDA	MDA	MDS	strict_cold	24	0.5617367700321729	0.5456126640363976	0.5340236686390533	0.5337937839171188	0.06804737036877546	0.4112786129948968	0.39723850008280503	2.436565917469434		0.0434668222387806	2.4365659005190494	PASS	formal_runs/isg_clean_fixedfinal_20260706/04_formal_runs/MDS/strict_cold/seed_24	formal_runs/isg_clean_fixedfinal_20260706/08_final_audit_20260710_after_4seed_rerun/ISG_FORMAL_250_RAW_METRICS.tsv		outputs/paper1_data_refresh_20260710/PAPER1_7MODEL_RAW_SEED_METRICS.tsv
ISG-MDA	MDA	MDS	scaffold_cold	0	0.45476971658689175	0.4505201112877993	0.4498567335243553	0.1777301927194861	-0.13378673154794427	0.4696526856163221	0.45197171037095796	2.2287710005193255		0.23202096178777365	2.2287710168129395	PASS	formal_runs/isg_clean_fixedfinal_20260706/04_formal_runs/MDS/scaffold_cold/seed_0	formal_runs/isg_clean_fixedfinal_20260706/08_final_audit_20260710_after_4seed_rerun/ISG_FORMAL_250_RAW_METRICS.tsv		outputs/paper1_data_refresh_20260710/PAPER1_7MODEL_RAW_SEED_METRICS.tsv
ISG-MDA	MDA	MDS	scaffold_cold	1	0.48788116848049373	0.4787028898143371	0.4844934527911785	0.15	-0.050272677442941886	0.44649975098906564	0.4220430826064032	2.2000807717382957		0.2297632853719482	2.200080773897782	PASS	formal_runs/isg_clean_fixedfinal_20260706/04_formal_runs/MDS/scaffold_cold/seed_1	formal_runs/isg_clean_fixedfinal_20260706/08_final_audit_20260710_after_4seed_rerun/ISG_FORMAL_250_RAW_METRICS.tsv		outputs/paper1_data_refresh_20260710/PAPER1_7MODEL_RAW_SEED_METRICS.tsv
ISG-MDA	MDA	MDS	scaffold_cold	2	0.6645910239120052	0.6624381339848998	0.5866551126516465	0.3764705882352941	0.23465645864442464	0.34740117672048143	0.3290597592109599	1.6980462783344679		0.24523097165119953	1.6980462764846598	PASS	formal_runs/isg_clean_fixedfinal_20260706/04_formal_runs/MDS/scaffold_cold/seed_2	formal_runs/isg_clean_fixedfinal_20260706/08_final_audit_20260710_after_4seed_rerun/ISG_FORMAL_250_RAW_METRICS.tsv		outputs/paper1_data_refresh_20260710/PAPER1_7MODEL_RAW_SEED_METRICS.tsv
ISG-MDA	MDA	MDS	scaffold_cold	3	0.4387074829931973	0.46852994187538566	0.4523809523809524	0.2513020833333333	-0.11290940015735045	0.4613002536703551	0.4409853463261412	2.541385146940436		0.2503286906472453	2.541385156427111	PASS	formal_runs/isg_clean_fixedfinal_20260706/04_formal_runs/MDS/scaffold_cold/seed_3	formal_runs/isg_clean_fixedfinal_20260706/08_final_audit_20260710_after_4seed_rerun/ISG_FORMAL_250_RAW_METRICS.tsv		outputs/paper1_data_refresh_20260710/PAPER1_7MODEL_RAW_SEED_METRICS.tsv
ISG-MDA	MDA	MDS	scaffold_cold	4	0.7059572061457253	0.6481671976971215	0.6422330097087379	0.5852560495216658	0.29585230443157456	0.2591776841588605	0.19056782949043066	0.8785551829773854		0.23349831708027402	0.8785551896373045	PASS	formal_runs/isg_clean_fixedfinal_20260706/04_formal_runs/MDS/scaffold_cold/seed_4	formal_runs/isg_clean_fixedfinal_20260706/08_final_audit_20260710_after_4seed_rerun/ISG_FORMAL_250_RAW_METRICS.tsv		outputs/paper1_data_refresh_20260710/PAPER1_7MODEL_RAW_SEED_METRICS.tsv
ISG-MDA	MDA	MDS	scaffold_cold	5	0.5213442201967593	0.5198513765570207	0.5173611111111112	0.3451118963486455	0.040827636042858065	0.3976830564202538	0.3534808993801819	1.9841154800227276		0.24335632168104074	1.9842637048827276	PASS	formal_runs/isg_clean_fixedfinal_20260706/04_formal_runs/MDS/scaffold_cold/seed_5	formal_runs/isg_clean_fixedfinal_20260706/08_final_audit_20260710_after_4seed_rerun/ISG_FORMAL_250_RAW_METRICS.tsv		outputs/paper1_data_refresh_20260710/PAPER1_7MODEL_RAW_SEED_METRICS.tsv
ISG-MDA	MDA	MDS	scaffold_cold	6	0.5734359558561766	0.551702934591155	0.5135849056603774	0.27216261998870694	0.03631025311301098	0.3896248940862631	0.365566548578363	1.589750939701744		0.23785001007137238	1.5897509463103312	PASS	formal_runs/isg_clean_fixedfinal_20260706/04_formal_runs/MDS/scaffold_cold/seed_6	formal_runs/isg_clean_fixedfinal_20260706/08_final_audit_20260710_after_4seed_rerun/ISG_FORMAL_250_RAW_METRICS.tsv		outputs/paper1_data_refresh_20260710/PAPER1_7MODEL_RAW_SEED_METRICS.tsv
ISG-MDA	MDA	MDS	scaffold_cold	7	0.5667545940387153	0.5814408426746902	0.554520037278658	0.3979848866498741	0.12766012540170601	0.3827933437710843	0.34102883909992965	2.113261608598085		0.2412756690949658	2.1132616216572	PASS	formal_runs/isg_clean_fixedfinal_20260706/04_formal_runs/MDS/scaffold_cold/seed_7	formal_runs/isg_clean_fixedfinal_20260706/08_final_audit_20260710_after_4seed_rerun/ISG_FORMAL_250_RAW_METRICS.tsv		outputs/paper1_data_refresh_20260710/PAPER1_7MODEL_RAW_SEED_METRICS.tsv
ISG-MDA	MDA	MDS	scaffold_cold	8	0.487796814974408	0.49292476031154253	0.4980506822612086	0.1889763779527559	-0.006022348243780015	0.45043290155429705	0.4309647752539577	2.3767688472489668		0.23761139632514358	2.376768902405283	PASS	formal_runs/isg_clean_fixedfinal_20260706/04_formal_runs/MDS/scaffold_cold/seed_8	formal_runs/isg_clean_fixedfinal_20260706/08_final_audit_20260710_after_4seed_rerun/ISG_FORMAL_250_RAW_METRICS.tsv		outputs/paper1_data_refresh_20260710/PAPER1_7MODEL_RAW_SEED_METRICS.tsv
ISG-MDA	MDA	MDS	scaffold_cold	9	0.6670232374982366	0.6298511085970675	0.5699100572363042	0.4344086021505376	0.1592968216916576	0.3179573814981949	0.27821829668925596	1.155772204081675		0.2629545396735979	1.1557722072423917	PASS	formal_runs/isg_clean_fixedfinal_20260706/04_formal_runs/MDS/scaffold_cold/seed_9	formal_runs/isg_clean_fixedfinal_20260706/08_final_audit_20260710_after_4seed_rerun/ISG_FORMAL_250_RAW_METRICS.tsv		outputs/paper1_data_refresh_20260710/PAPER1_7MODEL_RAW_SEED_METRICS.tsv
ISG-MDA	MDA	MDS	scaffold_cold	10	0.5443639358985457	0.5429346140231309	0.5226151315789473	0.31016042780748665	0.05741468307009344	0.3812845085460329	0.3497828076117725	2.078585495031745		0.2627574846948293	2.078644757208071	PASS	formal_runs/isg_clean_fixedfinal_20260706/04_formal_runs/MDS/scaffold_cold/seed_10	formal_runs/isg_clean_fixedfinal_20260706/08_final_audit_20260710_after_4seed_rerun/ISG_FORMAL_250_RAW_METRICS.tsv		outputs/paper1_data_refresh_20260710/PAPER1_7MODEL_RAW_SEED_METRICS.tsv
ISG-MDA	MDA	MDS	scaffold_cold	11	0.6088066604192698	0.570121020489985	0.5310374149659864	0.3237277743715512	0.07857483837169882	0.3717622517723739	0.3332357437690952	1.4287627882598648		0.24193622593783792	1.4287627893848485	PASS	formal_runs/isg_clean_fixedfinal_20260706/04_formal_runs/MDS/scaffold_cold/seed_11	formal_runs/isg_clean_fixedfinal_20260706/08_final_audit_20260710_after_4seed_rerun/ISG_FORMAL_250_RAW_METRICS.tsv		outputs/paper1_data_refresh_20260710/PAPER1_7MODEL_RAW_SEED_METRICS.tsv
ISG-MDA	MDA	MDS	scaffold_cold	12	0.6242918423336846	0.6190915788794593	0.593996062992126	0.5449531163816879	0.19251772802091413	0.31739483312465117	0.2555962373228622	1.1968242096668567		0.2560334717241356	1.1968242197524843	PASS	formal_runs/isg_clean_fixedfinal_20260706/04_formal_runs/MDS/scaffold_cold/seed_12	formal_runs/isg_clean_fixedfinal_20260706/08_final_audit_20260710_after_4seed_rerun/ISG_FORMAL_250_RAW_METRICS.tsv		outputs/paper1_data_refresh_20260710/PAPER1_7MODEL_RAW_SEED_METRICS.tsv
ISG-MDA	MDA	MDS	scaffold_cold	13	0.5898503099198732	0.554668592684349	0.5250578257517348	0.3170731707317073	0.06318997047499872	0.3732202214149246	0.3385954719638426	1.5313013651702168		0.23021273105932039	1.5313013781583025	PASS	formal_runs/isg_clean_fixedfinal_20260706/04_formal_runs/MDS/scaffold_cold/seed_13	formal_runs/isg_clean_fixedfinal_20260706/08_final_audit_20260710_after_4seed_rerun/ISG_FORMAL_250_RAW_METRICS.tsv		outputs/paper1_data_refresh_20260710/PAPER1_7MODEL_RAW_SEED_METRICS.tsv
ISG-MDA	MDA	MDS	scaffold_cold	14	0.666022746060337	0.6318772324781334	0.5486725663716814	0.33090379008746357	0.1282317797638666	0.33363429619804164	0.3109152918095869	1.2770668906869276		0.2533679267750065	1.277066890820641	PASS	formal_runs/isg_clean_fixedfinal_20260706/04_formal_runs/MDS/scaffold_cold/seed_14	formal_runs/isg_clean_fixedfinal_20260706/08_final_audit_20260710_after_4seed_rerun/ISG_FORMAL_250_RAW_METRICS.tsv		outputs/paper1_data_refresh_20260710/PAPER1_7MODEL_RAW_SEED_METRICS.tsv
ISG-MDA	MDA	MDS	scaffold_cold	15	0.5570165295903798	0.5234185010705169	0.4992526158445441	0.3279839518555667	-0.001737410297650232	0.3912677473875672	0.36320797513926234	1.4662151497507467		0.2603660335261034	1.4662151576781308	PASS	formal_runs/isg_clean_fixedfinal_20260706/04_formal_runs/MDS/scaffold_cold/seed_15	formal_runs/isg_clean_fixedfinal_20260706/08_final_audit_20260710_after_4seed_rerun/ISG_FORMAL_250_RAW_METRICS.tsv		outputs/paper1_data_refresh_20260710/PAPER1_7MODEL_RAW_SEED_METRICS.tsv
ISG-MDA	MDA	MDS	scaffold_cold	16	0.717208044390963	0.7100345174959576	0.6526586620926244	0.5754716981132075	0.3277551188393187	0.26846301937338884	0.20433559896443754	0.9695943224024701		0.24582664441669919	0.9695943219788488	PASS	formal_runs/isg_clean_fixedfinal_20260706/04_formal_runs/MDS/scaffold_cold/seed_16	formal_runs/isg_clean_fixedfinal_20260706/08_final_audit_20260710_after_4seed_rerun/ISG_FORMAL_250_RAW_METRICS.tsv		outputs/paper1_data_refresh_20260710/PAPER1_7MODEL_RAW_SEED_METRICS.tsv
ISG-MDA	MDA	MDS	scaffold_cold	17	0.5252537074040641	0.5370159449097073	0.5137120470127327	0.12818261633011413	0.05876442538258862	0.42473636256385267	0.40156030174131785	1.9847383720186111		0.2533902385425189	1.9847383599848751	PASS	formal_runs/isg_clean_fixedfinal_20260706/04_formal_runs/MDS/scaffold_cold/seed_17	formal_runs/isg_clean_fixedfinal_20260706/08_final_audit_20260710_after_4seed_rerun/ISG_FORMAL_250_RAW_METRICS.tsv		outputs/paper1_data_refresh_20260710/PAPER1_7MODEL_RAW_SEED_METRICS.tsv
ISG-MDA	MDA	MDS	scaffold_cold	18	0.6117097850055283	0.600703398299534	0.5666917859834213	0.48151487826871053	0.14122391870225923	0.32849244581580117	0.2775350432833528	1.1859399423900905		0.27671031362015025	1.1859399427034483	PASS	formal_runs/isg_clean_fixedfinal_20260706/04_formal_runs/MDS/scaffold_cold/seed_18	formal_runs/isg_clean_fixedfinal_20260706/08_final_audit_20260710_after_4seed_rerun/ISG_FORMAL_250_RAW_METRICS.tsv		outputs/paper1_data_refresh_20260710/PAPER1_7MODEL_RAW_SEED_METRICS.tsv
ISG-MDA	MDA	MDS	scaffold_cold	19	0.7622200761092096	0.7169034585503452	0.6024146544546212	0.4463768115942029	0.24798286297493258	0.2673701372003221	0.23338494351516262	0.8093727879115488		0.2570804220699441	0.8093727961070929	PASS	formal_runs/isg_clean_fixedfinal_20260706/04_formal_runs/MDS/scaffold_cold/seed_19	formal_runs/isg_clean_fixedfinal_20260706/08_final_audit_20260710_after_4seed_rerun/ISG_FORMAL_250_RAW_METRICS.tsv		outputs/paper1_data_refresh_20260710/PAPER1_7MODEL_RAW_SEED_METRICS.tsv
ISG-MDA	MDA	MDS	scaffold_cold	20	0.6270053378606623	0.6061327128059324	0.5870307167235495	0.485653560042508	0.18939781610685985	0.30913618992500475	0.23999771152542787	1.380867349892012		0.2311409886797822	1.3838875845023797	PASS	formal_runs/isg_clean_fixedfinal_20260706/04_formal_runs/MDS/scaffold_cold/seed_20	formal_runs/isg_clean_fixedfinal_20260706/08_final_audit_20260710_after_4seed_rerun/ISG_FORMAL_250_RAW_METRICS.tsv		outputs/paper1_data_refresh_20260710/PAPER1_7MODEL_RAW_SEED_METRICS.tsv
ISG-MDA	MDA	MDS	scaffold_cold	21	0.6223441775164185	0.5643699320985482	0.50626204238921	0.21455938697318008	0.01870546195833445	0.4153097423308926	0.40509763394303716	1.8370117924528389		0.22657378978166448	1.8370118208358743	PASS	formal_runs/isg_clean_fixedfinal_20260706/04_formal_runs/MDS/scaffold_cold/seed_21	formal_runs/isg_clean_fixedfinal_20260706/08_final_audit_20260710_after_4seed_rerun/ISG_FORMAL_250_RAW_METRICS.tsv		outputs/paper1_data_refresh_20260710/PAPER1_7MODEL_RAW_SEED_METRICS.tsv
ISG-MDA	MDA	MDS	scaffold_cold	22	0.5396646164739018	0.5114649257517383	0.5103550295857988	0.40288634996993383	0.022198049384546576	0.3674797782016818	0.31446172998739813	1.443324578922474		0.24749963886962079	1.4433245803477497	PASS	formal_runs/isg_clean_fixedfinal_20260706/04_formal_runs/MDS/scaffold_cold/seed_22	formal_runs/isg_clean_fixedfinal_20260706/08_final_audit_20260710_after_4seed_rerun/ISG_FORMAL_250_RAW_METRICS.tsv		outputs/paper1_data_refresh_20260710/PAPER1_7MODEL_RAW_SEED_METRICS.tsv
ISG-MDA	MDA	MDS	scaffold_cold	23	0.6402370147911435	0.6248641768226604	0.5636811832374692	0.3278481012658228	0.17876740510867103	0.3642105514127837	0.33539793949825525	1.6727409459007367		0.2518911127322411	1.6727409369772148	PASS	formal_runs/isg_clean_fixedfinal_20260706/04_formal_runs/MDS/scaffold_cold/seed_23	formal_runs/isg_clean_fixedfinal_20260706/08_final_audit_20260710_after_4seed_rerun/ISG_FORMAL_250_RAW_METRICS.tsv		outputs/paper1_data_refresh_20260710/PAPER1_7MODEL_RAW_SEED_METRICS.tsv
ISG-MDA	MDA	MDS	scaffold_cold	24	0.6017820372741668	0.623827726252686	0.5689972401103955	0.5400098183603338	0.1391037210186643	0.31465396861621264	0.24811050576833338	1.1037656596116006		0.23495244512952843	1.1037656617142677	PASS	formal_runs/isg_clean_fixedfinal_20260706/04_formal_runs/MDS/scaffold_cold/seed_24	formal_runs/isg_clean_fixedfinal_20260706/08_final_audit_20260710_after_4seed_rerun/ISG_FORMAL_250_RAW_METRICS.tsv		outputs/paper1_data_refresh_20260710/PAPER1_7MODEL_RAW_SEED_METRICS.tsv
DLST-MDA	MDA	DLST-native	drug_cold	0	0.7289894377183201	0.7823999465069518	0.6809453471196455	0.5636363636363636	0.4292087339623966	0.240542806109497	0.2024436244480394	0.85105799035051	0.85105799035051			PASS		formal_runs/dlst_native_fixedfinal_fullmetric_20260623/06_metrics/DLST_NATIVE_FIXEDFINAL_FULL125_RAW_METRICS.tsv		outputs/paper1_data_refresh_20260710/PAPER1_7MODEL_RAW_SEED_METRICS.tsv
DLST-MDA	MDA	DLST-native	drug_cold	1	0.5420678408850488	0.545963626766123	0.5280920060331825	0.265336072791312	0.0803997732991057	0.3541313319079005	0.3022237473896962	1.130308614599689	1.130308614599689			PASS		formal_runs/dlst_native_fixedfinal_fullmetric_20260623/06_metrics/DLST_NATIVE_FIXEDFINAL_FULL125_RAW_METRICS.tsv		outputs/paper1_data_refresh_20260710/PAPER1_7MODEL_RAW_SEED_METRICS.tsv
DLST-MDA	MDA	DLST-native	drug_cold	2	0.6679918006633515	0.6029462508216369	0.4774872912127814	0.0532894736842105	-0.1014659287254472	0.4122206060800036	0.4272501368008863	1.3739182548640303	1.3739182548640303			PASS		formal_runs/dlst_native_fixedfinal_fullmetric_20260623/06_metrics/DLST_NATIVE_FIXEDFINAL_FULL125_RAW_METRICS.tsv		outputs/paper1_data_refresh_20260710/PAPER1_7MODEL_RAW_SEED_METRICS.tsv
DLST-MDA	MDA	DLST-native	drug_cold	3	0.668883555779696	0.7206752849304281	0.6434075342465754	0.5142857142857142	0.3386460182379839	0.2966498738959134	0.2902488913392043	0.9870469387928426	0.9870469387928426			PASS		formal_runs/dlst_native_fixedfinal_fullmetric_20260623/06_metrics/DLST_NATIVE_FIXEDFINAL_FULL125_RAW_METRICS.tsv		outputs/paper1_data_refresh_20260710/PAPER1_7MODEL_RAW_SEED_METRICS.tsv
DLST-MDA	MDA	DLST-native	drug_cold	4	0.5988004983294145	0.533622954416785	0.484838497033619	0.0555891238670694	-0.0727644095707795	0.358090667952929	0.3370083715116215	1.0398280276051146	1.0398280276051146			PASS		formal_runs/dlst_native_fixedfinal_fullmetric_20260623/06_metrics/DLST_NATIVE_FIXEDFINAL_FULL125_RAW_METRICS.tsv		outputs/paper1_data_refresh_20260710/PAPER1_7MODEL_RAW_SEED_METRICS.tsv
DLST-MDA	MDA	DLST-native	drug_cold	5	0.575859133095851	0.5006382757202591	0.4794589178356713	0.0388529139685476	-0.1028933543386727	0.4338390898752196	0.4313426574683731	1.3923348319497926	1.3923348319497926			PASS		formal_runs/dlst_native_fixedfinal_fullmetric_20260623/06_metrics/DLST_NATIVE_FIXEDFINAL_FULL125_RAW_METRICS.tsv		outputs/paper1_data_refresh_20260710/PAPER1_7MODEL_RAW_SEED_METRICS.tsv
DLST-MDA	MDA	DLST-native	drug_cold	6	0.6151897919319569	0.6021781326281053	0.5073959408324733	0.1061173533083645	0.0335922225563449	0.3602831819107201	0.3524353678931239	1.121825210448436	1.121825210448436			PASS		formal_runs/dlst_native_fixedfinal_fullmetric_20260623/06_metrics/DLST_NATIVE_FIXEDFINAL_FULL125_RAW_METRICS.tsv		outputs/paper1_data_refresh_20260710/PAPER1_7MODEL_RAW_SEED_METRICS.tsv
DLST-MDA	MDA	DLST-native	drug_cold	7	0.4925446512319923	0.495924551729906	0.4889867841409692	0.1256281407035175	-0.0396103894248121	0.426390503866796	0.4175201343342037	1.482394562357616	1.482394562357616			PASS		formal_runs/dlst_native_fixedfinal_fullmetric_20260623/06_metrics/DLST_NATIVE_FIXEDFINAL_FULL125_RAW_METRICS.tsv		outputs/paper1_data_refresh_20260710/PAPER1_7MODEL_RAW_SEED_METRICS.tsv
DLST-MDA	MDA	DLST-native	drug_cold	8	0.598814882671261	0.5907157125711372	0.5461822660098522	0.3092783505154639	0.1269373563010438	0.3155469045328921	0.25152023588571	0.9257789699586984	0.9257789699586984			PASS		formal_runs/dlst_native_fixedfinal_fullmetric_20260623/06_metrics/DLST_NATIVE_FIXEDFINAL_FULL125_RAW_METRICS.tsv		outputs/paper1_data_refresh_20260710/PAPER1_7MODEL_RAW_SEED_METRICS.tsv
DLST-MDA	MDA	DLST-native	drug_cold	9	0.7442346901460067	0.7075139515069185	0.6976235146966854	0.6826386609780112	0.3970212688562547	0.2093633775217089	0.0762320070931125	0.6072219807103713	0.6072219807103713			PASS		formal_runs/dlst_native_fixedfinal_fullmetric_20260623/06_metrics/DLST_NATIVE_FIXEDFINAL_FULL125_RAW_METRICS.tsv		outputs/paper1_data_refresh_20260710/PAPER1_7MODEL_RAW_SEED_METRICS.tsv
DLST-MDA	MDA	DLST-native	drug_cold	10	0.7210465418848224	0.6693632474985418	0.681187479832204	0.6836375280179314	0.3624184352717101	0.2199767214387329	0.0866316986766413	0.6470578878858673	0.6470578878858673			PASS		formal_runs/dlst_native_fixedfinal_fullmetric_20260623/06_metrics/DLST_NATIVE_FIXEDFINAL_FULL125_RAW_METRICS.tsv		outputs/paper1_data_refresh_20260710/PAPER1_7MODEL_RAW_SEED_METRICS.tsv
DLST-MDA	MDA	DLST-native	drug_cold	11	0.5288425634203833	0.4731627266947336	0.4764492753623188	0.0269360269360269	-0.1231080477742128	0.4623099772784946	0.4586314726872583	1.6423395295023913	1.6423395295023913			PASS		formal_runs/dlst_native_fixedfinal_fullmetric_20260623/06_metrics/DLST_NATIVE_FIXEDFINAL_FULL125_RAW_METRICS.tsv		outputs/paper1_data_refresh_20260710/PAPER1_7MODEL_RAW_SEED_METRICS.tsv
DLST-MDA	MDA	DLST-native	drug_cold	12	0.6958110351373824	0.648410158914327	0.6472590469365819	0.6941121640515768	0.3093932317515667	0.2217444907872725	0.1028521166108642	0.6334406589762073	0.6334406589762073			PASS		formal_runs/dlst_native_fixedfinal_fullmetric_20260623/06_metrics/DLST_NATIVE_FIXEDFINAL_FULL125_RAW_METRICS.tsv		outputs/paper1_data_refresh_20260710/PAPER1_7MODEL_RAW_SEED_METRICS.tsv
DLST-MDA	MDA	DLST-native	drug_cold	13	0.4629117850663561	0.5231046820457224	0.5167850225952227	0.1575689364096792	0.0642828276005575	0.401082088020305	0.3626753108395116	1.4864807035867171	1.4864807035867171			PASS		formal_runs/dlst_native_fixedfinal_fullmetric_20260623/06_metrics/DLST_NATIVE_FIXEDFINAL_FULL125_RAW_METRICS.tsv		outputs/paper1_data_refresh_20260710/PAPER1_7MODEL_RAW_SEED_METRICS.tsv
DLST-MDA	MDA	DLST-native	drug_cold	14	0.4362701523689435	0.4335169411096483	0.4233358264771877	0.089728453364817	-0.225401465873124	0.4068374247067145	0.3943615454745743	1.1813036498478653	1.1813036498478653			PASS		formal_runs/dlst_native_fixedfinal_fullmetric_20260623/06_metrics/DLST_NATIVE_FIXEDFINAL_FULL125_RAW_METRICS.tsv		outputs/paper1_data_refresh_20260710/PAPER1_7MODEL_RAW_SEED_METRICS.tsv
DLST-MDA	MDA	DLST-native	drug_cold	15	0.6013578544568046	0.6137904639441215	0.5705213903743316	0.3175783324482209	0.2101469586047934	0.344150287433317	0.3141202743652801	1.1205821728200895	1.1205821728200895			PASS		formal_runs/dlst_native_fixedfinal_fullmetric_20260623/06_metrics/DLST_NATIVE_FIXEDFINAL_FULL125_RAW_METRICS.tsv		outputs/paper1_data_refresh_20260710/PAPER1_7MODEL_RAW_SEED_METRICS.tsv
DLST-MDA	MDA	DLST-native	drug_cold	16	0.6689123494841425	0.6383266389759262	0.606815578465063	0.5139823008849558	0.2311635995902404	0.2762731811491856	0.1901745949679146	0.8002585764414978	0.8002585764414978			PASS		formal_runs/dlst_native_fixedfinal_fullmetric_20260623/06_metrics/DLST_NATIVE_FIXEDFINAL_FULL125_RAW_METRICS.tsv		outputs/paper1_data_refresh_20260710/PAPER1_7MODEL_RAW_SEED_METRICS.tsv
DLST-MDA	MDA	DLST-native	drug_cold	17	0.4498475381670527	0.4430266064183877	0.4963522668056279	0.0252143217347453	-0.0284863693359442	0.4386419424360248	0.4244136685252416	1.4872377470968103	1.4872377470968103			PASS		formal_runs/dlst_native_fixedfinal_fullmetric_20260623/06_metrics/DLST_NATIVE_FIXEDFINAL_FULL125_RAW_METRICS.tsv		outputs/paper1_data_refresh_20260710/PAPER1_7MODEL_RAW_SEED_METRICS.tsv
DLST-MDA	MDA	DLST-native	drug_cold	18	0.8151871657754011	0.7971380559273153	0.7013368983957219	0.6267958569996659	0.4392413692969149	0.2170630404618913	0.2015351123034575	0.6698260373056687	0.6698260373056687			PASS		formal_runs/dlst_native_fixedfinal_fullmetric_20260623/06_metrics/DLST_NATIVE_FIXEDFINAL_FULL125_RAW_METRICS.tsv		outputs/paper1_data_refresh_20260710/PAPER1_7MODEL_RAW_SEED_METRICS.tsv
DLST-MDA	MDA	DLST-native	drug_cold	19	0.7243166233121805	0.7134188847660112	0.5175438596491229	0.1136556403731976	0.0852438011592095	0.3287228101679394	0.3321779143400163	0.958624307507982	0.958624307507982			PASS		formal_runs/dlst_native_fixedfinal_fullmetric_20260623/06_metrics/DLST_NATIVE_FIXEDFINAL_FULL125_RAW_METRICS.tsv		outputs/paper1_data_refresh_20260710/PAPER1_7MODEL_RAW_SEED_METRICS.tsv
DLST-MDA	MDA	DLST-native	drug_cold	20	0.6722116480471528	0.5890742966710585	0.5439360929557008	0.3368532206969377	0.1125141404438032	0.3074973911591772	0.289341153436291	0.8839416426713135	0.8839416426713135			PASS		formal_runs/dlst_native_fixedfinal_fullmetric_20260623/06_metrics/DLST_NATIVE_FIXEDFINAL_FULL125_RAW_METRICS.tsv		outputs/paper1_data_refresh_20260710/PAPER1_7MODEL_RAW_SEED_METRICS.tsv
DLST-MDA	MDA	DLST-native	drug_cold	21	0.6145721443616095	0.5750761861852554	0.487417943107221	0.031023784901758	-0.0749878190125952	0.3422012618145157	0.328720244225101	0.9758289952088426	0.9758289952088426			PASS		formal_runs/dlst_native_fixedfinal_fullmetric_20260623/06_metrics/DLST_NATIVE_FIXEDFINAL_FULL125_RAW_METRICS.tsv		outputs/paper1_data_refresh_20260710/PAPER1_7MODEL_RAW_SEED_METRICS.tsv
DLST-MDA	MDA	DLST-native	drug_cold	22	0.6826406165494862	0.6893354003324956	0.5947674418604652	0.4027420736932305	0.2474841190889857	0.2963634713483371	0.2640589212897674	0.9260748653977754	0.9260748653977754			PASS		formal_runs/dlst_native_fixedfinal_fullmetric_20260623/06_metrics/DLST_NATIVE_FIXEDFINAL_FULL125_RAW_METRICS.tsv		outputs/paper1_data_refresh_20260710/PAPER1_7MODEL_RAW_SEED_METRICS.tsv
DLST-MDA	MDA	DLST-native	drug_cold	23	0.5841045520322339	0.6400719405856842	0.5897947548460661	0.4016632016632017	0.230974980605328	0.3477548251184063	0.3235782786512265	1.1743427208712214	1.1743427208712214			PASS		formal_runs/dlst_native_fixedfinal_fullmetric_20260623/06_metrics/DLST_NATIVE_FIXEDFINAL_FULL125_RAW_METRICS.tsv		outputs/paper1_data_refresh_20260710/PAPER1_7MODEL_RAW_SEED_METRICS.tsv
DLST-MDA	MDA	DLST-native	drug_cold	24	0.4512565304271762	0.4729158367003042	0.4946883852691218	0.1064495929868503	-0.0214677090027801	0.4357819228074779	0.4257560912117351	1.51090069089494	1.51090069089494			PASS		formal_runs/dlst_native_fixedfinal_fullmetric_20260623/06_metrics/DLST_NATIVE_FIXEDFINAL_FULL125_RAW_METRICS.tsv		outputs/paper1_data_refresh_20260710/PAPER1_7MODEL_RAW_SEED_METRICS.tsv
DLST-MDA	MDA	DLST-native	mirna_cold	0	0.9397492255830904	0.932254809383579	0.8721301020408163	0.8786686838124055	0.7486211447639396	0.0966551526426896	0.0383383248592916	0.3176352443926842	0.3176352443926842			PASS		formal_runs/dlst_native_fixedfinal_fullmetric_20260623/06_metrics/DLST_NATIVE_FIXEDFINAL_FULL125_RAW_METRICS.tsv		outputs/paper1_data_refresh_20260710/PAPER1_7MODEL_RAW_SEED_METRICS.tsv
DLST-MDA	MDA	DLST-native	mirna_cold	1	0.9343485976621272	0.9222846546612844	0.8708074534161491	0.8755980861244019	0.7438243227578061	0.0972045069235991	0.0270097327422963	0.3250087725966641	0.3250087725966641			PASS		formal_runs/dlst_native_fixedfinal_fullmetric_20260623/06_metrics/DLST_NATIVE_FIXEDFINAL_FULL125_RAW_METRICS.tsv		outputs/paper1_data_refresh_20260710/PAPER1_7MODEL_RAW_SEED_METRICS.tsv
DLST-MDA	MDA	DLST-native	mirna_cold	2	0.9307799597139854	0.9138437184143248	0.8614730878186969	0.8589558696279204	0.7234071564834227	0.1050176445672387	0.0618592111830119	0.348403700979861	0.348403700979861			PASS		formal_runs/dlst_native_fixedfinal_fullmetric_20260623/06_metrics/DLST_NATIVE_FIXEDFINAL_FULL125_RAW_METRICS.tsv		outputs/paper1_data_refresh_20260710/PAPER1_7MODEL_RAW_SEED_METRICS.tsv
DLST-MDA	MDA	DLST-native	mirna_cold	3	0.9331296025490274	0.9140818874719456	0.8699776785714286	0.8700501952035694	0.7399558179931942	0.0970894964897074	0.0267020554708454	0.3236511910406278	0.3236511910406278			PASS		formal_runs/dlst_native_fixedfinal_fullmetric_20260623/06_metrics/DLST_NATIVE_FIXEDFINAL_FULL125_RAW_METRICS.tsv		outputs/paper1_data_refresh_20260710/PAPER1_7MODEL_RAW_SEED_METRICS.tsv
DLST-MDA	MDA	DLST-native	mirna_cold	4	0.9307760129808972	0.9166960334101766	0.8651018099547512	0.8673894912427023	0.7306386277517475	0.101310171227319	0.029127081401664	0.335011663729713	0.335011663729713			PASS		formal_runs/dlst_native_fixedfinal_fullmetric_20260623/06_metrics/DLST_NATIVE_FIXEDFINAL_FULL125_RAW_METRICS.tsv		outputs/paper1_data_refresh_20260710/PAPER1_7MODEL_RAW_SEED_METRICS.tsv
DLST-MDA	MDA	DLST-native	mirna_cold	5	0.9338635820279176	0.914713128079457	0.8764568764568764	0.8775981524249422	0.7530446994186494	0.0951080548699873	0.0313843516793019	0.3199761405247419	0.3199761405247419			PASS		formal_runs/dlst_native_fixedfinal_fullmetric_20260623/06_metrics/DLST_NATIVE_FIXEDFINAL_FULL125_RAW_METRICS.tsv		outputs/paper1_data_refresh_20260710/PAPER1_7MODEL_RAW_SEED_METRICS.tsv
DLST-MDA	MDA	DLST-native	mirna_cold	6	0.9208302913021884	0.9114230127655444	0.8673805601317958	0.8704746580852776	0.735601119779564	0.1064516732778637	0.0530551091747006	0.3701953262518739	0.3701953262518739			PASS		formal_runs/dlst_native_fixedfinal_fullmetric_20260623/06_metrics/DLST_NATIVE_FIXEDFINAL_FULL125_RAW_METRICS.tsv		outputs/paper1_data_refresh_20260710/PAPER1_7MODEL_RAW_SEED_METRICS.tsv
DLST-MDA	MDA	DLST-native	mirna_cold	7	0.9330791351300646	0.9159449929457308	0.8653147699757869	0.8649468892261002	0.730640382761181	0.0999403940494197	0.0335153405705819	0.331192370484638	0.331192370484638			PASS		formal_runs/dlst_native_fixedfinal_fullmetric_20260623/06_metrics/DLST_NATIVE_FIXEDFINAL_FULL125_RAW_METRICS.tsv		outputs/paper1_data_refresh_20260710/PAPER1_7MODEL_RAW_SEED_METRICS.tsv
DLST-MDA	MDA	DLST-native	mirna_cold	8	0.9313937710771673	0.9160583578059444	0.8645070422535212	0.8642393451876941	0.7290197535579157	0.1012905860128001	0.0297549538968236	0.3346025460188319	0.3346025460188319			PASS		formal_runs/dlst_native_fixedfinal_fullmetric_20260623/06_metrics/DLST_NATIVE_FIXEDFINAL_FULL125_RAW_METRICS.tsv		outputs/paper1_data_refresh_20260710/PAPER1_7MODEL_RAW_SEED_METRICS.tsv
DLST-MDA	MDA	DLST-native	mirna_cold	9	0.9367614797107318	0.9225225178416612	0.8699050809603573	0.8720483250961011	0.7402256584233264	0.0956500346174466	0.0247372271487422	0.3195082417305155	0.3195082417305155			PASS		formal_runs/dlst_native_fixedfinal_fullmetric_20260623/06_metrics/DLST_NATIVE_FIXEDFINAL_FULL125_RAW_METRICS.tsv		outputs/paper1_data_refresh_20260710/PAPER1_7MODEL_RAW_SEED_METRICS.tsv
DLST-MDA	MDA	DLST-native	mirna_cold	10	0.927396495983286	0.9141595313423316	0.8496692723992784	0.8588368153585545	0.7053132768784989	0.1063000451053723	0.0342909166669462	0.3452597098125954	0.3452597098125954			PASS		formal_runs/dlst_native_fixedfinal_fullmetric_20260623/06_metrics/DLST_NATIVE_FIXEDFINAL_FULL125_RAW_METRICS.tsv		outputs/paper1_data_refresh_20260710/PAPER1_7MODEL_RAW_SEED_METRICS.tsv
DLST-MDA	MDA	DLST-native	mirna_cold	11	0.9280853815360248	0.9137341927104624	0.8638814016172507	0.8651535380507344	0.7278923790929545	0.1056627046667135	0.0508124146114713	0.3515881860820804	0.3515881860820804			PASS		formal_runs/dlst_native_fixedfinal_fullmetric_20260623/06_metrics/DLST_NATIVE_FIXEDFINAL_FULL125_RAW_METRICS.tsv		outputs/paper1_data_refresh_20260710/PAPER1_7MODEL_RAW_SEED_METRICS.tsv
DLST-MDA	MDA	DLST-native	mirna_cold	12	0.9333612320713004	0.9170095216277389	0.8509874326750448	0.8654054054054054	0.7186619071043943	0.1110648997552343	0.0908531872332675	0.3655621458528448	0.3655621458528448			PASS		formal_runs/dlst_native_fixedfinal_fullmetric_20260623/06_metrics/DLST_NATIVE_FIXEDFINAL_FULL125_RAW_METRICS.tsv		outputs/paper1_data_refresh_20260710/PAPER1_7MODEL_RAW_SEED_METRICS.tsv
DLST-MDA	MDA	DLST-native	mirna_cold	13	0.9369775523621676	0.9253877197981332	0.8650793650793651	0.8752821670428894	0.7401324539271601	0.100842486540705	0.0606283502165974	0.335077922498421	0.335077922498421			PASS		formal_runs/dlst_native_fixedfinal_fullmetric_20260623/06_metrics/DLST_NATIVE_FIXEDFINAL_FULL125_RAW_METRICS.tsv		outputs/paper1_data_refresh_20260710/PAPER1_7MODEL_RAW_SEED_METRICS.tsv
DLST-MDA	MDA	DLST-native	mirna_cold	14	0.9266277353665427	0.9098436548962788	0.8640861466821886	0.8690042075736325	0.7302337702377092	0.1032326665273981	0.0195194203409282	0.3405266443669384	0.3405266443669384			PASS		formal_runs/dlst_native_fixedfinal_fullmetric_20260623/06_metrics/DLST_NATIVE_FIXEDFINAL_FULL125_RAW_METRICS.tsv		outputs/paper1_data_refresh_20260710/PAPER1_7MODEL_RAW_SEED_METRICS.tsv
DLST-MDA	MDA	DLST-native	mirna_cold	15	0.9315687533802056	0.9214531032866756	0.8677325581395349	0.8695153427014626	0.7357398514118085	0.0986393833707945	0.0331104586309033	0.3332164667644181	0.3332164667644181			PASS		formal_runs/dlst_native_fixedfinal_fullmetric_20260623/06_metrics/DLST_NATIVE_FIXEDFINAL_FULL125_RAW_METRICS.tsv		outputs/paper1_data_refresh_20260710/PAPER1_7MODEL_RAW_SEED_METRICS.tsv
DLST-MDA	MDA	DLST-native	mirna_cold	16	0.9227578979910076	0.8994285831413332	0.8584754797441365	0.8632500643832088	0.718705357804313	0.1043539184297554	0.0213616869804798	0.3445711750936033	0.3445711750936033			PASS		formal_runs/dlst_native_fixedfinal_fullmetric_20260623/06_metrics/DLST_NATIVE_FIXEDFINAL_FULL125_RAW_METRICS.tsv		outputs/paper1_data_refresh_20260710/PAPER1_7MODEL_RAW_SEED_METRICS.tsv
DLST-MDA	MDA	DLST-native	mirna_cold	17	0.9366852855367516	0.9272975487796744	0.8732678983833718	0.8790300358225407	0.7499466357071792	0.0955865087605384	0.0340756287682139	0.3212623631220491	0.3212623631220491			PASS		formal_runs/dlst_native_fixedfinal_fullmetric_20260623/06_metrics/DLST_NATIVE_FIXEDFINAL_FULL125_RAW_METRICS.tsv		outputs/paper1_data_refresh_20260710/PAPER1_7MODEL_RAW_SEED_METRICS.tsv
DLST-MDA	MDA	DLST-native	mirna_cold	18	0.9325475430430954	0.9195566897687296	0.8615291992775437	0.8568761667703796	0.7245917134833119	0.107221557443533	0.0806729271491747	0.3587872165071287	0.3587872165071287			PASS		formal_runs/dlst_native_fixedfinal_fullmetric_20260623/06_metrics/DLST_NATIVE_FIXEDFINAL_FULL125_RAW_METRICS.tsv		outputs/paper1_data_refresh_20260710/PAPER1_7MODEL_RAW_SEED_METRICS.tsv
DLST-MDA	MDA	DLST-native	mirna_cold	19	0.9332036510499956	0.9199263495260934	0.8712729357798165	0.8746860173039352	0.7436499892135117	0.0969461928761593	0.0177769460577844	0.3240398788956969	0.3240398788956969			PASS		formal_runs/dlst_native_fixedfinal_fullmetric_20260623/06_metrics/DLST_NATIVE_FIXEDFINAL_FULL125_RAW_METRICS.tsv		outputs/paper1_data_refresh_20260710/PAPER1_7MODEL_RAW_SEED_METRICS.tsv
DLST-MDA	MDA	DLST-native	mirna_cold	20	0.9429241848831	0.932574123956838	0.8799633475870495	0.8862518089725037	0.764614893996373	0.0898677056344407	0.033032244559498	0.3037878730228456	0.3037878730228456			PASS		formal_runs/dlst_native_fixedfinal_fullmetric_20260623/06_metrics/DLST_NATIVE_FIXEDFINAL_FULL125_RAW_METRICS.tsv		outputs/paper1_data_refresh_20260710/PAPER1_7MODEL_RAW_SEED_METRICS.tsv
DLST-MDA	MDA	DLST-native	mirna_cold	21	0.9234949569910608	0.9111344551264536	0.857922077922078	0.8591295390162246	0.7159493642972417	0.106373418085658	0.0303050142589521	0.3516726455244782	0.3516726455244782			PASS		formal_runs/dlst_native_fixedfinal_fullmetric_20260623/06_metrics/DLST_NATIVE_FIXEDFINAL_FULL125_RAW_METRICS.tsv		outputs/paper1_data_refresh_20260710/PAPER1_7MODEL_RAW_SEED_METRICS.tsv
DLST-MDA	MDA	DLST-native	mirna_cold	22	0.9313569167061744	0.9170949215845204	0.8562570462232244	0.8686244204018547	0.7254884865870418	0.1110132223810124	0.0811687436863294	0.3631802028177858	0.3631802028177858			PASS		formal_runs/dlst_native_fixedfinal_fullmetric_20260623/06_metrics/DLST_NATIVE_FIXEDFINAL_FULL125_RAW_METRICS.tsv		outputs/paper1_data_refresh_20260710/PAPER1_7MODEL_RAW_SEED_METRICS.tsv
DLST-MDA	MDA	DLST-native	mirna_cold	23	0.9156828394414724	0.8973592062876384	0.8485193621867881	0.855119825708061	0.6999503288808901	0.1120124570464496	0.0310306586611566	0.3654936688299884	0.3654936688299884			PASS		formal_runs/dlst_native_fixedfinal_fullmetric_20260623/06_metrics/DLST_NATIVE_FIXEDFINAL_FULL125_RAW_METRICS.tsv		outputs/paper1_data_refresh_20260710/PAPER1_7MODEL_RAW_SEED_METRICS.tsv
DLST-MDA	MDA	DLST-native	mirna_cold	24	0.9283379110689882	0.9142351968155518	0.838840874428063	0.8268705625341344	0.684255428199638	0.1248683652202059	0.115368426513705	0.414039997280604	0.414039997280604			PASS		formal_runs/dlst_native_fixedfinal_fullmetric_20260623/06_metrics/DLST_NATIVE_FIXEDFINAL_FULL125_RAW_METRICS.tsv		outputs/paper1_data_refresh_20260710/PAPER1_7MODEL_RAW_SEED_METRICS.tsv
DLST-MDA	MDA	DLST-native	random	0	0.933465360922902	0.9260639332304844	0.8540711009174312	0.8645916467145517	0.716849619302737	0.1036025612227921	0.0414509437844096	0.3381807183082226	0.3381807183082226			PASS		formal_runs/dlst_native_fixedfinal_fullmetric_20260623/06_metrics/DLST_NATIVE_FIXEDFINAL_FULL125_RAW_METRICS.tsv		outputs/paper1_data_refresh_20260710/PAPER1_7MODEL_RAW_SEED_METRICS.tsv
DLST-MDA	MDA	DLST-native	random	1	0.9296016880944364	0.9125889872410308	0.8666857798165137	0.8738127544097694	0.7380956060402543	0.1036326487471672	0.0580399987993253	0.3484410458378265	0.3484410458378265			PASS		formal_runs/dlst_native_fixedfinal_fullmetric_20260623/06_metrics/DLST_NATIVE_FIXEDFINAL_FULL125_RAW_METRICS.tsv		outputs/paper1_data_refresh_20260710/PAPER1_7MODEL_RAW_SEED_METRICS.tsv
DLST-MDA	MDA	DLST-native	random	2	0.936046622496002	0.9169498045820148	0.8744266055045872	0.8792723263506064	0.7512777826309828	0.0950346231345253	0.0220431232512989	0.3173772042933975	0.3173772042933975			PASS		formal_runs/dlst_native_fixedfinal_fullmetric_20260623/06_metrics/DLST_NATIVE_FIXEDFINAL_FULL125_RAW_METRICS.tsv		outputs/paper1_data_refresh_20260710/PAPER1_7MODEL_RAW_SEED_METRICS.tsv
DLST-MDA	MDA	DLST-native	random	3	0.9329480236301658	0.9175525660681324	0.8663990825688074	0.8654734411085451	0.7328675629194836	0.1012896223013006	0.0362201818156081	0.334099641020977	0.334099641020977			PASS		formal_runs/dlst_native_fixedfinal_fullmetric_20260623/06_metrics/DLST_NATIVE_FIXEDFINAL_FULL125_RAW_METRICS.tsv		outputs/paper1_data_refresh_20260710/PAPER1_7MODEL_RAW_SEED_METRICS.tsv
DLST-MDA	MDA	DLST-native	random	4	0.9281132953875936	0.9096274388868996	0.8684059633027523	0.8738664468260511	0.7395893225348887	0.1018332201871238	0.0330338582290772	0.3383481322781443	0.3383481322781443			PASS		formal_runs/dlst_native_fixedfinal_fullmetric_20260623/06_metrics/DLST_NATIVE_FIXEDFINAL_FULL125_RAW_METRICS.tsv		outputs/paper1_data_refresh_20260710/PAPER1_7MODEL_RAW_SEED_METRICS.tsv
DLST-MDA	MDA	DLST-native	random	5	0.9284710093847318	0.9136720227343806	0.862098623853211	0.8616623526028185	0.7242116533359465	0.10285570220874	0.0366705394414875	0.3397406993445525	0.3397406993445525			PASS		formal_runs/dlst_native_fixedfinal_fullmetric_20260623/06_metrics/DLST_NATIVE_FIXEDFINAL_FULL125_RAW_METRICS.tsv		outputs/paper1_data_refresh_20260710/PAPER1_7MODEL_RAW_SEED_METRICS.tsv
DLST-MDA	MDA	DLST-native	random	6	0.9290033062242234	0.910325135888093	0.8706995412844036	0.8748265334443519	0.7430162086285407	0.09978034545966	0.0297593489989377	0.3339456666088372	0.3339456666088372			PASS		formal_runs/dlst_native_fixedfinal_fullmetric_20260623/06_metrics/DLST_NATIVE_FIXEDFINAL_FULL125_RAW_METRICS.tsv		outputs/paper1_data_refresh_20260710/PAPER1_7MODEL_RAW_SEED_METRICS.tsv
DLST-MDA	MDA	DLST-native	random	7	0.930234263214376	0.9141542266402164	0.8340022935779816	0.852559205500382	0.6902299526827635	0.124106854778937	0.1184348165229285	0.4008874726226239	0.4008874726226239			PASS		formal_runs/dlst_native_fixedfinal_fullmetric_20260623/06_metrics/DLST_NATIVE_FIXEDFINAL_FULL125_RAW_METRICS.tsv		outputs/paper1_data_refresh_20260710/PAPER1_7MODEL_RAW_SEED_METRICS.tsv
DLST-MDA	MDA	DLST-native	random	8	0.9294096798459726	0.9179477725960058	0.8555045871559633	0.8668076109936576	0.7214767171921284	0.1071208817047796	0.060113939477268	0.3513371819652677	0.3513371819652677			PASS		formal_runs/dlst_native_fixedfinal_fullmetric_20260623/06_metrics/DLST_NATIVE_FIXEDFINAL_FULL125_RAW_METRICS.tsv		outputs/paper1_data_refresh_20260710/PAPER1_7MODEL_RAW_SEED_METRICS.tsv
DLST-MDA	MDA	DLST-native	random	9	0.930378269400724	0.9150231447014952	0.8595183486238532	0.8600799543118218	0.7190598661341424	0.1055461561824512	0.0421631700558405	0.3459806026458766	0.3459806026458766			PASS		formal_runs/dlst_native_fixedfinal_fullmetric_20260623/06_metrics/DLST_NATIVE_FIXEDFINAL_FULL125_RAW_METRICS.tsv		outputs/paper1_data_refresh_20260710/PAPER1_7MODEL_RAW_SEED_METRICS.tsv
DLST-MDA	MDA	DLST-native	random	10	0.9313126657057486	0.9185283464174404	0.8658256880733946	0.8744635193133047	0.7386792887489333	0.1026415898865668	0.0497671733205815	0.3404254970116589	0.3404254970116589			PASS		formal_runs/dlst_native_fixedfinal_fullmetric_20260623/06_metrics/DLST_NATIVE_FIXEDFINAL_FULL125_RAW_METRICS.tsv		outputs/paper1_data_refresh_20260710/PAPER1_7MODEL_RAW_SEED_METRICS.tsv
DLST-MDA	MDA	DLST-native	random	11	0.9329450645989396	0.9207332648765872	0.856651376146789	0.8668796592119276	0.7218770143091522	0.1067938994299856	0.0608239353260873	0.3481952616190077	0.3481952616190077			PASS		formal_runs/dlst_native_fixedfinal_fullmetric_20260623/06_metrics/DLST_NATIVE_FIXEDFINAL_FULL125_RAW_METRICS.tsv		outputs/paper1_data_refresh_20260710/PAPER1_7MODEL_RAW_SEED_METRICS.tsv
DLST-MDA	MDA	DLST-native	random	12	0.926786991835704	0.9115739958402616	0.8618119266055045	0.8613348676639816	0.7236409836239068	0.105823835749423	0.0396372963770789	0.3516064932072547	0.3516064932072547			PASS		formal_runs/dlst_native_fixedfinal_fullmetric_20260623/06_metrics/DLST_NATIVE_FIXEDFINAL_FULL125_RAW_METRICS.tsv		outputs/paper1_data_refresh_20260710/PAPER1_7MODEL_RAW_SEED_METRICS.tsv
DLST-MDA	MDA	DLST-native	random	13	0.9312605538780406	0.9126603033260356	0.8663990825688074	0.8739177489177489	0.7380662377187063	0.1011675541322396	0.0481964721143621	0.3386604796687636	0.3386604796687636			PASS		formal_runs/dlst_native_fixedfinal_fullmetric_20260623/06_metrics/DLST_NATIVE_FIXEDFINAL_FULL125_RAW_METRICS.tsv		outputs/paper1_data_refresh_20260710/PAPER1_7MODEL_RAW_SEED_METRICS.tsv
DLST-MDA	MDA	DLST-native	random	14	0.9308796608029628	0.9176016752391394	0.8603784403669725	0.8663923182441701	0.723695306236611	0.1019133386316838	0.0297838707358112	0.3351603018064036	0.3351603018064036			PASS		formal_runs/dlst_native_fixedfinal_fullmetric_20260623/06_metrics/DLST_NATIVE_FIXEDFINAL_FULL125_RAW_METRICS.tsv		outputs/paper1_data_refresh_20260710/PAPER1_7MODEL_RAW_SEED_METRICS.tsv
DLST-MDA	MDA	DLST-native	random	15	0.93279251010016	0.9147528016136938	0.8575114678899083	0.8678542940707259	0.7239476588630863	0.1098674055231988	0.0920659109684126	0.3671534525291068	0.3671534525291068			PASS		formal_runs/dlst_native_fixedfinal_fullmetric_20260623/06_metrics/DLST_NATIVE_FIXEDFINAL_FULL125_RAW_METRICS.tsv		outputs/paper1_data_refresh_20260710/PAPER1_7MODEL_RAW_SEED_METRICS.tsv
DLST-MDA	MDA	DLST-native	random	16	0.930615978242572	0.9177042183483384	0.8721330275229358	0.8787384448069603	0.7487226137312423	0.1002094211472918	0.0459450047102451	0.338019103042547	0.338019103042547			PASS		formal_runs/dlst_native_fixedfinal_fullmetric_20260623/06_metrics/DLST_NATIVE_FIXEDFINAL_FULL125_RAW_METRICS.tsv		outputs/paper1_data_refresh_20260710/PAPER1_7MODEL_RAW_SEED_METRICS.tsv
DLST-MDA	MDA	DLST-native	random	17	0.9334836082821312	0.9196261672070092	0.8666857798165137	0.8739495798319328	0.7382913473873381	0.1000949575757615	0.0428898480828689	0.3321847170757852	0.3321847170757852			PASS		formal_runs/dlst_native_fixedfinal_fullmetric_20260623/06_metrics/DLST_NATIVE_FIXEDFINAL_FULL125_RAW_METRICS.tsv		outputs/paper1_data_refresh_20260710/PAPER1_7MODEL_RAW_SEED_METRICS.tsv
DLST-MDA	MDA	DLST-native	random	18	0.9322454181045364	0.9183211226408832	0.8698394495412844	0.8747931605074463	0.7420055099970463	0.1003204036170714	0.0393735091678569	0.3347178747457444	0.3347178747457444			PASS		formal_runs/dlst_native_fixedfinal_fullmetric_20260623/06_metrics/DLST_NATIVE_FIXEDFINAL_FULL125_RAW_METRICS.tsv		outputs/paper1_data_refresh_20260710/PAPER1_7MODEL_RAW_SEED_METRICS.tsv
DLST-MDA	MDA	DLST-native	random	19	0.9310456953328844	0.9172015581183174	0.8678325688073395	0.876241610738255	0.7425535734995065	0.101736737404134	0.0470437820946878	0.3390326422005863	0.3390326422005863			PASS		formal_runs/dlst_native_fixedfinal_fullmetric_20260623/06_metrics/DLST_NATIVE_FIXEDFINAL_FULL125_RAW_METRICS.tsv		outputs/paper1_data_refresh_20260710/PAPER1_7MODEL_RAW_SEED_METRICS.tsv
DLST-MDA	MDA	DLST-native	random	20	0.9329786002861712	0.9183406062390442	0.8715596330275229	0.8736604624929498	0.743530559689262	0.0966221361223611	0.0145117523263602	0.3229012694223455	0.3229012694223455			PASS		formal_runs/dlst_native_fixedfinal_fullmetric_20260623/06_metrics/DLST_NATIVE_FIXEDFINAL_FULL125_RAW_METRICS.tsv		outputs/paper1_data_refresh_20260710/PAPER1_7MODEL_RAW_SEED_METRICS.tsv
DLST-MDA	MDA	DLST-native	random	21	0.935675099686474	0.923316211138624	0.8589449541284404	0.8668831168831169	0.7230508056524415	0.1026654452474894	0.056770321318304	0.3388580538504948	0.3388580538504948			PASS		formal_runs/dlst_native_fixedfinal_fullmetric_20260623/06_metrics/DLST_NATIVE_FIXEDFINAL_FULL125_RAW_METRICS.tsv		outputs/paper1_data_refresh_20260710/PAPER1_7MODEL_RAW_SEED_METRICS.tsv
DLST-MDA	MDA	DLST-native	random	22	0.9334326471887888	0.917896284521918	0.8758600917431193	0.8763210511282491	0.7517410686583069	0.0958645254964232	0.03607032775645	0.3233756642036364	0.3233756642036364			PASS		formal_runs/dlst_native_fixedfinal_fullmetric_20260623/06_metrics/DLST_NATIVE_FIXEDFINAL_FULL125_RAW_METRICS.tsv		outputs/paper1_data_refresh_20260710/PAPER1_7MODEL_RAW_SEED_METRICS.tsv
DLST-MDA	MDA	DLST-native	random	23	0.9392149229862804	0.9289019900564413	0.8755733944954128	0.8826392644672796	0.7566522644898719	0.0954729712947219	0.0362743286404186	0.3187912532449325	0.3187912532449325			PASS		formal_runs/dlst_native_fixedfinal_fullmetric_20260623/06_metrics/DLST_NATIVE_FIXEDFINAL_FULL125_RAW_METRICS.tsv		outputs/paper1_data_refresh_20260710/PAPER1_7MODEL_RAW_SEED_METRICS.tsv
DLST-MDA	MDA	DLST-native	random	24	0.9294977932202676	0.9115766235182208	0.8577981651376146	0.8694049499736703	0.727176423994021	0.1084737878129272	0.080800798529366	0.3600076663440543	0.3600076663440543			PASS		formal_runs/dlst_native_fixedfinal_fullmetric_20260623/06_metrics/DLST_NATIVE_FIXEDFINAL_FULL125_RAW_METRICS.tsv		outputs/paper1_data_refresh_20260710/PAPER1_7MODEL_RAW_SEED_METRICS.tsv
DLST-MDA	MDA	DLST-native	scaffold_cold	0	0.6575768408941486	0.6479587881324163	0.5987179487179487	0.4508771929824561	0.234303538488321	0.3051011747861433	0.2490903567223517	0.9779170780984884	0.9779170780984884			PASS		formal_runs/dlst_native_fixedfinal_fullmetric_20260623/06_metrics/DLST_NATIVE_FIXEDFINAL_FULL125_RAW_METRICS.tsv		outputs/paper1_data_refresh_20260710/PAPER1_7MODEL_RAW_SEED_METRICS.tsv
DLST-MDA	MDA	DLST-native	scaffold_cold	1	0.600664817016779	0.5425499097271317	0.5027586206896552	0.279240253248917	0.00703352883928	0.2979208517409125	0.2382462489729126	0.8148314607983759	0.8148314607983759			PASS		formal_runs/dlst_native_fixedfinal_fullmetric_20260623/06_metrics/DLST_NATIVE_FIXEDFINAL_FULL125_RAW_METRICS.tsv		outputs/paper1_data_refresh_20260710/PAPER1_7MODEL_RAW_SEED_METRICS.tsv
DLST-MDA	MDA	DLST-native	scaffold_cold	2	0.5899330561387978	0.557690961184186	0.5059676044330775	0.0660757453666398	0.035571052818056	0.4069427026943616	0.392095867894651	1.3716819810771586	1.3716819810771586			PASS		formal_runs/dlst_native_fixedfinal_fullmetric_20260623/06_metrics/DLST_NATIVE_FIXEDFINAL_FULL125_RAW_METRICS.tsv		outputs/paper1_data_refresh_20260710/PAPER1_7MODEL_RAW_SEED_METRICS.tsv
DLST-MDA	MDA	DLST-native	scaffold_cold	3	0.4100259513818408	0.4666663630729861	0.4870654810024252	0.2946081156197888	-0.0308700886438038	0.4083945243926493	0.3840410959814271	1.305695374606278	1.305695374606278			PASS		formal_runs/dlst_native_fixedfinal_fullmetric_20260623/06_metrics/DLST_NATIVE_FIXEDFINAL_FULL125_RAW_METRICS.tsv		outputs/paper1_data_refresh_20260710/PAPER1_7MODEL_RAW_SEED_METRICS.tsv
DLST-MDA	MDA	DLST-native	scaffold_cold	4	0.5064727566910575	0.476332251868108	0.461692739671079	0.1905910735826296	-0.1031882492897122	0.3422067939736388	0.2974166256376357	0.9466141273339916	0.9466141273339916			PASS		formal_runs/dlst_native_fixedfinal_fullmetric_20260623/06_metrics/DLST_NATIVE_FIXEDFINAL_FULL125_RAW_METRICS.tsv		outputs/paper1_data_refresh_20260710/PAPER1_7MODEL_RAW_SEED_METRICS.tsv
DLST-MDA	MDA	DLST-native	scaffold_cold	5	0.5591755434111709	0.543302314467125	0.514426125554851	0.1408134642356241	0.0584527458895837	0.3893610646055468	0.3525371064952993	1.216945865794555	1.216945865794555			PASS		formal_runs/dlst_native_fixedfinal_fullmetric_20260623/06_metrics/DLST_NATIVE_FIXEDFINAL_FULL125_RAW_METRICS.tsv		outputs/paper1_data_refresh_20260710/PAPER1_7MODEL_RAW_SEED_METRICS.tsv
DLST-MDA	MDA	DLST-native	scaffold_cold	6	0.5453940825237023	0.4799421387227458	0.4495347172512526	0.0178799489144316	-0.211695246593451	0.4178554633120082	0.423939546472183	1.2130786797001578	1.2130786797001578			PASS		formal_runs/dlst_native_fixedfinal_fullmetric_20260623/06_metrics/DLST_NATIVE_FIXEDFINAL_FULL125_RAW_METRICS.tsv		outputs/paper1_data_refresh_20260710/PAPER1_7MODEL_RAW_SEED_METRICS.tsv
DLST-MDA	MDA	DLST-native	scaffold_cold	7	0.4734521830285305	0.4465928641691113	0.4356589147286822	0.1820224719101123	-0.1640351442882405	0.382257716790638	0.3506701902560986	1.0769031002403286	1.0769031002403286			PASS		formal_runs/dlst_native_fixedfinal_fullmetric_20260623/06_metrics/DLST_NATIVE_FIXEDFINAL_FULL125_RAW_METRICS.tsv		outputs/paper1_data_refresh_20260710/PAPER1_7MODEL_RAW_SEED_METRICS.tsv
DLST-MDA	MDA	DLST-native	scaffold_cold	8	0.650740781286539	0.6250554487970367	0.5455032119914347	0.3597285067873303	0.111746187099547	0.3023938562998546	0.2475190983900234	0.8572079990616683	0.8572079990616683			PASS		formal_runs/dlst_native_fixedfinal_fullmetric_20260623/06_metrics/DLST_NATIVE_FIXEDFINAL_FULL125_RAW_METRICS.tsv		outputs/paper1_data_refresh_20260710/PAPER1_7MODEL_RAW_SEED_METRICS.tsv
DLST-MDA	MDA	DLST-native	scaffold_cold	9	0.497557291989584	0.5203218229457502	0.5258366141732284	0.2510687912942091	0.0760561513127313	0.3984264119072169	0.3739573144834941	1.347172418280703	1.347172418280703			PASS		formal_runs/dlst_native_fixedfinal_fullmetric_20260623/06_metrics/DLST_NATIVE_FIXEDFINAL_FULL125_RAW_METRICS.tsv		outputs/paper1_data_refresh_20260710/PAPER1_7MODEL_RAW_SEED_METRICS.tsv
DLST-MDA	MDA	DLST-native	scaffold_cold	10	0.6846523147031469	0.6901434738286796	0.6509587923296614	0.5318741450068399	0.3506993999971073	0.2723277181448995	0.2357117606744722	0.877415949015975	0.877415949015975			PASS		formal_runs/dlst_native_fixedfinal_fullmetric_20260623/06_metrics/DLST_NATIVE_FIXEDFINAL_FULL125_RAW_METRICS.tsv		outputs/paper1_data_refresh_20260710/PAPER1_7MODEL_RAW_SEED_METRICS.tsv
DLST-MDA	MDA	DLST-native	scaffold_cold	11	0.5746422141253211	0.549556786222634	0.5269865067466267	0.3260946956212175	0.0672280662225713	0.3441774681611976	0.3213601171417264	1.219665446491717	1.219665446491717			PASS		formal_runs/dlst_native_fixedfinal_fullmetric_20260623/06_metrics/DLST_NATIVE_FIXEDFINAL_FULL125_RAW_METRICS.tsv		outputs/paper1_data_refresh_20260710/PAPER1_7MODEL_RAW_SEED_METRICS.tsv
DLST-MDA	MDA	DLST-native	scaffold_cold	12	0.6378525672463654	0.5797885150096911	0.4934676102340773	0.1506161570059333	-0.0221381114173918	0.3081654705404097	0.2785791234621776	0.8549023667340059	0.8549023667340059			PASS		formal_runs/dlst_native_fixedfinal_fullmetric_20260623/06_metrics/DLST_NATIVE_FIXEDFINAL_FULL125_RAW_METRICS.tsv		outputs/paper1_data_refresh_20260710/PAPER1_7MODEL_RAW_SEED_METRICS.tsv
DLST-MDA	MDA	DLST-native	scaffold_cold	13	0.5391284656632378	0.4952102839052944	0.4865863141524105	0.1355155482815057	-0.0459870947661826	0.4051053504493707	0.3765604365313778	1.2753256267371194	1.2753256267371194			PASS		formal_runs/dlst_native_fixedfinal_fullmetric_20260623/06_metrics/DLST_NATIVE_FIXEDFINAL_FULL125_RAW_METRICS.tsv		outputs/paper1_data_refresh_20260710/PAPER1_7MODEL_RAW_SEED_METRICS.tsv
DLST-MDA	MDA	DLST-native	scaffold_cold	14	0.6126804308010358	0.5606556832594146	0.6363636363636364	0.6039963669391463	0.2764459185186659	0.2738591084133641	0.1886464997939998	0.835630680928031	0.835630680928031			PASS		formal_runs/dlst_native_fixedfinal_fullmetric_20260623/06_metrics/DLST_NATIVE_FIXEDFINAL_FULL125_RAW_METRICS.tsv		outputs/paper1_data_refresh_20260710/PAPER1_7MODEL_RAW_SEED_METRICS.tsv
DLST-MDA	MDA	DLST-native	scaffold_cold	15	0.6003454451499644	0.5451140083272211	0.4953917050691244	0.0836820083682008	-0.0210072907950783	0.3410959892499365	0.3080308185765139	0.9691396899916572	0.9691396899916572			PASS		formal_runs/dlst_native_fixedfinal_fullmetric_20260623/06_metrics/DLST_NATIVE_FIXEDFINAL_FULL125_RAW_METRICS.tsv		outputs/paper1_data_refresh_20260710/PAPER1_7MODEL_RAW_SEED_METRICS.tsv
DLST-MDA	MDA	DLST-native	scaffold_cold	16	0.67407958984375	0.6336432811707192	0.6125	0.5294117647058824	0.2404935180876877	0.264115605637596	0.1771590245829429	0.7664748561000206	0.7664748561000206			PASS		formal_runs/dlst_native_fixedfinal_fullmetric_20260623/06_metrics/DLST_NATIVE_FIXEDFINAL_FULL125_RAW_METRICS.tsv		outputs/paper1_data_refresh_20260710/PAPER1_7MODEL_RAW_SEED_METRICS.tsv
DLST-MDA	MDA	DLST-native	scaffold_cold	17	0.5674753523363402	0.5332189428214745	0.4906703524533518	0.1066666666666666	-0.0365307758796832	0.3591361556012585	0.3292739680677308	1.1381505685452395	1.1381505685452395			PASS		formal_runs/dlst_native_fixedfinal_fullmetric_20260623/06_metrics/DLST_NATIVE_FIXEDFINAL_FULL125_RAW_METRICS.tsv		outputs/paper1_data_refresh_20260710/PAPER1_7MODEL_RAW_SEED_METRICS.tsv
DLST-MDA	MDA	DLST-native	scaffold_cold	18	0.5233929509303722	0.4950467947208521	0.4950105042016807	0.2635005744925316	-0.0128319604072575	0.3912669015967455	0.3664672481591428	1.177730816557364	1.177730816557364			PASS		formal_runs/dlst_native_fixedfinal_fullmetric_20260623/06_metrics/DLST_NATIVE_FIXEDFINAL_FULL125_RAW_METRICS.tsv		outputs/paper1_data_refresh_20260710/PAPER1_7MODEL_RAW_SEED_METRICS.tsv
DLST-MDA	MDA	DLST-native	scaffold_cold	19	0.5915002837256551	0.5284903461084929	0.4556772908366533	0.0713678844519966	-0.1579606531347695	0.4071285397251599	0.4197110530827102	1.1938546775517425	1.1938546775517425			PASS		formal_runs/dlst_native_fixedfinal_fullmetric_20260623/06_metrics/DLST_NATIVE_FIXEDFINAL_FULL125_RAW_METRICS.tsv		outputs/paper1_data_refresh_20260710/PAPER1_7MODEL_RAW_SEED_METRICS.tsv
DLST-MDA	MDA	DLST-native	scaffold_cold	20	0.6654620632927197	0.6240826100305125	0.5685636856368563	0.396969696969697	0.1667679817192225	0.2878499942412478	0.2349932182963867	0.8159923667882576	0.8159923667882576			PASS		formal_runs/dlst_native_fixedfinal_fullmetric_20260623/06_metrics/DLST_NATIVE_FIXEDFINAL_FULL125_RAW_METRICS.tsv		outputs/paper1_data_refresh_20260710/PAPER1_7MODEL_RAW_SEED_METRICS.tsv
DLST-MDA	MDA	DLST-native	scaffold_cold	21	0.4617085486859198	0.4587682471821285	0.4735472679965308	0.1402266288951841	-0.0837762722043825	0.3965226066654684	0.3548019076420878	1.2299920471000387	1.2299920471000387			PASS		formal_runs/dlst_native_fixedfinal_fullmetric_20260623/06_metrics/DLST_NATIVE_FIXEDFINAL_FULL125_RAW_METRICS.tsv		outputs/paper1_data_refresh_20260710/PAPER1_7MODEL_RAW_SEED_METRICS.tsv
DLST-MDA	MDA	DLST-native	scaffold_cold	22	0.6397813744341323	0.558791242168501	0.4673151750972762	0.0352360817477096	-0.1470240036280483	0.3576310463312306	0.3609527144520381	1.0443842057427808	1.0443842057427808			PASS		formal_runs/dlst_native_fixedfinal_fullmetric_20260623/06_metrics/DLST_NATIVE_FIXEDFINAL_FULL125_RAW_METRICS.tsv		outputs/paper1_data_refresh_20260710/PAPER1_7MODEL_RAW_SEED_METRICS.tsv
DLST-MDA	MDA	DLST-native	scaffold_cold	23	0.6984573111661545	0.6338583573191121	0.5250121418164158	0.185	0.0907583397699277	0.3039827907020964	0.2778760456590224	0.8605666005308018	0.8605666005308018			PASS		formal_runs/dlst_native_fixedfinal_fullmetric_20260623/06_metrics/DLST_NATIVE_FIXEDFINAL_FULL125_RAW_METRICS.tsv		outputs/paper1_data_refresh_20260710/PAPER1_7MODEL_RAW_SEED_METRICS.tsv
DLST-MDA	MDA	DLST-native	scaffold_cold	24	0.5390915239563887	0.5885571126870649	0.590990990990991	0.4692127825409197	0.2048172239989219	0.3233865205051048	0.2442610774474504	1.0018628655991495	1.0018628655991495			PASS		formal_runs/dlst_native_fixedfinal_fullmetric_20260623/06_metrics/DLST_NATIVE_FIXEDFINAL_FULL125_RAW_METRICS.tsv		outputs/paper1_data_refresh_20260710/PAPER1_7MODEL_RAW_SEED_METRICS.tsv
DLST-MDA	MDA	DLST-native	strict_cold	0	0.58175310181182	0.5301910827914137	0.4663677130044843	0.1185185185185185	-0.1095357489916002	0.3601530630266895	0.3488917724049813	1.0135413468023704	1.0135413468023704			PASS		formal_runs/dlst_native_fixedfinal_fullmetric_20260623/06_metrics/DLST_NATIVE_FIXEDFINAL_FULL125_RAW_METRICS.tsv		outputs/paper1_data_refresh_20260710/PAPER1_7MODEL_RAW_SEED_METRICS.tsv
DLST-MDA	MDA	DLST-native	strict_cold	1	0.5524356139438086	0.5001574304388263	0.4959677419354839	0.1776315789473684	-0.0127411797859406	0.3635934373121002	0.3287505714312916	1.0268096168641698	1.0268096168641698			PASS		formal_runs/dlst_native_fixedfinal_fullmetric_20260623/06_metrics/DLST_NATIVE_FIXEDFINAL_FULL125_RAW_METRICS.tsv		outputs/paper1_data_refresh_20260710/PAPER1_7MODEL_RAW_SEED_METRICS.tsv
DLST-MDA	MDA	DLST-native	strict_cold	2	0.5743939613877196	0.5520293543653738	0.5220883534136547	0.45662100456621	0.045517934166458	0.2818487968831172	0.1921843105336149	0.7750689451577385	0.7750689451577385			PASS		formal_runs/dlst_native_fixedfinal_fullmetric_20260623/06_metrics/DLST_NATIVE_FIXEDFINAL_FULL125_RAW_METRICS.tsv		outputs/paper1_data_refresh_20260710/PAPER1_7MODEL_RAW_SEED_METRICS.tsv
DLST-MDA	MDA	DLST-native	strict_cold	3	0.6776438442791901	0.6383725576904831	0.5397236614853195	0.2566248256624825	0.1226078290263802	0.3260592442552488	0.2995443320304351	1.004206804718486	1.004206804718486			PASS		formal_runs/dlst_native_fixedfinal_fullmetric_20260623/06_metrics/DLST_NATIVE_FIXEDFINAL_FULL125_RAW_METRICS.tsv		outputs/paper1_data_refresh_20260710/PAPER1_7MODEL_RAW_SEED_METRICS.tsv
DLST-MDA	MDA	DLST-native	strict_cold	4	0.4197293257713806	0.4358377616842656	0.4434389140271493	0.0120481927710843	-0.2321992552397303	0.4460886453701812	0.4415787793748603	1.4765418228440417	1.4765418228440417			PASS		formal_runs/dlst_native_fixedfinal_fullmetric_20260623/06_metrics/DLST_NATIVE_FIXEDFINAL_FULL125_RAW_METRICS.tsv		outputs/paper1_data_refresh_20260710/PAPER1_7MODEL_RAW_SEED_METRICS.tsv
DLST-MDA	MDA	DLST-native	strict_cold	5	0.4374710820278935	0.4872250866336436	0.4451219512195122	0.1547987616099071	-0.1510408264247325	0.3980189451431007	0.3908895737514263	1.1403148373657248	1.1403148373657248			PASS		formal_runs/dlst_native_fixedfinal_fullmetric_20260623/06_metrics/DLST_NATIVE_FIXEDFINAL_FULL125_RAW_METRICS.tsv		outputs/paper1_data_refresh_20260710/PAPER1_7MODEL_RAW_SEED_METRICS.tsv
DLST-MDA	MDA	DLST-native	strict_cold	6	0.588948439794893	0.5435177955738227	0.5038071065989848	0.1871101871101871	0.0121479394742247	0.3537544976060651	0.3325767153631754	1.057322659880107	1.057322659880107			PASS		formal_runs/dlst_native_fixedfinal_fullmetric_20260623/06_metrics/DLST_NATIVE_FIXEDFINAL_FULL125_RAW_METRICS.tsv		outputs/paper1_data_refresh_20260710/PAPER1_7MODEL_RAW_SEED_METRICS.tsv
DLST-MDA	MDA	DLST-native	strict_cold	7	0.7214675855757957	0.6722560961423625	0.660427807486631	0.6186186186186187	0.3288572335054213	0.2394854484598982	0.1571805527219598	0.7341181856342055	0.7341181856342055			PASS		formal_runs/dlst_native_fixedfinal_fullmetric_20260623/06_metrics/DLST_NATIVE_FIXEDFINAL_FULL125_RAW_METRICS.tsv		outputs/paper1_data_refresh_20260710/PAPER1_7MODEL_RAW_SEED_METRICS.tsv
DLST-MDA	MDA	DLST-native	strict_cold	8	0.5259800295857988	0.543964834169605	0.5288461538461539	0.1764705882352941	0.1115133765994993	0.3951701271455351	0.3597949229003391	1.3560823215001316	1.3560823215001316			PASS		formal_runs/dlst_native_fixedfinal_fullmetric_20260623/06_metrics/DLST_NATIVE_FIXEDFINAL_FULL125_RAW_METRICS.tsv		outputs/paper1_data_refresh_20260710/PAPER1_7MODEL_RAW_SEED_METRICS.tsv
DLST-MDA	MDA	DLST-native	strict_cold	9	0.6516213032426065	0.6127266090664231	0.484251968503937	0.1656050955414012	-0.0487950036474266	0.3160227274695851	0.3215541509777586	0.94734091194909	0.94734091194909			PASS		formal_runs/dlst_native_fixedfinal_fullmetric_20260623/06_metrics/DLST_NATIVE_FIXEDFINAL_FULL125_RAW_METRICS.tsv		outputs/paper1_data_refresh_20260710/PAPER1_7MODEL_RAW_SEED_METRICS.tsv
DLST-MDA	MDA	DLST-native	strict_cold	10	0.5814285714285715	0.5739500339669056	0.5642857142857143	0.2988505747126437	0.1968183075783129	0.3762119866625297	0.3480983748017544	1.3090050635101005	1.3090050635101005			PASS		formal_runs/dlst_native_fixedfinal_fullmetric_20260623/06_metrics/DLST_NATIVE_FIXEDFINAL_FULL125_RAW_METRICS.tsv		outputs/paper1_data_refresh_20260710/PAPER1_7MODEL_RAW_SEED_METRICS.tsv
DLST-MDA	MDA	DLST-native	strict_cold	11	0.6657192288680178	0.5950316885494352	0.5010504201680672	0.1441441441441441	0.0038078456188115	0.3591930493277679	0.3589688014777615	1.1183118596735535	1.1183118596735535			PASS		formal_runs/dlst_native_fixedfinal_fullmetric_20260623/06_metrics/DLST_NATIVE_FIXEDFINAL_FULL125_RAW_METRICS.tsv		outputs/paper1_data_refresh_20260710/PAPER1_7MODEL_RAW_SEED_METRICS.tsv
DLST-MDA	MDA	DLST-native	strict_cold	12	0.7089435351241287	0.7067996987017802	0.6504424778761062	0.5269461077844312	0.3527912569399912	0.2743734859043321	0.244251743729115	0.8655121629200374	0.8655121629200374			PASS		formal_runs/dlst_native_fixedfinal_fullmetric_20260623/06_metrics/DLST_NATIVE_FIXEDFINAL_FULL125_RAW_METRICS.tsv		outputs/paper1_data_refresh_20260710/PAPER1_7MODEL_RAW_SEED_METRICS.tsv
DLST-MDA	MDA	DLST-native	strict_cold	13	0.5785680529300568	0.5391714499266821	0.5258152173913043	0.2462203023758099	0.0769950461360026	0.3779891811114648	0.352924160495446	1.1776397192092445	1.1776397192092445			PASS		formal_runs/dlst_native_fixedfinal_fullmetric_20260623/06_metrics/DLST_NATIVE_FIXEDFINAL_FULL125_RAW_METRICS.tsv		outputs/paper1_data_refresh_20260710/PAPER1_7MODEL_RAW_SEED_METRICS.tsv
DLST-MDA	MDA	DLST-native	strict_cold	14	0.6430152747470741	0.5691058569980392	0.476056338028169	0.0106382978723404	-0.1413284718479225	0.4315617976176029	0.4441839511565287	1.4455550133340962	1.4455550133340962			PASS		formal_runs/dlst_native_fixedfinal_fullmetric_20260623/06_metrics/DLST_NATIVE_FIXEDFINAL_FULL125_RAW_METRICS.tsv		outputs/paper1_data_refresh_20260710/PAPER1_7MODEL_RAW_SEED_METRICS.tsv
DLST-MDA	MDA	DLST-native	strict_cold	15	0.5147445772393626	0.4730557439768658	0.4800285306704707	0.3655352480417754	-0.0428296807291705	0.2955712392429759	0.2053340305169027	0.7991962562308282	0.7991962562308282			PASS		formal_runs/dlst_native_fixedfinal_fullmetric_20260623/06_metrics/DLST_NATIVE_FIXEDFINAL_FULL125_RAW_METRICS.tsv		outputs/paper1_data_refresh_20260710/PAPER1_7MODEL_RAW_SEED_METRICS.tsv
DLST-MDA	MDA	DLST-native	strict_cold	16	0.6384318499432264	0.5803132650939782	0.5560747663551402	0.418960244648318	0.1272086791082083	0.2913359815603853	0.2247243101010098	0.8192128965266081	0.8192128965266081			PASS		formal_runs/dlst_native_fixedfinal_fullmetric_20260623/06_metrics/DLST_NATIVE_FIXEDFINAL_FULL125_RAW_METRICS.tsv		outputs/paper1_data_refresh_20260710/PAPER1_7MODEL_RAW_SEED_METRICS.tsv
DLST-MDA	MDA	DLST-native	strict_cold	17	0.7654628027681661	0.7472613348078425	0.7132352941176471	0.6422018348623854	0.4646696066980927	0.2528372411452468	0.2486627604384386	0.8287525546630445	0.8287525546630445			PASS		formal_runs/dlst_native_fixedfinal_fullmetric_20260623/06_metrics/DLST_NATIVE_FIXEDFINAL_FULL125_RAW_METRICS.tsv		outputs/paper1_data_refresh_20260710/PAPER1_7MODEL_RAW_SEED_METRICS.tsv
DLST-MDA	MDA	DLST-native	strict_cold	18	0.4807874936080065	0.496098803054215	0.5042735042735043	0.064516129032258	0.0250863831692822	0.4150903292664116	0.4073195161982479	1.3465145379978367	1.3465145379978367			PASS		formal_runs/dlst_native_fixedfinal_fullmetric_20260623/06_metrics/DLST_NATIVE_FIXEDFINAL_FULL125_RAW_METRICS.tsv		outputs/paper1_data_refresh_20260710/PAPER1_7MODEL_RAW_SEED_METRICS.tsv
DLST-MDA	MDA	DLST-native	strict_cold	19	0.5828188928566265	0.5495188384360657	0.6007604562737643	0.5643153526970954	0.2044017569283355	0.2953279125116149	0.175423819548716	0.9486141305302382	0.9486141305302382			PASS		formal_runs/dlst_native_fixedfinal_fullmetric_20260623/06_metrics/DLST_NATIVE_FIXEDFINAL_FULL125_RAW_METRICS.tsv		outputs/paper1_data_refresh_20260710/PAPER1_7MODEL_RAW_SEED_METRICS.tsv
DLST-MDA	MDA	DLST-native	strict_cold	20	0.5092065070218013	0.5399814805614012	0.4923273657289002	0.279491833030853	-0.0190193673502865	0.3378012835528154	0.2802506190798509	0.9874743848476434	0.9874743848476434			PASS		formal_runs/dlst_native_fixedfinal_fullmetric_20260623/06_metrics/DLST_NATIVE_FIXEDFINAL_FULL125_RAW_METRICS.tsv		outputs/paper1_data_refresh_20260710/PAPER1_7MODEL_RAW_SEED_METRICS.tsv
DLST-MDA	MDA	DLST-native	strict_cold	21	0.6358967576979877	0.606934360431062	0.5993740219092332	0.5169811320754717	0.2114327517505748	0.2887724197306477	0.2087740217541753	0.8748288810062244	0.8748288810062244			PASS		formal_runs/dlst_native_fixedfinal_fullmetric_20260623/06_metrics/DLST_NATIVE_FIXEDFINAL_FULL125_RAW_METRICS.tsv		outputs/paper1_data_refresh_20260710/PAPER1_7MODEL_RAW_SEED_METRICS.tsv
DLST-MDA	MDA	DLST-native	strict_cold	22	0.6734491577507419	0.6137769008960635	0.5681233933161953	0.4473684210526316	0.1514774230464113	0.2689296495058638	0.2090453530199691	0.7674314777724625	0.7674314777724625			PASS		formal_runs/dlst_native_fixedfinal_fullmetric_20260623/06_metrics/DLST_NATIVE_FIXEDFINAL_FULL125_RAW_METRICS.tsv		outputs/paper1_data_refresh_20260710/PAPER1_7MODEL_RAW_SEED_METRICS.tsv
DLST-MDA	MDA	DLST-native	strict_cold	23	0.4806881430258053	0.4989546924181224	0.5357142857142857	0.2885572139303483	0.0993169793894458	0.386200663837248	0.3451608721967141	1.217539812435139	1.217539812435139			PASS		formal_runs/dlst_native_fixedfinal_fullmetric_20260623/06_metrics/DLST_NATIVE_FIXEDFINAL_FULL125_RAW_METRICS.tsv		outputs/paper1_data_refresh_20260710/PAPER1_7MODEL_RAW_SEED_METRICS.tsv
DLST-MDA	MDA	DLST-native	strict_cold	24	0.453145524488647	0.4785526452286862	0.5205479452054794	0.3203883495145631	0.0508547627715607	0.37265338521329	0.3051991559196684	1.2299734381872651	1.2299734381872651			PASS		formal_runs/dlst_native_fixedfinal_fullmetric_20260623/06_metrics/DLST_NATIVE_FIXEDFINAL_FULL125_RAW_METRICS.tsv		outputs/paper1_data_refresh_20260710/PAPER1_7MODEL_RAW_SEED_METRICS.tsv
MPHGNN	MDA	native	random	0	0.948281707690666	0.946254330848598	0.8812615955473099	0.8863232682060391	0.765564920650563	0.0904503006614403	0.0426623787566136	0.3005624161141184				PASS	result/B-dataset/audit_adapted_fixedtest_random_seed0/audit_predictions/MPHGNN_STRICT_random_seed0_predictions.tsv	formal_runs/native_mda_audit_20260601/MPHGNN_STRICT_FORMAL_GUARD_20260614/table_exports/MPHGNN_ADAPTED_FIXEDTEST_E10_FULL25_raw_metrics.tsv	loss unavailable; not imputed	outputs/paper1_data_refresh_20260710/PAPER1_7MODEL_RAW_SEED_METRICS.tsv
MPHGNN	MDA	native	random	1	0.947877261884683	0.9464827325870422	0.87569573283859	0.877848678213309	0.7518587389100656	0.0897437354444027	0.0153411896784601	0.2933245271499678				PASS	result/B-dataset/audit_adapted_fixedtest_random_seed1/audit_predictions/MPHGNN_STRICT_random_seed1_predictions.tsv	formal_runs/native_mda_audit_20260601/MPHGNN_STRICT_FORMAL_GUARD_20260614/table_exports/MPHGNN_ADAPTED_FIXEDTEST_E10_FULL25_raw_metrics.tsv	loss unavailable; not imputed	outputs/paper1_data_refresh_20260710/PAPER1_7MODEL_RAW_SEED_METRICS.tsv
MPHGNN	MDA	native	random	2	0.9505440226351968	0.9487462926243864	0.8794063079777366	0.8816029143897997	0.759335536561504	0.0875160166035718	0.0227567409034263	0.289871696434425				PASS	result/B-dataset/audit_adapted_fixedtest_random_seed2/audit_predictions/MPHGNN_STRICT_random_seed2_predictions.tsv	formal_runs/native_mda_audit_20260601/MPHGNN_STRICT_FORMAL_GUARD_20260614/table_exports/MPHGNN_ADAPTED_FIXEDTEST_E10_FULL25_raw_metrics.tsv	loss unavailable; not imputed	outputs/paper1_data_refresh_20260710/PAPER1_7MODEL_RAW_SEED_METRICS.tsv
MPHGNN	MDA	native	random	3	0.9496378919251964	0.9475715758686996	0.884508348794063	0.8871771635704577	0.7698787593635529	0.0867901872548919	0.0202134475203214	0.2895856443957299				PASS	result/B-dataset/audit_adapted_fixedtest_random_seed3/audit_predictions/MPHGNN_STRICT_random_seed3_predictions.tsv	formal_runs/native_mda_audit_20260601/MPHGNN_STRICT_FORMAL_GUARD_20260614/table_exports/MPHGNN_ADAPTED_FIXEDTEST_E10_FULL25_raw_metrics.tsv	loss unavailable; not imputed	outputs/paper1_data_refresh_20260710/PAPER1_7MODEL_RAW_SEED_METRICS.tsv
MPHGNN	MDA	native	random	4	0.9510525917231456	0.9493732825303346	0.8812615955473099	0.8809302325581395	0.76253500240632	0.0865948745010952	0.0223166529875232	0.2839671325470991				PASS	result/B-dataset/audit_adapted_fixedtest_random_seed4/audit_predictions/MPHGNN_STRICT_random_seed4_predictions.tsv	formal_runs/native_mda_audit_20260601/MPHGNN_STRICT_FORMAL_GUARD_20260614/table_exports/MPHGNN_ADAPTED_FIXEDTEST_E10_FULL25_raw_metrics.tsv	loss unavailable; not imputed	outputs/paper1_data_refresh_20260710/PAPER1_7MODEL_RAW_SEED_METRICS.tsv
MPHGNN	MDA	native	random	5	0.9484477886280164	0.9461600871349168	0.87708719851577	0.8752941176470588	0.7544864275812223	0.0904960400335104	0.0330771579982914	0.2953829062271144				PASS	result/B-dataset/audit_adapted_fixedtest_random_seed5/audit_predictions/MPHGNN_STRICT_random_seed5_predictions.tsv	formal_runs/native_mda_audit_20260601/MPHGNN_STRICT_FORMAL_GUARD_20260614/table_exports/MPHGNN_ADAPTED_FIXEDTEST_E10_FULL25_raw_metrics.tsv	loss unavailable; not imputed	outputs/paper1_data_refresh_20260710/PAPER1_7MODEL_RAW_SEED_METRICS.tsv
MPHGNN	MDA	native	random	6	0.9501318321222908	0.9488915702839296	0.864100185528757	0.8555938886150813	0.7333070744943381	0.0983476532646182	0.0668024469421261	0.3156922391897416				PASS	result/B-dataset/audit_adapted_fixedtest_random_seed6/audit_predictions/MPHGNN_STRICT_random_seed6_predictions.tsv	formal_runs/native_mda_audit_20260601/MPHGNN_STRICT_FORMAL_GUARD_20260614/table_exports/MPHGNN_ADAPTED_FIXEDTEST_E10_FULL25_raw_metrics.tsv	loss unavailable; not imputed	outputs/paper1_data_refresh_20260710/PAPER1_7MODEL_RAW_SEED_METRICS.tsv
MPHGNN	MDA	native	random	7	0.9517444522082742	0.950234935686168	0.8863636363636364	0.889689329131022	0.7741358206934704	0.0858097521179625	0.0348123092159947	0.2883101681696715				PASS	result/B-dataset/audit_adapted_fixedtest_random_seed7/audit_predictions/MPHGNN_STRICT_random_seed7_predictions.tsv	formal_runs/native_mda_audit_20260601/MPHGNN_STRICT_FORMAL_GUARD_20260614/table_exports/MPHGNN_ADAPTED_FIXEDTEST_E10_FULL25_raw_metrics.tsv	loss unavailable; not imputed	outputs/paper1_data_refresh_20260710/PAPER1_7MODEL_RAW_SEED_METRICS.tsv
MPHGNN	MDA	native	random	8	0.949248075010068	0.9469228123556904	0.87291280148423	0.8697718631178707	0.7466948338999209	0.0919522229488717	0.0439618396050249	0.2991151589579727				PASS	result/B-dataset/audit_adapted_fixedtest_random_seed8/audit_predictions/MPHGNN_STRICT_random_seed8_predictions.tsv	formal_runs/native_mda_audit_20260601/MPHGNN_STRICT_FORMAL_GUARD_20260614/table_exports/MPHGNN_ADAPTED_FIXEDTEST_E10_FULL25_raw_metrics.tsv	loss unavailable; not imputed	outputs/paper1_data_refresh_20260710/PAPER1_7MODEL_RAW_SEED_METRICS.tsv
MPHGNN	MDA	native	random	9	0.9500475008691284	0.9480601996158592	0.8798701298701299	0.8802588996763754	0.7597562777088628	0.0872156836274796	0.0207755117246696	0.2863835519814844				PASS	result/B-dataset/audit_adapted_fixedtest_random_seed9/audit_predictions/MPHGNN_STRICT_random_seed9_predictions.tsv	formal_runs/native_mda_audit_20260601/MPHGNN_STRICT_FORMAL_GUARD_20260614/table_exports/MPHGNN_ADAPTED_FIXEDTEST_E10_FULL25_raw_metrics.tsv	loss unavailable; not imputed	outputs/paper1_data_refresh_20260710/PAPER1_7MODEL_RAW_SEED_METRICS.tsv
MPHGNN	MDA	native	random	10	0.9503985942496412	0.9493295760375796	0.8854359925788498	0.8857010643220731	0.770880277204824	0.0871848243588584	0.027884755230948	0.286711189718334				PASS	result/B-dataset/audit_adapted_fixedtest_random_seed10/audit_predictions/MPHGNN_STRICT_random_seed10_predictions.tsv	formal_runs/native_mda_audit_20260601/MPHGNN_STRICT_FORMAL_GUARD_20260614/table_exports/MPHGNN_ADAPTED_FIXEDTEST_E10_FULL25_raw_metrics.tsv	loss unavailable; not imputed	outputs/paper1_data_refresh_20260710/PAPER1_7MODEL_RAW_SEED_METRICS.tsv
MPHGNN	MDA	native	random	11	0.9503056577665644	0.9489074208235307	0.8812615955473099	0.8840579710144928	0.7634118824200683	0.0874842374052296	0.0204926398151328	0.2860960356608696				PASS	result/B-dataset/audit_adapted_fixedtest_random_seed11/audit_predictions/MPHGNN_STRICT_random_seed11_predictions.tsv	formal_runs/native_mda_audit_20260601/MPHGNN_STRICT_FORMAL_GUARD_20260614/table_exports/MPHGNN_ADAPTED_FIXEDTEST_E10_FULL25_raw_metrics.tsv	loss unavailable; not imputed	outputs/paper1_data_refresh_20260710/PAPER1_7MODEL_RAW_SEED_METRICS.tsv
MPHGNN	MDA	native	random	12	0.9490295021702392	0.9468637247767592	0.8835807050092764	0.8876957494407159	0.7692297742853107	0.0887334876447934	0.0371332648488846	0.2972502603803075				PASS	result/B-dataset/audit_adapted_fixedtest_random_seed12/audit_predictions/MPHGNN_STRICT_random_seed12_predictions.tsv	formal_runs/native_mda_audit_20260601/MPHGNN_STRICT_FORMAL_GUARD_20260614/table_exports/MPHGNN_ADAPTED_FIXEDTEST_E10_FULL25_raw_metrics.tsv	loss unavailable; not imputed	outputs/paper1_data_refresh_20260710/PAPER1_7MODEL_RAW_SEED_METRICS.tsv
MPHGNN	MDA	native	random	13	0.9460770477865628	0.9446131517745444	0.8692022263450835	0.8666035950804163	0.7389655266935515	0.0941294380730004	0.0320540256681366	0.3024780015060293				PASS	result/B-dataset/audit_adapted_fixedtest_random_seed13/audit_predictions/MPHGNN_STRICT_random_seed13_predictions.tsv	formal_runs/native_mda_audit_20260601/MPHGNN_STRICT_FORMAL_GUARD_20260614/table_exports/MPHGNN_ADAPTED_FIXEDTEST_E10_FULL25_raw_metrics.tsv	loss unavailable; not imputed	outputs/paper1_data_refresh_20260710/PAPER1_7MODEL_RAW_SEED_METRICS.tsv
MPHGNN	MDA	native	random	14	0.9508589740500688	0.9493321540086778	0.8817254174397031	0.8839326354119252	0.7640036154261319	0.0869279684948554	0.0295941269155931	0.2905845775864092				PASS	result/B-dataset/audit_adapted_fixedtest_random_seed14/audit_predictions/MPHGNN_STRICT_random_seed14_predictions.tsv	formal_runs/native_mda_audit_20260601/MPHGNN_STRICT_FORMAL_GUARD_20260614/table_exports/MPHGNN_ADAPTED_FIXEDTEST_E10_FULL25_raw_metrics.tsv	loss unavailable; not imputed	outputs/paper1_data_refresh_20260710/PAPER1_7MODEL_RAW_SEED_METRICS.tsv
MPHGNN	MDA	native	random	15	0.9503581496690428	0.9482393076983286	0.8724489795918368	0.8673420164013507	0.7471157553985993	0.0928031868403068	0.0482083640369311	0.2994823235563876				PASS	result/B-dataset/audit_adapted_fixedtest_random_seed15/audit_predictions/MPHGNN_STRICT_random_seed15_predictions.tsv	formal_runs/native_mda_audit_20260601/MPHGNN_STRICT_FORMAL_GUARD_20260614/table_exports/MPHGNN_ADAPTED_FIXEDTEST_E10_FULL25_raw_metrics.tsv	loss unavailable; not imputed	outputs/paper1_data_refresh_20260710/PAPER1_7MODEL_RAW_SEED_METRICS.tsv
MPHGNN	MDA	native	random	16	0.9500079168115214	0.9476977089056507	0.8794063079777366	0.8818181818181818	0.7594454873048131	0.0878019918414377	0.0296991629585306	0.2926067455214508				PASS	result/B-dataset/audit_adapted_fixedtest_random_seed16/audit_predictions/MPHGNN_STRICT_random_seed16_predictions.tsv	formal_runs/native_mda_audit_20260601/MPHGNN_STRICT_FORMAL_GUARD_20260614/table_exports/MPHGNN_ADAPTED_FIXEDTEST_E10_FULL25_raw_metrics.tsv	loss unavailable; not imputed	outputs/paper1_data_refresh_20260710/PAPER1_7MODEL_RAW_SEED_METRICS.tsv
MPHGNN	MDA	native	random	17	0.9513942193507524	0.949914936619371	0.8868274582560297	0.8886861313868614	0.7740866822891117	0.0855704542990988	0.0269780029799872	0.2910146702607842				PASS	result/B-dataset/audit_adapted_fixedtest_random_seed17/audit_predictions/MPHGNN_STRICT_random_seed17_predictions.tsv	formal_runs/native_mda_audit_20260601/MPHGNN_STRICT_FORMAL_GUARD_20260614/table_exports/MPHGNN_ADAPTED_FIXEDTEST_E10_FULL25_raw_metrics.tsv	loss unavailable; not imputed	outputs/paper1_data_refresh_20260710/PAPER1_7MODEL_RAW_SEED_METRICS.tsv
MPHGNN	MDA	native	random	18	0.9502333738352822	0.9487300504025012	0.8673469387755102	0.8778821520068317	0.7458804384263522	0.0988419611942653	0.088600572471201	0.3434686578307218				PASS	result/B-dataset/audit_adapted_fixedtest_random_seed18/audit_predictions/MPHGNN_STRICT_random_seed18_predictions.tsv	formal_runs/native_mda_audit_20260601/MPHGNN_STRICT_FORMAL_GUARD_20260614/table_exports/MPHGNN_ADAPTED_FIXEDTEST_E10_FULL25_raw_metrics.tsv	loss unavailable; not imputed	outputs/paper1_data_refresh_20260710/PAPER1_7MODEL_RAW_SEED_METRICS.tsv
MPHGNN	MDA	native	random	19	0.944995370386306	0.9412290454991352	0.8733766233766234	0.8775235531628535	0.7484713613911054	0.0916745404251735	0.0332192996206238	0.3062523394631935				PASS	result/B-dataset/audit_adapted_fixedtest_random_seed19/audit_predictions/MPHGNN_STRICT_random_seed19_predictions.tsv	formal_runs/native_mda_audit_20260601/MPHGNN_STRICT_FORMAL_GUARD_20260614/table_exports/MPHGNN_ADAPTED_FIXEDTEST_E10_FULL25_raw_metrics.tsv	loss unavailable; not imputed	outputs/paper1_data_refresh_20260710/PAPER1_7MODEL_RAW_SEED_METRICS.tsv
MPHGNN	MDA	native	random	20	0.9514630611900688	0.9503163065316728	0.8752319109461967	0.8724513987671882	0.7511781169754498	0.0889956895748174	0.035947165194437	0.2906104392216032				PASS	result/B-dataset/audit_adapted_fixedtest_random_seed20/audit_predictions/MPHGNN_STRICT_random_seed20_predictions.tsv	formal_runs/native_mda_audit_20260601/MPHGNN_STRICT_FORMAL_GUARD_20260614/table_exports/MPHGNN_ADAPTED_FIXEDTEST_E10_FULL25_raw_metrics.tsv	loss unavailable; not imputed	outputs/paper1_data_refresh_20260710/PAPER1_7MODEL_RAW_SEED_METRICS.tsv
MPHGNN	MDA	native	random	21	0.9479504063389566	0.94642081913747	0.87708719851577	0.8756452369779447	0.7543772865023315	0.0898150304906955	0.0284038759072109	0.2937386591278529				PASS	result/B-dataset/audit_adapted_fixedtest_random_seed21/audit_predictions/MPHGNN_STRICT_random_seed21_predictions.tsv	formal_runs/native_mda_audit_20260601/MPHGNN_STRICT_FORMAL_GUARD_20260614/table_exports/MPHGNN_ADAPTED_FIXEDTEST_E10_FULL25_raw_metrics.tsv	loss unavailable; not imputed	outputs/paper1_data_refresh_20260710/PAPER1_7MODEL_RAW_SEED_METRICS.tsv
MPHGNN	MDA	native	random	22	0.9463214363161356	0.9438306525096252	0.8761595547309833	0.8739971684756961	0.7527626383880033	0.09229477301357	0.0303484387369653	0.2997269296999073				PASS	result/B-dataset/audit_adapted_fixedtest_random_seed22/audit_predictions/MPHGNN_STRICT_random_seed22_predictions.tsv	formal_runs/native_mda_audit_20260601/MPHGNN_STRICT_FORMAL_GUARD_20260614/table_exports/MPHGNN_ADAPTED_FIXEDTEST_E10_FULL25_raw_metrics.tsv	loss unavailable; not imputed	outputs/paper1_data_refresh_20260710/PAPER1_7MODEL_RAW_SEED_METRICS.tsv
MPHGNN	MDA	native	random	23	0.9491895594466492	0.9473532904287064	0.8803339517625232	0.8827272727272727	0.7613023222370987	0.0875718007931859	0.0249726106059574	0.2885398199322256				PASS	result/B-dataset/audit_adapted_fixedtest_random_seed23/audit_predictions/MPHGNN_STRICT_random_seed23_predictions.tsv	formal_runs/native_mda_audit_20260601/MPHGNN_STRICT_FORMAL_GUARD_20260614/table_exports/MPHGNN_ADAPTED_FIXEDTEST_E10_FULL25_raw_metrics.tsv	loss unavailable; not imputed	outputs/paper1_data_refresh_20260710/PAPER1_7MODEL_RAW_SEED_METRICS.tsv
MPHGNN	MDA	native	random	24	0.9488100688074184	0.9475628032261856	0.8724489795918368	0.8698532891623284	0.7454912734802708	0.0915567719933928	0.0316805588020733	0.2956245142865044				PASS	result/B-dataset/audit_adapted_fixedtest_random_seed24/audit_predictions/MPHGNN_STRICT_random_seed24_predictions.tsv	formal_runs/native_mda_audit_20260601/MPHGNN_STRICT_FORMAL_GUARD_20260614/table_exports/MPHGNN_ADAPTED_FIXEDTEST_E10_FULL25_raw_metrics.tsv	loss unavailable; not imputed	outputs/paper1_data_refresh_20260710/PAPER1_7MODEL_RAW_SEED_METRICS.tsv
MPHGNN	MDA	native	mirna_cold	0	0.9259302126200276	0.9290961390922328	0.5990740740740741	0.3358895705521472	0.3249653736889706	0.3105101891789789	0.3678492813877878	1.1058464331205082				PASS	result/B-dataset/audit_adapted_fixedtest_mirna_cold_seed0/audit_predictions/MPHGNN_STRICT_mirna_cold_seed0_predictions.tsv	formal_runs/native_mda_audit_20260601/MPHGNN_STRICT_FORMAL_GUARD_20260614/table_exports/MPHGNN_ADAPTED_FIXEDTEST_E10_FULL25_raw_metrics.tsv	loss unavailable; not imputed	outputs/paper1_data_refresh_20260710/PAPER1_7MODEL_RAW_SEED_METRICS.tsv
MPHGNN	MDA	native	mirna_cold	1	0.9248911179698216	0.92894146960929	0.6523148148148148	0.4737210932025227	0.4147938021218279	0.2757871366256047	0.3307017975844179	1.0473028106721198				PASS	result/B-dataset/audit_adapted_fixedtest_mirna_cold_seed1/audit_predictions/MPHGNN_STRICT_mirna_cold_seed1_predictions.tsv	formal_runs/native_mda_audit_20260601/MPHGNN_STRICT_FORMAL_GUARD_20260614/table_exports/MPHGNN_ADAPTED_FIXEDTEST_E10_FULL25_raw_metrics.tsv	loss unavailable; not imputed	outputs/paper1_data_refresh_20260710/PAPER1_7MODEL_RAW_SEED_METRICS.tsv
MPHGNN	MDA	native	mirna_cold	2	0.922994684499314	0.9271897712434244	0.5416666666666666	0.1538461538461538	0.2085144140570747	0.3636342459167482	0.4107840192463671	1.435794418269487				PASS	result/B-dataset/audit_adapted_fixedtest_mirna_cold_seed2/audit_predictions/MPHGNN_STRICT_mirna_cold_seed2_predictions.tsv	formal_runs/native_mda_audit_20260601/MPHGNN_STRICT_FORMAL_GUARD_20260614/table_exports/MPHGNN_ADAPTED_FIXEDTEST_E10_FULL25_raw_metrics.tsv	loss unavailable; not imputed	outputs/paper1_data_refresh_20260710/PAPER1_7MODEL_RAW_SEED_METRICS.tsv
MPHGNN	MDA	native	mirna_cold	3	0.925031721536351	0.9286297882483572	0.5388888888888889	0.1443298969072165	0.2011527472983273	0.3587874344682727	0.4075602748545389	1.3574947309425516				PASS	result/B-dataset/audit_adapted_fixedtest_mirna_cold_seed3/audit_predictions/MPHGNN_STRICT_mirna_cold_seed3_predictions.tsv	formal_runs/native_mda_audit_20260601/MPHGNN_STRICT_FORMAL_GUARD_20260614/table_exports/MPHGNN_ADAPTED_FIXEDTEST_E10_FULL25_raw_metrics.tsv	loss unavailable; not imputed	outputs/paper1_data_refresh_20260710/PAPER1_7MODEL_RAW_SEED_METRICS.tsv
MPHGNN	MDA	native	mirna_cold	4	0.9226946159122086	0.9266667459512244	0.5337962962962963	0.1266261925411968	0.1870252334558345	0.3925589169527297	0.4328583196954023	1.55301135664095				PASS	result/B-dataset/audit_adapted_fixedtest_mirna_cold_seed4/audit_predictions/MPHGNN_STRICT_mirna_cold_seed4_predictions.tsv	formal_runs/native_mda_audit_20260601/MPHGNN_STRICT_FORMAL_GUARD_20260614/table_exports/MPHGNN_ADAPTED_FIXEDTEST_E10_FULL25_raw_metrics.tsv	loss unavailable; not imputed	outputs/paper1_data_refresh_20260710/PAPER1_7MODEL_RAW_SEED_METRICS.tsv
MPHGNN	MDA	native	mirna_cold	5	0.921659807956104	0.9272368357568116	0.5300925925925926	0.1135371179039301	0.1761427063017187	0.3514402168253948	0.4043023147012178	1.2544209282334688				PASS	result/B-dataset/audit_adapted_fixedtest_mirna_cold_seed5/audit_predictions/MPHGNN_STRICT_mirna_cold_seed5_predictions.tsv	formal_runs/native_mda_audit_20260601/MPHGNN_STRICT_FORMAL_GUARD_20260614/table_exports/MPHGNN_ADAPTED_FIXEDTEST_E10_FULL25_raw_metrics.tsv	loss unavailable; not imputed	outputs/paper1_data_refresh_20260710/PAPER1_7MODEL_RAW_SEED_METRICS.tsv
MPHGNN	MDA	native	mirna_cold	6	0.9210879629629628	0.9246454983347248	0.600925925925926	0.3409785932721713	0.3284622844467052	0.3005332609338139	0.3573399948108797	1.0899071360806318				PASS	result/B-dataset/audit_adapted_fixedtest_mirna_cold_seed6/audit_predictions/MPHGNN_STRICT_mirna_cold_seed6_predictions.tsv	formal_runs/native_mda_audit_20260601/MPHGNN_STRICT_FORMAL_GUARD_20260614/table_exports/MPHGNN_ADAPTED_FIXEDTEST_E10_FULL25_raw_metrics.tsv	loss unavailable; not imputed	outputs/paper1_data_refresh_20260710/PAPER1_7MODEL_RAW_SEED_METRICS.tsv
MPHGNN	MDA	native	mirna_cold	7	0.9240800754458164	0.9276280812645064	0.500462962962963	0.001850138760407	0.0215215565641295	0.4341772683111366	0.4620879201043728	1.7821363918697373				PASS	result/B-dataset/audit_adapted_fixedtest_mirna_cold_seed7/audit_predictions/MPHGNN_STRICT_mirna_cold_seed7_predictions.tsv	formal_runs/native_mda_audit_20260601/MPHGNN_STRICT_FORMAL_GUARD_20260614/table_exports/MPHGNN_ADAPTED_FIXEDTEST_E10_FULL25_raw_metrics.tsv	loss unavailable; not imputed	outputs/paper1_data_refresh_20260710/PAPER1_7MODEL_RAW_SEED_METRICS.tsv
MPHGNN	MDA	native	mirna_cold	8	0.9239737654320987	0.9281137068562187	0.5365740740740741	0.1363244176013804	0.194839723927598	0.3842628023446899	0.426480810856066	1.5386557598095083				PASS	result/B-dataset/audit_adapted_fixedtest_mirna_cold_seed8/audit_predictions/MPHGNN_STRICT_mirna_cold_seed8_predictions.tsv	formal_runs/native_mda_audit_20260601/MPHGNN_STRICT_FORMAL_GUARD_20260614/table_exports/MPHGNN_ADAPTED_FIXEDTEST_E10_FULL25_raw_metrics.tsv	loss unavailable; not imputed	outputs/paper1_data_refresh_20260710/PAPER1_7MODEL_RAW_SEED_METRICS.tsv
MPHGNN	MDA	native	mirna_cold	9	0.924423868312757	0.928907969013264	0.5009259259259259	0.0036968576709796	0.0304431282773991	0.4239360280581045	0.4554596341181287	1.6525560401265469				PASS	result/B-dataset/audit_adapted_fixedtest_mirna_cold_seed9/audit_predictions/MPHGNN_STRICT_mirna_cold_seed9_predictions.tsv	formal_runs/native_mda_audit_20260601/MPHGNN_STRICT_FORMAL_GUARD_20260614/table_exports/MPHGNN_ADAPTED_FIXEDTEST_E10_FULL25_raw_metrics.tsv	loss unavailable; not imputed	outputs/paper1_data_refresh_20260710/PAPER1_7MODEL_RAW_SEED_METRICS.tsv
MPHGNN	MDA	native	mirna_cold	10	0.9245250342935528	0.9283604629262218	0.5388888888888889	0.1443298969072165	0.2011527472983273	0.3563184526684035	0.4056791357644283	1.3494624509195374				PASS	result/B-dataset/audit_adapted_fixedtest_mirna_cold_seed10/audit_predictions/MPHGNN_STRICT_mirna_cold_seed10_predictions.tsv	formal_runs/native_mda_audit_20260601/MPHGNN_STRICT_FORMAL_GUARD_20260614/table_exports/MPHGNN_ADAPTED_FIXEDTEST_E10_FULL25_raw_metrics.tsv	loss unavailable; not imputed	outputs/paper1_data_refresh_20260710/PAPER1_7MODEL_RAW_SEED_METRICS.tsv
MPHGNN	MDA	native	mirna_cold	11	0.9236256858710562	0.9275876038109668	0.5675925925925925	0.240650406504065	0.2658944041579678	0.3369068469000732	0.3873193904910564	1.2660161316984508				PASS	result/B-dataset/audit_adapted_fixedtest_mirna_cold_seed11/audit_predictions/MPHGNN_STRICT_mirna_cold_seed11_predictions.tsv	formal_runs/native_mda_audit_20260601/MPHGNN_STRICT_FORMAL_GUARD_20260614/table_exports/MPHGNN_ADAPTED_FIXEDTEST_E10_FULL25_raw_metrics.tsv	loss unavailable; not imputed	outputs/paper1_data_refresh_20260710/PAPER1_7MODEL_RAW_SEED_METRICS.tsv
MPHGNN	MDA	native	mirna_cold	12	0.9254646776406036	0.9288876135895764	0.5291666666666667	0.1102362204724409	0.1733289313846238	0.3927867545208043	0.4337282774367244	1.487929549261166				PASS	result/B-dataset/audit_adapted_fixedtest_mirna_cold_seed12/audit_predictions/MPHGNN_STRICT_mirna_cold_seed12_predictions.tsv	formal_runs/native_mda_audit_20260601/MPHGNN_STRICT_FORMAL_GUARD_20260614/table_exports/MPHGNN_ADAPTED_FIXEDTEST_E10_FULL25_raw_metrics.tsv	loss unavailable; not imputed	outputs/paper1_data_refresh_20260710/PAPER1_7MODEL_RAW_SEED_METRICS.tsv
MPHGNN	MDA	native	mirna_cold	13	0.918136145404664	0.9234196500069516	0.5365740740740741	0.1363244176013804	0.194839723927598	0.3849897460169555	0.4275936567044718	1.4919587055982393				PASS	result/B-dataset/audit_adapted_fixedtest_mirna_cold_seed13/audit_predictions/MPHGNN_STRICT_mirna_cold_seed13_predictions.tsv	formal_runs/native_mda_audit_20260601/MPHGNN_STRICT_FORMAL_GUARD_20260614/table_exports/MPHGNN_ADAPTED_FIXEDTEST_E10_FULL25_raw_metrics.tsv	loss unavailable; not imputed	outputs/paper1_data_refresh_20260710/PAPER1_7MODEL_RAW_SEED_METRICS.tsv
MPHGNN	MDA	native	mirna_cold	14	0.9220267489711934	0.9257761286345044	0.5314814814814814	0.1184668989547038	0.1802908209386234	0.3953532345457296	0.4343101509346794	1.5530386582644544				PASS	result/B-dataset/audit_adapted_fixedtest_mirna_cold_seed14/audit_predictions/MPHGNN_STRICT_mirna_cold_seed14_predictions.tsv	formal_runs/native_mda_audit_20260601/MPHGNN_STRICT_FORMAL_GUARD_20260614/table_exports/MPHGNN_ADAPTED_FIXEDTEST_E10_FULL25_raw_metrics.tsv	loss unavailable; not imputed	outputs/paper1_data_refresh_20260710/PAPER1_7MODEL_RAW_SEED_METRICS.tsv
MPHGNN	MDA	native	mirna_cold	15	0.9247925240054872	0.92817180075121	0.625462962962963	0.4073260073260073	0.370720177886769	0.2992375075507253	0.3516401165906548	1.1544572612118025				PASS	result/B-dataset/audit_adapted_fixedtest_mirna_cold_seed15/audit_predictions/MPHGNN_STRICT_mirna_cold_seed15_predictions.tsv	formal_runs/native_mda_audit_20260601/MPHGNN_STRICT_FORMAL_GUARD_20260614/table_exports/MPHGNN_ADAPTED_FIXEDTEST_E10_FULL25_raw_metrics.tsv	loss unavailable; not imputed	outputs/paper1_data_refresh_20260710/PAPER1_7MODEL_RAW_SEED_METRICS.tsv
MPHGNN	MDA	native	mirna_cold	16	0.922872085048011	0.9273841520795358	0.5	0.0	0.0	0.4392776527810356	0.4649055726382964	1.8728656802796688				PASS	result/B-dataset/audit_adapted_fixedtest_mirna_cold_seed16/audit_predictions/MPHGNN_STRICT_mirna_cold_seed16_predictions.tsv	formal_runs/native_mda_audit_20260601/MPHGNN_STRICT_FORMAL_GUARD_20260614/table_exports/MPHGNN_ADAPTED_FIXEDTEST_E10_FULL25_raw_metrics.tsv	loss unavailable; not imputed	outputs/paper1_data_refresh_20260710/PAPER1_7MODEL_RAW_SEED_METRICS.tsv
MPHGNN	MDA	native	mirna_cold	17	0.925	0.9296563130585364	0.5504629629629629	0.1833473507148864	0.2305315757353404	0.3310248037726366	0.3861011107475489	1.1951222855534147				PASS	result/B-dataset/audit_adapted_fixedtest_mirna_cold_seed17/audit_predictions/MPHGNN_STRICT_mirna_cold_seed17_predictions.tsv	formal_runs/native_mda_audit_20260601/MPHGNN_STRICT_FORMAL_GUARD_20260614/table_exports/MPHGNN_ADAPTED_FIXEDTEST_E10_FULL25_raw_metrics.tsv	loss unavailable; not imputed	outputs/paper1_data_refresh_20260710/PAPER1_7MODEL_RAW_SEED_METRICS.tsv
MPHGNN	MDA	native	mirna_cold	18	0.9248649691358024	0.9285862126309732	0.5402777777777777	0.1491002570694087	0.2048613240314929	0.3403453071578861	0.3938940578221195	1.2325401873339057				PASS	result/B-dataset/audit_adapted_fixedtest_mirna_cold_seed18/audit_predictions/MPHGNN_STRICT_mirna_cold_seed18_predictions.tsv	formal_runs/native_mda_audit_20260601/MPHGNN_STRICT_FORMAL_GUARD_20260614/table_exports/MPHGNN_ADAPTED_FIXEDTEST_E10_FULL25_raw_metrics.tsv	loss unavailable; not imputed	outputs/paper1_data_refresh_20260710/PAPER1_7MODEL_RAW_SEED_METRICS.tsv
MPHGNN	MDA	native	mirna_cold	19	0.9217806927297668	0.925075075979272	0.500462962962963	0.001850138760407	0.0215215565641295	0.4184553003426602	0.4516446401474089	1.6604844602481077				PASS	result/B-dataset/audit_adapted_fixedtest_mirna_cold_seed19/audit_predictions/MPHGNN_STRICT_mirna_cold_seed19_predictions.tsv	formal_runs/native_mda_audit_20260601/MPHGNN_STRICT_FORMAL_GUARD_20260614/table_exports/MPHGNN_ADAPTED_FIXEDTEST_E10_FULL25_raw_metrics.tsv	loss unavailable; not imputed	outputs/paper1_data_refresh_20260710/PAPER1_7MODEL_RAW_SEED_METRICS.tsv
MPHGNN	MDA	native	mirna_cold	20	0.9254012345679012	0.928608940399572	0.5194444444444445	0.0748663101604278	0.1408191333896495	0.3668478019887956	0.4154095461558561	1.3731289078477598				PASS	result/B-dataset/audit_adapted_fixedtest_mirna_cold_seed20/audit_predictions/MPHGNN_STRICT_mirna_cold_seed20_predictions.tsv	formal_runs/native_mda_audit_20260601/MPHGNN_STRICT_FORMAL_GUARD_20260614/table_exports/MPHGNN_ADAPTED_FIXEDTEST_E10_FULL25_raw_metrics.tsv	loss unavailable; not imputed	outputs/paper1_data_refresh_20260710/PAPER1_7MODEL_RAW_SEED_METRICS.tsv
MPHGNN	MDA	native	mirna_cold	21	0.9198859739369	0.9254169592961474	0.6583333333333333	0.4875	0.4248529157249601	0.2692186669717174	0.3208754117052902	1.0213575685431426				PASS	result/B-dataset/audit_adapted_fixedtest_mirna_cold_seed21/audit_predictions/MPHGNN_STRICT_mirna_cold_seed21_predictions.tsv	formal_runs/native_mda_audit_20260601/MPHGNN_STRICT_FORMAL_GUARD_20260614/table_exports/MPHGNN_ADAPTED_FIXEDTEST_E10_FULL25_raw_metrics.tsv	loss unavailable; not imputed	outputs/paper1_data_refresh_20260710/PAPER1_7MODEL_RAW_SEED_METRICS.tsv
MPHGNN	MDA	native	mirna_cold	22	0.9199477023319615	0.9254647408042342	0.5027777777777778	0.011049723756906	0.0527779813969259	0.3955688276492196	0.4364541031380651	1.5437931022983826				PASS	result/B-dataset/audit_adapted_fixedtest_mirna_cold_seed22/audit_predictions/MPHGNN_STRICT_mirna_cold_seed22_predictions.tsv	formal_runs/native_mda_audit_20260601/MPHGNN_STRICT_FORMAL_GUARD_20260614/table_exports/MPHGNN_ADAPTED_FIXEDTEST_E10_FULL25_raw_metrics.tsv	loss unavailable; not imputed	outputs/paper1_data_refresh_20260710/PAPER1_7MODEL_RAW_SEED_METRICS.tsv
MPHGNN	MDA	native	mirna_cold	23	0.9201457475994512	0.924267373581815	0.5023148148148148	0.0092165898617511	0.0481683050859088	0.4129462164815479	0.4482447289676976	1.6132091315543209				PASS	result/B-dataset/audit_adapted_fixedtest_mirna_cold_seed23/audit_predictions/MPHGNN_STRICT_mirna_cold_seed23_predictions.tsv	formal_runs/native_mda_audit_20260601/MPHGNN_STRICT_FORMAL_GUARD_20260614/table_exports/MPHGNN_ADAPTED_FIXEDTEST_E10_FULL25_raw_metrics.tsv	loss unavailable; not imputed	outputs/paper1_data_refresh_20260710/PAPER1_7MODEL_RAW_SEED_METRICS.tsv
MPHGNN	MDA	native	mirna_cold	24	0.921016803840878	0.9256502799713836	0.6013888888888889	0.3422459893048128	0.3293329897491034	0.3072078744395476	0.363161210514577	1.1657161992401992				PASS	result/B-dataset/audit_adapted_fixedtest_mirna_cold_seed24/audit_predictions/MPHGNN_STRICT_mirna_cold_seed24_predictions.tsv	formal_runs/native_mda_audit_20260601/MPHGNN_STRICT_FORMAL_GUARD_20260614/table_exports/MPHGNN_ADAPTED_FIXEDTEST_E10_FULL25_raw_metrics.tsv	loss unavailable; not imputed	outputs/paper1_data_refresh_20260710/PAPER1_7MODEL_RAW_SEED_METRICS.tsv
MPHGNN	MDA	native	drug_cold	0	0.7271153361873584	0.7148103983602396	0.5215311004784688	0.105145413870246	0.1176621388798399	0.3960728684341926	0.4094846233836236	1.4747695081518652				PASS	result/B-dataset/audit_adapted_fixedtest_drug_cold_seed0/audit_predictions/MPHGNN_STRICT_drug_cold_seed0_predictions.tsv	formal_runs/native_mda_audit_20260601/MPHGNN_STRICT_FORMAL_GUARD_20260614/table_exports/MPHGNN_ADAPTED_FIXEDTEST_E10_FULL25_raw_metrics.tsv	loss unavailable; not imputed	outputs/paper1_data_refresh_20260710/PAPER1_7MODEL_RAW_SEED_METRICS.tsv
MPHGNN	MDA	native	drug_cold	1	0.7025050937478537	0.6950594829581105	0.5239234449760766	0.1135857461024499	0.1266051023200892	0.3938269375969848	0.4044303716111166	1.5026856865063738				PASS	result/B-dataset/audit_adapted_fixedtest_drug_cold_seed1/audit_predictions/MPHGNN_STRICT_drug_cold_seed1_predictions.tsv	formal_runs/native_mda_audit_20260601/MPHGNN_STRICT_FORMAL_GUARD_20260614/table_exports/MPHGNN_ADAPTED_FIXEDTEST_E10_FULL25_raw_metrics.tsv	loss unavailable; not imputed	outputs/paper1_data_refresh_20260710/PAPER1_7MODEL_RAW_SEED_METRICS.tsv
MPHGNN	MDA	native	drug_cold	2	0.6781638469815252	0.6675310658660689	0.5173444976076556	0.0798175598631699	0.1121447866422277	0.4290745273459318	0.4371338800036846	1.799359779687897				PASS	result/B-dataset/audit_adapted_fixedtest_drug_cold_seed2/audit_predictions/MPHGNN_STRICT_drug_cold_seed2_predictions.tsv	formal_runs/native_mda_audit_20260601/MPHGNN_STRICT_FORMAL_GUARD_20260614/table_exports/MPHGNN_ADAPTED_FIXEDTEST_E10_FULL25_raw_metrics.tsv	loss unavailable; not imputed	outputs/paper1_data_refresh_20260710/PAPER1_7MODEL_RAW_SEED_METRICS.tsv
MPHGNN	MDA	native	drug_cold	3	0.6692426340972047	0.6489783723788811	0.5119617224880383	0.0642201834862385	0.0824113627390248	0.4248976435036635	0.4315120532384806	1.644252400927695				PASS	result/B-dataset/audit_adapted_fixedtest_drug_cold_seed3/audit_predictions/MPHGNN_STRICT_drug_cold_seed3_predictions.tsv	formal_runs/native_mda_audit_20260601/MPHGNN_STRICT_FORMAL_GUARD_20260614/table_exports/MPHGNN_ADAPTED_FIXEDTEST_E10_FULL25_raw_metrics.tsv	loss unavailable; not imputed	outputs/paper1_data_refresh_20260710/PAPER1_7MODEL_RAW_SEED_METRICS.tsv
MPHGNN	MDA	native	drug_cold	4	0.6734092053753348	0.6402264864074153	0.5119617224880383	0.0748299319727891	0.0731291977649979	0.4245763828019219	0.428395658383259	1.6346092398648302				PASS	result/B-dataset/audit_adapted_fixedtest_drug_cold_seed4/audit_predictions/MPHGNN_STRICT_drug_cold_seed4_predictions.tsv	formal_runs/native_mda_audit_20260601/MPHGNN_STRICT_FORMAL_GUARD_20260614/table_exports/MPHGNN_ADAPTED_FIXEDTEST_E10_FULL25_raw_metrics.tsv	loss unavailable; not imputed	outputs/paper1_data_refresh_20260710/PAPER1_7MODEL_RAW_SEED_METRICS.tsv
MPHGNN	MDA	native	drug_cold	5	0.6626035919507337	0.6543230694410893	0.5101674641148325	0.0509849362688296	0.080664804977945	0.4288603136773278	0.4352853084920017	1.7395411105023229				PASS	result/B-dataset/audit_adapted_fixedtest_drug_cold_seed5/audit_predictions/MPHGNN_STRICT_drug_cold_seed5_predictions.tsv	formal_runs/native_mda_audit_20260601/MPHGNN_STRICT_FORMAL_GUARD_20260614/table_exports/MPHGNN_ADAPTED_FIXEDTEST_E10_FULL25_raw_metrics.tsv	loss unavailable; not imputed	outputs/paper1_data_refresh_20260710/PAPER1_7MODEL_RAW_SEED_METRICS.tsv
MPHGNN	MDA	native	drug_cold	6	0.691107117511046	0.6912805239952817	0.5143540669856459	0.064516129032258	0.1047645443654367	0.4317372691788473	0.4424581535384442	1.8073120265165616				PASS	result/B-dataset/audit_adapted_fixedtest_drug_cold_seed6/audit_predictions/MPHGNN_STRICT_drug_cold_seed6_predictions.tsv	formal_runs/native_mda_audit_20260601/MPHGNN_STRICT_FORMAL_GUARD_20260614/table_exports/MPHGNN_ADAPTED_FIXEDTEST_E10_FULL25_raw_metrics.tsv	loss unavailable; not imputed	outputs/paper1_data_refresh_20260710/PAPER1_7MODEL_RAW_SEED_METRICS.tsv
MPHGNN	MDA	native	drug_cold	7	0.6603800851628855	0.6631839808254283	0.5197368421052632	0.0947012401352875	0.1147723685933044	0.4247375586488304	0.4324463925224256	1.814619802750315				PASS	result/B-dataset/audit_adapted_fixedtest_drug_cold_seed7/audit_predictions/MPHGNN_STRICT_drug_cold_seed7_predictions.tsv	formal_runs/native_mda_audit_20260601/MPHGNN_STRICT_FORMAL_GUARD_20260614/table_exports/MPHGNN_ADAPTED_FIXEDTEST_E10_FULL25_raw_metrics.tsv	loss unavailable; not imputed	outputs/paper1_data_refresh_20260710/PAPER1_7MODEL_RAW_SEED_METRICS.tsv
MPHGNN	MDA	native	drug_cold	8	0.6868103408804743	0.6697985839338251	0.5113636363636364	0.0662857142857143	0.0752884238005095	0.4264229397657782	0.4328815064768408	1.698264187161962				PASS	result/B-dataset/audit_adapted_fixedtest_drug_cold_seed8/audit_predictions/MPHGNN_STRICT_drug_cold_seed8_predictions.tsv	formal_runs/native_mda_audit_20260601/MPHGNN_STRICT_FORMAL_GUARD_20260614/table_exports/MPHGNN_ADAPTED_FIXEDTEST_E10_FULL25_raw_metrics.tsv	loss unavailable; not imputed	outputs/paper1_data_refresh_20260710/PAPER1_7MODEL_RAW_SEED_METRICS.tsv
MPHGNN	MDA	native	drug_cold	9	0.6411626336393398	0.6443030158125583	0.5089712918660287	0.0464576074332171	0.0739221270954572	0.4523090334553494	0.4600972935453048	2.0766334772233166				PASS	result/B-dataset/audit_adapted_fixedtest_drug_cold_seed9/audit_predictions/MPHGNN_STRICT_drug_cold_seed9_predictions.tsv	formal_runs/native_mda_audit_20260601/MPHGNN_STRICT_FORMAL_GUARD_20260614/table_exports/MPHGNN_ADAPTED_FIXEDTEST_E10_FULL25_raw_metrics.tsv	loss unavailable; not imputed	outputs/paper1_data_refresh_20260710/PAPER1_7MODEL_RAW_SEED_METRICS.tsv
MPHGNN	MDA	native	drug_cold	10	0.704556901169845	0.6800115405210705	0.5179425837320574	0.0923423423423423	0.1033622788243403	0.403499581431712	0.4109806694252874	1.5029136240882397				PASS	result/B-dataset/audit_adapted_fixedtest_drug_cold_seed10/audit_predictions/MPHGNN_STRICT_drug_cold_seed10_predictions.tsv	formal_runs/native_mda_audit_20260601/MPHGNN_STRICT_FORMAL_GUARD_20260614/table_exports/MPHGNN_ADAPTED_FIXEDTEST_E10_FULL25_raw_metrics.tsv	loss unavailable; not imputed	outputs/paper1_data_refresh_20260710/PAPER1_7MODEL_RAW_SEED_METRICS.tsv
MPHGNN	MDA	native	drug_cold	11	0.6642018268812527	0.6569349385213501	0.5149521531100478	0.079455164585698	0.0923931928385771	0.4211783247529889	0.426681638493296	1.7067167035573951				PASS	result/B-dataset/audit_adapted_fixedtest_drug_cold_seed11/audit_predictions/MPHGNN_STRICT_drug_cold_seed11_predictions.tsv	formal_runs/native_mda_audit_20260601/MPHGNN_STRICT_FORMAL_GUARD_20260614/table_exports/MPHGNN_ADAPTED_FIXEDTEST_E10_FULL25_raw_metrics.tsv	loss unavailable; not imputed	outputs/paper1_data_refresh_20260710/PAPER1_7MODEL_RAW_SEED_METRICS.tsv
MPHGNN	MDA	native	drug_cold	12	0.6368787344612074	0.6502603709028977	0.5167464114832536	0.0818181818181818	0.1046175373761364	0.4276449854073224	0.4360568977017247	1.962991298022601				PASS	result/B-dataset/audit_adapted_fixedtest_drug_cold_seed12/audit_predictions/MPHGNN_STRICT_drug_cold_seed12_predictions.tsv	formal_runs/native_mda_audit_20260601/MPHGNN_STRICT_FORMAL_GUARD_20260614/table_exports/MPHGNN_ADAPTED_FIXEDTEST_E10_FULL25_raw_metrics.tsv	loss unavailable; not imputed	outputs/paper1_data_refresh_20260710/PAPER1_7MODEL_RAW_SEED_METRICS.tsv
MPHGNN	MDA	native	drug_cold	13	0.641265653258854	0.6578225100789322	0.5251196172248804	0.1158129175946548	0.1329353574360937	0.4081286151254761	0.41323456384074	1.7000632088447118				PASS	result/B-dataset/audit_adapted_fixedtest_drug_cold_seed13/audit_predictions/MPHGNN_STRICT_drug_cold_seed13_predictions.tsv	formal_runs/native_mda_audit_20260601/MPHGNN_STRICT_FORMAL_GUARD_20260614/table_exports/MPHGNN_ADAPTED_FIXEDTEST_E10_FULL25_raw_metrics.tsv	loss unavailable; not imputed	outputs/paper1_data_refresh_20260710/PAPER1_7MODEL_RAW_SEED_METRICS.tsv
MPHGNN	MDA	native	drug_cold	14	0.6956571507062568	0.6739191114719203	0.5161483253588517	0.0838052095130237	0.0976985577340119	0.4247382678211443	0.4313543673098055	1.6969295242567295				PASS	result/B-dataset/audit_adapted_fixedtest_drug_cold_seed14/audit_predictions/MPHGNN_STRICT_drug_cold_seed14_predictions.tsv	formal_runs/native_mda_audit_20260601/MPHGNN_STRICT_FORMAL_GUARD_20260614/table_exports/MPHGNN_ADAPTED_FIXEDTEST_E10_FULL25_raw_metrics.tsv	loss unavailable; not imputed	outputs/paper1_data_refresh_20260710/PAPER1_7MODEL_RAW_SEED_METRICS.tsv
MPHGNN	MDA	native	drug_cold	15	0.681786703601108	0.6731083031309067	0.5239234449760766	0.1056179775280898	0.1353236965994078	0.4224438641366959	0.4308062207884878	1.7562924814004777				PASS	result/B-dataset/audit_adapted_fixedtest_drug_cold_seed15/audit_predictions/MPHGNN_STRICT_drug_cold_seed15_predictions.tsv	formal_runs/native_mda_audit_20260601/MPHGNN_STRICT_FORMAL_GUARD_20260614/table_exports/MPHGNN_ADAPTED_FIXEDTEST_E10_FULL25_raw_metrics.tsv	loss unavailable; not imputed	outputs/paper1_data_refresh_20260710/PAPER1_7MODEL_RAW_SEED_METRICS.tsv
MPHGNN	MDA	native	drug_cold	16	0.6953251985989333	0.6972047642821697	0.534688995215311	0.158008658008658	0.1553492170788627	0.3774145772564915	0.3869261884282636	1.4351252753247743				PASS	result/B-dataset/audit_adapted_fixedtest_drug_cold_seed16/audit_predictions/MPHGNN_STRICT_drug_cold_seed16_predictions.tsv	formal_runs/native_mda_audit_20260601/MPHGNN_STRICT_FORMAL_GUARD_20260614/table_exports/MPHGNN_ADAPTED_FIXEDTEST_E10_FULL25_raw_metrics.tsv	loss unavailable; not imputed	outputs/paper1_data_refresh_20260710/PAPER1_7MODEL_RAW_SEED_METRICS.tsv
MPHGNN	MDA	native	drug_cold	17	0.6634792587166045	0.6775786006802151	0.5215311004784688	0.0950226244343891	0.1289403573887818	0.4182637072121213	0.4286550366782323	1.7976040601918044				PASS	result/B-dataset/audit_adapted_fixedtest_drug_cold_seed17/audit_predictions/MPHGNN_STRICT_drug_cold_seed17_predictions.tsv	formal_runs/native_mda_audit_20260601/MPHGNN_STRICT_FORMAL_GUARD_20260614/table_exports/MPHGNN_ADAPTED_FIXEDTEST_E10_FULL25_raw_metrics.tsv	loss unavailable; not imputed	outputs/paper1_data_refresh_20260710/PAPER1_7MODEL_RAW_SEED_METRICS.tsv
MPHGNN	MDA	native	drug_cold	18	0.6697634555069711	0.6605302921307006	0.5251196172248804	0.1177777777777777	0.1309231003641268	0.4126517486509098	0.4183957423171214	1.720759916157659				PASS	result/B-dataset/audit_adapted_fixedtest_drug_cold_seed18/audit_predictions/MPHGNN_STRICT_drug_cold_seed18_predictions.tsv	formal_runs/native_mda_audit_20260601/MPHGNN_STRICT_FORMAL_GUARD_20260614/table_exports/MPHGNN_ADAPTED_FIXEDTEST_E10_FULL25_raw_metrics.tsv	loss unavailable; not imputed	outputs/paper1_data_refresh_20260710/PAPER1_7MODEL_RAW_SEED_METRICS.tsv
MPHGNN	MDA	native	drug_cold	19	0.6800654174583914	0.6725303323824263	0.5203349282296651	0.0948081264108352	0.119390147827506	0.4251195220033638	0.4350369074386501	1.7649574475265817				PASS	result/B-dataset/audit_adapted_fixedtest_drug_cold_seed19/audit_predictions/MPHGNN_STRICT_drug_cold_seed19_predictions.tsv	formal_runs/native_mda_audit_20260601/MPHGNN_STRICT_FORMAL_GUARD_20260614/table_exports/MPHGNN_ADAPTED_FIXEDTEST_E10_FULL25_raw_metrics.tsv	loss unavailable; not imputed	outputs/paper1_data_refresh_20260710/PAPER1_7MODEL_RAW_SEED_METRICS.tsv
MPHGNN	MDA	native	drug_cold	20	0.6929199766488863	0.6754811078818408	0.5107655502392344	0.0597701149425287	0.0762739254271382	0.4232199324082997	0.4330881142528971	1.6876185783817326				PASS	result/B-dataset/audit_adapted_fixedtest_drug_cold_seed20/audit_predictions/MPHGNN_STRICT_drug_cold_seed20_predictions.tsv	formal_runs/native_mda_audit_20260601/MPHGNN_STRICT_FORMAL_GUARD_20260614/table_exports/MPHGNN_ADAPTED_FIXEDTEST_E10_FULL25_raw_metrics.tsv	loss unavailable; not imputed	outputs/paper1_data_refresh_20260710/PAPER1_7MODEL_RAW_SEED_METRICS.tsv
MPHGNN	MDA	native	drug_cold	21	0.6823246949474601	0.6651139506529945	0.5155502392344498	0.0816326530612245	0.0950679570944973	0.427083598462661	0.4322451057068365	1.7718099777996483				PASS	result/B-dataset/audit_adapted_fixedtest_drug_cold_seed21/audit_predictions/MPHGNN_STRICT_drug_cold_seed21_predictions.tsv	formal_runs/native_mda_audit_20260601/MPHGNN_STRICT_FORMAL_GUARD_20260614/table_exports/MPHGNN_ADAPTED_FIXEDTEST_E10_FULL25_raw_metrics.tsv	loss unavailable; not imputed	outputs/paper1_data_refresh_20260710/PAPER1_7MODEL_RAW_SEED_METRICS.tsv
MPHGNN	MDA	native	drug_cold	22	0.6694386575398914	0.6516484434186591	0.513755980861244	0.0750853242320819	0.0869026592234532	0.4192714126716091	0.4234367093148208	1.6436531219281054				PASS	result/B-dataset/audit_adapted_fixedtest_drug_cold_seed22/audit_predictions/MPHGNN_STRICT_drug_cold_seed22_predictions.tsv	formal_runs/native_mda_audit_20260601/MPHGNN_STRICT_FORMAL_GUARD_20260614/table_exports/MPHGNN_ADAPTED_FIXEDTEST_E10_FULL25_raw_metrics.tsv	loss unavailable; not imputed	outputs/paper1_data_refresh_20260710/PAPER1_7MODEL_RAW_SEED_METRICS.tsv
MPHGNN	MDA	native	drug_cold	23	0.6371606075868226	0.6581370876279018	0.5251196172248804	0.1138392857142857	0.1350489296496041	0.4146958929728321	0.4221866369310204	1.7707860011532766				PASS	result/B-dataset/audit_adapted_fixedtest_drug_cold_seed23/audit_predictions/MPHGNN_STRICT_drug_cold_seed23_predictions.tsv	formal_runs/native_mda_audit_20260601/MPHGNN_STRICT_FORMAL_GUARD_20260614/table_exports/MPHGNN_ADAPTED_FIXEDTEST_E10_FULL25_raw_metrics.tsv	loss unavailable; not imputed	outputs/paper1_data_refresh_20260710/PAPER1_7MODEL_RAW_SEED_METRICS.tsv
MPHGNN	MDA	native	drug_cold	24	0.708082461482109	0.6839544047980195	0.5149521531100478	0.0752565564424173	0.096676540208817	0.4167791702930108	0.4262244519362971	1.5741313400855028				PASS	result/B-dataset/audit_adapted_fixedtest_drug_cold_seed24/audit_predictions/MPHGNN_STRICT_drug_cold_seed24_predictions.tsv	formal_runs/native_mda_audit_20260601/MPHGNN_STRICT_FORMAL_GUARD_20260614/table_exports/MPHGNN_ADAPTED_FIXEDTEST_E10_FULL25_raw_metrics.tsv	loss unavailable; not imputed	outputs/paper1_data_refresh_20260710/PAPER1_7MODEL_RAW_SEED_METRICS.tsv
MPHGNN	MDA	native	strict_cold	0	0.3280697454570919	0.38536050202597	0.5	0.0	0.0	0.4993855432365046	0.4993008958785753	3.7258063035638975				PASS	result/B-dataset/audit_adapted_fixedtest_strict_cold_seed0/audit_predictions/MPHGNN_STRICT_strict_cold_seed0_predictions.tsv	formal_runs/native_mda_audit_20260601/MPHGNN_STRICT_FORMAL_GUARD_20260614/table_exports/MPHGNN_ADAPTED_FIXEDTEST_E10_FULL25_raw_metrics.tsv	loss unavailable; not imputed	outputs/paper1_data_refresh_20260710/PAPER1_7MODEL_RAW_SEED_METRICS.tsv
MPHGNN	MDA	native	strict_cold	1	0.340875669619411	0.3941902635417567	0.5	0.0	0.0	0.4994256505575422	0.4993674435803736	3.7508962494643794				PASS	result/B-dataset/audit_adapted_fixedtest_strict_cold_seed1/audit_predictions/MPHGNN_STRICT_strict_cold_seed1_predictions.tsv	formal_runs/native_mda_audit_20260601/MPHGNN_STRICT_FORMAL_GUARD_20260614/table_exports/MPHGNN_ADAPTED_FIXEDTEST_E10_FULL25_raw_metrics.tsv	loss unavailable; not imputed	outputs/paper1_data_refresh_20260710/PAPER1_7MODEL_RAW_SEED_METRICS.tsv
MPHGNN	MDA	native	strict_cold	2	0.2434263506179755	0.3557358856732328	0.5	0.0	0.0	0.4993682047015488	0.4992217354285468	3.6998376407785503				PASS	result/B-dataset/audit_adapted_fixedtest_strict_cold_seed2/audit_predictions/MPHGNN_STRICT_strict_cold_seed2_predictions.tsv	formal_runs/native_mda_audit_20260601/MPHGNN_STRICT_FORMAL_GUARD_20260614/table_exports/MPHGNN_ADAPTED_FIXEDTEST_E10_FULL25_raw_metrics.tsv	loss unavailable; not imputed	outputs/paper1_data_refresh_20260710/PAPER1_7MODEL_RAW_SEED_METRICS.tsv
MPHGNN	MDA	native	strict_cold	3	0.2540352228563425	0.3618726258564512	0.5	0.0	0.0	0.499489691123602	0.4993559279232263	3.8304622750174815				PASS	result/B-dataset/audit_adapted_fixedtest_strict_cold_seed3/audit_predictions/MPHGNN_STRICT_strict_cold_seed3_predictions.tsv	formal_runs/native_mda_audit_20260601/MPHGNN_STRICT_FORMAL_GUARD_20260614/table_exports/MPHGNN_ADAPTED_FIXEDTEST_E10_FULL25_raw_metrics.tsv	loss unavailable; not imputed	outputs/paper1_data_refresh_20260710/PAPER1_7MODEL_RAW_SEED_METRICS.tsv
MPHGNN	MDA	native	strict_cold	4	0.2761983123840201	0.3681819647110458	0.5	0.0	0.0	0.4993166030194555	0.499198863937722	3.667377720071854				PASS	result/B-dataset/audit_adapted_fixedtest_strict_cold_seed4/audit_predictions/MPHGNN_STRICT_strict_cold_seed4_predictions.tsv	formal_runs/native_mda_audit_20260601/MPHGNN_STRICT_FORMAL_GUARD_20260614/table_exports/MPHGNN_ADAPTED_FIXEDTEST_E10_FULL25_raw_metrics.tsv	loss unavailable; not imputed	outputs/paper1_data_refresh_20260710/PAPER1_7MODEL_RAW_SEED_METRICS.tsv
MPHGNN	MDA	native	strict_cold	5	0.2205367459122579	0.3500240165561402	0.5	0.0	0.0	0.4993894136570421	0.4991917651256521	3.747324759140165				PASS	result/B-dataset/audit_adapted_fixedtest_strict_cold_seed5/audit_predictions/MPHGNN_STRICT_strict_cold_seed5_predictions.tsv	formal_runs/native_mda_audit_20260601/MPHGNN_STRICT_FORMAL_GUARD_20260614/table_exports/MPHGNN_ADAPTED_FIXEDTEST_E10_FULL25_raw_metrics.tsv	loss unavailable; not imputed	outputs/paper1_data_refresh_20260710/PAPER1_7MODEL_RAW_SEED_METRICS.tsv
MPHGNN	MDA	native	strict_cold	6	0.2600399145688176	0.3605834684887922	0.5	0.0	0.0	0.4996683586215115	0.4995592223768713	4.047392172236999				PASS	result/B-dataset/audit_adapted_fixedtest_strict_cold_seed6/audit_predictions/MPHGNN_STRICT_strict_cold_seed6_predictions.tsv	formal_runs/native_mda_audit_20260601/MPHGNN_STRICT_FORMAL_GUARD_20260614/table_exports/MPHGNN_ADAPTED_FIXEDTEST_E10_FULL25_raw_metrics.tsv	loss unavailable; not imputed	outputs/paper1_data_refresh_20260710/PAPER1_7MODEL_RAW_SEED_METRICS.tsv
MPHGNN	MDA	native	strict_cold	7	0.1385980883022303	0.3282985201826155	0.5	0.0	0.0	0.4998613173317723	0.499755369915094	4.5259324170758				PASS	result/B-dataset/audit_adapted_fixedtest_strict_cold_seed7/audit_predictions/MPHGNN_STRICT_strict_cold_seed7_predictions.tsv	formal_runs/native_mda_audit_20260601/MPHGNN_STRICT_FORMAL_GUARD_20260614/table_exports/MPHGNN_ADAPTED_FIXEDTEST_E10_FULL25_raw_metrics.tsv	loss unavailable; not imputed	outputs/paper1_data_refresh_20260710/PAPER1_7MODEL_RAW_SEED_METRICS.tsv
MPHGNN	MDA	native	strict_cold	8	0.2754674206085221	0.3709555829921471	0.5	0.0	0.0	0.4995080528745162	0.4994033909214732	3.856784900453305				PASS	result/B-dataset/audit_adapted_fixedtest_strict_cold_seed8/audit_predictions/MPHGNN_STRICT_strict_cold_seed8_predictions.tsv	formal_runs/native_mda_audit_20260601/MPHGNN_STRICT_FORMAL_GUARD_20260614/table_exports/MPHGNN_ADAPTED_FIXEDTEST_E10_FULL25_raw_metrics.tsv	loss unavailable; not imputed	outputs/paper1_data_refresh_20260710/PAPER1_7MODEL_RAW_SEED_METRICS.tsv
MPHGNN	MDA	native	strict_cold	9	0.1622579741605685	0.3365296546693507	0.5	0.0	0.0	0.4996588730820736	0.4995208965919382	4.0422367651000695				PASS	result/B-dataset/audit_adapted_fixedtest_strict_cold_seed9/audit_predictions/MPHGNN_STRICT_strict_cold_seed9_predictions.tsv	formal_runs/native_mda_audit_20260601/MPHGNN_STRICT_FORMAL_GUARD_20260614/table_exports/MPHGNN_ADAPTED_FIXEDTEST_E10_FULL25_raw_metrics.tsv	loss unavailable; not imputed	outputs/paper1_data_refresh_20260710/PAPER1_7MODEL_RAW_SEED_METRICS.tsv
MPHGNN	MDA	native	strict_cold	10	0.2482231014320227	0.3583317299071438	0.5	0.0	0.0	0.4995407325843795	0.4994397317979811	3.86900094387482				PASS	result/B-dataset/audit_adapted_fixedtest_strict_cold_seed10/audit_predictions/MPHGNN_STRICT_strict_cold_seed10_predictions.tsv	formal_runs/native_mda_audit_20260601/MPHGNN_STRICT_FORMAL_GUARD_20260614/table_exports/MPHGNN_ADAPTED_FIXEDTEST_E10_FULL25_raw_metrics.tsv	loss unavailable; not imputed	outputs/paper1_data_refresh_20260710/PAPER1_7MODEL_RAW_SEED_METRICS.tsv
MPHGNN	MDA	native	strict_cold	11	0.2883083575505059	0.3755447737003219	0.5	0.0	0.0	0.499347244115863	0.4992117335815027	3.705292661339654				PASS	result/B-dataset/audit_adapted_fixedtest_strict_cold_seed11/audit_predictions/MPHGNN_STRICT_strict_cold_seed11_predictions.tsv	formal_runs/native_mda_audit_20260601/MPHGNN_STRICT_FORMAL_GUARD_20260614/table_exports/MPHGNN_ADAPTED_FIXEDTEST_E10_FULL25_raw_metrics.tsv	loss unavailable; not imputed	outputs/paper1_data_refresh_20260710/PAPER1_7MODEL_RAW_SEED_METRICS.tsv
MPHGNN	MDA	native	strict_cold	12	0.2610377787892581	0.3629593461751617	0.5	0.0	0.0	0.4995270299686628	0.4994251135290545	3.860350632975433				PASS	result/B-dataset/audit_adapted_fixedtest_strict_cold_seed12/audit_predictions/MPHGNN_STRICT_strict_cold_seed12_predictions.tsv	formal_runs/native_mda_audit_20260601/MPHGNN_STRICT_FORMAL_GUARD_20260614/table_exports/MPHGNN_ADAPTED_FIXEDTEST_E10_FULL25_raw_metrics.tsv	loss unavailable; not imputed	outputs/paper1_data_refresh_20260710/PAPER1_7MODEL_RAW_SEED_METRICS.tsv
MPHGNN	MDA	native	strict_cold	13	0.2516718602289836	0.3589181740765533	0.5	0.0	0.0	0.4995177057823618	0.4993834191964358	3.8517720751639897				PASS	result/B-dataset/audit_adapted_fixedtest_strict_cold_seed13/audit_predictions/MPHGNN_STRICT_strict_cold_seed13_predictions.tsv	formal_runs/native_mda_audit_20260601/MPHGNN_STRICT_FORMAL_GUARD_20260614/table_exports/MPHGNN_ADAPTED_FIXEDTEST_E10_FULL25_raw_metrics.tsv	loss unavailable; not imputed	outputs/paper1_data_refresh_20260710/PAPER1_7MODEL_RAW_SEED_METRICS.tsv
MPHGNN	MDA	native	strict_cold	14	0.3034295017681453	0.3757924036019353	0.5	0.0	0.0	0.4994529460977311	0.4993454682720465	3.784559312676125				PASS	result/B-dataset/audit_adapted_fixedtest_strict_cold_seed14/audit_predictions/MPHGNN_STRICT_strict_cold_seed14_predictions.tsv	formal_runs/native_mda_audit_20260601/MPHGNN_STRICT_FORMAL_GUARD_20260614/table_exports/MPHGNN_ADAPTED_FIXEDTEST_E10_FULL25_raw_metrics.tsv	loss unavailable; not imputed	outputs/paper1_data_refresh_20260710/PAPER1_7MODEL_RAW_SEED_METRICS.tsv
MPHGNN	MDA	native	strict_cold	15	0.3148174083540492	0.3780626775038983	0.5	0.0	0.0	0.4992604846139818	0.4991413585340691	3.6242378385898175				PASS	result/B-dataset/audit_adapted_fixedtest_strict_cold_seed15/audit_predictions/MPHGNN_STRICT_strict_cold_seed15_predictions.tsv	formal_runs/native_mda_audit_20260601/MPHGNN_STRICT_FORMAL_GUARD_20260614/table_exports/MPHGNN_ADAPTED_FIXEDTEST_E10_FULL25_raw_metrics.tsv	loss unavailable; not imputed	outputs/paper1_data_refresh_20260710/PAPER1_7MODEL_RAW_SEED_METRICS.tsv
MPHGNN	MDA	native	strict_cold	16	0.2064878680718462	0.3461956451216389	0.5	0.0	0.0	0.499538878233626	0.4993967913184952	3.879669190338906				PASS	result/B-dataset/audit_adapted_fixedtest_strict_cold_seed16/audit_predictions/MPHGNN_STRICT_strict_cold_seed16_predictions.tsv	formal_runs/native_mda_audit_20260601/MPHGNN_STRICT_FORMAL_GUARD_20260614/table_exports/MPHGNN_ADAPTED_FIXEDTEST_E10_FULL25_raw_metrics.tsv	loss unavailable; not imputed	outputs/paper1_data_refresh_20260710/PAPER1_7MODEL_RAW_SEED_METRICS.tsv
MPHGNN	MDA	native	strict_cold	17	0.3052764258954518	0.3789335788460993	0.5	0.0	0.0	0.499404633774997	0.4992817037651634	3.759871657572344				PASS	result/B-dataset/audit_adapted_fixedtest_strict_cold_seed17/audit_predictions/MPHGNN_STRICT_strict_cold_seed17_predictions.tsv	formal_runs/native_mda_audit_20260601/MPHGNN_STRICT_FORMAL_GUARD_20260614/table_exports/MPHGNN_ADAPTED_FIXEDTEST_E10_FULL25_raw_metrics.tsv	loss unavailable; not imputed	outputs/paper1_data_refresh_20260710/PAPER1_7MODEL_RAW_SEED_METRICS.tsv
MPHGNN	MDA	native	strict_cold	18	0.2558909001785652	0.3595520234898924	0.5	0.0	0.0	0.4997002658379037	0.4996217789017819	4.088944513294696				PASS	result/B-dataset/audit_adapted_fixedtest_strict_cold_seed18/audit_predictions/MPHGNN_STRICT_strict_cold_seed18_predictions.tsv	formal_runs/native_mda_audit_20260601/MPHGNN_STRICT_FORMAL_GUARD_20260614/table_exports/MPHGNN_ADAPTED_FIXEDTEST_E10_FULL25_raw_metrics.tsv	loss unavailable; not imputed	outputs/paper1_data_refresh_20260710/PAPER1_7MODEL_RAW_SEED_METRICS.tsv
MPHGNN	MDA	native	strict_cold	19	0.2211057035818073	0.3520939960980534	0.5	0.0	0.0	0.4997000267850839	0.4995851501875943	4.112899041242392				PASS	result/B-dataset/audit_adapted_fixedtest_strict_cold_seed19/audit_predictions/MPHGNN_STRICT_strict_cold_seed19_predictions.tsv	formal_runs/native_mda_audit_20260601/MPHGNN_STRICT_FORMAL_GUARD_20260614/table_exports/MPHGNN_ADAPTED_FIXEDTEST_E10_FULL25_raw_metrics.tsv	loss unavailable; not imputed	outputs/paper1_data_refresh_20260710/PAPER1_7MODEL_RAW_SEED_METRICS.tsv
MPHGNN	MDA	native	strict_cold	20	0.2799665627954203	0.3686417199462498	0.5	0.0	0.0	0.4997047701992451	0.4996459839421947	4.09147014423133				PASS	result/B-dataset/audit_adapted_fixedtest_strict_cold_seed20/audit_predictions/MPHGNN_STRICT_strict_cold_seed20_predictions.tsv	formal_runs/native_mda_audit_20260601/MPHGNN_STRICT_FORMAL_GUARD_20260614/table_exports/MPHGNN_ADAPTED_FIXEDTEST_E10_FULL25_raw_metrics.tsv	loss unavailable; not imputed	outputs/paper1_data_refresh_20260710/PAPER1_7MODEL_RAW_SEED_METRICS.tsv
MPHGNN	MDA	native	strict_cold	21	0.2434175974230594	0.3580492733711729	0.5	0.0	0.0	0.4994650808061239	0.4993492761702742	3.800257796263178				PASS	result/B-dataset/audit_adapted_fixedtest_strict_cold_seed21/audit_predictions/MPHGNN_STRICT_strict_cold_seed21_predictions.tsv	formal_runs/native_mda_audit_20260601/MPHGNN_STRICT_FORMAL_GUARD_20260614/table_exports/MPHGNN_ADAPTED_FIXEDTEST_E10_FULL25_raw_metrics.tsv	loss unavailable; not imputed	outputs/paper1_data_refresh_20260710/PAPER1_7MODEL_RAW_SEED_METRICS.tsv
MPHGNN	MDA	native	strict_cold	22	0.3819981793354574	0.4067781608037865	0.5	0.0	0.0	0.499174747699022	0.4991065832710402	3.570675650567416				PASS	result/B-dataset/audit_adapted_fixedtest_strict_cold_seed22/audit_predictions/MPHGNN_STRICT_strict_cold_seed22_predictions.tsv	formal_runs/native_mda_audit_20260601/MPHGNN_STRICT_FORMAL_GUARD_20260614/table_exports/MPHGNN_ADAPTED_FIXEDTEST_E10_FULL25_raw_metrics.tsv	loss unavailable; not imputed	outputs/paper1_data_refresh_20260710/PAPER1_7MODEL_RAW_SEED_METRICS.tsv
MPHGNN	MDA	native	strict_cold	23	0.280251041630195	0.3728393010569417	0.5	0.0	0.0	0.4996010361725852	0.4994985406534052	3.95821062744172				PASS	result/B-dataset/audit_adapted_fixedtest_strict_cold_seed23/audit_predictions/MPHGNN_STRICT_strict_cold_seed23_predictions.tsv	formal_runs/native_mda_audit_20260601/MPHGNN_STRICT_FORMAL_GUARD_20260614/table_exports/MPHGNN_ADAPTED_FIXEDTEST_E10_FULL25_raw_metrics.tsv	loss unavailable; not imputed	outputs/paper1_data_refresh_20260710/PAPER1_7MODEL_RAW_SEED_METRICS.tsv
MPHGNN	MDA	native	strict_cold	24	0.2498336892965932	0.3609647548927441	0.5	0.0	0.0	0.4993610965726356	0.4992007531321086	3.7100347431353073				PASS	result/B-dataset/audit_adapted_fixedtest_strict_cold_seed24/audit_predictions/MPHGNN_STRICT_strict_cold_seed24_predictions.tsv	formal_runs/native_mda_audit_20260601/MPHGNN_STRICT_FORMAL_GUARD_20260614/table_exports/MPHGNN_ADAPTED_FIXEDTEST_E10_FULL25_raw_metrics.tsv	loss unavailable; not imputed	outputs/paper1_data_refresh_20260710/PAPER1_7MODEL_RAW_SEED_METRICS.tsv
MPHGNN	MDA	native	scaffold_cold	0	0.7646617283950617	0.742778826606403	0.5155555555555555	0.0723404255319148	0.1055289706022172	0.4249212840652794	0.4394616920454427	1.6367231564053963				PASS	result/B-dataset/audit_adapted_fixedtest_scaffold_cold_seed0/audit_predictions/MPHGNN_STRICT_scaffold_cold_seed0_predictions.tsv	formal_runs/native_mda_audit_20260601/MPHGNN_STRICT_FORMAL_GUARD_20260614/table_exports/MPHGNN_ADAPTED_FIXEDTEST_E10_FULL25_raw_metrics.tsv	loss unavailable; not imputed	outputs/paper1_data_refresh_20260710/PAPER1_7MODEL_RAW_SEED_METRICS.tsv
MPHGNN	MDA	native	scaffold_cold	1	0.7700444444444443	0.7482799267977844	0.5255555555555556	0.1085594989561586	0.1447170695082474	0.4214841995276516	0.4354550108172568	1.602559455919523				PASS	result/B-dataset/audit_adapted_fixedtest_scaffold_cold_seed1/audit_predictions/MPHGNN_STRICT_scaffold_cold_seed1_predictions.tsv	formal_runs/native_mda_audit_20260601/MPHGNN_STRICT_FORMAL_GUARD_20260614/table_exports/MPHGNN_ADAPTED_FIXEDTEST_E10_FULL25_raw_metrics.tsv	loss unavailable; not imputed	outputs/paper1_data_refresh_20260710/PAPER1_7MODEL_RAW_SEED_METRICS.tsv
MPHGNN	MDA	native	scaffold_cold	2	0.7604049382716049	0.7226577391931939	0.52	0.0886075949367088	0.1241408832903551	0.4281040562703692	0.439742491524149	1.6064163114399856				PASS	result/B-dataset/audit_adapted_fixedtest_scaffold_cold_seed2/audit_predictions/MPHGNN_STRICT_scaffold_cold_seed2_predictions.tsv	formal_runs/native_mda_audit_20260601/MPHGNN_STRICT_FORMAL_GUARD_20260614/table_exports/MPHGNN_ADAPTED_FIXEDTEST_E10_FULL25_raw_metrics.tsv	loss unavailable; not imputed	outputs/paper1_data_refresh_20260710/PAPER1_7MODEL_RAW_SEED_METRICS.tsv
MPHGNN	MDA	native	scaffold_cold	3	0.7426469135802469	0.710892070696384	0.5211111111111111	0.0926315789473684	0.1284634467187345	0.4178898770853417	0.4299347626996072	1.5513419963437056				PASS	result/B-dataset/audit_adapted_fixedtest_scaffold_cold_seed3/audit_predictions/MPHGNN_STRICT_scaffold_cold_seed3_predictions.tsv	formal_runs/native_mda_audit_20260601/MPHGNN_STRICT_FORMAL_GUARD_20260614/table_exports/MPHGNN_ADAPTED_FIXEDTEST_E10_FULL25_raw_metrics.tsv	loss unavailable; not imputed	outputs/paper1_data_refresh_20260710/PAPER1_7MODEL_RAW_SEED_METRICS.tsv
MPHGNN	MDA	native	scaffold_cold	4	0.7649432098765432	0.7293199922779352	0.5311111111111111	0.128099173553719	0.1631772564071311	0.4035661041386363	0.4173944673922636	1.4210705647512532				PASS	result/B-dataset/audit_adapted_fixedtest_scaffold_cold_seed4/audit_predictions/MPHGNN_STRICT_scaffold_cold_seed4_predictions.tsv	formal_runs/native_mda_audit_20260601/MPHGNN_STRICT_FORMAL_GUARD_20260614/table_exports/MPHGNN_ADAPTED_FIXEDTEST_E10_FULL25_raw_metrics.tsv	loss unavailable; not imputed	outputs/paper1_data_refresh_20260710/PAPER1_7MODEL_RAW_SEED_METRICS.tsv
MPHGNN	MDA	native	scaffold_cold	5	0.7922666666666667	0.7716093766385174	0.5366666666666666	0.1507128309572301	0.175843139730187	0.3770154928735491	0.3965069005261953	1.295967558638616				PASS	result/B-dataset/audit_adapted_fixedtest_scaffold_cold_seed5/audit_predictions/MPHGNN_STRICT_scaffold_cold_seed5_predictions.tsv	formal_runs/native_mda_audit_20260601/MPHGNN_STRICT_FORMAL_GUARD_20260614/table_exports/MPHGNN_ADAPTED_FIXEDTEST_E10_FULL25_raw_metrics.tsv	loss unavailable; not imputed	outputs/paper1_data_refresh_20260710/PAPER1_7MODEL_RAW_SEED_METRICS.tsv
MPHGNN	MDA	native	scaffold_cold	6	0.745674074074074	0.7238350445956319	0.5244444444444445	0.104602510460251	0.1407944133885129	0.4208603705659827	0.4325465987973277	1.6075953113024013				PASS	result/B-dataset/audit_adapted_fixedtest_scaffold_cold_seed6/audit_predictions/MPHGNN_STRICT_scaffold_cold_seed6_predictions.tsv	formal_runs/native_mda_audit_20260601/MPHGNN_STRICT_FORMAL_GUARD_20260614/table_exports/MPHGNN_ADAPTED_FIXEDTEST_E10_FULL25_raw_metrics.tsv	loss unavailable; not imputed	outputs/paper1_data_refresh_20260710/PAPER1_7MODEL_RAW_SEED_METRICS.tsv
MPHGNN	MDA	native	scaffold_cold	7	0.7557333333333334	0.7258328640683425	0.5166666666666667	0.0764331210191082	0.1104046014063798	0.4335180422156097	0.4471977777999644	1.7487076438923168				PASS	result/B-dataset/audit_adapted_fixedtest_scaffold_cold_seed7/audit_predictions/MPHGNN_STRICT_scaffold_cold_seed7_predictions.tsv	formal_runs/native_mda_audit_20260601/MPHGNN_STRICT_FORMAL_GUARD_20260614/table_exports/MPHGNN_ADAPTED_FIXEDTEST_E10_FULL25_raw_metrics.tsv	loss unavailable; not imputed	outputs/paper1_data_refresh_20260710/PAPER1_7MODEL_RAW_SEED_METRICS.tsv
MPHGNN	MDA	native	scaffold_cold	8	0.761762962962963	0.7417904220765397	0.5177777777777778	0.0805084745762711	0.1151228107059296	0.4300312069216814	0.4432188409725979	1.619536884280116				PASS	result/B-dataset/audit_adapted_fixedtest_scaffold_cold_seed8/audit_predictions/MPHGNN_STRICT_scaffold_cold_seed8_predictions.tsv	formal_runs/native_mda_audit_20260601/MPHGNN_STRICT_FORMAL_GUARD_20260614/table_exports/MPHGNN_ADAPTED_FIXEDTEST_E10_FULL25_raw_metrics.tsv	loss unavailable; not imputed	outputs/paper1_data_refresh_20260710/PAPER1_7MODEL_RAW_SEED_METRICS.tsv
MPHGNN	MDA	native	scaffold_cold	9	0.7453679012345679	0.7193616610467723	0.53	0.1314168377823408	0.1510975784672242	0.3839933985419752	0.397297120720549	1.337741046503495				PASS	result/B-dataset/audit_adapted_fixedtest_scaffold_cold_seed9/audit_predictions/MPHGNN_STRICT_scaffold_cold_seed9_predictions.tsv	formal_runs/native_mda_audit_20260601/MPHGNN_STRICT_FORMAL_GUARD_20260614/table_exports/MPHGNN_ADAPTED_FIXEDTEST_E10_FULL25_raw_metrics.tsv	loss unavailable; not imputed	outputs/paper1_data_refresh_20260710/PAPER1_7MODEL_RAW_SEED_METRICS.tsv
MPHGNN	MDA	native	scaffold_cold	10	0.7644691358024691	0.7276682496444239	0.5311111111111111	0.128099173553719	0.1631772564071311	0.4003355163068094	0.4136426673295339	1.4256036769288494				PASS	result/B-dataset/audit_adapted_fixedtest_scaffold_cold_seed10/audit_predictions/MPHGNN_STRICT_scaffold_cold_seed10_predictions.tsv	formal_runs/native_mda_audit_20260601/MPHGNN_STRICT_FORMAL_GUARD_20260614/table_exports/MPHGNN_ADAPTED_FIXEDTEST_E10_FULL25_raw_metrics.tsv	loss unavailable; not imputed	outputs/paper1_data_refresh_20260710/PAPER1_7MODEL_RAW_SEED_METRICS.tsv
MPHGNN	MDA	native	scaffold_cold	11	0.7603851851851853	0.7416385091667903	0.5266666666666666	0.1125	0.1485562705416415	0.406143673438047	0.4217956042547141	1.458802846726892				PASS	result/B-dataset/audit_adapted_fixedtest_scaffold_cold_seed11/audit_predictions/MPHGNN_STRICT_scaffold_cold_seed11_predictions.tsv	formal_runs/native_mda_audit_20260601/MPHGNN_STRICT_FORMAL_GUARD_20260614/table_exports/MPHGNN_ADAPTED_FIXEDTEST_E10_FULL25_raw_metrics.tsv	loss unavailable; not imputed	outputs/paper1_data_refresh_20260710/PAPER1_7MODEL_RAW_SEED_METRICS.tsv
MPHGNN	MDA	native	scaffold_cold	12	0.7539555555555555	0.7269361464802206	0.5188888888888888	0.0845665961945031	0.1196975349623361	0.4212951492903744	0.4365735510613173	1.5782270534612823				PASS	result/B-dataset/audit_adapted_fixedtest_scaffold_cold_seed12/audit_predictions/MPHGNN_STRICT_scaffold_cold_seed12_predictions.tsv	formal_runs/native_mda_audit_20260601/MPHGNN_STRICT_FORMAL_GUARD_20260614/table_exports/MPHGNN_ADAPTED_FIXEDTEST_E10_FULL25_raw_metrics.tsv	loss unavailable; not imputed	outputs/paper1_data_refresh_20260710/PAPER1_7MODEL_RAW_SEED_METRICS.tsv
MPHGNN	MDA	native	scaffold_cold	13	0.7604345679012345	0.7296335215074018	0.5255555555555556	0.1085594989561586	0.1447170695082474	0.4021748580491122	0.4162036595682729	1.4637211207631842				PASS	result/B-dataset/audit_adapted_fixedtest_scaffold_cold_seed13/audit_predictions/MPHGNN_STRICT_scaffold_cold_seed13_predictions.tsv	formal_runs/native_mda_audit_20260601/MPHGNN_STRICT_FORMAL_GUARD_20260614/table_exports/MPHGNN_ADAPTED_FIXEDTEST_E10_FULL25_raw_metrics.tsv	loss unavailable; not imputed	outputs/paper1_data_refresh_20260710/PAPER1_7MODEL_RAW_SEED_METRICS.tsv
MPHGNN	MDA	native	scaffold_cold	14	0.7672345679012347	0.7370249795886381	0.5188888888888888	0.0845665961945031	0.1196975349623361	0.425552909040115	0.4387879746267573	1.5939086205066708				PASS	result/B-dataset/audit_adapted_fixedtest_scaffold_cold_seed14/audit_predictions/MPHGNN_STRICT_scaffold_cold_seed14_predictions.tsv	formal_runs/native_mda_audit_20260601/MPHGNN_STRICT_FORMAL_GUARD_20260614/table_exports/MPHGNN_ADAPTED_FIXEDTEST_E10_FULL25_raw_metrics.tsv	loss unavailable; not imputed	outputs/paper1_data_refresh_20260710/PAPER1_7MODEL_RAW_SEED_METRICS.tsv
MPHGNN	MDA	native	scaffold_cold	15	0.752158024691358	0.7208352361123729	0.5244444444444445	0.104602510460251	0.1407944133885129	0.4156244455334112	0.4300096027122344	1.5580743889020594				PASS	result/B-dataset/audit_adapted_fixedtest_scaffold_cold_seed15/audit_predictions/MPHGNN_STRICT_scaffold_cold_seed15_predictions.tsv	formal_runs/native_mda_audit_20260601/MPHGNN_STRICT_FORMAL_GUARD_20260614/table_exports/MPHGNN_ADAPTED_FIXEDTEST_E10_FULL25_raw_metrics.tsv	loss unavailable; not imputed	outputs/paper1_data_refresh_20260710/PAPER1_7MODEL_RAW_SEED_METRICS.tsv
MPHGNN	MDA	native	scaffold_cold	16	0.7801283950617284	0.7550345766811286	0.5311111111111111	0.128099173553719	0.1631772564071311	0.3774981917348948	0.3951447389466274	1.248093571748528				PASS	result/B-dataset/audit_adapted_fixedtest_scaffold_cold_seed16/audit_predictions/MPHGNN_STRICT_scaffold_cold_seed16_predictions.tsv	formal_runs/native_mda_audit_20260601/MPHGNN_STRICT_FORMAL_GUARD_20260614/table_exports/MPHGNN_ADAPTED_FIXEDTEST_E10_FULL25_raw_metrics.tsv	loss unavailable; not imputed	outputs/paper1_data_refresh_20260710/PAPER1_7MODEL_RAW_SEED_METRICS.tsv
MPHGNN	MDA	native	scaffold_cold	17	0.7648345679012346	0.740014011197385	0.5233333333333333	0.10062893081761	0.1367824224107948	0.4191000785649181	0.4330817473423021	1.555099909625314				PASS	result/B-dataset/audit_adapted_fixedtest_scaffold_cold_seed17/audit_predictions/MPHGNN_STRICT_scaffold_cold_seed17_predictions.tsv	formal_runs/native_mda_audit_20260601/MPHGNN_STRICT_FORMAL_GUARD_20260614/table_exports/MPHGNN_ADAPTED_FIXEDTEST_E10_FULL25_raw_metrics.tsv	loss unavailable; not imputed	outputs/paper1_data_refresh_20260710/PAPER1_7MODEL_RAW_SEED_METRICS.tsv
MPHGNN	MDA	native	scaffold_cold	18	0.761511111111111	0.7382192821581824	0.5322222222222223	0.1390593047034765	0.1582574335989236	0.4069078724243979	0.4205541221648066	1.5984097689115837				PASS	result/B-dataset/audit_adapted_fixedtest_scaffold_cold_seed18/audit_predictions/MPHGNN_STRICT_scaffold_cold_seed18_predictions.tsv	formal_runs/native_mda_audit_20260601/MPHGNN_STRICT_FORMAL_GUARD_20260614/table_exports/MPHGNN_ADAPTED_FIXEDTEST_E10_FULL25_raw_metrics.tsv	loss unavailable; not imputed	outputs/paper1_data_refresh_20260710/PAPER1_7MODEL_RAW_SEED_METRICS.tsv
MPHGNN	MDA	native	scaffold_cold	19	0.7480197530864198	0.705993607459719	0.5255555555555556	0.1085594989561586	0.1447170695082474	0.4145232388845708	0.4269552046007528	1.4907753403045338				PASS	result/B-dataset/audit_adapted_fixedtest_scaffold_cold_seed19/audit_predictions/MPHGNN_STRICT_scaffold_cold_seed19_predictions.tsv	formal_runs/native_mda_audit_20260601/MPHGNN_STRICT_FORMAL_GUARD_20260614/table_exports/MPHGNN_ADAPTED_FIXEDTEST_E10_FULL25_raw_metrics.tsv	loss unavailable; not imputed	outputs/paper1_data_refresh_20260710/PAPER1_7MODEL_RAW_SEED_METRICS.tsv
MPHGNN	MDA	native	scaffold_cold	20	0.7509530864197532	0.7145538168282208	0.5311111111111111	0.128099173553719	0.1631772564071311	0.4166118473518515	0.4284492391553552	1.5723897999540268				PASS	result/B-dataset/audit_adapted_fixedtest_scaffold_cold_seed20/audit_predictions/MPHGNN_STRICT_scaffold_cold_seed20_predictions.tsv	formal_runs/native_mda_audit_20260601/MPHGNN_STRICT_FORMAL_GUARD_20260614/table_exports/MPHGNN_ADAPTED_FIXEDTEST_E10_FULL25_raw_metrics.tsv	loss unavailable; not imputed	outputs/paper1_data_refresh_20260710/PAPER1_7MODEL_RAW_SEED_METRICS.tsv
MPHGNN	MDA	native	scaffold_cold	21	0.7710814814814814	0.7398123821717044	0.53	0.124223602484472	0.1596236530117572	0.4129055257901468	0.4254504137569651	1.547650197408626				PASS	result/B-dataset/audit_adapted_fixedtest_scaffold_cold_seed21/audit_predictions/MPHGNN_STRICT_scaffold_cold_seed21_predictions.tsv	formal_runs/native_mda_audit_20260601/MPHGNN_STRICT_FORMAL_GUARD_20260614/table_exports/MPHGNN_ADAPTED_FIXEDTEST_E10_FULL25_raw_metrics.tsv	loss unavailable; not imputed	outputs/paper1_data_refresh_20260710/PAPER1_7MODEL_RAW_SEED_METRICS.tsv
MPHGNN	MDA	native	scaffold_cold	22	0.7676049382716049	0.7460715380644983	0.5322222222222223	0.1319587628865979	0.1666694191900426	0.3898322472272422	0.4057858166062376	1.3313479226022855				PASS	result/B-dataset/audit_adapted_fixedtest_scaffold_cold_seed22/audit_predictions/MPHGNN_STRICT_scaffold_cold_seed22_predictions.tsv	formal_runs/native_mda_audit_20260601/MPHGNN_STRICT_FORMAL_GUARD_20260614/table_exports/MPHGNN_ADAPTED_FIXEDTEST_E10_FULL25_raw_metrics.tsv	loss unavailable; not imputed	outputs/paper1_data_refresh_20260710/PAPER1_7MODEL_RAW_SEED_METRICS.tsv
MPHGNN	MDA	native	scaffold_cold	23	0.7803358024691358	0.7513662067698341	0.54	0.1585365853658536	0.1896418623723042	0.3793934495309453	0.3966814152275522	1.291672708923609				PASS	result/B-dataset/audit_adapted_fixedtest_scaffold_cold_seed23/audit_predictions/MPHGNN_STRICT_scaffold_cold_seed23_predictions.tsv	formal_runs/native_mda_audit_20260601/MPHGNN_STRICT_FORMAL_GUARD_20260614/table_exports/MPHGNN_ADAPTED_FIXEDTEST_E10_FULL25_raw_metrics.tsv	loss unavailable; not imputed	outputs/paper1_data_refresh_20260710/PAPER1_7MODEL_RAW_SEED_METRICS.tsv
MPHGNN	MDA	native	scaffold_cold	24	0.7688543209876543	0.7485167044591357	0.5188888888888888	0.0845665961945031	0.1196975349623361	0.4288862305309969	0.4431866787103031	1.673880922874054				PASS	result/B-dataset/audit_adapted_fixedtest_scaffold_cold_seed24/audit_predictions/MPHGNN_STRICT_scaffold_cold_seed24_predictions.tsv	formal_runs/native_mda_audit_20260601/MPHGNN_STRICT_FORMAL_GUARD_20260614/table_exports/MPHGNN_ADAPTED_FIXEDTEST_E10_FULL25_raw_metrics.tsv	loss unavailable; not imputed	outputs/paper1_data_refresh_20260710/PAPER1_7MODEL_RAW_SEED_METRICS.tsv
MGCNA	MDA	native	drug_cold	0	0.5690650166147027	0.5658862812483345	0.5051698670605613	0.04011461318051576	0.04183823143253489	0.45075784642148	0.4454612122925399	3.3405907672479285	3.3405907672479285			PASS	formal_runs/mgcna_corrected_fast_full125_fixedfinal_20260629/formal_125runs/drug_cold/seed_0	formal_runs/mgcna_corrected_fast_full125_fixedfinal_20260629/audit/MGCNA_CORRECTED_FAST_FINAL125_RAW_METRICS.tsv		outputs/paper1_data_refresh_20260710/PAPER1_7MODEL_RAW_SEED_METRICS.tsv
MGCNA	MDA	native	drug_cold	1	0.6021636392693752	0.5932952284807129	0.5141402714932126	0.09800490024501225	0.07335704471330078	0.4317832153153124	0.4290780930193704	2.3757545526505943	2.3757545526505943			PASS	formal_runs/mgcna_corrected_fast_full125_fixedfinal_20260629/formal_125runs/drug_cold/seed_1	formal_runs/mgcna_corrected_fast_full125_fixedfinal_20260629/audit/MGCNA_CORRECTED_FAST_FINAL125_RAW_METRICS.tsv		outputs/paper1_data_refresh_20260710/PAPER1_7MODEL_RAW_SEED_METRICS.tsv
MGCNA	MDA	native	drug_cold	2	0.4878795825600474	0.4999236292552058	0.5027233115468409	0.08302644794107801	0.013530133026892354	0.4560578604310605	0.44204096423194883	2.7020018905161947	2.7020018905161947			PASS	formal_runs/mgcna_corrected_fast_full125_fixedfinal_20260629/formal_125runs/drug_cold/seed_2	formal_runs/mgcna_corrected_fast_full125_fixedfinal_20260629/audit/MGCNA_CORRECTED_FAST_FINAL125_RAW_METRICS.tsv		outputs/paper1_data_refresh_20260710/PAPER1_7MODEL_RAW_SEED_METRICS.tsv
MGCNA	MDA	native	drug_cold	3	0.5773234454165885	0.5658042225062347	0.5184075342465754	0.1444866920152091	0.07580308966161099	0.42562136635447767	0.4106002533564909	2.5372032341830506	2.5372032341830506			PASS	formal_runs/mgcna_corrected_fast_full125_fixedfinal_20260629/formal_125runs/drug_cold/seed_3	formal_runs/mgcna_corrected_fast_full125_fixedfinal_20260629/audit/MGCNA_CORRECTED_FAST_FINAL125_RAW_METRICS.tsv		outputs/paper1_data_refresh_20260710/PAPER1_7MODEL_RAW_SEED_METRICS.tsv
MGCNA	MDA	native	drug_cold	4	0.5397657573646769	0.5437383559356533	0.5095583388266315	0.1267605633802817	0.039745087831667275	0.43775112339871675	0.4237468539824047	2.81132200875134	2.81132200875134			PASS	formal_runs/mgcna_corrected_fast_full125_fixedfinal_20260629/formal_125runs/drug_cold/seed_4	formal_runs/mgcna_corrected_fast_full125_fixedfinal_20260629/audit/MGCNA_CORRECTED_FAST_FINAL125_RAW_METRICS.tsv		outputs/paper1_data_refresh_20260710/PAPER1_7MODEL_RAW_SEED_METRICS.tsv
MGCNA	MDA	native	drug_cold	5	0.6397519487873543	0.6212715048456817	0.5556112224448898	0.3054032889584965	0.16037465294875525	0.37899635496404327	0.3558177032996927	2.1205485968820277	2.1205485968820277			PASS	formal_runs/mgcna_corrected_fast_full125_fixedfinal_20260629/formal_125runs/drug_cold/seed_5	formal_runs/mgcna_corrected_fast_full125_fixedfinal_20260629/audit/MGCNA_CORRECTED_FAST_FINAL125_RAW_METRICS.tsv		outputs/paper1_data_refresh_20260710/PAPER1_7MODEL_RAW_SEED_METRICS.tsv
MGCNA	MDA	native	drug_cold	6	0.492476968336988	0.5154980065233573	0.5111799105607155	0.12982241273729334	0.04644818570959047	0.4429006037652038	0.42767300299430744	3.1489131878196557	3.1489131878196557			PASS	formal_runs/mgcna_corrected_fast_full125_fixedfinal_20260629/formal_125runs/drug_cold/seed_6	formal_runs/mgcna_corrected_fast_full125_fixedfinal_20260629/audit/MGCNA_CORRECTED_FAST_FINAL125_RAW_METRICS.tsv		outputs/paper1_data_refresh_20260710/PAPER1_7MODEL_RAW_SEED_METRICS.tsv
MGCNA	MDA	native	drug_cold	7	0.445217471930585	0.463948899708377	0.48384728340675476	0.11572327044025157	-0.05832610327277963	0.4499799727695147	0.42542934165667684	2.8292201222125297	2.8292201222125293			PASS	formal_runs/mgcna_corrected_fast_full125_fixedfinal_20260629/formal_125runs/drug_cold/seed_7	formal_runs/mgcna_corrected_fast_full125_fixedfinal_20260629/audit/MGCNA_CORRECTED_FAST_FINAL125_RAW_METRICS.tsv		outputs/paper1_data_refresh_20260710/PAPER1_7MODEL_RAW_SEED_METRICS.tsv
MGCNA	MDA	native	drug_cold	8	0.5889990657380669	0.5648140808425617	0.5030788177339901	0.08607021517553794	0.015057577326265673	0.43736768078898547	0.4321791220161639	3.189402867409118	3.189402867409118			PASS	formal_runs/mgcna_corrected_fast_full125_fixedfinal_20260629/formal_125runs/drug_cold/seed_8	formal_runs/mgcna_corrected_fast_full125_fixedfinal_20260629/audit/MGCNA_CORRECTED_FAST_FINAL125_RAW_METRICS.tsv		outputs/paper1_data_refresh_20260710/PAPER1_7MODEL_RAW_SEED_METRICS.tsv
MGCNA	MDA	native	drug_cold	9	0.4346642542771221	0.4678959771440503	0.49468417761100686	0.10421286031042129	-0.021702943131789346	0.4597719726922262	0.4429141278173241	3.6465619472972803	3.6465619472972803			PASS	formal_runs/mgcna_corrected_fast_full125_fixedfinal_20260629/formal_125runs/drug_cold/seed_9	formal_runs/mgcna_corrected_fast_full125_fixedfinal_20260629/audit/MGCNA_CORRECTED_FAST_FINAL125_RAW_METRICS.tsv		outputs/paper1_data_refresh_20260710/PAPER1_7MODEL_RAW_SEED_METRICS.tsv
MGCNA	MDA	native	drug_cold	10	0.5822939792275995	0.5849147110641439	0.5235559858018716	0.13981939994174192	0.10432361832272181	0.439942402313209	0.435586269918988	2.5225787266752056	2.5225787266752056			PASS	formal_runs/mgcna_corrected_fast_full125_fixedfinal_20260629/formal_125runs/drug_cold/seed_10	formal_runs/mgcna_corrected_fast_full125_fixedfinal_20260629/audit/MGCNA_CORRECTED_FAST_FINAL125_RAW_METRICS.tsv		outputs/paper1_data_refresh_20260710/PAPER1_7MODEL_RAW_SEED_METRICS.tsv
MGCNA	MDA	native	drug_cold	11	0.6197482730052043	0.5850033986286123	0.5114734299516909	0.12351029252437704	0.04933900043054121	0.41314732011281335	0.3983879748633386	2.507631204971733	2.507631204971733			PASS	formal_runs/mgcna_corrected_fast_full125_fixedfinal_20260629/formal_125runs/drug_cold/seed_11	formal_runs/mgcna_corrected_fast_full125_fixedfinal_20260629/audit/MGCNA_CORRECTED_FAST_FINAL125_RAW_METRICS.tsv		outputs/paper1_data_refresh_20260710/PAPER1_7MODEL_RAW_SEED_METRICS.tsv
MGCNA	MDA	native	drug_cold	12	0.5765397196624612	0.5889604201722882	0.5171981368685059	0.11085450346420324	0.08478395474177182	0.43583010363480534	0.43123276665587756	2.89614006908683	2.89614006908683			PASS	formal_runs/mgcna_corrected_fast_full125_fixedfinal_20260629/formal_125runs/drug_cold/seed_12	formal_runs/mgcna_corrected_fast_full125_fixedfinal_20260629/audit/MGCNA_CORRECTED_FAST_FINAL125_RAW_METRICS.tsv		outputs/paper1_data_refresh_20260710/PAPER1_7MODEL_RAW_SEED_METRICS.tsv
MGCNA	MDA	native	drug_cold	13	0.5331630686158754	0.5451719300255129	0.5164622336991608	0.13610149942329874	0.06947268270412196	0.4407844944831055	0.42807179369538345	3.0302470858770145	3.0302470858770145			PASS	formal_runs/mgcna_corrected_fast_full125_fixedfinal_20260629/formal_125runs/drug_cold/seed_13	formal_runs/mgcna_corrected_fast_full125_fixedfinal_20260629/audit/MGCNA_CORRECTED_FAST_FINAL125_RAW_METRICS.tsv		outputs/paper1_data_refresh_20260710/PAPER1_7MODEL_RAW_SEED_METRICS.tsv
MGCNA	MDA	native	drug_cold	14	0.6344675366377466	0.6078696029389892	0.5400149588631264	0.2756183745583039	0.11709608102814592	0.4023915652388627	0.3833408635911965	2.2544673381426845	2.2544673381426845			PASS	formal_runs/mgcna_corrected_fast_full125_fixedfinal_20260629/formal_125runs/drug_cold/seed_14	formal_runs/mgcna_corrected_fast_full125_fixedfinal_20260629/audit/MGCNA_CORRECTED_FAST_FINAL125_RAW_METRICS.tsv		outputs/paper1_data_refresh_20260710/PAPER1_7MODEL_RAW_SEED_METRICS.tsv
MGCNA	MDA	native	drug_cold	15	0.5254980303983527	0.5208302368996112	0.5116978609625669	0.19058171745152355	0.0384395653501442	0.4305987644446558	0.40918939300977764	2.815721936477502	2.815721936477502			PASS	formal_runs/mgcna_corrected_fast_full125_fixedfinal_20260629/formal_125runs/drug_cold/seed_15	formal_runs/mgcna_corrected_fast_full125_fixedfinal_20260629/audit/MGCNA_CORRECTED_FAST_FINAL125_RAW_METRICS.tsv		outputs/paper1_data_refresh_20260710/PAPER1_7MODEL_RAW_SEED_METRICS.tsv
MGCNA	MDA	native	drug_cold	16	0.6528507641094881	0.6520863453142646	0.5529782359679267	0.25843230403800477	0.17443928852447682	0.3863189607666197	0.3752550096804098	2.3976055833629193	2.3976055833629193			PASS	formal_runs/mgcna_corrected_fast_full125_fixedfinal_20260629/formal_125runs/drug_cold/seed_16	formal_runs/mgcna_corrected_fast_full125_fixedfinal_20260629/audit/MGCNA_CORRECTED_FAST_FINAL125_RAW_METRICS.tsv		outputs/paper1_data_refresh_20260710/PAPER1_7MODEL_RAW_SEED_METRICS.tsv
MGCNA	MDA	native	drug_cold	17	0.6512924022168267	0.6335623778845902	0.523970818134445	0.1320665083135392	0.11162615634281338	0.4296478359841961	0.4237181669902327	2.7707276831236616	2.7707276831236616			PASS	formal_runs/mgcna_corrected_fast_full125_fixedfinal_20260629/formal_125runs/drug_cold/seed_17	formal_runs/mgcna_corrected_fast_full125_fixedfinal_20260629/audit/MGCNA_CORRECTED_FAST_FINAL125_RAW_METRICS.tsv		outputs/paper1_data_refresh_20260710/PAPER1_7MODEL_RAW_SEED_METRICS.tsv
MGCNA	MDA	native	drug_cold	18	0.6337004203723298	0.617845744979677	0.5267379679144385	0.1563393708293613	0.11175200477072143	0.42628041315667814	0.42535947814647085	2.8926752317734348	2.8926752317734348			PASS	formal_runs/mgcna_corrected_fast_full125_fixedfinal_20260629/formal_125runs/drug_cold/seed_18	formal_runs/mgcna_corrected_fast_full125_fixedfinal_20260629/audit/MGCNA_CORRECTED_FAST_FINAL125_RAW_METRICS.tsv		outputs/paper1_data_refresh_20260710/PAPER1_7MODEL_RAW_SEED_METRICS.tsv
MGCNA	MDA	native	drug_cold	19	0.5266014089994876	0.5423058620226373	0.5073868882733149	0.0745880312228968	0.041771043384511625	0.4369468894223881	0.4221169938145805	3.051413495237353	3.051413495237353			PASS	formal_runs/mgcna_corrected_fast_full125_fixedfinal_20260629/formal_125runs/drug_cold/seed_19	formal_runs/mgcna_corrected_fast_full125_fixedfinal_20260629/audit/MGCNA_CORRECTED_FAST_FINAL125_RAW_METRICS.tsv		outputs/paper1_data_refresh_20260710/PAPER1_7MODEL_RAW_SEED_METRICS.tsv
MGCNA	MDA	native	drug_cold	20	0.5547806214661555	0.5538003348061948	0.5076252723311547	0.08870967741935484	0.038771198285404845	0.44310405248967405	0.43640519400364686	2.4695581000839555	2.469558100083955			PASS	formal_runs/mgcna_corrected_fast_full125_fixedfinal_20260629/formal_125runs/drug_cold/seed_20	formal_runs/mgcna_corrected_fast_full125_fixedfinal_20260629/audit/MGCNA_CORRECTED_FAST_FINAL125_RAW_METRICS.tsv		outputs/paper1_data_refresh_20260710/PAPER1_7MODEL_RAW_SEED_METRICS.tsv
MGCNA	MDA	native	drug_cold	21	0.5378415346334753	0.5385929551241618	0.5061998541210795	0.09612817089452604	0.029499266291430626	0.4282912052707435	0.4116217316791244	2.482110860277955	2.482110860277955			PASS	formal_runs/mgcna_corrected_fast_full125_fixedfinal_20260629/formal_125runs/drug_cold/seed_21	formal_runs/mgcna_corrected_fast_full125_fixedfinal_20260629/audit/MGCNA_CORRECTED_FAST_FINAL125_RAW_METRICS.tsv		outputs/paper1_data_refresh_20260710/PAPER1_7MODEL_RAW_SEED_METRICS.tsv
MGCNA	MDA	native	drug_cold	22	0.6482640015624062	0.6343655196319258	0.5521317829457364	0.29435114503816795	0.1527035544273105	0.3841190495023988	0.3715729161488655	1.8557744709510542	1.8557744709510542			PASS	formal_runs/mgcna_corrected_fast_full125_fixedfinal_20260629/formal_125runs/drug_cold/seed_22	formal_runs/mgcna_corrected_fast_full125_fixedfinal_20260629/audit/MGCNA_CORRECTED_FAST_FINAL125_RAW_METRICS.tsv		outputs/paper1_data_refresh_20260710/PAPER1_7MODEL_RAW_SEED_METRICS.tsv
MGCNA	MDA	native	drug_cold	23	0.4564086453637816	0.4952421388462602	0.5042759407069556	0.09000523286237572	0.020680175447823322	0.4577971710259484	0.4479267768757183	3.7819444161627036	3.7819444161627036			PASS	formal_runs/mgcna_corrected_fast_full125_fixedfinal_20260629/formal_125runs/drug_cold/seed_23	formal_runs/mgcna_corrected_fast_full125_fixedfinal_20260629/audit/MGCNA_CORRECTED_FAST_FINAL125_RAW_METRICS.tsv		outputs/paper1_data_refresh_20260710/PAPER1_7MODEL_RAW_SEED_METRICS.tsv
MGCNA	MDA	native	drug_cold	24	0.5930683678546493	0.5943003803298403	0.5191218130311614	0.11241830065359477	0.0955627986580233	0.43260170071812387	0.43092809597412207	3.0762249727355977	3.0762249727355977			PASS	formal_runs/mgcna_corrected_fast_full125_fixedfinal_20260629/formal_125runs/drug_cold/seed_24	formal_runs/mgcna_corrected_fast_full125_fixedfinal_20260629/audit/MGCNA_CORRECTED_FAST_FINAL125_RAW_METRICS.tsv		outputs/paper1_data_refresh_20260710/PAPER1_7MODEL_RAW_SEED_METRICS.tsv
MGCNA	MDA	native	mirna_cold	0	0.7838402700046855	0.7642657849232757	0.5660076530612245	0.2678859601936525	0.22750068864138992	0.35913497190136645	0.3710383848049846	1.477143253806605	1.4771432538066045			PASS	formal_runs/mgcna_corrected_fast_full125_fixedfinal_20260629/formal_125runs/mirna_cold/seed_0	formal_runs/mgcna_corrected_fast_full125_fixedfinal_20260629/audit/MGCNA_CORRECTED_FAST_FINAL125_RAW_METRICS.tsv		outputs/paper1_data_refresh_20260710/PAPER1_7MODEL_RAW_SEED_METRICS.tsv
MGCNA	MDA	native	mirna_cold	1	0.7683441996836542	0.740209551779651	0.5385093167701863	0.1651685393258427	0.1722056136853957	0.3923347586164393	0.4091749672378115	1.690704874753997	1.690704874753997			PASS	formal_runs/mgcna_corrected_fast_full125_fixedfinal_20260629/formal_125runs/mirna_cold/seed_1	formal_runs/mgcna_corrected_fast_full125_fixedfinal_20260629/audit/MGCNA_CORRECTED_FAST_FINAL125_RAW_METRICS.tsv		outputs/paper1_data_refresh_20260710/PAPER1_7MODEL_RAW_SEED_METRICS.tsv
MGCNA	MDA	native	mirna_cold	2	0.7080329671211549	0.7045238070537176	0.5138810198300283	0.07741935483870968	0.08577701060841394	0.4371447515170104	0.4473791707579752	2.481697464460563	2.481697464460563			PASS	formal_runs/mgcna_corrected_fast_full125_fixedfinal_20260629/formal_125runs/mirna_cold/seed_2	formal_runs/mgcna_corrected_fast_full125_fixedfinal_20260629/audit/MGCNA_CORRECTED_FAST_FINAL125_RAW_METRICS.tsv		outputs/paper1_data_refresh_20260710/PAPER1_7MODEL_RAW_SEED_METRICS.tsv
MGCNA	MDA	native	mirna_cold	3	0.7852990286690849	0.7479918470644711	0.5150669642857143	0.0765143464399575	0.09629662245520004	0.40267977304178854	0.41902402393061366	1.736526780991543	1.736526780991543			PASS	formal_runs/mgcna_corrected_fast_full125_fixedfinal_20260629/formal_125runs/mirna_cold/seed_3	formal_runs/mgcna_corrected_fast_full125_fixedfinal_20260629/audit/MGCNA_CORRECTED_FAST_FINAL125_RAW_METRICS.tsv		outputs/paper1_data_refresh_20260710/PAPER1_7MODEL_RAW_SEED_METRICS.tsv
MGCNA	MDA	native	mirna_cold	4	0.7913463777871051	0.7620838482066797	0.5438348416289592	0.18903971845148315	0.18108971905343882	0.3981001475073631	0.4148453488043595	1.8220372809684824	1.8220372809684824			PASS	formal_runs/mgcna_corrected_fast_full125_fixedfinal_20260629/formal_125runs/mirna_cold/seed_4	formal_runs/mgcna_corrected_fast_full125_fixedfinal_20260629/audit/MGCNA_CORRECTED_FAST_FINAL125_RAW_METRICS.tsv		outputs/paper1_data_refresh_20260710/PAPER1_7MODEL_RAW_SEED_METRICS.tsv
MGCNA	MDA	native	mirna_cold	5	0.8091262612678696	0.7916042649734562	0.664044289044289	0.5291955900367497	0.4002717733087229	0.3059718516108513	0.3261233611975739	1.2859614153869028	1.2859614153869028			PASS	formal_runs/mgcna_corrected_fast_full125_fixedfinal_20260629/formal_125runs/mirna_cold/seed_5	formal_runs/mgcna_corrected_fast_full125_fixedfinal_20260629/audit/MGCNA_CORRECTED_FAST_FINAL125_RAW_METRICS.tsv		outputs/paper1_data_refresh_20260710/PAPER1_7MODEL_RAW_SEED_METRICS.tsv
MGCNA	MDA	native	mirna_cold	6	0.7734225843407847	0.7586276229340666	0.5455793520043932	0.17620706819313092	0.20600036828317658	0.43277284647210634	0.4447372537056838	2.222021734550703	2.2220217345507027			PASS	formal_runs/mgcna_corrected_fast_full125_fixedfinal_20260629/formal_125runs/mirna_cold/seed_6	formal_runs/mgcna_corrected_fast_full125_fixedfinal_20260629/audit/MGCNA_CORRECTED_FAST_FINAL125_RAW_METRICS.tsv		outputs/paper1_data_refresh_20260710/PAPER1_7MODEL_RAW_SEED_METRICS.tsv
MGCNA	MDA	native	mirna_cold	7	0.8675898756514959	0.848509679741042	0.7112590799031477	0.6235201262825573	0.47756672657902205	0.2372461535230516	0.2556890300744841	0.9516643696447348	0.9516643696447348			PASS	formal_runs/mgcna_corrected_fast_full125_fixedfinal_20260629/formal_125runs/mirna_cold/seed_7	formal_runs/mgcna_corrected_fast_full125_fixedfinal_20260629/audit/MGCNA_CORRECTED_FAST_FINAL125_RAW_METRICS.tsv		outputs/paper1_data_refresh_20260710/PAPER1_7MODEL_RAW_SEED_METRICS.tsv
MGCNA	MDA	native	mirna_cold	8	0.7536977583812736	0.7766025280355647	0.5459154929577464	0.17418032786885246	0.21095644618219006	0.37226000500832274	0.3891513262504405	1.6668871217211363	1.6668871217211363			PASS	formal_runs/mgcna_corrected_fast_full125_fixedfinal_20260629/formal_125runs/mirna_cold/seed_8	formal_runs/mgcna_corrected_fast_full125_fixedfinal_20260629/audit/MGCNA_CORRECTED_FAST_FINAL125_RAW_METRICS.tsv		outputs/paper1_data_refresh_20260710/PAPER1_7MODEL_RAW_SEED_METRICS.tsv
MGCNA	MDA	native	mirna_cold	9	0.8045106418001042	0.8034902972679682	0.57928531546622	0.3013444598980065	0.2617699423254205	0.3343211270676248	0.3516884938844162	1.5710574415294472	1.5710574415294472			PASS	formal_runs/mgcna_corrected_fast_full125_fixedfinal_20260629/formal_125runs/mirna_cold/seed_9	formal_runs/mgcna_corrected_fast_full125_fixedfinal_20260629/audit/MGCNA_CORRECTED_FAST_FINAL125_RAW_METRICS.tsv		outputs/paper1_data_refresh_20260710/PAPER1_7MODEL_RAW_SEED_METRICS.tsv
MGCNA	MDA	native	mirna_cold	10	0.7307022533156831	0.7120907409352372	0.539386650631389	0.17987152034261242	0.16377495199112713	0.4326383615878249	0.43643419586916127	2.1360366106993047	2.1360366106993043			PASS	formal_runs/mgcna_corrected_fast_full125_fixedfinal_20260629/formal_125runs/mirna_cold/seed_10	formal_runs/mgcna_corrected_fast_full125_fixedfinal_20260629/audit/MGCNA_CORRECTED_FAST_FINAL125_RAW_METRICS.tsv		outputs/paper1_data_refresh_20260710/PAPER1_7MODEL_RAW_SEED_METRICS.tsv
MGCNA	MDA	native	mirna_cold	11	0.7719587913485081	0.7663181224198494	0.5768194070080862	0.3059239610963749	0.2458065031434166	0.33111158834681326	0.33789269993492266	1.3422417116523755	1.3422417116523755			PASS	formal_runs/mgcna_corrected_fast_full125_fixedfinal_20260629/formal_125runs/mirna_cold/seed_11	formal_runs/mgcna_corrected_fast_full125_fixedfinal_20260629/audit/MGCNA_CORRECTED_FAST_FINAL125_RAW_METRICS.tsv		outputs/paper1_data_refresh_20260710/PAPER1_7MODEL_RAW_SEED_METRICS.tsv
MGCNA	MDA	native	mirna_cold	12	0.7537601517920551	0.722154310487969	0.5344105326152004	0.15342763873775844	0.15793112898111464	0.39710587070892045	0.41123362925386664	1.9077273512872497	1.9077273512872497			PASS	formal_runs/mgcna_corrected_fast_full125_fixedfinal_20260629/formal_125runs/mirna_cold/seed_12	formal_runs/mgcna_corrected_fast_full125_fixedfinal_20260629/audit/MGCNA_CORRECTED_FAST_FINAL125_RAW_METRICS.tsv		outputs/paper1_data_refresh_20260710/PAPER1_7MODEL_RAW_SEED_METRICS.tsv
MGCNA	MDA	native	mirna_cold	13	0.8356499185253765	0.8078507995487145	0.5821123321123322	0.3103274559193955	0.266825822461754	0.3538652280958792	0.3717839283469954	1.4826491641692972	1.482649164169297			PASS	formal_runs/mgcna_corrected_fast_full125_fixedfinal_20260629/formal_125runs/mirna_cold/seed_13	formal_runs/mgcna_corrected_fast_full125_fixedfinal_20260629/audit/MGCNA_CORRECTED_FAST_FINAL125_RAW_METRICS.tsv		outputs/paper1_data_refresh_20260710/PAPER1_7MODEL_RAW_SEED_METRICS.tsv
MGCNA	MDA	native	mirna_cold	14	0.8204666470609759	0.8066736147434836	0.5506402793946449	0.205761316872428	0.2042878381122956	0.38309978746851353	0.402151485233069	2.0206427352456537	2.0206427352456537			PASS	formal_runs/mgcna_corrected_fast_full125_fixedfinal_20260629/formal_125runs/mirna_cold/seed_14	formal_runs/mgcna_corrected_fast_full125_fixedfinal_20260629/audit/MGCNA_CORRECTED_FAST_FINAL125_RAW_METRICS.tsv		outputs/paper1_data_refresh_20260710/PAPER1_7MODEL_RAW_SEED_METRICS.tsv
MGCNA	MDA	native	mirna_cold	15	0.8193660424553812	0.7964585480305049	0.5	0.0	0.0	0.3604515633943079	0.39013852884608885	1.4726425692109149	1.4726425692109149			PASS	formal_runs/mgcna_corrected_fast_full125_fixedfinal_20260629/formal_125runs/mirna_cold/seed_15	formal_runs/mgcna_corrected_fast_full125_fixedfinal_20260629/audit/MGCNA_CORRECTED_FAST_FINAL125_RAW_METRICS.tsv		outputs/paper1_data_refresh_20260710/PAPER1_7MODEL_RAW_SEED_METRICS.tsv
MGCNA	MDA	native	mirna_cold	16	0.7627538234050582	0.7605261116923732	0.5730277185501066	0.2911504424778761	0.24093445400006036	0.368869473808012	0.39670570469432165	1.6166500072190098	1.6166500072190098			PASS	formal_runs/mgcna_corrected_fast_full125_fixedfinal_20260629/formal_125runs/mirna_cold/seed_16	formal_runs/mgcna_corrected_fast_full125_fixedfinal_20260629/audit/MGCNA_CORRECTED_FAST_FINAL125_RAW_METRICS.tsv		outputs/paper1_data_refresh_20260710/PAPER1_7MODEL_RAW_SEED_METRICS.tsv
MGCNA	MDA	native	mirna_cold	17	0.7177517747707866	0.7105021174415256	0.5173210161662818	0.08232711306256861	0.10888234270284593	0.41190641666889505	0.4285966201666932	1.9506185481315705	1.9506185481315705			PASS	formal_runs/mgcna_corrected_fast_full125_fixedfinal_20260629/formal_125runs/mirna_cold/seed_17	formal_runs/mgcna_corrected_fast_full125_fixedfinal_20260629/audit/MGCNA_CORRECTED_FAST_FINAL125_RAW_METRICS.tsv		outputs/paper1_data_refresh_20260710/PAPER1_7MODEL_RAW_SEED_METRICS.tsv
MGCNA	MDA	native	mirna_cold	18	0.7467303340690075	0.7286691287730953	0.5165562913907285	0.08956916099773243	0.09551764114420443	0.41053268072100896	0.42485780443502713	1.9406406175960842	1.9406406175960842			PASS	formal_runs/mgcna_corrected_fast_full125_fixedfinal_20260629/formal_125runs/mirna_cold/seed_18	formal_runs/mgcna_corrected_fast_full125_fixedfinal_20260629/audit/MGCNA_CORRECTED_FAST_FINAL125_RAW_METRICS.tsv		outputs/paper1_data_refresh_20260710/PAPER1_7MODEL_RAW_SEED_METRICS.tsv
MGCNA	MDA	native	mirna_cold	19	0.8453041489563169	0.8261414463076312	0.648795871559633	0.49064449064449067	0.3796677633719849	0.3119894283593906	0.3275209309571411	1.3571664652056419	1.3571664652056419			PASS	formal_runs/mgcna_corrected_fast_full125_fixedfinal_20260629/formal_125runs/mirna_cold/seed_19	formal_runs/mgcna_corrected_fast_full125_fixedfinal_20260629/audit/MGCNA_CORRECTED_FAST_FINAL125_RAW_METRICS.tsv		outputs/paper1_data_refresh_20260710/PAPER1_7MODEL_RAW_SEED_METRICS.tsv
MGCNA	MDA	native	mirna_cold	20	0.8115723780669154	0.7711807911849397	0.5320708613317043	0.15638766519823788	0.14106928231857258	0.3533444321477057	0.37668038940226645	1.2953763713460644	1.2953763713460644			PASS	formal_runs/mgcna_corrected_fast_full125_fixedfinal_20260629/formal_125runs/mirna_cold/seed_20	formal_runs/mgcna_corrected_fast_full125_fixedfinal_20260629/audit/MGCNA_CORRECTED_FAST_FINAL125_RAW_METRICS.tsv		outputs/paper1_data_refresh_20260710/PAPER1_7MODEL_RAW_SEED_METRICS.tsv
MGCNA	MDA	native	mirna_cold	21	0.8173123292292124	0.7996946789474222	0.5612987012987013	0.24497094322753687	0.22462381120664993	0.3417467901836779	0.3769320890818583	1.4652077479771999	1.4652077479771999			PASS	formal_runs/mgcna_corrected_fast_full125_fixedfinal_20260629/formal_125runs/mirna_cold/seed_21	formal_runs/mgcna_corrected_fast_full125_fixedfinal_20260629/audit/MGCNA_CORRECTED_FAST_FINAL125_RAW_METRICS.tsv		outputs/paper1_data_refresh_20260710/PAPER1_7MODEL_RAW_SEED_METRICS.tsv
MGCNA	MDA	native	mirna_cold	22	0.7740593172837262	0.7413346438337047	0.516065388951522	0.07638515330823023	0.10506042348137692	0.4232843163531628	0.43703190067223324	1.9221101292179819	1.9221101292179819			PASS	formal_runs/mgcna_corrected_fast_full125_fixedfinal_20260629/formal_125runs/mirna_cold/seed_22	formal_runs/mgcna_corrected_fast_full125_fixedfinal_20260629/audit/MGCNA_CORRECTED_FAST_FINAL125_RAW_METRICS.tsv		outputs/paper1_data_refresh_20260710/PAPER1_7MODEL_RAW_SEED_METRICS.tsv
MGCNA	MDA	native	mirna_cold	23	0.8392368371895124	0.8394840281605593	0.5615034168564921	0.2391304347826087	0.23165726857999755	0.34806788427386953	0.3869442447500976	1.622706667112963	1.6227066671129626			PASS	formal_runs/mgcna_corrected_fast_full125_fixedfinal_20260629/formal_125runs/mirna_cold/seed_23	formal_runs/mgcna_corrected_fast_full125_fixedfinal_20260629/audit/MGCNA_CORRECTED_FAST_FINAL125_RAW_METRICS.tsv		outputs/paper1_data_refresh_20260710/PAPER1_7MODEL_RAW_SEED_METRICS.tsv
MGCNA	MDA	native	mirna_cold	24	0.8299236590318807	0.8082904962387214	0.561514997458058	0.2410910690717114	0.22967885452721357	0.3527197162372286	0.3824758714352677	1.4986332001047642	1.4986332001047642			PASS	formal_runs/mgcna_corrected_fast_full125_fixedfinal_20260629/formal_125runs/mirna_cold/seed_24	formal_runs/mgcna_corrected_fast_full125_fixedfinal_20260629/audit/MGCNA_CORRECTED_FAST_FINAL125_RAW_METRICS.tsv		outputs/paper1_data_refresh_20260710/PAPER1_7MODEL_RAW_SEED_METRICS.tsv
MGCNA	MDA	native	random	0	0.8674544703728643	0.8781599375088054	0.7907110091743119	0.7571523619427811	0.6049865193188216	0.1837528365385594	0.16740846724146236	1.1201425640126437	1.1201425640126437			PASS	formal_runs/mgcna_corrected_fast_full125_fixedfinal_20260629/formal_125runs/random/seed_0	formal_runs/mgcna_corrected_fast_full125_fixedfinal_20260629/audit/MGCNA_CORRECTED_FAST_FINAL125_RAW_METRICS.tsv		outputs/paper1_data_refresh_20260710/PAPER1_7MODEL_RAW_SEED_METRICS.tsv
MGCNA	MDA	native	random	1	0.8726120618003534	0.8843925335587958	0.8081995412844036	0.7856456264017943	0.630517837633521	0.1673582893940121	0.146993579679938	0.9365028472738914	0.9365028472738914			PASS	formal_runs/mgcna_corrected_fast_full125_fixedfinal_20260629/formal_125runs/random/seed_1	formal_runs/mgcna_corrected_fast_full125_fixedfinal_20260629/audit/MGCNA_CORRECTED_FAST_FINAL125_RAW_METRICS.tsv		outputs/paper1_data_refresh_20260710/PAPER1_7MODEL_RAW_SEED_METRICS.tsv
MGCNA	MDA	native	random	2	0.8800112837724097	0.888389569168719	0.8041857798165137	0.7810195575504969	0.6224640674729165	0.16747355764521848	0.14907238625240896	0.8984604016605765	0.8984604016605765			PASS	formal_runs/mgcna_corrected_fast_full125_fixedfinal_20260629/formal_125runs/random/seed_2	formal_runs/mgcna_corrected_fast_full125_fixedfinal_20260629/audit/MGCNA_CORRECTED_FAST_FINAL125_RAW_METRICS.tsv		outputs/paper1_data_refresh_20260710/PAPER1_7MODEL_RAW_SEED_METRICS.tsv
MGCNA	MDA	native	random	3	0.8670959344226076	0.8842315477992236	0.8090596330275229	0.7869481765834933	0.631881377019302	0.16777981300203632	0.14573630036485874	0.9218689431241449	0.9218689431241449			PASS	formal_runs/mgcna_corrected_fast_full125_fixedfinal_20260629/formal_125runs/random/seed_3	formal_runs/mgcna_corrected_fast_full125_fixedfinal_20260629/audit/MGCNA_CORRECTED_FAST_FINAL125_RAW_METRICS.tsv		outputs/paper1_data_refresh_20260710/PAPER1_7MODEL_RAW_SEED_METRICS.tsv
MGCNA	MDA	native	random	4	0.8434083962839829	0.8612589829410534	0.7993119266055045	0.7747747747747747	0.6133608573499714	0.17869563749604472	0.1568728963377199	1.0950816993152506	1.0950816993152506			PASS	formal_runs/mgcna_corrected_fast_full125_fixedfinal_20260629/formal_125runs/random/seed_4	formal_runs/mgcna_corrected_fast_full125_fixedfinal_20260629/audit/MGCNA_CORRECTED_FAST_FINAL125_RAW_METRICS.tsv		outputs/paper1_data_refresh_20260710/PAPER1_7MODEL_RAW_SEED_METRICS.tsv
MGCNA	MDA	native	random	5	0.8719107713997138	0.8794764200324916	0.7924311926605505	0.768985322271857	0.5972965822482498	0.17295862366717848	0.15023189644699178	0.941823497124623	0.9418234971246229			PASS	formal_runs/mgcna_corrected_fast_full125_fixedfinal_20260629/formal_125runs/random/seed_5	formal_runs/mgcna_corrected_fast_full125_fixedfinal_20260629/audit/MGCNA_CORRECTED_FAST_FINAL125_RAW_METRICS.tsv		outputs/paper1_data_refresh_20260710/PAPER1_7MODEL_RAW_SEED_METRICS.tsv
MGCNA	MDA	native	random	6	0.8647742456443059	0.8792183495912992	0.7961582568807339	0.7683284457478006	0.610188646500185	0.17265806225392435	0.15053440254893516	0.8836301262848553	0.8836301262848552			PASS	formal_runs/mgcna_corrected_fast_full125_fixedfinal_20260629/formal_125runs/random/seed_6	formal_runs/mgcna_corrected_fast_full125_fixedfinal_20260629/audit/MGCNA_CORRECTED_FAST_FINAL125_RAW_METRICS.tsv		outputs/paper1_data_refresh_20260710/PAPER1_7MODEL_RAW_SEED_METRICS.tsv
MGCNA	MDA	native	random	7	0.8216037883490447	0.8432427216745645	0.7766628440366973	0.7563340631842352	0.5611930699912551	0.1906251759828101	0.15853091938268865	1.046482251812661	1.046482251812661			PASS	formal_runs/mgcna_corrected_fast_full125_fixedfinal_20260629/formal_125runs/random/seed_7	formal_runs/mgcna_corrected_fast_full125_fixedfinal_20260629/audit/MGCNA_CORRECTED_FAST_FINAL125_RAW_METRICS.tsv		outputs/paper1_data_refresh_20260710/PAPER1_7MODEL_RAW_SEED_METRICS.tsv
MGCNA	MDA	native	random	8	0.8348516999305615	0.8569581136621576	0.7717889908256881	0.7417261518494485	0.5589346719096228	0.20043159154906579	0.1814016936355038	1.1818625471922666	1.1818625471922666			PASS	formal_runs/mgcna_corrected_fast_full125_fixedfinal_20260629/formal_125runs/random/seed_8	formal_runs/mgcna_corrected_fast_full125_fixedfinal_20260629/audit/MGCNA_CORRECTED_FAST_FINAL125_RAW_METRICS.tsv		outputs/paper1_data_refresh_20260710/PAPER1_7MODEL_RAW_SEED_METRICS.tsv
MGCNA	MDA	native	random	9	0.8906674127809107	0.898387779832194	0.8087729357798165	0.7926639726453217	0.6251393036348566	0.15652887458690512	0.13202913193840102	0.7446139944486262	0.7446139944486261			PASS	formal_runs/mgcna_corrected_fast_full125_fixedfinal_20260629/formal_125runs/random/seed_9	formal_runs/mgcna_corrected_fast_full125_fixedfinal_20260629/audit/MGCNA_CORRECTED_FAST_FINAL125_RAW_METRICS.tsv		outputs/paper1_data_refresh_20260710/PAPER1_7MODEL_RAW_SEED_METRICS.tsv
MGCNA	MDA	native	random	10	0.8556354420924165	0.8765143294363321	0.7901376146788991	0.7638709677419355	0.5951919758162616	0.17739321568034302	0.14691747295423607	0.9204062897410756	0.9204062897410756			PASS	formal_runs/mgcna_corrected_fast_full125_fixedfinal_20260629/formal_125runs/random/seed_10	formal_runs/mgcna_corrected_fast_full125_fixedfinal_20260629/audit/MGCNA_CORRECTED_FAST_FINAL125_RAW_METRICS.tsv		outputs/paper1_data_refresh_20260710/PAPER1_7MODEL_RAW_SEED_METRICS.tsv
MGCNA	MDA	native	random	11	0.8744331811295345	0.8876013684280846	0.8067660550458715	0.789375	0.6220728373365751	0.16213661568099322	0.13334089302304059	0.8528502285598447	0.8528502285598447			PASS	formal_runs/mgcna_corrected_fast_full125_fixedfinal_20260629/formal_125runs/random/seed_11	formal_runs/mgcna_corrected_fast_full125_fixedfinal_20260629/audit/MGCNA_CORRECTED_FAST_FINAL125_RAW_METRICS.tsv		outputs/paper1_data_refresh_20260710/PAPER1_7MODEL_RAW_SEED_METRICS.tsv
MGCNA	MDA	native	random	12	0.9006571022009932	0.9018072173906293	0.8216743119266054	0.806471686372122	0.6514387802206099	0.1541671431988957	0.13956809735766773	0.825607528952879	0.8256075289528789			PASS	formal_runs/mgcna_corrected_fast_full125_fixedfinal_20260629/formal_125runs/random/seed_12	formal_runs/mgcna_corrected_fast_full125_fixedfinal_20260629/audit/MGCNA_CORRECTED_FAST_FINAL125_RAW_METRICS.tsv		outputs/paper1_data_refresh_20260710/PAPER1_7MODEL_RAW_SEED_METRICS.tsv
MGCNA	MDA	native	random	13	0.8565035889760964	0.8694414129318344	0.7993119266055045	0.775208734746307	0.6128825230632402	0.17459000984542136	0.14852516047812225	1.0068841935591673	1.0068841935591673			PASS	formal_runs/mgcna_corrected_fast_full125_fixedfinal_20260629/formal_125runs/random/seed_13	formal_runs/mgcna_corrected_fast_full125_fixedfinal_20260629/audit/MGCNA_CORRECTED_FAST_FINAL125_RAW_METRICS.tsv		outputs/paper1_data_refresh_20260710/PAPER1_7MODEL_RAW_SEED_METRICS.tsv
MGCNA	MDA	native	random	14	0.8518381830759196	0.8728566546972493	0.7932912844036697	0.7611791984100695	0.6090175872008097	0.18115897903182437	0.16159040433635782	1.0057915740393313	1.0057915740393313			PASS	formal_runs/mgcna_corrected_fast_full125_fixedfinal_20260629/formal_125runs/random/seed_14	formal_runs/mgcna_corrected_fast_full125_fixedfinal_20260629/audit/MGCNA_CORRECTED_FAST_FINAL125_RAW_METRICS.tsv		outputs/paper1_data_refresh_20260710/PAPER1_7MODEL_RAW_SEED_METRICS.tsv
MGCNA	MDA	native	random	15	0.8902375312999747	0.8898186936524681	0.8018922018348624	0.7770248467247499	0.6193887255883491	0.16866317598701763	0.14930785197838914	0.8955415454646894	0.8955415454646894			PASS	formal_runs/mgcna_corrected_fast_full125_fixedfinal_20260629/formal_125runs/random/seed_15	formal_runs/mgcna_corrected_fast_full125_fixedfinal_20260629/audit/MGCNA_CORRECTED_FAST_FINAL125_RAW_METRICS.tsv		outputs/paper1_data_refresh_20260710/PAPER1_7MODEL_RAW_SEED_METRICS.tsv
MGCNA	MDA	native	random	16	0.877149243014056	0.8823663202375595	0.7967316513761468	0.7734100351550016	0.6064511539327183	0.1723127426918935	0.14773885000824616	0.8653269867026842	0.8653269867026842			PASS	formal_runs/mgcna_corrected_fast_full125_fixedfinal_20260629/formal_125runs/random/seed_16	formal_runs/mgcna_corrected_fast_full125_fixedfinal_20260629/audit/MGCNA_CORRECTED_FAST_FINAL125_RAW_METRICS.tsv		outputs/paper1_data_refresh_20260710/PAPER1_7MODEL_RAW_SEED_METRICS.tsv
MGCNA	MDA	native	random	17	0.890780020358135	0.889611274135101	0.788704128440367	0.7555555555555555	0.5998930751775655	0.18023367209452945	0.17233052649063466	0.9837457948719696	0.9837457948719696			PASS	formal_runs/mgcna_corrected_fast_full125_fixedfinal_20260629/formal_125runs/random/seed_17	formal_runs/mgcna_corrected_fast_full125_fixedfinal_20260629/audit/MGCNA_CORRECTED_FAST_FINAL125_RAW_METRICS.tsv		outputs/paper1_data_refresh_20260710/PAPER1_7MODEL_RAW_SEED_METRICS.tsv
MGCNA	MDA	native	random	18	0.8398616685779816	0.8660736272647864	0.783256880733945	0.7509881422924901	0.5865560516390117	0.1879556656387394	0.16440599961840724	1.1224154425932307	1.1224154425932307			PASS	formal_runs/mgcna_corrected_fast_full125_fixedfinal_20260629/formal_125runs/random/seed_18	formal_runs/mgcna_corrected_fast_full125_fixedfinal_20260629/audit/MGCNA_CORRECTED_FAST_FINAL125_RAW_METRICS.tsv		outputs/paper1_data_refresh_20260710/PAPER1_7MODEL_RAW_SEED_METRICS.tsv
MGCNA	MDA	native	random	19	0.8518623484976011	0.871416557484031	0.78125	0.7462587296308614	0.5851973144801245	0.19369038487776977	0.17818944635954748	1.1557078116635597	1.1557078116635597			PASS	formal_runs/mgcna_corrected_fast_full125_fixedfinal_20260629/formal_125runs/random/seed_19	formal_runs/mgcna_corrected_fast_full125_fixedfinal_20260629/audit/MGCNA_CORRECTED_FAST_FINAL125_RAW_METRICS.tsv		outputs/paper1_data_refresh_20260710/PAPER1_7MODEL_RAW_SEED_METRICS.tsv
MGCNA	MDA	native	random	20	0.820401764108661	0.8494877041764878	0.7775229357798165	0.7511225144323285	0.567975365199227	0.1968654945059704	0.17469534014054725	1.2130353408956336	1.2130353408956336			PASS	formal_runs/mgcna_corrected_fast_full125_fixedfinal_20260629/formal_125runs/random/seed_20	formal_runs/mgcna_corrected_fast_full125_fixedfinal_20260629/audit/MGCNA_CORRECTED_FAST_FINAL125_RAW_METRICS.tsv		outputs/paper1_data_refresh_20260710/PAPER1_7MODEL_RAW_SEED_METRICS.tsv
MGCNA	MDA	native	random	21	0.8661054809149061	0.8809874471145792	0.7950114678899083	0.7692804130364633	0.6052716036376175	0.17328925176548574	0.14920176563424428	0.9103355171926175	0.9103355171926175			PASS	formal_runs/mgcna_corrected_fast_full125_fixedfinal_20260629/formal_125runs/random/seed_21	formal_runs/mgcna_corrected_fast_full125_fixedfinal_20260629/audit/MGCNA_CORRECTED_FAST_FINAL125_RAW_METRICS.tsv		outputs/paper1_data_refresh_20260710/PAPER1_7MODEL_RAW_SEED_METRICS.tsv
MGCNA	MDA	native	random	22	0.8742087879282048	0.8812886785437437	0.7961582568807339	0.7752134049952577	0.6028772259752646	0.17679675410933016	0.15628493893911555	0.9643275642039189	0.9643275642039189			PASS	formal_runs/mgcna_corrected_fast_full125_fixedfinal_20260629/formal_125runs/random/seed_22	formal_runs/mgcna_corrected_fast_full125_fixedfinal_20260629/audit/MGCNA_CORRECTED_FAST_FINAL125_RAW_METRICS.tsv		outputs/paper1_data_refresh_20260710/PAPER1_7MODEL_RAW_SEED_METRICS.tsv
MGCNA	MDA	native	random	23	0.9009528409330022	0.9034289557937883	0.8156536697247706	0.7967119822952893	0.642563238914585	0.15292436469000653	0.13448902268384325	0.7782319722836268	0.7782319722836268			PASS	formal_runs/mgcna_corrected_fast_full125_fixedfinal_20260629/formal_125runs/random/seed_23	formal_runs/mgcna_corrected_fast_full125_fixedfinal_20260629/audit/MGCNA_CORRECTED_FAST_FINAL125_RAW_METRICS.tsv		outputs/paper1_data_refresh_20260710/PAPER1_7MODEL_RAW_SEED_METRICS.tsv
MGCNA	MDA	native	random	24	0.8805991446427068	0.895905819513959	0.8130733944954128	0.790891597177678	0.6407325400801197	0.15967444619461482	0.13804848380262225	0.8792002945558376	0.8792002945558376			PASS	formal_runs/mgcna_corrected_fast_full125_fixedfinal_20260629/formal_125runs/random/seed_24	formal_runs/mgcna_corrected_fast_full125_fixedfinal_20260629/audit/MGCNA_CORRECTED_FAST_FINAL125_RAW_METRICS.tsv		outputs/paper1_data_refresh_20260710/PAPER1_7MODEL_RAW_SEED_METRICS.tsv
MGCNA	MDA	native	scaffold_cold	0	0.5474301858015557	0.5753326732113552	0.5109016999260901	0.06034788782392616	0.07691510196859608	0.4363450695319561	0.43547121781776754	2.6927486115335784	2.6927486115335784			PASS	formal_runs/mgcna_corrected_fast_full125_fixedfinal_20260629/formal_125runs/scaffold_cold/seed_0	formal_runs/mgcna_corrected_fast_full125_fixedfinal_20260629/audit/MGCNA_CORRECTED_FAST_FINAL125_RAW_METRICS.tsv		outputs/paper1_data_refresh_20260710/PAPER1_7MODEL_RAW_SEED_METRICS.tsv
MGCNA	MDA	native	scaffold_cold	1	0.473519299124632	0.49494051331542943	0.5038503850385039	0.11568627450980393	0.016081249500454402	0.4497743255240034	0.43051796201711334	3.7195206925827295	3.7195206925827295			PASS	formal_runs/mgcna_corrected_fast_full125_fixedfinal_20260629/formal_125runs/scaffold_cold/seed_1	formal_runs/mgcna_corrected_fast_full125_fixedfinal_20260629/audit/MGCNA_CORRECTED_FAST_FINAL125_RAW_METRICS.tsv		outputs/paper1_data_refresh_20260710/PAPER1_7MODEL_RAW_SEED_METRICS.tsv
MGCNA	MDA	native	scaffold_cold	2	0.5033374866500534	0.5224230944634607	0.5224056603773585	0.2702702702702703	0.06199524423699896	0.41315528075664626	0.3723483681492582	2.6459870619566903	2.6459870619566903			PASS	formal_runs/mgcna_corrected_fast_full125_fixedfinal_20260629/formal_125runs/scaffold_cold/seed_2	formal_runs/mgcna_corrected_fast_full125_fixedfinal_20260629/audit/MGCNA_CORRECTED_FAST_FINAL125_RAW_METRICS.tsv		outputs/paper1_data_refresh_20260710/PAPER1_7MODEL_RAW_SEED_METRICS.tsv
MGCNA	MDA	native	scaffold_cold	3	0.564824106234742	0.5582077654704309	0.5455075845974329	0.33361847733105215	0.11793515953477818	0.3994291998089788	0.37656194344439753	2.4418194197990757	2.4418194197990752			PASS	formal_runs/mgcna_corrected_fast_full125_fixedfinal_20260629/formal_125runs/scaffold_cold/seed_3	formal_runs/mgcna_corrected_fast_full125_fixedfinal_20260629/audit/MGCNA_CORRECTED_FAST_FINAL125_RAW_METRICS.tsv		outputs/paper1_data_refresh_20260710/PAPER1_7MODEL_RAW_SEED_METRICS.tsv
MGCNA	MDA	native	scaffold_cold	4	0.5616878897622324	0.5808392973301932	0.5277577505407354	0.15863840719332048	0.11572995241026839	0.43634325976114174	0.4323875308580056	3.1835997291845577	3.1835997291845577			PASS	formal_runs/mgcna_corrected_fast_full125_fixedfinal_20260629/formal_125runs/scaffold_cold/seed_4	formal_runs/mgcna_corrected_fast_full125_fixedfinal_20260629/audit/MGCNA_CORRECTED_FAST_FINAL125_RAW_METRICS.tsv		outputs/paper1_data_refresh_20260710/PAPER1_7MODEL_RAW_SEED_METRICS.tsv
MGCNA	MDA	native	scaffold_cold	5	0.5669234339595121	0.5655407527899546	0.5199506375976964	0.15557163531114326	0.07898569741662785	0.43127025070670744	0.41986207687745103	2.5248138601145773	2.5248138601145773			PASS	formal_runs/mgcna_corrected_fast_full125_fixedfinal_20260629/formal_125runs/scaffold_cold/seed_5	formal_runs/mgcna_corrected_fast_full125_fixedfinal_20260629/audit/MGCNA_CORRECTED_FAST_FINAL125_RAW_METRICS.tsv		outputs/paper1_data_refresh_20260710/PAPER1_7MODEL_RAW_SEED_METRICS.tsv
MGCNA	MDA	native	scaffold_cold	6	0.573827014629191	0.5682005904054331	0.5186500888099467	0.14375987361769352	0.07723929758166558	0.41816334144860606	0.403503502849859	2.4930684852077087	2.4930684852077087			PASS	formal_runs/mgcna_corrected_fast_full125_fixedfinal_20260629/formal_125runs/scaffold_cold/seed_6	formal_runs/mgcna_corrected_fast_full125_fixedfinal_20260629/audit/MGCNA_CORRECTED_FAST_FINAL125_RAW_METRICS.tsv		outputs/paper1_data_refresh_20260710/PAPER1_7MODEL_RAW_SEED_METRICS.tsv
MGCNA	MDA	native	scaffold_cold	7	0.5200403687512147	0.5319935125987676	0.5153267784846732	0.13429752066115702	0.06460739227540717	0.4518274831026235	0.43999127158680945	3.2925445094820316	3.2925445094820316			PASS	formal_runs/mgcna_corrected_fast_full125_fixedfinal_20260629/formal_125runs/scaffold_cold/seed_7	formal_runs/mgcna_corrected_fast_full125_fixedfinal_20260629/audit/MGCNA_CORRECTED_FAST_FINAL125_RAW_METRICS.tsv		outputs/paper1_data_refresh_20260710/PAPER1_7MODEL_RAW_SEED_METRICS.tsv
MGCNA	MDA	native	scaffold_cold	8	0.5278765100268725	0.5144402355307112	0.4924069855732726	0.07088255733148019	-0.03612769574601273	0.45479144707001457	0.44587255138004345	3.166705931745524	3.166705931745524			PASS	formal_runs/mgcna_corrected_fast_full125_fixedfinal_20260629/formal_125runs/scaffold_cold/seed_8	formal_runs/mgcna_corrected_fast_full125_fixedfinal_20260629/audit/MGCNA_CORRECTED_FAST_FINAL125_RAW_METRICS.tsv		outputs/paper1_data_refresh_20260710/PAPER1_7MODEL_RAW_SEED_METRICS.tsv
MGCNA	MDA	native	scaffold_cold	9	0.6618688371779609	0.6462311669031572	0.5497630331753555	0.24752475247524752	0.1671159552750145	0.3958160055174278	0.38629054905423743	2.4133269646178244	2.4133269646178244			PASS	formal_runs/mgcna_corrected_fast_full125_fixedfinal_20260629/formal_125runs/scaffold_cold/seed_9	formal_runs/mgcna_corrected_fast_full125_fixedfinal_20260629/audit/MGCNA_CORRECTED_FAST_FINAL125_RAW_METRICS.tsv		outputs/paper1_data_refresh_20260710/PAPER1_7MODEL_RAW_SEED_METRICS.tsv
MGCNA	MDA	native	scaffold_cold	10	0.47766929943431125	0.47920598914045887	0.4866497139224412	0.07343660355708548	-0.05904843154184692	0.467492158014776	0.455174003101258	3.1977303275749076	3.1977303275749076			PASS	formal_runs/mgcna_corrected_fast_full125_fixedfinal_20260629/formal_125runs/scaffold_cold/seed_10	formal_runs/mgcna_corrected_fast_full125_fixedfinal_20260629/audit/MGCNA_CORRECTED_FAST_FINAL125_RAW_METRICS.tsv		outputs/paper1_data_refresh_20260710/PAPER1_7MODEL_RAW_SEED_METRICS.tsv
MGCNA	MDA	native	scaffold_cold	11	0.5225985829070905	0.5399104185785544	0.5211002260738508	0.18473380372033354	0.07470625486961191	0.42818584382964037	0.4058207252215494	3.037876192197403	3.037876192197403			PASS	formal_runs/mgcna_corrected_fast_full125_fixedfinal_20260629/formal_125runs/scaffold_cold/seed_11	formal_runs/mgcna_corrected_fast_full125_fixedfinal_20260629/audit/MGCNA_CORRECTED_FAST_FINAL125_RAW_METRICS.tsv		outputs/paper1_data_refresh_20260710/PAPER1_7MODEL_RAW_SEED_METRICS.tsv
MGCNA	MDA	native	scaffold_cold	12	0.5398436915248838	0.5497055941926713	0.5202501488981537	0.16744186046511628	0.07630764196194502	0.4228066958439432	0.39478616888035656	2.264464546263593	2.264464546263593			PASS	formal_runs/mgcna_corrected_fast_full125_fixedfinal_20260629/formal_125runs/scaffold_cold/seed_12	formal_runs/mgcna_corrected_fast_full125_fixedfinal_20260629/audit/MGCNA_CORRECTED_FAST_FINAL125_RAW_METRICS.tsv		outputs/paper1_data_refresh_20260710/PAPER1_7MODEL_RAW_SEED_METRICS.tsv
MGCNA	MDA	native	scaffold_cold	13	0.4645294526017809	0.4816958330986939	0.4977109221713538	0.08896797153024912	-0.010372282802930084	0.45976797371486605	0.4405174928521498	3.448825658714615	3.448825658714615			PASS	formal_runs/mgcna_corrected_fast_full125_fixedfinal_20260629/formal_125runs/scaffold_cold/seed_13	formal_runs/mgcna_corrected_fast_full125_fixedfinal_20260629/audit/MGCNA_CORRECTED_FAST_FINAL125_RAW_METRICS.tsv		outputs/paper1_data_refresh_20260710/PAPER1_7MODEL_RAW_SEED_METRICS.tsv
MGCNA	MDA	native	scaffold_cold	14	0.5542575285565939	0.5492085126631258	0.5116822429906542	0.1480978260869565	0.04484911231030497	0.4250746084111981	0.41089752146517433	2.6489920651160364	2.6489920651160364			PASS	formal_runs/mgcna_corrected_fast_full125_fixedfinal_20260629/formal_125runs/scaffold_cold/seed_14	formal_runs/mgcna_corrected_fast_full125_fixedfinal_20260629/audit/MGCNA_CORRECTED_FAST_FINAL125_RAW_METRICS.tsv		outputs/paper1_data_refresh_20260710/PAPER1_7MODEL_RAW_SEED_METRICS.tsv
MGCNA	MDA	native	scaffold_cold	15	0.6413321428571428	0.6325902601808789	0.5291071428571429	0.14962915188648823	0.12906467640093056	0.4295475099705202	0.4291384894706122	3.014314996019312	3.014314996019312			PASS	formal_runs/mgcna_corrected_fast_full125_fixedfinal_20260629/formal_125runs/scaffold_cold/seed_15	formal_runs/mgcna_corrected_fast_full125_fixedfinal_20260629/audit/MGCNA_CORRECTED_FAST_FINAL125_RAW_METRICS.tsv		outputs/paper1_data_refresh_20260710/PAPER1_7MODEL_RAW_SEED_METRICS.tsv
MGCNA	MDA	native	scaffold_cold	16	0.5379023117656476	0.5385483217663392	0.5159549507273581	0.16713766653209527	0.05841838166249655	0.428189971380391	0.4096468632360005	2.3751941221851687	2.3751941221851682			PASS	formal_runs/mgcna_corrected_fast_full125_fixedfinal_20260629/formal_125runs/scaffold_cold/seed_16	formal_runs/mgcna_corrected_fast_full125_fixedfinal_20260629/audit/MGCNA_CORRECTED_FAST_FINAL125_RAW_METRICS.tsv		outputs/paper1_data_refresh_20260710/PAPER1_7MODEL_RAW_SEED_METRICS.tsv
MGCNA	MDA	native	scaffold_cold	17	0.5270847446008935	0.5380044396222513	0.5170682730923695	0.1847457627118644	0.05894823313783972	0.42432060088432	0.3942842853854906	2.8768548735018467	2.8768548735018467			PASS	formal_runs/mgcna_corrected_fast_full125_fixedfinal_20260629/formal_125runs/scaffold_cold/seed_17	formal_runs/mgcna_corrected_fast_full125_fixedfinal_20260629/audit/MGCNA_CORRECTED_FAST_FINAL125_RAW_METRICS.tsv		outputs/paper1_data_refresh_20260710/PAPER1_7MODEL_RAW_SEED_METRICS.tsv
MGCNA	MDA	native	scaffold_cold	18	0.5830868698768693	0.5710477340438116	0.5087778528021607	0.08662900188323917	0.04601950115131126	0.44822062511891636	0.4408474529289435	3.314593012347227	3.314593012347227			PASS	formal_runs/mgcna_corrected_fast_full125_fixedfinal_20260629/formal_125runs/scaffold_cold/seed_18	formal_runs/mgcna_corrected_fast_full125_fixedfinal_20260629/audit/MGCNA_CORRECTED_FAST_FINAL125_RAW_METRICS.tsv		outputs/paper1_data_refresh_20260710/PAPER1_7MODEL_RAW_SEED_METRICS.tsv
MGCNA	MDA	native	scaffold_cold	19	0.6011639077024589	0.6152356746367587	0.5401982378854625	0.21152030217186024	0.14558856571707013	0.3844241097389987	0.3714711276858487	2.142097440100496	2.142097440100496			PASS	formal_runs/mgcna_corrected_fast_full125_fixedfinal_20260629/formal_125runs/scaffold_cold/seed_19	formal_runs/mgcna_corrected_fast_full125_fixedfinal_20260629/audit/MGCNA_CORRECTED_FAST_FINAL125_RAW_METRICS.tsv		outputs/paper1_data_refresh_20260710/PAPER1_7MODEL_RAW_SEED_METRICS.tsv
MGCNA	MDA	native	scaffold_cold	20	0.6539777546537172	0.6272965536118779	0.5309677419354839	0.1883141049497581	0.11557950189522853	0.4156863994655999	0.40650812849520984	2.3423503192502175	2.3423503192502175			PASS	formal_runs/mgcna_corrected_fast_full125_fixedfinal_20260629/formal_125runs/scaffold_cold/seed_20	formal_runs/mgcna_corrected_fast_full125_fixedfinal_20260629/audit/MGCNA_CORRECTED_FAST_FINAL125_RAW_METRICS.tsv		outputs/paper1_data_refresh_20260710/PAPER1_7MODEL_RAW_SEED_METRICS.tsv
MGCNA	MDA	native	scaffold_cold	21	0.5843495550062077	0.5828718317876729	0.5145823035096392	0.10727272727272727	0.0712961393400348	0.43286325944110543	0.42581049601574417	3.0628255693456103	3.0628255693456103			PASS	formal_runs/mgcna_corrected_fast_full125_fixedfinal_20260629/formal_125runs/scaffold_cold/seed_21	formal_runs/mgcna_corrected_fast_full125_fixedfinal_20260629/audit/MGCNA_CORRECTED_FAST_FINAL125_RAW_METRICS.tsv		outputs/paper1_data_refresh_20260710/PAPER1_7MODEL_RAW_SEED_METRICS.tsv
MGCNA	MDA	native	scaffold_cold	22	0.6070791511803173	0.5844770143948557	0.5225788900979326	0.1702127659574468	0.08553869604145026	0.41179008635662623	0.40137586648921686	2.227531617310447	2.227531617310447			PASS	formal_runs/mgcna_corrected_fast_full125_fixedfinal_20260629/formal_125runs/scaffold_cold/seed_22	formal_runs/mgcna_corrected_fast_full125_fixedfinal_20260629/audit/MGCNA_CORRECTED_FAST_FINAL125_RAW_METRICS.tsv		outputs/paper1_data_refresh_20260710/PAPER1_7MODEL_RAW_SEED_METRICS.tsv
MGCNA	MDA	native	scaffold_cold	23	0.5093836969649234	0.5331188023250243	0.5063405797101449	0.08403361344537816	0.032772239518449146	0.4374169568107129	0.42145594407165643	3.1684929910083044	3.1684929910083044			PASS	formal_runs/mgcna_corrected_fast_full125_fixedfinal_20260629/formal_125runs/scaffold_cold/seed_23	formal_runs/mgcna_corrected_fast_full125_fixedfinal_20260629/audit/MGCNA_CORRECTED_FAST_FINAL125_RAW_METRICS.tsv		outputs/paper1_data_refresh_20260710/PAPER1_7MODEL_RAW_SEED_METRICS.tsv
MGCNA	MDA	native	scaffold_cold	24	0.5478159555781239	0.5742274912082999	0.519346230820547	0.11649294911097487	0.0942980984032727	0.44165719495855066	0.43566286726793807	3.868722327369128	3.868722327369128			PASS	formal_runs/mgcna_corrected_fast_full125_fixedfinal_20260629/formal_125runs/scaffold_cold/seed_24	formal_runs/mgcna_corrected_fast_full125_fixedfinal_20260629/audit/MGCNA_CORRECTED_FAST_FINAL125_RAW_METRICS.tsv		outputs/paper1_data_refresh_20260710/PAPER1_7MODEL_RAW_SEED_METRICS.tsv
MGCNA	MDA	native	strict_cold	0	0.5735285246033501	0.6002429701905864	0.5	0.0	0.0	0.4855047723668963	0.48912390473672207	3.137928807557686	3.137928807557686			PASS	formal_runs/mgcna_corrected_fast_full125_fixedfinal_20260629/formal_125runs/strict_cold/seed_0	formal_runs/mgcna_corrected_fast_full125_fixedfinal_20260629/audit/MGCNA_CORRECTED_FAST_FINAL125_RAW_METRICS.tsv		outputs/paper1_data_refresh_20260710/PAPER1_7MODEL_RAW_SEED_METRICS.tsv
MGCNA	MDA	native	strict_cold	1	0.29912688605619153	0.41292090229166467	0.5	0.0	0.0	0.49975922656289934	0.49953270392429383	5.417887671716788	5.417887671716788			PASS	formal_runs/mgcna_corrected_fast_full125_fixedfinal_20260629/formal_125runs/strict_cold/seed_1	formal_runs/mgcna_corrected_fast_full125_fixedfinal_20260629/audit/MGCNA_CORRECTED_FAST_FINAL125_RAW_METRICS.tsv		outputs/paper1_data_refresh_20260710/PAPER1_7MODEL_RAW_SEED_METRICS.tsv
MGCNA	MDA	native	strict_cold	2	0.4147352462057064	0.4611221383809056	0.5	0.0	0.0	0.49899861467461826	0.49889703418625503	4.218282112956208	4.218282112956208			PASS	formal_runs/mgcna_corrected_fast_full125_fixedfinal_20260629/formal_125runs/strict_cold/seed_2	formal_runs/mgcna_corrected_fast_full125_fixedfinal_20260629/audit/MGCNA_CORRECTED_FAST_FINAL125_RAW_METRICS.tsv		outputs/paper1_data_refresh_20260710/PAPER1_7MODEL_RAW_SEED_METRICS.tsv
MGCNA	MDA	native	strict_cold	3	0.3406952013626018	0.41804464546521036	0.5	0.0	0.0	0.4989957079491707	0.49897270798709303	3.4546032230740287	3.4546032230740287			PASS	formal_runs/mgcna_corrected_fast_full125_fixedfinal_20260629/formal_125runs/strict_cold/seed_3	formal_runs/mgcna_corrected_fast_full125_fixedfinal_20260629/audit/MGCNA_CORRECTED_FAST_FINAL125_RAW_METRICS.tsv		outputs/paper1_data_refresh_20260710/PAPER1_7MODEL_RAW_SEED_METRICS.tsv
MGCNA	MDA	native	strict_cold	4	0.4525654675375197	0.5497607219628123	0.5	0.0	0.0	0.49969564801839805	0.49969261706647305	4.2430232467707185	4.2430232467707185			PASS	formal_runs/mgcna_corrected_fast_full125_fixedfinal_20260629/formal_125runs/strict_cold/seed_4	formal_runs/mgcna_corrected_fast_full125_fixedfinal_20260629/audit/MGCNA_CORRECTED_FAST_FINAL125_RAW_METRICS.tsv		outputs/paper1_data_refresh_20260710/PAPER1_7MODEL_RAW_SEED_METRICS.tsv
MGCNA	MDA	native	strict_cold	5	0.48143466190759465	0.5278443614876354	0.5	0.0	0.0	0.49902432770825267	0.4991522742322884	3.8243437456173064	3.824343745617306			PASS	formal_runs/mgcna_corrected_fast_full125_fixedfinal_20260629/formal_125runs/strict_cold/seed_5	formal_runs/mgcna_corrected_fast_full125_fixedfinal_20260629/audit/MGCNA_CORRECTED_FAST_FINAL125_RAW_METRICS.tsv		outputs/paper1_data_refresh_20260710/PAPER1_7MODEL_RAW_SEED_METRICS.tsv
MGCNA	MDA	native	strict_cold	6	0.38716212734159605	0.4514551373426415	0.5	0.0	0.0	0.49948968825921075	0.49943958338909733	4.2073935270905505	4.2073935270905505			PASS	formal_runs/mgcna_corrected_fast_full125_fixedfinal_20260629/formal_125runs/strict_cold/seed_6	formal_runs/mgcna_corrected_fast_full125_fixedfinal_20260629/audit/MGCNA_CORRECTED_FAST_FINAL125_RAW_METRICS.tsv		outputs/paper1_data_refresh_20260710/PAPER1_7MODEL_RAW_SEED_METRICS.tsv
MGCNA	MDA	native	strict_cold	7	0.4632102719551603	0.4355501190945116	0.5	0.0	0.0	0.4971742745104945	0.4962823171646989	3.0576147940737957	3.0576147940737957			PASS	formal_runs/mgcna_corrected_fast_full125_fixedfinal_20260629/formal_125runs/strict_cold/seed_7	formal_runs/mgcna_corrected_fast_full125_fixedfinal_20260629/audit/MGCNA_CORRECTED_FAST_FINAL125_RAW_METRICS.tsv		outputs/paper1_data_refresh_20260710/PAPER1_7MODEL_RAW_SEED_METRICS.tsv
MGCNA	MDA	native	strict_cold	8	0.844501201923077	0.8799436312818651	0.5	0.0	0.0	0.49333232298068314	0.49573992218653606	2.8217169650181972	2.8217169650181972			PASS	formal_runs/mgcna_corrected_fast_full125_fixedfinal_20260629/formal_125runs/strict_cold/seed_8	formal_runs/mgcna_corrected_fast_full125_fixedfinal_20260629/audit/MGCNA_CORRECTED_FAST_FINAL125_RAW_METRICS.tsv		outputs/paper1_data_refresh_20260710/PAPER1_7MODEL_RAW_SEED_METRICS.tsv
MGCNA	MDA	native	strict_cold	9	0.4872202244404489	0.4490876607025168	0.5	0.0	0.0	0.4981130805547481	0.49483556976744913	3.2982489887681834	3.2982489887681825			PASS	formal_runs/mgcna_corrected_fast_full125_fixedfinal_20260629/formal_125runs/strict_cold/seed_9	formal_runs/mgcna_corrected_fast_full125_fixedfinal_20260629/audit/MGCNA_CORRECTED_FAST_FINAL125_RAW_METRICS.tsv		outputs/paper1_data_refresh_20260710/PAPER1_7MODEL_RAW_SEED_METRICS.tsv
MGCNA	MDA	native	strict_cold	10	0.578673469387755	0.6454797547936972	0.5	0.0	0.0	0.4973582961815824	0.49772794509355145	3.494312994947072	3.4943129949470717			PASS	formal_runs/mgcna_corrected_fast_full125_fixedfinal_20260629/formal_125runs/strict_cold/seed_10	formal_runs/mgcna_corrected_fast_full125_fixedfinal_20260629/audit/MGCNA_CORRECTED_FAST_FINAL125_RAW_METRICS.tsv		outputs/paper1_data_refresh_20260710/PAPER1_7MODEL_RAW_SEED_METRICS.tsv
MGCNA	MDA	native	strict_cold	11	0.5502127321516842	0.5612377402249722	0.5	0.0	0.0	0.4990690636704762	0.4991289702957911	3.8088830770614868	3.8088830770614868			PASS	formal_runs/mgcna_corrected_fast_full125_fixedfinal_20260629/formal_125runs/strict_cold/seed_11	formal_runs/mgcna_corrected_fast_full125_fixedfinal_20260629/audit/MGCNA_CORRECTED_FAST_FINAL125_RAW_METRICS.tsv		outputs/paper1_data_refresh_20260710/PAPER1_7MODEL_RAW_SEED_METRICS.tsv
MGCNA	MDA	native	strict_cold	12	0.6445884564178871	0.6771210813288085	0.5	0.0	0.0	0.4979722144632635	0.49846531708706093	3.4470821865942267	3.4470821865942267			PASS	formal_runs/mgcna_corrected_fast_full125_fixedfinal_20260629/formal_125runs/strict_cold/seed_12	formal_runs/mgcna_corrected_fast_full125_fixedfinal_20260629/audit/MGCNA_CORRECTED_FAST_FINAL125_RAW_METRICS.tsv		outputs/paper1_data_refresh_20260710/PAPER1_7MODEL_RAW_SEED_METRICS.tsv
MGCNA	MDA	native	strict_cold	13	0.31780186672967864	0.382768552088943	0.5	0.0	0.0	0.498646153694565	0.49760446647431705	3.717773275691799	3.717773275691799			PASS	formal_runs/mgcna_corrected_fast_full125_fixedfinal_20260629/formal_125runs/strict_cold/seed_13	formal_runs/mgcna_corrected_fast_full125_fixedfinal_20260629/audit/MGCNA_CORRECTED_FAST_FINAL125_RAW_METRICS.tsv		outputs/paper1_data_refresh_20260710/PAPER1_7MODEL_RAW_SEED_METRICS.tsv
MGCNA	MDA	native	strict_cold	14	0.5469470343185875	0.5409791801925711	0.5	0.0	0.0	0.49901702937351744	0.4982949446529865	3.9140169397185103	3.9140169397185103			PASS	formal_runs/mgcna_corrected_fast_full125_fixedfinal_20260629/formal_125runs/strict_cold/seed_14	formal_runs/mgcna_corrected_fast_full125_fixedfinal_20260629/audit/MGCNA_CORRECTED_FAST_FINAL125_RAW_METRICS.tsv		outputs/paper1_data_refresh_20260710/PAPER1_7MODEL_RAW_SEED_METRICS.tsv
MGCNA	MDA	native	strict_cold	15	0.4371541775454262	0.4561470930103029	0.5	0.0	0.0	0.4969008350915424	0.49651455591358556	2.917258197755155	2.917258197755155			PASS	formal_runs/mgcna_corrected_fast_full125_fixedfinal_20260629/formal_125runs/strict_cold/seed_15	formal_runs/mgcna_corrected_fast_full125_fixedfinal_20260629/audit/MGCNA_CORRECTED_FAST_FINAL125_RAW_METRICS.tsv		outputs/paper1_data_refresh_20260710/PAPER1_7MODEL_RAW_SEED_METRICS.tsv
MGCNA	MDA	native	strict_cold	16	0.5484949558913442	0.524263186225665	0.5	0.0	0.0	0.4955334841362985	0.49465619437529806	2.957399081299943	2.957399081299943			PASS	formal_runs/mgcna_corrected_fast_full125_fixedfinal_20260629/formal_125runs/strict_cold/seed_16	formal_runs/mgcna_corrected_fast_full125_fixedfinal_20260629/audit/MGCNA_CORRECTED_FAST_FINAL125_RAW_METRICS.tsv		outputs/paper1_data_refresh_20260710/PAPER1_7MODEL_RAW_SEED_METRICS.tsv
MGCNA	MDA	native	strict_cold	17	0.5254649653979239	0.566259435128087	0.5	0.0	0.0	0.4978542515403923	0.4978941945972859	3.078450956248142	3.078450956248142			PASS	formal_runs/mgcna_corrected_fast_full125_fixedfinal_20260629/formal_125runs/strict_cold/seed_17	formal_runs/mgcna_corrected_fast_full125_fixedfinal_20260629/audit/MGCNA_CORRECTED_FAST_FINAL125_RAW_METRICS.tsv		outputs/paper1_data_refresh_20260710/PAPER1_7MODEL_RAW_SEED_METRICS.tsv
MGCNA	MDA	native	strict_cold	18	0.2964606618452772	0.42912219180118516	0.5	0.0	0.0	0.49590266568293045	0.49437675753689936	3.5070270704847437	3.5070270704847437			PASS	formal_runs/mgcna_corrected_fast_full125_fixedfinal_20260629/formal_125runs/strict_cold/seed_18	formal_runs/mgcna_corrected_fast_full125_fixedfinal_20260629/audit/MGCNA_CORRECTED_FAST_FINAL125_RAW_METRICS.tsv		outputs/paper1_data_refresh_20260710/PAPER1_7MODEL_RAW_SEED_METRICS.tsv
MGCNA	MDA	native	strict_cold	19	0.6612499819283205	0.6295800819743155	0.5	0.0	0.0	0.4974376026661558	0.5010037430663168	3.166306899790618	3.1663068997906176			PASS	formal_runs/mgcna_corrected_fast_full125_fixedfinal_20260629/formal_125runs/strict_cold/seed_19	formal_runs/mgcna_corrected_fast_full125_fixedfinal_20260629/audit/MGCNA_CORRECTED_FAST_FINAL125_RAW_METRICS.tsv		outputs/paper1_data_refresh_20260710/PAPER1_7MODEL_RAW_SEED_METRICS.tsv
MGCNA	MDA	native	strict_cold	20	0.7168058816988376	0.7211079562827608	0.5	0.0	0.0	0.49385633996039785	0.49625808807102734	3.11729029726741	3.11729029726741			PASS	formal_runs/mgcna_corrected_fast_full125_fixedfinal_20260629/formal_125runs/strict_cold/seed_20	formal_runs/mgcna_corrected_fast_full125_fixedfinal_20260629/audit/MGCNA_CORRECTED_FAST_FINAL125_RAW_METRICS.tsv		outputs/paper1_data_refresh_20260710/PAPER1_7MODEL_RAW_SEED_METRICS.tsv
MGCNA	MDA	native	strict_cold	21	0.6902951354449074	0.614325777617376	0.5	0.0	0.0	0.4960781659899821	0.4965031458122438	2.947867606055936	2.947867606055936			PASS	formal_runs/mgcna_corrected_fast_full125_fixedfinal_20260629/formal_125runs/strict_cold/seed_21	formal_runs/mgcna_corrected_fast_full125_fixedfinal_20260629/audit/MGCNA_CORRECTED_FAST_FINAL125_RAW_METRICS.tsv		outputs/paper1_data_refresh_20260710/PAPER1_7MODEL_RAW_SEED_METRICS.tsv
MGCNA	MDA	native	strict_cold	22	0.5094534136041924	0.5785432464575262	0.5	0.0	0.0	0.4685994822949492	0.4727391310130339	2.7620864647322327	2.7620864647322327			PASS	formal_runs/mgcna_corrected_fast_full125_fixedfinal_20260629/formal_125runs/strict_cold/seed_22	formal_runs/mgcna_corrected_fast_full125_fixedfinal_20260629/audit/MGCNA_CORRECTED_FAST_FINAL125_RAW_METRICS.tsv		outputs/paper1_data_refresh_20260710/PAPER1_7MODEL_RAW_SEED_METRICS.tsv
MGCNA	MDA	native	strict_cold	23	0.35566706021251476	0.4027027049970971	0.5	0.0	0.0	0.49957119712906195	0.49925566858302883	4.395004791279887	4.395004791279887			PASS	formal_runs/mgcna_corrected_fast_full125_fixedfinal_20260629/formal_125runs/strict_cold/seed_23	formal_runs/mgcna_corrected_fast_full125_fixedfinal_20260629/audit/MGCNA_CORRECTED_FAST_FINAL125_RAW_METRICS.tsv		outputs/paper1_data_refresh_20260710/PAPER1_7MODEL_RAW_SEED_METRICS.tsv
MGCNA	MDA	native	strict_cold	24	0.38946096828673293	0.4135454037619208	0.5	0.0	0.0	0.4985898827707447	0.49670691970394515	4.3972759452816295	4.397275945281629			PASS	formal_runs/mgcna_corrected_fast_full125_fixedfinal_20260629/formal_125runs/strict_cold/seed_24	formal_runs/mgcna_corrected_fast_full125_fixedfinal_20260629/audit/MGCNA_CORRECTED_FAST_FINAL125_RAW_METRICS.tsv		outputs/paper1_data_refresh_20260710/PAPER1_7MODEL_RAW_SEED_METRICS.tsv
PLMF-MDA	MDA	MDR	drug_cold	0	0.45320922620805765	0.494107403131702	0.4908288043478261	0.30762124711316396	-0.021617695705965993	0.4156023389108481	0.37319622663511326	1.8216540350035613	1.8216540350035613			PASS	formal_runs/full_metric_rerun_20260615/plmf_standardized_repair_20260619/05_runs/MDR/drug_cold/seed_0	outputs/paper1_data_refresh_20260710/PLMF_MDA_REBUILT_FROM_FROZEN_ROOT_RAW_METRICS.tsv		outputs/paper1_data_refresh_20260710/PAPER1_7MODEL_RAW_SEED_METRICS.tsv
PLMF-MDA	MDA	MDR	drug_cold	1	0.5477662421593178	0.5848923129824877	0.566943674976916	0.4188351920693928	0.15561872873409602	0.34215361625720053	0.26432666809287864	1.4363206023341464	1.436320602334146			PASS	formal_runs/full_metric_rerun_20260615/plmf_standardized_repair_20260619/05_runs/MDR/drug_cold/seed_1	outputs/paper1_data_refresh_20260710/PLMF_MDA_REBUILT_FROM_FROZEN_ROOT_RAW_METRICS.tsv		outputs/paper1_data_refresh_20260710/PAPER1_7MODEL_RAW_SEED_METRICS.tsv
PLMF-MDA	MDA	MDR	drug_cold	10	0.5905382742397769	0.5827189970804356	0.554552590266876	0.4253164556962025	0.12215812089870177	0.3435786658462895	0.2948859982502169	1.3601952446023535	1.3601952446023535			PASS	formal_runs/full_metric_rerun_20260615/plmf_standardized_repair_20260619/05_runs/MDR/drug_cold/seed_10	outputs/paper1_data_refresh_20260710/PLMF_MDA_REBUILT_FROM_FROZEN_ROOT_RAW_METRICS.tsv		outputs/paper1_data_refresh_20260710/PAPER1_7MODEL_RAW_SEED_METRICS.tsv
PLMF-MDA	MDA	MDR	drug_cold	11	0.6689078128650003	0.6796427458255915	0.6377880184331797	0.5643015521064302	0.29273391224647766	0.27706569176867973	0.1926528548803554	1.1389485905695882	1.1389485905695882			PASS	formal_runs/full_metric_rerun_20260615/plmf_standardized_repair_20260619/05_runs/MDR/drug_cold/seed_11	outputs/paper1_data_refresh_20260710/PLMF_MDA_REBUILT_FROM_FROZEN_ROOT_RAW_METRICS.tsv		outputs/paper1_data_refresh_20260710/PAPER1_7MODEL_RAW_SEED_METRICS.tsv
PLMF-MDA	MDA	MDR	drug_cold	12	0.5945347980644464	0.5938883639680774	0.5675551470588235	0.4307320024198427	0.15407967035379652	0.321798147142614	0.2399362182623543	1.0800113168663523	1.080011316866352			PASS	formal_runs/full_metric_rerun_20260615/plmf_standardized_repair_20260619/05_runs/MDR/drug_cold/seed_12	outputs/paper1_data_refresh_20260710/PLMF_MDA_REBUILT_FROM_FROZEN_ROOT_RAW_METRICS.tsv		outputs/paper1_data_refresh_20260710/PAPER1_7MODEL_RAW_SEED_METRICS.tsv
PLMF-MDA	MDA	MDR	drug_cold	13	0.49202727215862885	0.5314883457083021	0.5013698630136987	0.3381818181818182	0.0031493134260961917	0.38103758406663574	0.3367092025192135	1.5870120107590566	1.5870120107590566			PASS	formal_runs/full_metric_rerun_20260615/plmf_standardized_repair_20260619/05_runs/MDR/drug_cold/seed_13	outputs/paper1_data_refresh_20260710/PLMF_MDA_REBUILT_FROM_FROZEN_ROOT_RAW_METRICS.tsv		outputs/paper1_data_refresh_20260710/PAPER1_7MODEL_RAW_SEED_METRICS.tsv
PLMF-MDA	MDA	MDR	drug_cold	14	0.5333557797662528	0.4950325406277971	0.47871621621621624	0.2115482881962187	-0.05788859381598067	0.4154912192178487	0.3908283264928846	1.5275106684163635	1.5275106684163635			PASS	formal_runs/full_metric_rerun_20260615/plmf_standardized_repair_20260619/05_runs/MDR/drug_cold/seed_14	outputs/paper1_data_refresh_20260710/PLMF_MDA_REBUILT_FROM_FROZEN_ROOT_RAW_METRICS.tsv		outputs/paper1_data_refresh_20260710/PAPER1_7MODEL_RAW_SEED_METRICS.tsv
PLMF-MDA	MDA	MDR	drug_cold	15	0.617345422116528	0.6670841910786396	0.6068965517241379	0.45454545454545453	0.257761165779624	0.3141366624935398	0.2432854305002828	1.2973812417386252	1.2973812417386252			PASS	formal_runs/full_metric_rerun_20260615/plmf_standardized_repair_20260619/05_runs/MDR/drug_cold/seed_15	outputs/paper1_data_refresh_20260710/PLMF_MDA_REBUILT_FROM_FROZEN_ROOT_RAW_METRICS.tsv		outputs/paper1_data_refresh_20260710/PAPER1_7MODEL_RAW_SEED_METRICS.tsv
PLMF-MDA	MDA	MDR	drug_cold	16	0.67234211608197	0.6704356219521947	0.5620941558441559	0.2704530087897228	0.20675694554149007	0.3603725443221263	0.3507479658439388	1.3224531101525168	1.3224531101525168			PASS	formal_runs/full_metric_rerun_20260615/plmf_standardized_repair_20260619/05_runs/MDR/drug_cold/seed_16	outputs/paper1_data_refresh_20260710/PLMF_MDA_REBUILT_FROM_FROZEN_ROOT_RAW_METRICS.tsv		outputs/paper1_data_refresh_20260710/PAPER1_7MODEL_RAW_SEED_METRICS.tsv
PLMF-MDA	MDA	MDR	drug_cold	17	0.50684960759325	0.548534565540552	0.5277264325323475	0.37223587223587223	0.06383600063744246	0.3895214262828087	0.34373036901482995	1.6300968765453048	1.6300968765453048			PASS	formal_runs/full_metric_rerun_20260615/plmf_standardized_repair_20260619/05_runs/MDR/drug_cold/seed_17	outputs/paper1_data_refresh_20260710/PLMF_MDA_REBUILT_FROM_FROZEN_ROOT_RAW_METRICS.tsv		outputs/paper1_data_refresh_20260710/PAPER1_7MODEL_RAW_SEED_METRICS.tsv
PLMF-MDA	MDA	MDR	drug_cold	18	0.48250220059660615	0.4653171034955515	0.4825174825174825	0.06477093206951026	-0.07781276536363925	0.4686832822970929	0.45840960230817523	2.264098807463418	2.264098807463418			PASS	formal_runs/full_metric_rerun_20260615/plmf_standardized_repair_20260619/05_runs/MDR/drug_cold/seed_18	outputs/paper1_data_refresh_20260710/PLMF_MDA_REBUILT_FROM_FROZEN_ROOT_RAW_METRICS.tsv		outputs/paper1_data_refresh_20260710/PAPER1_7MODEL_RAW_SEED_METRICS.tsv
PLMF-MDA	MDA	MDR	drug_cold	19	0.5957780624709674	0.5825209644959767	0.5360721442885772	0.41168996188055906	0.0796117338651413	0.35225455689687646	0.315258522912969	1.3456419347483528	1.3456419347483528			PASS	formal_runs/full_metric_rerun_20260615/plmf_standardized_repair_20260619/05_runs/MDR/drug_cold/seed_19	outputs/paper1_data_refresh_20260710/PLMF_MDA_REBUILT_FROM_FROZEN_ROOT_RAW_METRICS.tsv		outputs/paper1_data_refresh_20260710/PAPER1_7MODEL_RAW_SEED_METRICS.tsv
PLMF-MDA	MDA	MDR	drug_cold	2	0.5768272962582992	0.6204324351703944	0.5900548159749412	0.480912245909767	0.19851500306622935	0.32788759342703716	0.24750460124835566	1.3387429308225274	1.3387429308225272			PASS	formal_runs/full_metric_rerun_20260615/plmf_standardized_repair_20260619/05_runs/MDR/drug_cold/seed_2	outputs/paper1_data_refresh_20260710/PLMF_MDA_REBUILT_FROM_FROZEN_ROOT_RAW_METRICS.tsv		outputs/paper1_data_refresh_20260710/PAPER1_7MODEL_RAW_SEED_METRICS.tsv
PLMF-MDA	MDA	MDR	drug_cold	20	0.4448408867793864	0.5185614817449111	0.5298393267023719	0.23235477826358525	0.09444455943289858	0.40875897706176767	0.35142256114998643	1.926264411193616	1.926264411193616			PASS	formal_runs/full_metric_rerun_20260615/plmf_standardized_repair_20260619/05_runs/MDR/drug_cold/seed_20	outputs/paper1_data_refresh_20260710/PLMF_MDA_REBUILT_FROM_FROZEN_ROOT_RAW_METRICS.tsv		outputs/paper1_data_refresh_20260710/PAPER1_7MODEL_RAW_SEED_METRICS.tsv
PLMF-MDA	MDA	MDR	drug_cold	21	0.6462875752534335	0.6739086507723622	0.5841313269493844	0.3559322033898305	0.2384701860505325	0.33655561153310665	0.3062890240934513	1.2197107575999862	1.2197107575999862			PASS	formal_runs/full_metric_rerun_20260615/plmf_standardized_repair_20260619/05_runs/MDR/drug_cold/seed_21	outputs/paper1_data_refresh_20260710/PLMF_MDA_REBUILT_FROM_FROZEN_ROOT_RAW_METRICS.tsv		outputs/paper1_data_refresh_20260710/PAPER1_7MODEL_RAW_SEED_METRICS.tsv
PLMF-MDA	MDA	MDR	drug_cold	22	0.5210644071357294	0.5504387540419144	0.5317991631799163	0.25746516257465163	0.09438729144204429	0.417135146427424	0.3848360932334567	1.9529017011319483	1.9529017011319483			PASS	formal_runs/full_metric_rerun_20260615/plmf_standardized_repair_20260619/05_runs/MDR/drug_cold/seed_22	outputs/paper1_data_refresh_20260710/PLMF_MDA_REBUILT_FROM_FROZEN_ROOT_RAW_METRICS.tsv		outputs/paper1_data_refresh_20260710/PAPER1_7MODEL_RAW_SEED_METRICS.tsv
PLMF-MDA	MDA	MDR	drug_cold	23	0.6545037331278117	0.665055056728663	0.6031941031941032	0.4631578947368421	0.2419197151155112	0.33021790363468145	0.27219194238089184	1.3510420959080667	1.3510420959080665			PASS	formal_runs/full_metric_rerun_20260615/plmf_standardized_repair_20260619/05_runs/MDR/drug_cold/seed_23	outputs/paper1_data_refresh_20260710/PLMF_MDA_REBUILT_FROM_FROZEN_ROOT_RAW_METRICS.tsv		outputs/paper1_data_refresh_20260710/PAPER1_7MODEL_RAW_SEED_METRICS.tsv
PLMF-MDA	MDA	MDR	drug_cold	24	0.652105769079509	0.6256055042378975	0.5873521383075523	0.5238845144356955	0.18126505626072295	0.30667416673606257	0.2502068892964442	1.0542020831989893	1.0542020831989893			PASS	formal_runs/full_metric_rerun_20260615/plmf_standardized_repair_20260619/05_runs/MDR/drug_cold/seed_24	outputs/paper1_data_refresh_20260710/PLMF_MDA_REBUILT_FROM_FROZEN_ROOT_RAW_METRICS.tsv		outputs/paper1_data_refresh_20260710/PAPER1_7MODEL_RAW_SEED_METRICS.tsv
PLMF-MDA	MDA	MDR	drug_cold	3	0.5719130434782609	0.5643821004402079	0.5334782608695652	0.29174917491749175	0.09162285243648897	0.3834525087505001	0.35684825896272426	1.6228772175145665	1.6228772175145665			PASS	formal_runs/full_metric_rerun_20260615/plmf_standardized_repair_20260619/05_runs/MDR/drug_cold/seed_3	outputs/paper1_data_refresh_20260710/PLMF_MDA_REBUILT_FROM_FROZEN_ROOT_RAW_METRICS.tsv		outputs/paper1_data_refresh_20260710/PAPER1_7MODEL_RAW_SEED_METRICS.tsv
PLMF-MDA	MDA	MDR	drug_cold	4	0.6171259294869654	0.5693686021504516	0.5228251507321274	0.3284848484848485	0.05598094269936274	0.368462947575333	0.33998293706360205	1.2733437272259924	1.2733437272259924			PASS	formal_runs/full_metric_rerun_20260615/plmf_standardized_repair_20260619/05_runs/MDR/drug_cold/seed_4	outputs/paper1_data_refresh_20260710/PLMF_MDA_REBUILT_FROM_FROZEN_ROOT_RAW_METRICS.tsv		outputs/paper1_data_refresh_20260710/PAPER1_7MODEL_RAW_SEED_METRICS.tsv
PLMF-MDA	MDA	MDR	drug_cold	5	0.4649015786336217	0.5326034666962486	0.5096660808435852	0.32689987937273823	0.023022832466680892	0.4058914970706283	0.37372330676891413	1.5424254066911123	1.5424254066911123			PASS	formal_runs/full_metric_rerun_20260615/plmf_standardized_repair_20260619/05_runs/MDR/drug_cold/seed_5	outputs/paper1_data_refresh_20260710/PLMF_MDA_REBUILT_FROM_FROZEN_ROOT_RAW_METRICS.tsv		outputs/paper1_data_refresh_20260710/PAPER1_7MODEL_RAW_SEED_METRICS.tsv
PLMF-MDA	MDA	MDR	drug_cold	6	0.6226626926235563	0.5796196474568156	0.5394431554524362	0.3812987012987013	0.09178661481607167	0.35097037681370136	0.3242270853699843	1.1910253606907375	1.1910253606907375			PASS	formal_runs/full_metric_rerun_20260615/plmf_standardized_repair_20260619/05_runs/MDR/drug_cold/seed_6	outputs/paper1_data_refresh_20260710/PLMF_MDA_REBUILT_FROM_FROZEN_ROOT_RAW_METRICS.tsv		outputs/paper1_data_refresh_20260710/PAPER1_7MODEL_RAW_SEED_METRICS.tsv
PLMF-MDA	MDA	MDR	drug_cold	7	0.4380229461978229	0.4948492177623205	0.4336283185840708	0.3333333333333333	-0.1391935290989209	0.418224537280432	0.39955777144287474	1.481103651535375	1.481103651535375			PASS	formal_runs/full_metric_rerun_20260615/plmf_standardized_repair_20260619/05_runs/MDR/drug_cold/seed_7	outputs/paper1_data_refresh_20260710/PLMF_MDA_REBUILT_FROM_FROZEN_ROOT_RAW_METRICS.tsv		outputs/paper1_data_refresh_20260710/PAPER1_7MODEL_RAW_SEED_METRICS.tsv
PLMF-MDA	MDA	MDR	drug_cold	8	0.5148183703703704	0.5064556367242332	0.4866666666666667	0.2050929112181693	-0.03778397465046921	0.4281499671762518	0.40977204876898515	1.800955269029971	1.800955269029971			PASS	formal_runs/full_metric_rerun_20260615/plmf_standardized_repair_20260619/05_runs/MDR/drug_cold/seed_8	outputs/paper1_data_refresh_20260710/PLMF_MDA_REBUILT_FROM_FROZEN_ROOT_RAW_METRICS.tsv		outputs/paper1_data_refresh_20260710/PAPER1_7MODEL_RAW_SEED_METRICS.tsv
PLMF-MDA	MDA	MDR	drug_cold	9	0.5579875007511568	0.5511512121265484	0.5209302325581395	0.27208480565371024	0.057363252491744135	0.389838491225684	0.3559484475153458	1.5379245891973217	1.5379245891973214			PASS	formal_runs/full_metric_rerun_20260615/plmf_standardized_repair_20260619/05_runs/MDR/drug_cold/seed_9	outputs/paper1_data_refresh_20260710/PLMF_MDA_REBUILT_FROM_FROZEN_ROOT_RAW_METRICS.tsv		outputs/paper1_data_refresh_20260710/PAPER1_7MODEL_RAW_SEED_METRICS.tsv
PLMF-MDA	MDA	MDR	mirna_cold	0	0.9080105409887773	0.8929594688904653	0.8324125230202578	0.8291079812206573	0.6653227874985969	0.12422226400893879	0.05600241267388501	0.40676797652904895	0.40676797652904895			PASS	formal_runs/full_metric_rerun_20260615/plmf_standardized_repair_20260619/05_runs/MDR/mirna_cold/seed_0	outputs/paper1_data_refresh_20260710/PLMF_MDA_REBUILT_FROM_FROZEN_ROOT_RAW_METRICS.tsv		outputs/paper1_data_refresh_20260710/PAPER1_7MODEL_RAW_SEED_METRICS.tsv
PLMF-MDA	MDA	MDR	mirna_cold	1	0.9037130996309962	0.8911607354566052	0.8321033210332104	0.8342440801457195	0.664428333088177	0.12504057213015052	0.05483226447962071	0.4349953074666055	0.4349953074666055			PASS	formal_runs/full_metric_rerun_20260615/plmf_standardized_repair_20260619/05_runs/MDR/mirna_cold/seed_1	outputs/paper1_data_refresh_20260710/PLMF_MDA_REBUILT_FROM_FROZEN_ROOT_RAW_METRICS.tsv		outputs/paper1_data_refresh_20260710/PAPER1_7MODEL_RAW_SEED_METRICS.tsv
PLMF-MDA	MDA	MDR	mirna_cold	10	0.9084041819852942	0.8874329888367823	0.8432904411764706	0.8436497019715726	0.6865881325666454	0.11825099118982225	0.0442437686559082	0.39274108866591567	0.39274108866591567			PASS	formal_runs/full_metric_rerun_20260615/plmf_standardized_repair_20260619/05_runs/MDR/mirna_cold/seed_10	outputs/paper1_data_refresh_20260710/PLMF_MDA_REBUILT_FROM_FROZEN_ROOT_RAW_METRICS.tsv		outputs/paper1_data_refresh_20260710/PAPER1_7MODEL_RAW_SEED_METRICS.tsv
PLMF-MDA	MDA	MDR	mirna_cold	11	0.9147941132748626	0.8987684073049018	0.83963133640553	0.8399264029438822	0.679267288884262	0.11578760455815461	0.02965950995612561	0.37793300081662895	0.37793300081662895			PASS	formal_runs/full_metric_rerun_20260615/plmf_standardized_repair_20260619/05_runs/MDR/mirna_cold/seed_11	outputs/paper1_data_refresh_20260710/PLMF_MDA_REBUILT_FROM_FROZEN_ROOT_RAW_METRICS.tsv		outputs/paper1_data_refresh_20260710/PAPER1_7MODEL_RAW_SEED_METRICS.tsv
PLMF-MDA	MDA	MDR	mirna_cold	12	0.9053513194264784	0.886011144779258	0.8293357933579336	0.8287037037037037	0.6586895248837595	0.12626666614978674	0.056558904669580315	0.40533694377272905	0.40533694377272905			PASS	formal_runs/full_metric_rerun_20260615/plmf_standardized_repair_20260619/05_runs/MDR/mirna_cold/seed_12	outputs/paper1_data_refresh_20260710/PLMF_MDA_REBUILT_FROM_FROZEN_ROOT_RAW_METRICS.tsv		outputs/paper1_data_refresh_20260710/PAPER1_7MODEL_RAW_SEED_METRICS.tsv
PLMF-MDA	MDA	MDR	mirna_cold	13	0.9116527728968424	0.894281625983494	0.8428308823529411	0.8458070333633905	0.6861732185455567	0.11650787875831682	0.04441829220287563	0.399225281394738	0.399225281394738			PASS	formal_runs/full_metric_rerun_20260615/plmf_standardized_repair_20260619/05_runs/MDR/mirna_cold/seed_13	outputs/paper1_data_refresh_20260710/PLMF_MDA_REBUILT_FROM_FROZEN_ROOT_RAW_METRICS.tsv		outputs/paper1_data_refresh_20260710/PAPER1_7MODEL_RAW_SEED_METRICS.tsv
PLMF-MDA	MDA	MDR	mirna_cold	14	0.9113253849754509	0.8966879824220008	0.8424214417744916	0.8450704225352113	0.6852436496394488	0.11861950133631903	0.04510270764979342	0.3923823999150056	0.3923823999150056			PASS	formal_runs/full_metric_rerun_20260615/plmf_standardized_repair_20260619/05_runs/MDR/mirna_cold/seed_14	outputs/paper1_data_refresh_20260710/PLMF_MDA_REBUILT_FROM_FROZEN_ROOT_RAW_METRICS.tsv		outputs/paper1_data_refresh_20260710/PAPER1_7MODEL_RAW_SEED_METRICS.tsv
PLMF-MDA	MDA	MDR	mirna_cold	15	0.918849412814033	0.9075975032724004	0.8423963133640553	0.8482697426796806	0.6868541386512093	0.11241002080303933	0.024858777234034873	0.36176873390335207	0.36176873390335207			PASS	formal_runs/full_metric_rerun_20260615/plmf_standardized_repair_20260619/05_runs/MDR/mirna_cold/seed_15	outputs/paper1_data_refresh_20260710/PLMF_MDA_REBUILT_FROM_FROZEN_ROOT_RAW_METRICS.tsv		outputs/paper1_data_refresh_20260710/PAPER1_7MODEL_RAW_SEED_METRICS.tsv
PLMF-MDA	MDA	MDR	mirna_cold	16	0.9035014532862584	0.8778784166991609	0.8420810313075506	0.8459811405478221	0.6850411481570765	0.12137265384116312	0.0481463661671567	0.4138939542934807	0.4138939542934807			PASS	formal_runs/full_metric_rerun_20260615/plmf_standardized_repair_20260619/05_runs/MDR/mirna_cold/seed_16	outputs/paper1_data_refresh_20260710/PLMF_MDA_REBUILT_FROM_FROZEN_ROOT_RAW_METRICS.tsv		outputs/paper1_data_refresh_20260710/PAPER1_7MODEL_RAW_SEED_METRICS.tsv
PLMF-MDA	MDA	MDR	mirna_cold	17	0.9056532538839214	0.8897455237963298	0.8290203327171903	0.8271028037383178	0.6582026042620529	0.12841899271439808	0.07589967538060335	0.4344072021598005	0.4344072021598005			PASS	formal_runs/full_metric_rerun_20260615/plmf_standardized_repair_20260619/05_runs/MDR/mirna_cold/seed_17	outputs/paper1_data_refresh_20260710/PLMF_MDA_REBUILT_FROM_FROZEN_ROOT_RAW_METRICS.tsv		outputs/paper1_data_refresh_20260710/PAPER1_7MODEL_RAW_SEED_METRICS.tsv
PLMF-MDA	MDA	MDR	mirna_cold	18	0.8992117383488322	0.8792483234875886	0.8304227941176471	0.8367978770455551	0.6628716080363273	0.12625976188596422	0.04666845496256504	0.4235893920360314	0.4235893920360314			PASS	formal_runs/full_metric_rerun_20260615/plmf_standardized_repair_20260619/05_runs/MDR/mirna_cold/seed_18	outputs/paper1_data_refresh_20260710/PLMF_MDA_REBUILT_FROM_FROZEN_ROOT_RAW_METRICS.tsv		outputs/paper1_data_refresh_20260710/PAPER1_7MODEL_RAW_SEED_METRICS.tsv
PLMF-MDA	MDA	MDR	mirna_cold	19	0.9100522411772544	0.8838668675142001	0.8354898336414048	0.8417777777777777	0.6731092055830908	0.11937346386540376	0.051983549817761286	0.40095204899204756	0.40095204899204756			PASS	formal_runs/full_metric_rerun_20260615/plmf_standardized_repair_20260619/05_runs/MDR/mirna_cold/seed_19	outputs/paper1_data_refresh_20260710/PLMF_MDA_REBUILT_FROM_FROZEN_ROOT_RAW_METRICS.tsv		outputs/paper1_data_refresh_20260710/PAPER1_7MODEL_RAW_SEED_METRICS.tsv
PLMF-MDA	MDA	MDR	mirna_cold	2	0.9193471936120963	0.908616203182276	0.847926267281106	0.8555166374781086	0.6997255708777166	0.11136075334006922	0.038324390966243675	0.3702826018135027	0.37028260181350264			PASS	formal_runs/full_metric_rerun_20260615/plmf_standardized_repair_20260619/05_runs/MDR/mirna_cold/seed_2	outputs/paper1_data_refresh_20260710/PLMF_MDA_REBUILT_FROM_FROZEN_ROOT_RAW_METRICS.tsv		outputs/paper1_data_refresh_20260710/PAPER1_7MODEL_RAW_SEED_METRICS.tsv
PLMF-MDA	MDA	MDR	mirna_cold	20	0.9153972242817265	0.901722577873549	0.8438077634011091	0.8448117539026629	0.6876730935592488	0.11725134058843628	0.04707282907669106	0.3960117815530001	0.39601178155300004			PASS	formal_runs/full_metric_rerun_20260615/plmf_standardized_repair_20260619/05_runs/MDR/mirna_cold/seed_20	outputs/paper1_data_refresh_20260710/PLMF_MDA_REBUILT_FROM_FROZEN_ROOT_RAW_METRICS.tsv		outputs/paper1_data_refresh_20260710/PAPER1_7MODEL_RAW_SEED_METRICS.tsv
PLMF-MDA	MDA	MDR	mirna_cold	21	0.9087842421035852	0.8983971489479606	0.8268876611418048	0.8216318785578748	0.6549135570503731	0.12897607035817402	0.06451473013103136	0.4241030564315767	0.4241030564315767			PASS	formal_runs/full_metric_rerun_20260615/plmf_standardized_repair_20260619/05_runs/MDR/mirna_cold/seed_21	outputs/paper1_data_refresh_20260710/PLMF_MDA_REBUILT_FROM_FROZEN_ROOT_RAW_METRICS.tsv		outputs/paper1_data_refresh_20260710/PAPER1_7MODEL_RAW_SEED_METRICS.tsv
PLMF-MDA	MDA	MDR	mirna_cold	22	0.8938532907841642	0.8660834094808721	0.8294824399260629	0.8354881854658939	0.6607283681141155	0.12995003081188297	0.05178151767585388	0.4334641010331752	0.4334641010331752			PASS	formal_runs/full_metric_rerun_20260615/plmf_standardized_repair_20260619/05_runs/MDR/mirna_cold/seed_22	outputs/paper1_data_refresh_20260710/PLMF_MDA_REBUILT_FROM_FROZEN_ROOT_RAW_METRICS.tsv		outputs/paper1_data_refresh_20260710/PAPER1_7MODEL_RAW_SEED_METRICS.tsv
PLMF-MDA	MDA	MDR	mirna_cold	23	0.9011438697047767	0.8886603070014542	0.8215258855585831	0.8198074277854195	0.6431687744982665	0.12918827782637562	0.05146828223076855	0.4315364574309069	0.43153645743090685			PASS	formal_runs/full_metric_rerun_20260615/plmf_standardized_repair_20260619/05_runs/MDR/mirna_cold/seed_23	outputs/paper1_data_refresh_20260710/PLMF_MDA_REBUILT_FROM_FROZEN_ROOT_RAW_METRICS.tsv		outputs/paper1_data_refresh_20260710/PAPER1_7MODEL_RAW_SEED_METRICS.tsv
PLMF-MDA	MDA	MDR	mirna_cold	24	0.9061845490482813	0.8859328223554744	0.8322550831792976	0.834924965893588	0.6648580982086042	0.12097708760777055	0.0445885595801577	0.4037070117361255	0.4037070117361255			PASS	formal_runs/full_metric_rerun_20260615/plmf_standardized_repair_20260619/05_runs/MDR/mirna_cold/seed_24	outputs/paper1_data_refresh_20260710/PLMF_MDA_REBUILT_FROM_FROZEN_ROOT_RAW_METRICS.tsv		outputs/paper1_data_refresh_20260710/PAPER1_7MODEL_RAW_SEED_METRICS.tsv
PLMF-MDA	MDA	MDR	mirna_cold	3	0.9081357787936037	0.890255733900317	0.8302836230558097	0.8370663153271849	0.6628686588840863	0.12328090437879992	0.05758224760511863	0.40760625223105545	0.40760625223105545			PASS	formal_runs/full_metric_rerun_20260615/plmf_standardized_repair_20260619/05_runs/MDR/mirna_cold/seed_3	outputs/paper1_data_refresh_20260710/PLMF_MDA_REBUILT_FROM_FROZEN_ROOT_RAW_METRICS.tsv		outputs/paper1_data_refresh_20260710/PAPER1_7MODEL_RAW_SEED_METRICS.tsv
PLMF-MDA	MDA	MDR	mirna_cold	4	0.9118600947142644	0.89601374398045	0.8414746543778802	0.848990342405619	0.6863580066696308	0.11872557196616233	0.051726509530276896	0.40037443267115086	0.4003744326711508			PASS	formal_runs/full_metric_rerun_20260615/plmf_standardized_repair_20260619/05_runs/MDR/mirna_cold/seed_4	outputs/paper1_data_refresh_20260710/PLMF_MDA_REBUILT_FROM_FROZEN_ROOT_RAW_METRICS.tsv		outputs/paper1_data_refresh_20260710/PAPER1_7MODEL_RAW_SEED_METRICS.tsv
PLMF-MDA	MDA	MDR	mirna_cold	5	0.9177637086110818	0.8951522209507412	0.8410351201478743	0.8427787934186471	0.682238092619937	0.1127563603455435	0.03639398299208539	0.36486921074680173	0.36486921074680173			PASS	formal_runs/full_metric_rerun_20260615/plmf_standardized_repair_20260619/05_runs/MDR/mirna_cold/seed_5	outputs/paper1_data_refresh_20260710/PLMF_MDA_REBUILT_FROM_FROZEN_ROOT_RAW_METRICS.tsv		outputs/paper1_data_refresh_20260710/PAPER1_7MODEL_RAW_SEED_METRICS.tsv
PLMF-MDA	MDA	MDR	mirna_cold	6	0.9042253785311313	0.8862002664125762	0.8268698060941828	0.8319139399372478	0.6549202586342301	0.12447987579022897	0.05444418780933334	0.4161661888585129	0.41616618885851286			PASS	formal_runs/full_metric_rerun_20260615/plmf_standardized_repair_20260619/05_runs/MDR/mirna_cold/seed_6	outputs/paper1_data_refresh_20260710/PLMF_MDA_REBUILT_FROM_FROZEN_ROOT_RAW_METRICS.tsv		outputs/paper1_data_refresh_20260710/PAPER1_7MODEL_RAW_SEED_METRICS.tsv
PLMF-MDA	MDA	MDR	mirna_cold	7	0.909274732465316	0.8876536230854061	0.8434343434343434	0.847427293064877	0.6878115120115218	0.11678030408951334	0.02705698186493316	0.38650240590933876	0.38650240590933876			PASS	formal_runs/full_metric_rerun_20260615/plmf_standardized_repair_20260619/05_runs/MDR/mirna_cold/seed_7	outputs/paper1_data_refresh_20260710/PLMF_MDA_REBUILT_FROM_FROZEN_ROOT_RAW_METRICS.tsv		outputs/paper1_data_refresh_20260710/PAPER1_7MODEL_RAW_SEED_METRICS.tsv
PLMF-MDA	MDA	MDR	mirna_cold	8	0.9042289443070861	0.8896362266866964	0.8268876611418048	0.8312387791741472	0.6546462499293384	0.12491964043792247	0.03771912353267472	0.40073962328759694	0.40073962328759694			PASS	formal_runs/full_metric_rerun_20260615/plmf_standardized_repair_20260619/05_runs/MDR/mirna_cold/seed_8	outputs/paper1_data_refresh_20260710/PLMF_MDA_REBUILT_FROM_FROZEN_ROOT_RAW_METRICS.tsv		outputs/paper1_data_refresh_20260710/PAPER1_7MODEL_RAW_SEED_METRICS.tsv
PLMF-MDA	MDA	MDR	mirna_cold	9	0.9010115344951308	0.8824954898681681	0.8273645546372819	0.827996340347667	0.6547467767073333	0.1263696364531232	0.0593455630808099	0.43972554139820413	0.43972554139820413			PASS	formal_runs/full_metric_rerun_20260615/plmf_standardized_repair_20260619/05_runs/MDR/mirna_cold/seed_9	outputs/paper1_data_refresh_20260710/PLMF_MDA_REBUILT_FROM_FROZEN_ROOT_RAW_METRICS.tsv		outputs/paper1_data_refresh_20260710/PAPER1_7MODEL_RAW_SEED_METRICS.tsv
PLMF-MDA	MDA	MDR	random	0	0.9190868214882415	0.9121443801467919	0.8488909426987061	0.8529014844804319	0.6988215877080518	0.11246419437611858	0.02817756905236545	0.3657715863950964	0.3657715863950964			PASS	formal_runs/full_metric_rerun_20260615/plmf_standardized_repair_20260619/05_runs/MDR/random/seed_0	outputs/paper1_data_refresh_20260710/PLMF_MDA_REBUILT_FROM_FROZEN_ROOT_RAW_METRICS.tsv		outputs/paper1_data_refresh_20260710/PAPER1_7MODEL_RAW_SEED_METRICS.tsv
PLMF-MDA	MDA	MDR	random	1	0.9162475527963893	0.9000696191303983	0.844731977818854	0.851721094439541	0.6925480941122985	0.1162914540887845	0.05037006597016584	0.38832690421567867	0.38832690421567867			PASS	formal_runs/full_metric_rerun_20260615/plmf_standardized_repair_20260619/05_runs/MDR/random/seed_1	outputs/paper1_data_refresh_20260710/PLMF_MDA_REBUILT_FROM_FROZEN_ROOT_RAW_METRICS.tsv		outputs/paper1_data_refresh_20260710/PAPER1_7MODEL_RAW_SEED_METRICS.tsv
PLMF-MDA	MDA	MDR	random	10	0.9271643017483199	0.9132428126728515	0.850739371534196	0.8605955977557186	0.7085988449889201	0.10856349705765424	0.051065072368637415	0.35289734753369584	0.35289734753369584			PASS	formal_runs/full_metric_rerun_20260615/plmf_standardized_repair_20260619/05_runs/MDR/random/seed_10	outputs/paper1_data_refresh_20260710/PLMF_MDA_REBUILT_FROM_FROZEN_ROOT_RAW_METRICS.tsv		outputs/paper1_data_refresh_20260710/PAPER1_7MODEL_RAW_SEED_METRICS.tsv
PLMF-MDA	MDA	MDR	random	11	0.929377462151626	0.9117829542831222	0.8581330868761553	0.8560712611345522	0.7165603318334927	0.1075903026400939	0.04895106535392625	0.36316431407580785	0.36316431407580785			PASS	formal_runs/full_metric_rerun_20260615/plmf_standardized_repair_20260619/05_runs/MDR/random/seed_11	outputs/paper1_data_refresh_20260710/PLMF_MDA_REBUILT_FROM_FROZEN_ROOT_RAW_METRICS.tsv		outputs/paper1_data_refresh_20260710/PAPER1_7MODEL_RAW_SEED_METRICS.tsv
PLMF-MDA	MDA	MDR	random	12	0.926211472558861	0.9034919019722905	0.8576709796672828	0.8602540834845736	0.7158312811735256	0.10341096405066248	0.03328488456035826	0.3434538017933635	0.3434538017933635			PASS	formal_runs/full_metric_rerun_20260615/plmf_standardized_repair_20260619/05_runs/MDR/random/seed_12	outputs/paper1_data_refresh_20260710/PLMF_MDA_REBUILT_FROM_FROZEN_ROOT_RAW_METRICS.tsv		outputs/paper1_data_refresh_20260710/PAPER1_7MODEL_RAW_SEED_METRICS.tsv
PLMF-MDA	MDA	MDR	random	13	0.915989165678674	0.9008127033819155	0.8401109057301294	0.8512467755803955	0.6879766690129174	0.11705385061065426	0.04890828617456675	0.37817055898855173	0.37817055898855173			PASS	formal_runs/full_metric_rerun_20260615/plmf_standardized_repair_20260619/05_runs/MDR/random/seed_13	outputs/paper1_data_refresh_20260710/PLMF_MDA_REBUILT_FROM_FROZEN_ROOT_RAW_METRICS.tsv		outputs/paper1_data_refresh_20260710/PAPER1_7MODEL_RAW_SEED_METRICS.tsv
PLMF-MDA	MDA	MDR	random	14	0.9226858764320198	0.9091369828213279	0.8419593345656192	0.8382213812677389	0.6846500712034611	0.11445688285708036	0.059358247006071715	0.37772450934757357	0.37772450934757357			PASS	formal_runs/full_metric_rerun_20260615/plmf_standardized_repair_20260619/05_runs/MDR/random/seed_14	outputs/paper1_data_refresh_20260710/PLMF_MDA_REBUILT_FROM_FROZEN_ROOT_RAW_METRICS.tsv		outputs/paper1_data_refresh_20260710/PAPER1_7MODEL_RAW_SEED_METRICS.tsv
PLMF-MDA	MDA	MDR	random	15	0.9266488087713244	0.9124589567341947	0.8544362292051756	0.8604342046964998	0.7115055381376224	0.1065645372210161	0.03355759403607138	0.3496761993639297	0.3496761993639297			PASS	formal_runs/full_metric_rerun_20260615/plmf_standardized_repair_20260619/05_runs/MDR/random/seed_15	outputs/paper1_data_refresh_20260710/PLMF_MDA_REBUILT_FROM_FROZEN_ROOT_RAW_METRICS.tsv		outputs/paper1_data_refresh_20260710/PAPER1_7MODEL_RAW_SEED_METRICS.tsv
PLMF-MDA	MDA	MDR	random	16	0.9238437069710709	0.908745314742762	0.8581330868761553	0.8630075858991522	0.7180868167405176	0.10792416664676917	0.03799051672198127	0.3538523187405938	0.3538523187405938			PASS	formal_runs/full_metric_rerun_20260615/plmf_standardized_repair_20260619/05_runs/MDR/random/seed_16	outputs/paper1_data_refresh_20260710/PLMF_MDA_REBUILT_FROM_FROZEN_ROOT_RAW_METRICS.tsv		outputs/paper1_data_refresh_20260710/PAPER1_7MODEL_RAW_SEED_METRICS.tsv
PLMF-MDA	MDA	MDR	random	17	0.9053858979571614	0.8920978400076776	0.8170055452865065	0.8323454699407282	0.6449009227984127	0.12971610273731143	0.06680182506686683	0.41640910225870564	0.4164091022587056			PASS	formal_runs/full_metric_rerun_20260615/plmf_standardized_repair_20260619/05_runs/MDR/random/seed_17	outputs/paper1_data_refresh_20260710/PLMF_MDA_REBUILT_FROM_FROZEN_ROOT_RAW_METRICS.tsv		outputs/paper1_data_refresh_20260710/PAPER1_7MODEL_RAW_SEED_METRICS.tsv
PLMF-MDA	MDA	MDR	random	18	0.9158917900376176	0.89038464045639	0.8401109057301294	0.8377110694183865	0.6805194923851302	0.11591757276043532	0.0602116161202063	0.3756031906043631	0.37560319060436304			PASS	formal_runs/full_metric_rerun_20260615/plmf_standardized_repair_20260619/05_runs/MDR/random/seed_18	outputs/paper1_data_refresh_20260710/PLMF_MDA_REBUILT_FROM_FROZEN_ROOT_RAW_METRICS.tsv		outputs/paper1_data_refresh_20260710/PAPER1_7MODEL_RAW_SEED_METRICS.tsv
PLMF-MDA	MDA	MDR	random	19	0.9231146709215836	0.911067210927203	0.8548983364140481	0.8640692640692641	0.7163480982351748	0.10945051055553176	0.04443694978217469	0.35929009397537254	0.35929009397537254			PASS	formal_runs/full_metric_rerun_20260615/plmf_standardized_repair_20260619/05_runs/MDR/random/seed_19	outputs/paper1_data_refresh_20260710/PLMF_MDA_REBUILT_FROM_FROZEN_ROOT_RAW_METRICS.tsv		outputs/paper1_data_refresh_20260710/PAPER1_7MODEL_RAW_SEED_METRICS.tsv
PLMF-MDA	MDA	MDR	random	2	0.9245996494476921	0.9080962016976315	0.8516635859519408	0.8570155902004455	0.7053062960386017	0.10743267126345937	0.02611966807438619	0.35286822752801267	0.35286822752801267			PASS	formal_runs/full_metric_rerun_20260615/plmf_standardized_repair_20260619/05_runs/MDR/random/seed_2	outputs/paper1_data_refresh_20260710/PLMF_MDA_REBUILT_FROM_FROZEN_ROOT_RAW_METRICS.tsv		outputs/paper1_data_refresh_20260710/PAPER1_7MODEL_RAW_SEED_METRICS.tsv
PLMF-MDA	MDA	MDR	random	20	0.9255904893040545	0.910276598951941	0.8516635859519408	0.8553402433528616	0.7042375899903521	0.10766492620410992	0.027922358314770884	0.34737532353476985	0.34737532353476985			PASS	formal_runs/full_metric_rerun_20260615/plmf_standardized_repair_20260619/05_runs/MDR/random/seed_20	outputs/paper1_data_refresh_20260710/PLMF_MDA_REBUILT_FROM_FROZEN_ROOT_RAW_METRICS.tsv		outputs/paper1_data_refresh_20260710/PAPER1_7MODEL_RAW_SEED_METRICS.tsv
PLMF-MDA	MDA	MDR	random	21	0.928951657265077	0.9118848089967723	0.8585951940850277	0.8598901098901099	0.7173129404064083	0.10484970303808715	0.036474416624037845	0.3453605509335468	0.3453605509335468			PASS	formal_runs/full_metric_rerun_20260615/plmf_standardized_repair_20260619/05_runs/MDR/random/seed_21	outputs/paper1_data_refresh_20260710/PLMF_MDA_REBUILT_FROM_FROZEN_ROOT_RAW_METRICS.tsv		outputs/paper1_data_refresh_20260710/PAPER1_7MODEL_RAW_SEED_METRICS.tsv
PLMF-MDA	MDA	MDR	random	22	0.9246158787212017	0.9143343747628527	0.8428835489833642	0.8444647758462946	0.6859088966420785	0.10893574259102391	0.030066205619768853	0.35576734260439724	0.35576734260439724			PASS	formal_runs/full_metric_rerun_20260615/plmf_standardized_repair_20260619/05_runs/MDR/random/seed_22	outputs/paper1_data_refresh_20260710/PLMF_MDA_REBUILT_FROM_FROZEN_ROOT_RAW_METRICS.tsv		outputs/paper1_data_refresh_20260710/PAPER1_7MODEL_RAW_SEED_METRICS.tsv
PLMF-MDA	MDA	MDR	random	23	0.9324721283581784	0.9209911600342521	0.8558225508317929	0.8636363636363636	0.7163649302230644	0.10392181446018224	0.04646952557642108	0.3366079016704235	0.3366079016704235			PASS	formal_runs/full_metric_rerun_20260615/plmf_standardized_repair_20260619/05_runs/MDR/random/seed_23	outputs/paper1_data_refresh_20260710/PLMF_MDA_REBUILT_FROM_FROZEN_ROOT_RAW_METRICS.tsv		outputs/paper1_data_refresh_20260710/PAPER1_7MODEL_RAW_SEED_METRICS.tsv
PLMF-MDA	MDA	MDR	random	24	0.9219623925024174	0.9048676968962494	0.8548983364140481	0.8593189964157706	0.711202578229775	0.10756729872910001	0.02559329418055606	0.35745674438578495	0.35745674438578484			PASS	formal_runs/full_metric_rerun_20260615/plmf_standardized_repair_20260619/05_runs/MDR/random/seed_24	outputs/paper1_data_refresh_20260710/PLMF_MDA_REBUILT_FROM_FROZEN_ROOT_RAW_METRICS.tsv		outputs/paper1_data_refresh_20260710/PAPER1_7MODEL_RAW_SEED_METRICS.tsv
PLMF-MDA	MDA	MDR	random	3	0.9220456743006891	0.9114217363437798	0.8470425138632163	0.8480954566314823	0.6941517350141061	0.1137834744606657	0.044318860091738244	0.3662977789959417	0.3662977789959417			PASS	formal_runs/full_metric_rerun_20260615/plmf_standardized_repair_20260619/05_runs/MDR/random/seed_3	outputs/paper1_data_refresh_20260710/PLMF_MDA_REBUILT_FROM_FROZEN_ROOT_RAW_METRICS.tsv		outputs/paper1_data_refresh_20260710/PAPER1_7MODEL_RAW_SEED_METRICS.tsv
PLMF-MDA	MDA	MDR	random	4	0.923394412346548	0.9054720305480785	0.8530499075785583	0.8550592525068368	0.7063713806458851	0.1077115152764388	0.025714644113244513	0.34942270011864723	0.34942270011864723			PASS	formal_runs/full_metric_rerun_20260615/plmf_standardized_repair_20260619/05_runs/MDR/random/seed_4	outputs/paper1_data_refresh_20260710/PLMF_MDA_REBUILT_FROM_FROZEN_ROOT_RAW_METRICS.tsv		outputs/paper1_data_refresh_20260710/PAPER1_7MODEL_RAW_SEED_METRICS.tsv
PLMF-MDA	MDA	MDR	random	5	0.9149594609831183	0.8990249345968074	0.8451940850277264	0.8495734171531207	0.6915614344856176	0.11371406860639584	0.025840132501574936	0.3657364906147093	0.3657364906147093			PASS	formal_runs/full_metric_rerun_20260615/plmf_standardized_repair_20260619/05_runs/MDR/random/seed_5	outputs/paper1_data_refresh_20260710/PLMF_MDA_REBUILT_FROM_FROZEN_ROOT_RAW_METRICS.tsv		outputs/paper1_data_refresh_20260710/PAPER1_7MODEL_RAW_SEED_METRICS.tsv
PLMF-MDA	MDA	MDR	random	6	0.9183522333188694	0.8992495436494594	0.8553604436229205	0.8595782862270076	0.7120068213393059	0.1085538478218187	0.04323222623298921	0.36410068034848264	0.36410068034848264			PASS	formal_runs/full_metric_rerun_20260615/plmf_standardized_repair_20260619/05_runs/MDR/random/seed_6	outputs/paper1_data_refresh_20260710/PLMF_MDA_REBUILT_FROM_FROZEN_ROOT_RAW_METRICS.tsv		outputs/paper1_data_refresh_20260710/PAPER1_7MODEL_RAW_SEED_METRICS.tsv
PLMF-MDA	MDA	MDR	random	7	0.9222143733279577	0.9110462633356515	0.8525878003696857	0.8573983012963791	0.7067860395418145	0.10948362092905892	0.022741758356673674	0.3488450280664032	0.3488450280664032			PASS	formal_runs/full_metric_rerun_20260615/plmf_standardized_repair_20260619/05_runs/MDR/random/seed_7	outputs/paper1_data_refresh_20260710/PLMF_MDA_REBUILT_FROM_FROZEN_ROOT_RAW_METRICS.tsv		outputs/paper1_data_refresh_20260710/PAPER1_7MODEL_RAW_SEED_METRICS.tsv
PLMF-MDA	MDA	MDR	random	8	0.9228468879086786	0.906009593770071	0.8558225508317929	0.856353591160221	0.7116645542219859	0.10854955977953314	0.04365964573057457	0.3587785820025355	0.3587785820025355			PASS	formal_runs/full_metric_rerun_20260615/plmf_standardized_repair_20260619/05_runs/MDR/random/seed_8	outputs/paper1_data_refresh_20260710/PLMF_MDA_REBUILT_FROM_FROZEN_ROOT_RAW_METRICS.tsv		outputs/paper1_data_refresh_20260710/PAPER1_7MODEL_RAW_SEED_METRICS.tsv
PLMF-MDA	MDA	MDR	random	9	0.9291592211315391	0.915428489434427	0.8641404805914972	0.8688670829616414	0.7301807284087821	0.10188263571777217	0.02688484741435672	0.3392693291755272	0.3392693291755272			PASS	formal_runs/full_metric_rerun_20260615/plmf_standardized_repair_20260619/05_runs/MDR/random/seed_9	outputs/paper1_data_refresh_20260710/PLMF_MDA_REBUILT_FROM_FROZEN_ROOT_RAW_METRICS.tsv		outputs/paper1_data_refresh_20260710/PAPER1_7MODEL_RAW_SEED_METRICS.tsv
PLMF-MDA	MDA	MDR	scaffold_cold	0	0.5962799060844179	0.609341764744016	0.5851339671564391	0.4957983193277311	0.1820838497650095	0.33668812292248046	0.2732934148639323	1.313646347711595	1.313646347711595			PASS	formal_runs/full_metric_rerun_20260615/plmf_standardized_repair_20260619/05_runs/MDR/scaffold_cold/seed_0	outputs/paper1_data_refresh_20260710/PLMF_MDA_REBUILT_FROM_FROZEN_ROOT_RAW_METRICS.tsv		outputs/paper1_data_refresh_20260710/PAPER1_7MODEL_RAW_SEED_METRICS.tsv
PLMF-MDA	MDA	MDR	scaffold_cold	1	0.6410853779909819	0.6696962614396864	0.6225402504472272	0.5300668151447662	0.26659499341632936	0.27534304924976044	0.1681568441662208	0.8735748012445989	0.8735748012445987			PASS	formal_runs/full_metric_rerun_20260615/plmf_standardized_repair_20260619/05_runs/MDR/scaffold_cold/seed_1	outputs/paper1_data_refresh_20260710/PLMF_MDA_REBUILT_FROM_FROZEN_ROOT_RAW_METRICS.tsv		outputs/paper1_data_refresh_20260710/PAPER1_7MODEL_RAW_SEED_METRICS.tsv
PLMF-MDA	MDA	MDR	scaffold_cold	10	0.46633147495255933	0.47659458719811054	0.49317988064791135	0.2807017543859649	-0.016906104311365792	0.4126441736064808	0.3738393350830237	1.7326541681086205	1.7326541681086205			PASS	formal_runs/full_metric_rerun_20260615/plmf_standardized_repair_20260619/05_runs/MDR/scaffold_cold/seed_10	outputs/paper1_data_refresh_20260710/PLMF_MDA_REBUILT_FROM_FROZEN_ROOT_RAW_METRICS.tsv		outputs/paper1_data_refresh_20260710/PAPER1_7MODEL_RAW_SEED_METRICS.tsv
PLMF-MDA	MDA	MDR	scaffold_cold	11	0.6241042410357505	0.5625819098214342	0.5159671532846716	0.28067796610169493	0.042223043755115215	0.3619188213681824	0.3411089234734422	1.1844148088837054	1.1844148088837054			PASS	formal_runs/full_metric_rerun_20260615/plmf_standardized_repair_20260619/05_runs/MDR/scaffold_cold/seed_11	outputs/paper1_data_refresh_20260710/PLMF_MDA_REBUILT_FROM_FROZEN_ROOT_RAW_METRICS.tsv		outputs/paper1_data_refresh_20260710/PAPER1_7MODEL_RAW_SEED_METRICS.tsv
PLMF-MDA	MDA	MDR	scaffold_cold	12	0.703730143177527	0.7318320564151124	0.5903880070546738	0.33117350611951046	0.28612900418965403	0.3429596895333602	0.3437245115674351	1.3921551701371773	1.3921551701371773			PASS	formal_runs/full_metric_rerun_20260615/plmf_standardized_repair_20260619/05_runs/MDR/scaffold_cold/seed_12	outputs/paper1_data_refresh_20260710/PLMF_MDA_REBUILT_FROM_FROZEN_ROOT_RAW_METRICS.tsv		outputs/paper1_data_refresh_20260710/PAPER1_7MODEL_RAW_SEED_METRICS.tsv
PLMF-MDA	MDA	MDR	scaffold_cold	13	0.6520455553221778	0.6473184679466042	0.6131239935587761	0.5977396400167434	0.22691275427458593	0.2849137199268931	0.21308731522083912	0.9316729274935651	0.9316729274935651			PASS	formal_runs/full_metric_rerun_20260615/plmf_standardized_repair_20260619/05_runs/MDR/scaffold_cold/seed_13	outputs/paper1_data_refresh_20260710/PLMF_MDA_REBUILT_FROM_FROZEN_ROOT_RAW_METRICS.tsv		outputs/paper1_data_refresh_20260710/PAPER1_7MODEL_RAW_SEED_METRICS.tsv
PLMF-MDA	MDA	MDR	scaffold_cold	14	0.48307278147112853	0.5113865743490937	0.515993907083016	0.20711166562694946	0.05102862571555809	0.41094880286854646	0.3650028054785404	1.9471714095564916	1.9471714095564916			PASS	formal_runs/full_metric_rerun_20260615/plmf_standardized_repair_20260619/05_runs/MDR/scaffold_cold/seed_14	outputs/paper1_data_refresh_20260710/PLMF_MDA_REBUILT_FROM_FROZEN_ROOT_RAW_METRICS.tsv		outputs/paper1_data_refresh_20260710/PAPER1_7MODEL_RAW_SEED_METRICS.tsv
PLMF-MDA	MDA	MDR	scaffold_cold	15	0.7491528847367757	0.7395955928558704	0.6550561797752809	0.5665882352941176	0.33970963980312413	0.23515278158415887	0.16511421160674233	0.7089218766306217	0.7089218766306216			PASS	formal_runs/full_metric_rerun_20260615/plmf_standardized_repair_20260619/05_runs/MDR/scaffold_cold/seed_15	outputs/paper1_data_refresh_20260710/PLMF_MDA_REBUILT_FROM_FROZEN_ROOT_RAW_METRICS.tsv		outputs/paper1_data_refresh_20260710/PAPER1_7MODEL_RAW_SEED_METRICS.tsv
PLMF-MDA	MDA	MDR	scaffold_cold	16	0.4503153370466208	0.5134805258028209	0.5082781456953642	0.36129032258064514	0.018649058333046604	0.41572472688499673	0.3777250298058408	2.147831780175313	2.147831780175313			PASS	formal_runs/full_metric_rerun_20260615/plmf_standardized_repair_20260619/05_runs/MDR/scaffold_cold/seed_16	outputs/paper1_data_refresh_20260710/PLMF_MDA_REBUILT_FROM_FROZEN_ROOT_RAW_METRICS.tsv		outputs/paper1_data_refresh_20260710/PAPER1_7MODEL_RAW_SEED_METRICS.tsv
PLMF-MDA	MDA	MDR	scaffold_cold	17	0.5021556312352934	0.47878932712949784	0.4765297569153395	0.22566646001239926	-0.061627084892960864	0.4158965061758077	0.3866219064469438	1.5833561180411753	1.5833561180411753			PASS	formal_runs/full_metric_rerun_20260615/plmf_standardized_repair_20260619/05_runs/MDR/scaffold_cold/seed_17	outputs/paper1_data_refresh_20260710/PLMF_MDA_REBUILT_FROM_FROZEN_ROOT_RAW_METRICS.tsv		outputs/paper1_data_refresh_20260710/PAPER1_7MODEL_RAW_SEED_METRICS.tsv
PLMF-MDA	MDA	MDR	scaffold_cold	18	0.4899271137026239	0.48391136525702777	0.4819727891156463	0.4263653483992467	-0.03675175934328636	0.3457926082252376	0.2761902013143602	1.0150877889536787	1.0150877889536787			PASS	formal_runs/full_metric_rerun_20260615/plmf_standardized_repair_20260619/05_runs/MDR/scaffold_cold/seed_18	outputs/paper1_data_refresh_20260710/PLMF_MDA_REBUILT_FROM_FROZEN_ROOT_RAW_METRICS.tsv		outputs/paper1_data_refresh_20260710/PAPER1_7MODEL_RAW_SEED_METRICS.tsv
PLMF-MDA	MDA	MDR	scaffold_cold	19	0.5323309063291382	0.5644131342618881	0.5201072386058981	0.3741258741258741	0.04546435746284589	0.369343042235442	0.32506124800351727	1.6560293018072978	1.6560293018072978			PASS	formal_runs/full_metric_rerun_20260615/plmf_standardized_repair_20260619/05_runs/MDR/scaffold_cold/seed_19	outputs/paper1_data_refresh_20260710/PLMF_MDA_REBUILT_FROM_FROZEN_ROOT_RAW_METRICS.tsv		outputs/paper1_data_refresh_20260710/PAPER1_7MODEL_RAW_SEED_METRICS.tsv
PLMF-MDA	MDA	MDR	scaffold_cold	2	0.5721372216971224	0.5935633407886396	0.5389492753623188	0.38674698795180723	0.08973379474039687	0.36482793418242815	0.32650323176693596	1.4115846868360862	1.4115846868360862			PASS	formal_runs/full_metric_rerun_20260615/plmf_standardized_repair_20260619/05_runs/MDR/scaffold_cold/seed_2	outputs/paper1_data_refresh_20260710/PLMF_MDA_REBUILT_FROM_FROZEN_ROOT_RAW_METRICS.tsv		outputs/paper1_data_refresh_20260710/PAPER1_7MODEL_RAW_SEED_METRICS.tsv
PLMF-MDA	MDA	MDR	scaffold_cold	20	0.529115393759961	0.5368452373864805	0.5187901008249313	0.2369186046511628	0.0557606414741093	0.4180987407825111	0.37536760643699135	2.008921214607087	2.008921214607087			PASS	formal_runs/full_metric_rerun_20260615/plmf_standardized_repair_20260619/05_runs/MDR/scaffold_cold/seed_20	outputs/paper1_data_refresh_20260710/PLMF_MDA_REBUILT_FROM_FROZEN_ROOT_RAW_METRICS.tsv		outputs/paper1_data_refresh_20260710/PAPER1_7MODEL_RAW_SEED_METRICS.tsv
PLMF-MDA	MDA	MDR	scaffold_cold	21	0.5518228227295638	0.5235610925371839	0.5073415765069552	0.21922841396203308	0.02176000666924415	0.40366358554153037	0.370260592929075	1.452048261311254	1.4520482613112538			PASS	formal_runs/full_metric_rerun_20260615/plmf_standardized_repair_20260619/05_runs/MDR/scaffold_cold/seed_21	outputs/paper1_data_refresh_20260710/PLMF_MDA_REBUILT_FROM_FROZEN_ROOT_RAW_METRICS.tsv		outputs/paper1_data_refresh_20260710/PAPER1_7MODEL_RAW_SEED_METRICS.tsv
PLMF-MDA	MDA	MDR	scaffold_cold	22	0.4855608303942942	0.4901986214492343	0.49036850921273034	0.20819778789850357	-0.027462123749276996	0.4266713735076606	0.3979288311924791	1.819055651239619	1.819055651239619			PASS	formal_runs/full_metric_rerun_20260615/plmf_standardized_repair_20260619/05_runs/MDR/scaffold_cold/seed_22	outputs/paper1_data_refresh_20260710/PLMF_MDA_REBUILT_FROM_FROZEN_ROOT_RAW_METRICS.tsv		outputs/paper1_data_refresh_20260710/PAPER1_7MODEL_RAW_SEED_METRICS.tsv
PLMF-MDA	MDA	MDR	scaffold_cold	23	0.6292798371260283	0.6233136705663334	0.5694135115070527	0.4352482960077897	0.15777310263169841	0.298327624901452	0.23001765419339537	0.9521385125186675	0.9521385125186675			PASS	formal_runs/full_metric_rerun_20260615/plmf_standardized_repair_20260619/05_runs/MDR/scaffold_cold/seed_23	outputs/paper1_data_refresh_20260710/PLMF_MDA_REBUILT_FROM_FROZEN_ROOT_RAW_METRICS.tsv		outputs/paper1_data_refresh_20260710/PAPER1_7MODEL_RAW_SEED_METRICS.tsv
PLMF-MDA	MDA	MDR	scaffold_cold	24	0.5227485294857399	0.5325359987065148	0.528624192059095	0.37629810629199756	0.0656076207465853	0.3736749375340085	0.31318528348227653	1.520197123007734	1.520197123007734			PASS	formal_runs/full_metric_rerun_20260615/plmf_standardized_repair_20260619/05_runs/MDR/scaffold_cold/seed_24	outputs/paper1_data_refresh_20260710/PLMF_MDA_REBUILT_FROM_FROZEN_ROOT_RAW_METRICS.tsv		outputs/paper1_data_refresh_20260710/PAPER1_7MODEL_RAW_SEED_METRICS.tsv
PLMF-MDA	MDA	MDR	scaffold_cold	3	0.48987579663491	0.5034262082801422	0.4729241877256318	0.2275132275132275	-0.07012638814367789	0.4081239960177784	0.3804551467019384	1.4901142734387278	1.4901142734387278			PASS	formal_runs/full_metric_rerun_20260615/plmf_standardized_repair_20260619/05_runs/MDR/scaffold_cold/seed_3	outputs/paper1_data_refresh_20260710/PLMF_MDA_REBUILT_FROM_FROZEN_ROOT_RAW_METRICS.tsv		outputs/paper1_data_refresh_20260710/PAPER1_7MODEL_RAW_SEED_METRICS.tsv
PLMF-MDA	MDA	MDR	scaffold_cold	4	0.5637143703703704	0.5671664504127135	0.528	0.31483870967741934	0.0715343524312611	0.4076264163954064	0.3746485974787159	1.8683009893505655	1.8683009893505655			PASS	formal_runs/full_metric_rerun_20260615/plmf_standardized_repair_20260619/05_runs/MDR/scaffold_cold/seed_4	outputs/paper1_data_refresh_20260710/PLMF_MDA_REBUILT_FROM_FROZEN_ROOT_RAW_METRICS.tsv		outputs/paper1_data_refresh_20260710/PAPER1_7MODEL_RAW_SEED_METRICS.tsv
PLMF-MDA	MDA	MDR	scaffold_cold	5	0.7106652470477834	0.7205129881051483	0.6566181566181566	0.6250472947408248	0.31777448725923035	0.23995723081527998	0.1325326237004756	0.7572553166515619	0.7572553166515619			PASS	formal_runs/full_metric_rerun_20260615/plmf_standardized_repair_20260619/05_runs/MDR/scaffold_cold/seed_5	outputs/paper1_data_refresh_20260710/PLMF_MDA_REBUILT_FROM_FROZEN_ROOT_RAW_METRICS.tsv		outputs/paper1_data_refresh_20260710/PAPER1_7MODEL_RAW_SEED_METRICS.tsv
PLMF-MDA	MDA	MDR	scaffold_cold	6	0.36490203460076176	0.43496911014475104	0.42265193370165743	0.2907239819004525	-0.16665715364480818	0.4382146678091431	0.4107618563903693	1.5289933286719701	1.5289933286719701			PASS	formal_runs/full_metric_rerun_20260615/plmf_standardized_repair_20260619/05_runs/MDR/scaffold_cold/seed_6	outputs/paper1_data_refresh_20260710/PLMF_MDA_REBUILT_FROM_FROZEN_ROOT_RAW_METRICS.tsv		outputs/paper1_data_refresh_20260710/PAPER1_7MODEL_RAW_SEED_METRICS.tsv
PLMF-MDA	MDA	MDR	scaffold_cold	7	0.6629844045368619	0.6442454606927256	0.6163949275362319	0.5627258647392875	0.24013710660443752	0.286836727407322	0.2117283468082234	0.9438970726877708	0.9438970726877706			PASS	formal_runs/full_metric_rerun_20260615/plmf_standardized_repair_20260619/05_runs/MDR/scaffold_cold/seed_7	outputs/paper1_data_refresh_20260710/PLMF_MDA_REBUILT_FROM_FROZEN_ROOT_RAW_METRICS.tsv		outputs/paper1_data_refresh_20260710/PAPER1_7MODEL_RAW_SEED_METRICS.tsv
PLMF-MDA	MDA	MDR	scaffold_cold	8	0.6100622651174139	0.6696540041666459	0.6133743274404304	0.45855758880516684	0.27640618845143994	0.32508824836430966	0.26923446413593016	1.4226578743441682	1.4226578743441682			PASS	formal_runs/full_metric_rerun_20260615/plmf_standardized_repair_20260619/05_runs/MDR/scaffold_cold/seed_8	outputs/paper1_data_refresh_20260710/PLMF_MDA_REBUILT_FROM_FROZEN_ROOT_RAW_METRICS.tsv		outputs/paper1_data_refresh_20260710/PAPER1_7MODEL_RAW_SEED_METRICS.tsv
PLMF-MDA	MDA	MDR	scaffold_cold	9	0.48790046406969767	0.5351290534266971	0.512396694214876	0.36158701532912535	0.028130941365769893	0.4005343155300923	0.3647347455705931	1.7599942939046151	1.7599942939046151			PASS	formal_runs/full_metric_rerun_20260615/plmf_standardized_repair_20260619/05_runs/MDR/scaffold_cold/seed_9	outputs/paper1_data_refresh_20260710/PLMF_MDA_REBUILT_FROM_FROZEN_ROOT_RAW_METRICS.tsv		outputs/paper1_data_refresh_20260710/PAPER1_7MODEL_RAW_SEED_METRICS.tsv
PLMF-MDA	MDA	MDR	strict_cold	0	0.5703889857164255	0.5504484015770756	0.5641143911439115	0.588951718138321	0.12917551776352207	0.36996609293529215	0.33062912489496615	1.7411599306804444	1.7411599306804444			PASS	formal_runs/full_metric_rerun_20260615/plmf_standardized_repair_20260619/05_runs/MDR/strict_cold/seed_0	outputs/paper1_data_refresh_20260710/PLMF_MDA_REBUILT_FROM_FROZEN_ROOT_RAW_METRICS.tsv		outputs/paper1_data_refresh_20260710/PAPER1_7MODEL_RAW_SEED_METRICS.tsv
PLMF-MDA	MDA	MDR	strict_cold	1	0.5519364506008536	0.5543250422476764	0.546918123275069	0.46612466124661245	0.09845413077627134	0.37156459374448114	0.3293002386447129	1.8339100894145002	1.8339100894145002			PASS	formal_runs/full_metric_rerun_20260615/plmf_standardized_repair_20260619/05_runs/MDR/strict_cold/seed_1	outputs/paper1_data_refresh_20260710/PLMF_MDA_REBUILT_FROM_FROZEN_ROOT_RAW_METRICS.tsv		outputs/paper1_data_refresh_20260710/PAPER1_7MODEL_RAW_SEED_METRICS.tsv
PLMF-MDA	MDA	MDR	strict_cold	10	0.5721382640486922	0.5626023640079181	0.5239852398523985	0.24671532846715327	0.07087784710827692	0.42347946479224174	0.4093575954696909	2.898553875122006	2.8985538751220057			PASS	formal_runs/full_metric_rerun_20260615/plmf_standardized_repair_20260619/05_runs/MDR/strict_cold/seed_10	outputs/paper1_data_refresh_20260710/PLMF_MDA_REBUILT_FROM_FROZEN_ROOT_RAW_METRICS.tsv		outputs/paper1_data_refresh_20260710/PAPER1_7MODEL_RAW_SEED_METRICS.tsv
PLMF-MDA	MDA	MDR	strict_cold	11	0.5760299524221453	0.5643273879690419	0.5528492647058824	0.4997429305912596	0.10816457087254747	0.3711596936556011	0.3403327595203435	1.6856837636245299	1.6856837636245299			PASS	formal_runs/full_metric_rerun_20260615/plmf_standardized_repair_20260619/05_runs/MDR/strict_cold/seed_11	outputs/paper1_data_refresh_20260710/PLMF_MDA_REBUILT_FROM_FROZEN_ROOT_RAW_METRICS.tsv		outputs/paper1_data_refresh_20260710/PAPER1_7MODEL_RAW_SEED_METRICS.tsv
PLMF-MDA	MDA	MDR	strict_cold	12	0.5282193616187284	0.5101015446780868	0.5211397058823529	0.4211111111111111	0.04505544635387861	0.4439933985786435	0.4233114228472731	3.0886236683722994	3.0886236683722994			PASS	formal_runs/full_metric_rerun_20260615/plmf_standardized_repair_20260619/05_runs/MDR/strict_cold/seed_12	outputs/paper1_data_refresh_20260710/PLMF_MDA_REBUILT_FROM_FROZEN_ROOT_RAW_METRICS.tsv		outputs/paper1_data_refresh_20260710/PAPER1_7MODEL_RAW_SEED_METRICS.tsv
PLMF-MDA	MDA	MDR	strict_cold	13	0.547651350291955	0.5566906684669306	0.5335477941176471	0.5290023201856149	0.06710808985071398	0.4059080929753286	0.38148345317792887	2.152411762484721	2.152411762484721			PASS	formal_runs/full_metric_rerun_20260615/plmf_standardized_repair_20260619/05_runs/MDR/strict_cold/seed_13	outputs/paper1_data_refresh_20260710/PLMF_MDA_REBUILT_FROM_FROZEN_ROOT_RAW_METRICS.tsv		outputs/paper1_data_refresh_20260710/PAPER1_7MODEL_RAW_SEED_METRICS.tsv
PLMF-MDA	MDA	MDR	strict_cold	14	0.5472000562508319	0.5478851204009282	0.5247026532479414	0.5160689333954355	0.049436787417278055	0.4079483578970304	0.3867506205318171	2.0830436400099805	2.0830436400099805			PASS	formal_runs/full_metric_rerun_20260615/plmf_standardized_repair_20260619/05_runs/MDR/strict_cold/seed_14	outputs/paper1_data_refresh_20260710/PLMF_MDA_REBUILT_FROM_FROZEN_ROOT_RAW_METRICS.tsv		outputs/paper1_data_refresh_20260710/PAPER1_7MODEL_RAW_SEED_METRICS.tsv
PLMF-MDA	MDA	MDR	strict_cold	15	0.5782877582004603	0.5788766742049986	0.5493542435424354	0.4961320268179474	0.10098767117581958	0.3754388931432876	0.3421892066063542	1.9059571325298994	1.9059571325298994			PASS	formal_runs/full_metric_rerun_20260615/plmf_standardized_repair_20260619/05_runs/MDR/strict_cold/seed_15	outputs/paper1_data_refresh_20260710/PLMF_MDA_REBUILT_FROM_FROZEN_ROOT_RAW_METRICS.tsv		outputs/paper1_data_refresh_20260710/PAPER1_7MODEL_RAW_SEED_METRICS.tsv
PLMF-MDA	MDA	MDR	strict_cold	16	0.59371578652141	0.5910842795150641	0.5716911764705882	0.5431372549019607	0.14451582791529277	0.3696215096496812	0.3397151453270222	1.9657825441816366	1.9657825441816366			PASS	formal_runs/full_metric_rerun_20260615/plmf_standardized_repair_20260619/05_runs/MDR/strict_cold/seed_16	outputs/paper1_data_refresh_20260710/PLMF_MDA_REBUILT_FROM_FROZEN_ROOT_RAW_METRICS.tsv		outputs/paper1_data_refresh_20260710/PAPER1_7MODEL_RAW_SEED_METRICS.tsv
PLMF-MDA	MDA	MDR	strict_cold	17	0.6230168544395389	0.6277782931239698	0.5772394881170019	0.3829219479653102	0.19887652433546807	0.38150423079923235	0.3577186497186139	2.7298890922028836	2.7298890922028836			PASS	formal_runs/full_metric_rerun_20260615/plmf_standardized_repair_20260619/05_runs/MDR/strict_cold/seed_17	outputs/paper1_data_refresh_20260710/PLMF_MDA_REBUILT_FROM_FROZEN_ROOT_RAW_METRICS.tsv		outputs/paper1_data_refresh_20260710/PAPER1_7MODEL_RAW_SEED_METRICS.tsv
PLMF-MDA	MDA	MDR	strict_cold	18	0.5319080885447353	0.5286046152320918	0.5261467889908257	0.525929325378614	0.05229359998889445	0.4174759974517433	0.39071202360737234	2.2670311154107026	2.2670311154107026			PASS	formal_runs/full_metric_rerun_20260615/plmf_standardized_repair_20260619/05_runs/MDR/strict_cold/seed_18	outputs/paper1_data_refresh_20260710/PLMF_MDA_REBUILT_FROM_FROZEN_ROOT_RAW_METRICS.tsv		outputs/paper1_data_refresh_20260710/PAPER1_7MODEL_RAW_SEED_METRICS.tsv
PLMF-MDA	MDA	MDR	strict_cold	19	0.479241050836918	0.481083577721212	0.4879852125693161	0.3725934314835787	-0.02584130484697104	0.4617437274178461	0.44225180128367	3.050233210777472	3.050233210777472			PASS	formal_runs/full_metric_rerun_20260615/plmf_standardized_repair_20260619/05_runs/MDR/strict_cold/seed_19	outputs/paper1_data_refresh_20260710/PLMF_MDA_REBUILT_FROM_FROZEN_ROOT_RAW_METRICS.tsv		outputs/paper1_data_refresh_20260710/PAPER1_7MODEL_RAW_SEED_METRICS.tsv
PLMF-MDA	MDA	MDR	strict_cold	2	0.5177702169088112	0.5166120178597995	0.5119926199261993	0.4913461538461538	0.024064667914622976	0.43234464654120897	0.40815757120473367	2.5951255705088987	2.5951255705088987			PASS	formal_runs/full_metric_rerun_20260615/plmf_standardized_repair_20260619/05_runs/MDR/strict_cold/seed_2	outputs/paper1_data_refresh_20260710/PLMF_MDA_REBUILT_FROM_FROZEN_ROOT_RAW_METRICS.tsv		outputs/paper1_data_refresh_20260710/PAPER1_7MODEL_RAW_SEED_METRICS.tsv
PLMF-MDA	MDA	MDR	strict_cold	20	0.5628594675088665	0.5516666072236323	0.5370539798719122	0.4088785046728972	0.08224418401933929	0.40906854543219223	0.3852056705663135	2.226279368986583	2.2262793689865825			PASS	formal_runs/full_metric_rerun_20260615/plmf_standardized_repair_20260619/05_runs/MDR/strict_cold/seed_20	outputs/paper1_data_refresh_20260710/PLMF_MDA_REBUILT_FROM_FROZEN_ROOT_RAW_METRICS.tsv		outputs/paper1_data_refresh_20260710/PAPER1_7MODEL_RAW_SEED_METRICS.tsv
PLMF-MDA	MDA	MDR	strict_cold	21	0.5590937338996442	0.5808106691591784	0.546831955922865	0.474160895045285	0.097460730646689	0.3885877029999305	0.3620142697066293	1.9486605644814066	1.9486605644814066			PASS	formal_runs/full_metric_rerun_20260615/plmf_standardized_repair_20260619/05_runs/MDR/strict_cold/seed_21	outputs/paper1_data_refresh_20260710/PLMF_MDA_REBUILT_FROM_FROZEN_ROOT_RAW_METRICS.tsv		outputs/paper1_data_refresh_20260710/PAPER1_7MODEL_RAW_SEED_METRICS.tsv
PLMF-MDA	MDA	MDR	strict_cold	22	0.598785562828196	0.5842990043579308	0.5784856879039705	0.5192206424433913	0.161970885967925	0.3752142982350693	0.35229307503631396	2.3700054195614206	2.3700054195614206			PASS	formal_runs/full_metric_rerun_20260615/plmf_standardized_repair_20260619/05_runs/MDR/strict_cold/seed_22	outputs/paper1_data_refresh_20260710/PLMF_MDA_REBUILT_FROM_FROZEN_ROOT_RAW_METRICS.tsv		outputs/paper1_data_refresh_20260710/PAPER1_7MODEL_RAW_SEED_METRICS.tsv
PLMF-MDA	MDA	MDR	strict_cold	23	0.5374417881584387	0.5468488654463396	0.5263401109057301	0.45910290237467016	0.05438785216106651	0.41291720417173133	0.3879757983077902	2.280439232023155	2.280439232023155			PASS	formal_runs/full_metric_rerun_20260615/plmf_standardized_repair_20260619/05_runs/MDR/strict_cold/seed_23	outputs/paper1_data_refresh_20260710/PLMF_MDA_REBUILT_FROM_FROZEN_ROOT_RAW_METRICS.tsv		outputs/paper1_data_refresh_20260710/PAPER1_7MODEL_RAW_SEED_METRICS.tsv
PLMF-MDA	MDA	MDR	strict_cold	24	0.4842997356733621	0.5186445313215726	0.4990842490842491	0.37911464245175935	-0.001985773252910762	0.43361968670692375	0.408144727992101	2.316798598128416	2.316798598128416			PASS	formal_runs/full_metric_rerun_20260615/plmf_standardized_repair_20260619/05_runs/MDR/strict_cold/seed_24	outputs/paper1_data_refresh_20260710/PLMF_MDA_REBUILT_FROM_FROZEN_ROOT_RAW_METRICS.tsv		outputs/paper1_data_refresh_20260710/PAPER1_7MODEL_RAW_SEED_METRICS.tsv
PLMF-MDA	MDA	MDR	strict_cold	3	0.5332380131453189	0.5450675344925905	0.538781163434903	0.46833422032996275	0.08043822314730129	0.3941167313810043	0.3568395356183853	2.3150148852124	2.3150148852124			PASS	formal_runs/full_metric_rerun_20260615/plmf_standardized_repair_20260619/05_runs/MDR/strict_cold/seed_3	outputs/paper1_data_refresh_20260710/PLMF_MDA_REBUILT_FROM_FROZEN_ROOT_RAW_METRICS.tsv		outputs/paper1_data_refresh_20260710/PAPER1_7MODEL_RAW_SEED_METRICS.tsv
PLMF-MDA	MDA	MDR	strict_cold	4	0.5799398491873404	0.5708317144712944	0.5628465804066544	0.5265265265265265	0.1271990532552482	0.3814366568277367	0.3525920010805581	2.0676198474414247	2.0676198474414247			PASS	formal_runs/full_metric_rerun_20260615/plmf_standardized_repair_20260619/05_runs/MDR/strict_cold/seed_4	outputs/paper1_data_refresh_20260710/PLMF_MDA_REBUILT_FROM_FROZEN_ROOT_RAW_METRICS.tsv		outputs/paper1_data_refresh_20260710/PAPER1_7MODEL_RAW_SEED_METRICS.tsv
PLMF-MDA	MDA	MDR	strict_cold	5	0.49034016557275667	0.5088014233426291	0.493992606284658	0.4257996853696906	-0.012368757916769496	0.42116249045302084	0.3948207250414046	2.119723499965508	2.119723499965508			PASS	formal_runs/full_metric_rerun_20260615/plmf_standardized_repair_20260619/05_runs/MDR/strict_cold/seed_5	outputs/paper1_data_refresh_20260710/PLMF_MDA_REBUILT_FROM_FROZEN_ROOT_RAW_METRICS.tsv		outputs/paper1_data_refresh_20260710/PAPER1_7MODEL_RAW_SEED_METRICS.tsv
PLMF-MDA	MDA	MDR	strict_cold	6	0.5545321503549274	0.5367422967682922	0.5290055248618785	0.3438101347017319	0.07027701224796089	0.41951512973916827	0.39720936052925215	2.5456908754478875	2.5456908754478875			PASS	formal_runs/full_metric_rerun_20260615/plmf_standardized_repair_20260619/05_runs/MDR/strict_cold/seed_6	outputs/paper1_data_refresh_20260710/PLMF_MDA_REBUILT_FROM_FROZEN_ROOT_RAW_METRICS.tsv		outputs/paper1_data_refresh_20260710/PAPER1_7MODEL_RAW_SEED_METRICS.tsv
PLMF-MDA	MDA	MDR	strict_cold	7	0.5521796408000981	0.5402466928992202	0.544280442804428	0.5513169845594914	0.08860448011960527	0.39946757006585687	0.3720174059406129	2.162858262966442	2.162858262966442			PASS	formal_runs/full_metric_rerun_20260615/plmf_standardized_repair_20260619/05_runs/MDR/strict_cold/seed_7	outputs/paper1_data_refresh_20260710/PLMF_MDA_REBUILT_FROM_FROZEN_ROOT_RAW_METRICS.tsv		outputs/paper1_data_refresh_20260710/PAPER1_7MODEL_RAW_SEED_METRICS.tsv
PLMF-MDA	MDA	MDR	strict_cold	8	0.5708813410896353	0.5779922926453909	0.5511415525114155	0.5521640091116173	0.10228417135489798	0.39030229007299533	0.366649403611628	2.021411592915278	2.021411592915278			PASS	formal_runs/full_metric_rerun_20260615/plmf_standardized_repair_20260619/05_runs/MDR/strict_cold/seed_8	outputs/paper1_data_refresh_20260710/PLMF_MDA_REBUILT_FROM_FROZEN_ROOT_RAW_METRICS.tsv		outputs/paper1_data_refresh_20260710/PAPER1_7MODEL_RAW_SEED_METRICS.tsv
PLMF-MDA	MDA	MDR	strict_cold	9	0.5427516422469724	0.5454769361534182	0.5220588235294118	0.5220588235294118	0.04411764705882353	0.39904980770751486	0.369345451062136	1.8923636157593418	1.8923636157593418			PASS	formal_runs/full_metric_rerun_20260615/plmf_standardized_repair_20260619/05_runs/MDR/strict_cold/seed_9	outputs/paper1_data_refresh_20260710/PLMF_MDA_REBUILT_FROM_FROZEN_ROOT_RAW_METRICS.tsv		outputs/paper1_data_refresh_20260710/PAPER1_7MODEL_RAW_SEED_METRICS.tsv
PLMF-MDA	MDA	MDS	drug_cold	0	0.6078652721492878	0.5616883240037733	0.5364532019704433	0.4595060310166571	0.07605444714048627	0.2941843142551081	0.22413558952167423	0.8433631263728472	0.8433631263728472			PASS	formal_runs/full_metric_rerun_20260615/plmf_standardized_repair_20260619/05_runs/MDS/drug_cold/seed_0	outputs/paper1_data_refresh_20260710/PLMF_MDA_REBUILT_FROM_FROZEN_ROOT_RAW_METRICS.tsv		outputs/paper1_data_refresh_20260710/PAPER1_7MODEL_RAW_SEED_METRICS.tsv
PLMF-MDA	MDA	MDS	drug_cold	1	0.5418030010370081	0.5112931633281909	0.4633490248823134	0.17305699481865286	-0.10293867225669022	0.4320544255523464	0.43003115768154493	1.6512819882803218	1.6512819882803216			PASS	formal_runs/full_metric_rerun_20260615/plmf_standardized_repair_20260619/05_runs/MDS/drug_cold/seed_1	outputs/paper1_data_refresh_20260710/PLMF_MDA_REBUILT_FROM_FROZEN_ROOT_RAW_METRICS.tsv		outputs/paper1_data_refresh_20260710/PAPER1_7MODEL_RAW_SEED_METRICS.tsv
PLMF-MDA	MDA	MDS	drug_cold	10	0.6900627528439675	0.657405618769425	0.6129597197898424	0.5332629355860612	0.24037063071199616	0.2684913101344396	0.19704445495143583	0.8209548549736514	0.8209548549736514			PASS	formal_runs/full_metric_rerun_20260615/plmf_standardized_repair_20260619/05_runs/MDS/drug_cold/seed_10	outputs/paper1_data_refresh_20260710/PLMF_MDA_REBUILT_FROM_FROZEN_ROOT_RAW_METRICS.tsv		outputs/paper1_data_refresh_20260710/PAPER1_7MODEL_RAW_SEED_METRICS.tsv
PLMF-MDA	MDA	MDS	drug_cold	11	0.655969317361549	0.6240790349267414	0.5580279232111692	0.3339907955292571	0.1568646015416858	0.32805148504433074	0.2935184871711186	1.0840498092424222	1.0840498092424222			PASS	formal_runs/full_metric_rerun_20260615/plmf_standardized_repair_20260619/05_runs/MDS/drug_cold/seed_11	outputs/paper1_data_refresh_20260710/PLMF_MDA_REBUILT_FROM_FROZEN_ROOT_RAW_METRICS.tsv		outputs/paper1_data_refresh_20260710/PAPER1_7MODEL_RAW_SEED_METRICS.tsv
PLMF-MDA	MDA	MDS	drug_cold	12	0.8053013316249484	0.7472742779225632	0.5881801125703565	0.38429172510518933	0.23538280834847422	0.27060157209689206	0.26803243454947295	0.7920629179644445	0.7920629179644445			PASS	formal_runs/full_metric_rerun_20260615/plmf_standardized_repair_20260619/05_runs/MDS/drug_cold/seed_12	outputs/paper1_data_refresh_20260710/PLMF_MDA_REBUILT_FROM_FROZEN_ROOT_RAW_METRICS.tsv		outputs/paper1_data_refresh_20260710/PAPER1_7MODEL_RAW_SEED_METRICS.tsv
PLMF-MDA	MDA	MDS	drug_cold	13	0.5771452754693752	0.5194386748179425	0.5166666666666667	0.39383938393839385	0.036461748724557035	0.337033703169175	0.2883647907082106	0.9946926714423079	0.9946926714423079			PASS	formal_runs/full_metric_rerun_20260615/plmf_standardized_repair_20260619/05_runs/MDS/drug_cold/seed_13	outputs/paper1_data_refresh_20260710/PLMF_MDA_REBUILT_FROM_FROZEN_ROOT_RAW_METRICS.tsv		outputs/paper1_data_refresh_20260710/PAPER1_7MODEL_RAW_SEED_METRICS.tsv
PLMF-MDA	MDA	MDS	drug_cold	14	0.4980606995884774	0.4708043221514128	0.44166666666666665	0.22791293213828426	-0.14010416552237853	0.39795794616759667	0.38020886333917453	1.2686725105205767	1.2686725105205767			PASS	formal_runs/full_metric_rerun_20260615/plmf_standardized_repair_20260619/05_runs/MDS/drug_cold/seed_14	outputs/paper1_data_refresh_20260710/PLMF_MDA_REBUILT_FROM_FROZEN_ROOT_RAW_METRICS.tsv		outputs/paper1_data_refresh_20260710/PAPER1_7MODEL_RAW_SEED_METRICS.tsv
PLMF-MDA	MDA	MDS	drug_cold	15	0.7115957636169455	0.7043513434398516	0.5863207547169811	0.3667870036101083	0.23959468667882125	0.30427800166787744	0.28559418174194917	1.0106201300936155	1.0106201300936153			PASS	formal_runs/full_metric_rerun_20260615/plmf_standardized_repair_20260619/05_runs/MDS/drug_cold/seed_15	outputs/paper1_data_refresh_20260710/PLMF_MDA_REBUILT_FROM_FROZEN_ROOT_RAW_METRICS.tsv		outputs/paper1_data_refresh_20260710/PAPER1_7MODEL_RAW_SEED_METRICS.tsv
PLMF-MDA	MDA	MDS	drug_cold	16	0.7378011185977892	0.74085465858498	0.6532567049808429	0.5959821428571429	0.3196294446418128	0.25670325139446143	0.19870285890702963	0.9191184113604915	0.9191184113604915			PASS	formal_runs/full_metric_rerun_20260615/plmf_standardized_repair_20260619/05_runs/MDS/drug_cold/seed_16	outputs/paper1_data_refresh_20260710/PLMF_MDA_REBUILT_FROM_FROZEN_ROOT_RAW_METRICS.tsv		outputs/paper1_data_refresh_20260710/PAPER1_7MODEL_RAW_SEED_METRICS.tsv
PLMF-MDA	MDA	MDS	drug_cold	17	0.6383037135832867	0.6051536901501867	0.5224171539961013	0.21348314606741572	0.07245756858832922	0.38033993080760004	0.3741830001822483	1.4996641328327112	1.4996641328327112			PASS	formal_runs/full_metric_rerun_20260615/plmf_standardized_repair_20260619/05_runs/MDS/drug_cold/seed_17	outputs/paper1_data_refresh_20260710/PLMF_MDA_REBUILT_FROM_FROZEN_ROOT_RAW_METRICS.tsv		outputs/paper1_data_refresh_20260710/PAPER1_7MODEL_RAW_SEED_METRICS.tsv
PLMF-MDA	MDA	MDS	drug_cold	18	0.7357216765583995	0.6770708919810016	0.6010587102983638	0.4491694352159468	0.24229464602414302	0.27829697716979135	0.2533416539771853	0.8657520348243825	0.8657520348243825			PASS	formal_runs/full_metric_rerun_20260615/plmf_standardized_repair_20260619/05_runs/MDS/drug_cold/seed_18	outputs/paper1_data_refresh_20260710/PLMF_MDA_REBUILT_FROM_FROZEN_ROOT_RAW_METRICS.tsv		outputs/paper1_data_refresh_20260710/PAPER1_7MODEL_RAW_SEED_METRICS.tsv
PLMF-MDA	MDA	MDS	drug_cold	19	0.6416877006776354	0.6430980707890829	0.5121241513094084	0.061567164179104475	0.08684902026016536	0.38732735400463913	0.38894812683290314	1.3501765515925095	1.3501765515925095			PASS	formal_runs/full_metric_rerun_20260615/plmf_standardized_repair_20260619/05_runs/MDS/drug_cold/seed_19	outputs/paper1_data_refresh_20260710/PLMF_MDA_REBUILT_FROM_FROZEN_ROOT_RAW_METRICS.tsv		outputs/paper1_data_refresh_20260710/PAPER1_7MODEL_RAW_SEED_METRICS.tsv
PLMF-MDA	MDA	MDS	drug_cold	2	0.8467697258080429	0.8228958183450024	0.6138659320477502	0.4089950808151792	0.31600793581193926	0.22898597078031016	0.22877547564747994	0.6538498828756726	0.6538498828756726			PASS	formal_runs/full_metric_rerun_20260615/plmf_standardized_repair_20260619/05_runs/MDS/drug_cold/seed_2	outputs/paper1_data_refresh_20260710/PLMF_MDA_REBUILT_FROM_FROZEN_ROOT_RAW_METRICS.tsv		outputs/paper1_data_refresh_20260710/PAPER1_7MODEL_RAW_SEED_METRICS.tsv
PLMF-MDA	MDA	MDS	drug_cold	20	0.5811304346211961	0.5518430255347027	0.5110789980732178	0.3738433066008637	0.02465265254378403	0.3580576170842312	0.32519844624829936	1.1873499148944975	1.1873499148944975			PASS	formal_runs/full_metric_rerun_20260615/plmf_standardized_repair_20260619/05_runs/MDS/drug_cold/seed_20	outputs/paper1_data_refresh_20260710/PLMF_MDA_REBUILT_FROM_FROZEN_ROOT_RAW_METRICS.tsv		outputs/paper1_data_refresh_20260710/PAPER1_7MODEL_RAW_SEED_METRICS.tsv
PLMF-MDA	MDA	MDS	drug_cold	21	0.6143262911525824	0.5873405040762523	0.5211614173228346	0.25096227867590454	0.06111957604176617	0.3594822144900252	0.3368323801251097	1.2900009034292346	1.2900009034292346			PASS	formal_runs/full_metric_rerun_20260615/plmf_standardized_repair_20260619/05_runs/MDS/drug_cold/seed_21	outputs/paper1_data_refresh_20260710/PLMF_MDA_REBUILT_FROM_FROZEN_ROOT_RAW_METRICS.tsv		outputs/paper1_data_refresh_20260710/PAPER1_7MODEL_RAW_SEED_METRICS.tsv
PLMF-MDA	MDA	MDS	drug_cold	22	0.45063239644970415	0.45323702553793477	0.46826923076923077	0.12082670906200318	-0.10359191235384724	0.44217908681020063	0.42130328300116576	1.618389292347311	1.618389292347311			PASS	formal_runs/full_metric_rerun_20260615/plmf_standardized_repair_20260619/05_runs/MDS/drug_cold/seed_22	outputs/paper1_data_refresh_20260710/PLMF_MDA_REBUILT_FROM_FROZEN_ROOT_RAW_METRICS.tsv		outputs/paper1_data_refresh_20260710/PAPER1_7MODEL_RAW_SEED_METRICS.tsv
PLMF-MDA	MDA	MDS	drug_cold	23	0.7119685147585447	0.641495480569572	0.605475040257649	0.5172413793103449	0.2266341015704312	0.27016126407192165	0.2211503478153914	0.9142364772722407	0.9142364772722407			PASS	formal_runs/full_metric_rerun_20260615/plmf_standardized_repair_20260619/05_runs/MDS/drug_cold/seed_23	outputs/paper1_data_refresh_20260710/PLMF_MDA_REBUILT_FROM_FROZEN_ROOT_RAW_METRICS.tsv		outputs/paper1_data_refresh_20260710/PAPER1_7MODEL_RAW_SEED_METRICS.tsv
PLMF-MDA	MDA	MDS	drug_cold	24	0.6608990659502683	0.5909757488419396	0.49853228962818	0.10480349344978165	-0.0061717029739620155	0.38757770571355155	0.38273829742906146	1.2547705325021354	1.2547705325021354			PASS	formal_runs/full_metric_rerun_20260615/plmf_standardized_repair_20260619/05_runs/MDS/drug_cold/seed_24	outputs/paper1_data_refresh_20260710/PLMF_MDA_REBUILT_FROM_FROZEN_ROOT_RAW_METRICS.tsv		outputs/paper1_data_refresh_20260710/PAPER1_7MODEL_RAW_SEED_METRICS.tsv
PLMF-MDA	MDA	MDS	drug_cold	3	0.6413115910149578	0.5677330257380547	0.5215827338129496	0.3383084577114428	0.05184758473652126	0.3154290358039712	0.28575836450124087	0.9415033649745219	0.9415033649745218			PASS	formal_runs/full_metric_rerun_20260615/plmf_standardized_repair_20260619/05_runs/MDS/drug_cold/seed_3	outputs/paper1_data_refresh_20260710/PLMF_MDA_REBUILT_FROM_FROZEN_ROOT_RAW_METRICS.tsv		outputs/paper1_data_refresh_20260710/PAPER1_7MODEL_RAW_SEED_METRICS.tsv
PLMF-MDA	MDA	MDS	drug_cold	4	0.5902523686691643	0.5671131872403371	0.5250205086136177	0.31235154394299286	0.06368539047359413	0.3468411455540871	0.30078772635990736	1.1398482506679368	1.1398482506679366			PASS	formal_runs/full_metric_rerun_20260615/plmf_standardized_repair_20260619/05_runs/MDS/drug_cold/seed_4	outputs/paper1_data_refresh_20260710/PLMF_MDA_REBUILT_FROM_FROZEN_ROOT_RAW_METRICS.tsv		outputs/paper1_data_refresh_20260710/PAPER1_7MODEL_RAW_SEED_METRICS.tsv
PLMF-MDA	MDA	MDS	drug_cold	5	0.7354119478319052	0.7486397932957036	0.6597289448209099	0.5603502188868043	0.35814599151288723	0.2531164779219811	0.19309416419651998	0.8530029473026652	0.8530029473026652			PASS	formal_runs/full_metric_rerun_20260615/plmf_standardized_repair_20260619/05_runs/MDS/drug_cold/seed_5	outputs/paper1_data_refresh_20260710/PLMF_MDA_REBUILT_FROM_FROZEN_ROOT_RAW_METRICS.tsv		outputs/paper1_data_refresh_20260710/PAPER1_7MODEL_RAW_SEED_METRICS.tsv
PLMF-MDA	MDA	MDS	drug_cold	6	0.8411159821007301	0.8042610372729463	0.7356664184661206	0.7034252297410192	0.4828847314951803	0.18781045387345177	0.13818332342015432	0.5852169132450674	0.5852169132450674			PASS	formal_runs/full_metric_rerun_20260615/plmf_standardized_repair_20260619/05_runs/MDS/drug_cold/seed_6	outputs/paper1_data_refresh_20260710/PLMF_MDA_REBUILT_FROM_FROZEN_ROOT_RAW_METRICS.tsv		outputs/paper1_data_refresh_20260710/PAPER1_7MODEL_RAW_SEED_METRICS.tsv
PLMF-MDA	MDA	MDS	drug_cold	7	0.6067131239669421	0.5726409589216543	0.5112727272727273	0.2516703786191537	0.031306599804221166	0.3639090780018688	0.3426728781769211	1.327152586449177	1.327152586449177			PASS	formal_runs/full_metric_rerun_20260615/plmf_standardized_repair_20260619/05_runs/MDS/drug_cold/seed_7	outputs/paper1_data_refresh_20260710/PLMF_MDA_REBUILT_FROM_FROZEN_ROOT_RAW_METRICS.tsv		outputs/paper1_data_refresh_20260710/PAPER1_7MODEL_RAW_SEED_METRICS.tsv
PLMF-MDA	MDA	MDS	drug_cold	8	0.602423179189167	0.5284060268868338	0.493891797556719	0.2935444579780755	-0.014833171951991218	0.35834059062861284	0.34303838363086747	1.0937173498821386	1.0937173498821386			PASS	formal_runs/full_metric_rerun_20260615/plmf_standardized_repair_20260619/05_runs/MDS/drug_cold/seed_8	outputs/paper1_data_refresh_20260710/PLMF_MDA_REBUILT_FROM_FROZEN_ROOT_RAW_METRICS.tsv		outputs/paper1_data_refresh_20260710/PAPER1_7MODEL_RAW_SEED_METRICS.tsv
PLMF-MDA	MDA	MDS	drug_cold	9	0.7421717106596181	0.683444275491195	0.6103004291845494	0.468384074941452	0.26089810957449605	0.26134970159288057	0.22362124490218893	0.782450467894447	0.782450467894447			PASS	formal_runs/full_metric_rerun_20260615/plmf_standardized_repair_20260619/05_runs/MDS/drug_cold/seed_9	outputs/paper1_data_refresh_20260710/PLMF_MDA_REBUILT_FROM_FROZEN_ROOT_RAW_METRICS.tsv		outputs/paper1_data_refresh_20260710/PAPER1_7MODEL_RAW_SEED_METRICS.tsv
PLMF-MDA	MDA	MDS	mirna_cold	0	0.8951758737052602	0.8731090951109524	0.8300395256916996	0.8368121442125237	0.6623647276758983	0.12659237942167167	0.04165163939226771	0.4213381294327379	0.4213381294327379			PASS	formal_runs/full_metric_rerun_20260615/plmf_standardized_repair_20260619/05_runs/MDS/mirna_cold/seed_0	outputs/paper1_data_refresh_20260710/PLMF_MDA_REBUILT_FROM_FROZEN_ROOT_RAW_METRICS.tsv		outputs/paper1_data_refresh_20260710/PAPER1_7MODEL_RAW_SEED_METRICS.tsv
PLMF-MDA	MDA	MDS	mirna_cold	1	0.9203324923057696	0.9105633495413714	0.8473320158102767	0.8552693208430914	0.6988807065281875	0.11063330076642137	0.03879930645547458	0.36943059060261	0.36943059060260997			PASS	formal_runs/full_metric_rerun_20260615/plmf_standardized_repair_20260619/05_runs/MDS/mirna_cold/seed_1	outputs/paper1_data_refresh_20260710/PLMF_MDA_REBUILT_FROM_FROZEN_ROOT_RAW_METRICS.tsv		outputs/paper1_data_refresh_20260710/PAPER1_7MODEL_RAW_SEED_METRICS.tsv
PLMF-MDA	MDA	MDS	mirna_cold	10	0.9058364839319473	0.8833617999945096	0.8389328063241107	0.8406647116324536	0.6780258456282747	0.1203671224545212	0.03687080042836107	0.40798833442042043	0.4079883344204204			PASS	formal_runs/full_metric_rerun_20260615/plmf_standardized_repair_20260619/05_runs/MDS/mirna_cold/seed_10	outputs/paper1_data_refresh_20260710/PLMF_MDA_REBUILT_FROM_FROZEN_ROOT_RAW_METRICS.tsv		outputs/paper1_data_refresh_20260710/PAPER1_7MODEL_RAW_SEED_METRICS.tsv
PLMF-MDA	MDA	MDS	mirna_cold	11	0.9201037545370726	0.9075485271272122	0.8461538461538461	0.8460019743336624	0.6923090389569933	0.11373601643241203	0.04862500584107947	0.3729765600944664	0.37297656009446634			PASS	formal_runs/full_metric_rerun_20260615/plmf_standardized_repair_20260619/05_runs/MDS/mirna_cold/seed_11	outputs/paper1_data_refresh_20260710/PLMF_MDA_REBUILT_FROM_FROZEN_ROOT_RAW_METRICS.tsv		outputs/paper1_data_refresh_20260710/PAPER1_7MODEL_RAW_SEED_METRICS.tsv
PLMF-MDA	MDA	MDS	mirna_cold	12	0.903352176883145	0.8845313607081317	0.853405725567621	0.85997171145686	0.7099402538438749	0.11699095695882884	0.040699797498496594	0.38975663395464344	0.38975663395464344			PASS	formal_runs/full_metric_rerun_20260615/plmf_standardized_repair_20260619/05_runs/MDS/mirna_cold/seed_12	outputs/paper1_data_refresh_20260710/PLMF_MDA_REBUILT_FROM_FROZEN_ROOT_RAW_METRICS.tsv		outputs/paper1_data_refresh_20260710/PAPER1_7MODEL_RAW_SEED_METRICS.tsv
PLMF-MDA	MDA	MDS	mirna_cold	13	0.9175127015294666	0.9066299325342094	0.8481701285855588	0.8468827930174564	0.6964387215504019	0.11271941934969011	0.046654047592993776	0.3800172107035948	0.38001721070359473			PASS	formal_runs/full_metric_rerun_20260615/plmf_standardized_repair_20260619/05_runs/MDS/mirna_cold/seed_13	outputs/paper1_data_refresh_20260710/PLMF_MDA_REBUILT_FROM_FROZEN_ROOT_RAW_METRICS.tsv		outputs/paper1_data_refresh_20260710/PAPER1_7MODEL_RAW_SEED_METRICS.tsv
PLMF-MDA	MDA	MDS	mirna_cold	14	0.9098288776154442	0.8967531832261797	0.8470993117010817	0.8462679189322788	0.6942392336205152	0.11517365832128842	0.03874792280496348	0.39030973711898315	0.3903097371189831			PASS	formal_runs/full_metric_rerun_20260615/plmf_standardized_repair_20260619/05_runs/MDS/mirna_cold/seed_14	outputs/paper1_data_refresh_20260710/PLMF_MDA_REBUILT_FROM_FROZEN_ROOT_RAW_METRICS.tsv		outputs/paper1_data_refresh_20260710/PAPER1_7MODEL_RAW_SEED_METRICS.tsv
PLMF-MDA	MDA	MDS	mirna_cold	15	0.9098790532690548	0.8944856296157314	0.8443025540275049	0.8445316331535067	0.6886080981847083	0.1187462464466316	0.06002031186928225	0.4155867393128349	0.4155867393128349			PASS	formal_runs/full_metric_rerun_20260615/plmf_standardized_repair_20260619/05_runs/MDS/mirna_cold/seed_15	outputs/paper1_data_refresh_20260710/PLMF_MDA_REBUILT_FROM_FROZEN_ROOT_RAW_METRICS.tsv		outputs/paper1_data_refresh_20260710/PAPER1_7MODEL_RAW_SEED_METRICS.tsv
PLMF-MDA	MDA	MDS	mirna_cold	16	0.9137499376296936	0.8962690377193913	0.8550939663699307	0.8625058657907085	0.7143518341269197	0.10980209377880411	0.037361953924665056	0.38784193914361287	0.38784193914361287			PASS	formal_runs/full_metric_rerun_20260615/plmf_standardized_repair_20260619/05_runs/MDS/mirna_cold/seed_16	outputs/paper1_data_refresh_20260710/PLMF_MDA_REBUILT_FROM_FROZEN_ROOT_RAW_METRICS.tsv		outputs/paper1_data_refresh_20260710/PAPER1_7MODEL_RAW_SEED_METRICS.tsv
PLMF-MDA	MDA	MDS	mirna_cold	17	0.9095508054884477	0.8955443862304033	0.8412228796844181	0.8488262910798122	0.6859249148006377	0.11820310615596549	0.05128561718891404	0.40327647795967375	0.40327647795967375			PASS	formal_runs/full_metric_rerun_20260615/plmf_standardized_repair_20260619/05_runs/MDS/mirna_cold/seed_17	outputs/paper1_data_refresh_20260710/PLMF_MDA_REBUILT_FROM_FROZEN_ROOT_RAW_METRICS.tsv		outputs/paper1_data_refresh_20260710/PAPER1_7MODEL_RAW_SEED_METRICS.tsv
PLMF-MDA	MDA	MDS	mirna_cold	18	0.898546258221874	0.8830490060118679	0.8308605341246291	0.828140703517588	0.6620527862823214	0.12668907024299433	0.06150522255618108	0.43822774605145093	0.43822774605145093			PASS	formal_runs/full_metric_rerun_20260615/plmf_standardized_repair_20260619/05_runs/MDS/mirna_cold/seed_18	outputs/paper1_data_refresh_20260710/PLMF_MDA_REBUILT_FROM_FROZEN_ROOT_RAW_METRICS.tsv		outputs/paper1_data_refresh_20260710/PAPER1_7MODEL_RAW_SEED_METRICS.tsv
PLMF-MDA	MDA	MDS	mirna_cold	19	0.9149901234591963	0.8935642943053063	0.8489634748272458	0.8437180796731358	0.6995047413716545	0.11624614328917092	0.05962651348096476	0.38014973940207564	0.3801497394020756			PASS	formal_runs/full_metric_rerun_20260615/plmf_standardized_repair_20260619/05_runs/MDS/mirna_cold/seed_19	outputs/paper1_data_refresh_20260710/PLMF_MDA_REBUILT_FROM_FROZEN_ROOT_RAW_METRICS.tsv		outputs/paper1_data_refresh_20260710/PAPER1_7MODEL_RAW_SEED_METRICS.tsv
PLMF-MDA	MDA	MDS	mirna_cold	2	0.9000147732019987	0.8805408129674169	0.8273986152324432	0.8387990762124712	0.6614472610381621	0.127349022713137	0.06735188031647883	0.4289889560191994	0.4289889560191994			PASS	formal_runs/full_metric_rerun_20260615/plmf_standardized_repair_20260619/05_runs/MDS/mirna_cold/seed_2	outputs/paper1_data_refresh_20260710/PLMF_MDA_REBUILT_FROM_FROZEN_ROOT_RAW_METRICS.tsv		outputs/paper1_data_refresh_20260710/PAPER1_7MODEL_RAW_SEED_METRICS.tsv
PLMF-MDA	MDA	MDS	mirna_cold	20	0.9135537769011692	0.8906672108323437	0.8506429277942631	0.8536821705426356	0.7018917876534603	0.11209973123932387	0.03315378736409547	0.3761427352497984	0.3761427352497984			PASS	formal_runs/full_metric_rerun_20260615/plmf_standardized_repair_20260619/05_runs/MDS/mirna_cold/seed_20	outputs/paper1_data_refresh_20260710/PLMF_MDA_REBUILT_FROM_FROZEN_ROOT_RAW_METRICS.tsv		outputs/paper1_data_refresh_20260710/PAPER1_7MODEL_RAW_SEED_METRICS.tsv
PLMF-MDA	MDA	MDS	mirna_cold	21	0.9111257502419192	0.8913958860465258	0.851431391905232	0.8538125303545411	0.703236029992699	0.11294426805828468	0.03414498726664784	0.3792556319774112	0.3792556319774112			PASS	formal_runs/full_metric_rerun_20260615/plmf_standardized_repair_20260619/05_runs/MDS/mirna_cold/seed_21	outputs/paper1_data_refresh_20260710/PLMF_MDA_REBUILT_FROM_FROZEN_ROOT_RAW_METRICS.tsv		outputs/paper1_data_refresh_20260710/PAPER1_7MODEL_RAW_SEED_METRICS.tsv
PLMF-MDA	MDA	MDS	mirna_cold	22	0.8979183740689887	0.880705776534245	0.8321816386969397	0.8298298298298298	0.6646172119092892	0.12786029388969494	0.06707936639033032	0.4461990437190654	0.4461990437190653			PASS	formal_runs/full_metric_rerun_20260615/plmf_standardized_repair_20260619/05_runs/MDS/mirna_cold/seed_22	outputs/paper1_data_refresh_20260710/PLMF_MDA_REBUILT_FROM_FROZEN_ROOT_RAW_METRICS.tsv		outputs/paper1_data_refresh_20260710/PAPER1_7MODEL_RAW_SEED_METRICS.tsv
PLMF-MDA	MDA	MDS	mirna_cold	23	0.8956792208908122	0.8745336396325685	0.8374505928853755	0.843407900999524	0.676863286567513	0.12300438002971172	0.023794376948356476	0.41525556192320545	0.41525556192320545			PASS	formal_runs/full_metric_rerun_20260615/plmf_standardized_repair_20260619/05_runs/MDS/mirna_cold/seed_23	outputs/paper1_data_refresh_20260710/PLMF_MDA_REBUILT_FROM_FROZEN_ROOT_RAW_METRICS.tsv		outputs/paper1_data_refresh_20260710/PAPER1_7MODEL_RAW_SEED_METRICS.tsv
PLMF-MDA	MDA	MDS	mirna_cold	24	0.9123158425047364	0.8914739764923745	0.8382642998027613	0.8328236493374108	0.6779662415803702	0.12028353173545657	0.06417134380417892	0.3963990692362873	0.3963990692362873			PASS	formal_runs/full_metric_rerun_20260615/plmf_standardized_repair_20260619/05_runs/MDS/mirna_cold/seed_24	outputs/paper1_data_refresh_20260710/PLMF_MDA_REBUILT_FROM_FROZEN_ROOT_RAW_METRICS.tsv		outputs/paper1_data_refresh_20260710/PAPER1_7MODEL_RAW_SEED_METRICS.tsv
PLMF-MDA	MDA	MDS	mirna_cold	3	0.9046668642949318	0.8792076324759046	0.8466864490603363	0.8493683187560739	0.6938128982413218	0.1173323403671085	0.03610833155962664	0.39027505314199273	0.39027505314199273			PASS	formal_runs/full_metric_rerun_20260615/plmf_standardized_repair_20260619/05_runs/MDS/mirna_cold/seed_3	outputs/paper1_data_refresh_20260710/PLMF_MDA_REBUILT_FROM_FROZEN_ROOT_RAW_METRICS.tsv		outputs/paper1_data_refresh_20260710/PAPER1_7MODEL_RAW_SEED_METRICS.tsv
PLMF-MDA	MDA	MDS	mirna_cold	4	0.9107112073739286	0.8980714596738254	0.8488714425907753	0.8559401309635173	0.7011271774333567	0.11799296624246891	0.05137947712456777	0.39160833325747324	0.3916083332574732			PASS	formal_runs/full_metric_rerun_20260615/plmf_standardized_repair_20260619/05_runs/MDS/mirna_cold/seed_4	outputs/paper1_data_refresh_20260710/PLMF_MDA_REBUILT_FROM_FROZEN_ROOT_RAW_METRICS.tsv		outputs/paper1_data_refresh_20260710/PAPER1_7MODEL_RAW_SEED_METRICS.tsv
PLMF-MDA	MDA	MDS	mirna_cold	5	0.9043425387013866	0.8895514766622872	0.854104846686449	0.8563078421821725	0.7085428583358876	0.11770700720945995	0.05011234513421357	0.4047820924310829	0.4047820924310829			PASS	formal_runs/full_metric_rerun_20260615/plmf_standardized_repair_20260619/05_runs/MDS/mirna_cold/seed_5	outputs/paper1_data_refresh_20260710/PLMF_MDA_REBUILT_FROM_FROZEN_ROOT_RAW_METRICS.tsv		outputs/paper1_data_refresh_20260710/PAPER1_7MODEL_RAW_SEED_METRICS.tsv
PLMF-MDA	MDA	MDS	mirna_cold	6	0.9064987995504454	0.8890247003096776	0.8454367026496565	0.8507816200852677	0.6926530832399306	0.11852396446280274	0.049105129489755914	0.40509155727856117	0.40509155727856117			PASS	formal_runs/full_metric_rerun_20260615/plmf_standardized_repair_20260619/05_runs/MDS/mirna_cold/seed_6	outputs/paper1_data_refresh_20260710/PLMF_MDA_REBUILT_FROM_FROZEN_ROOT_RAW_METRICS.tsv		outputs/paper1_data_refresh_20260710/PAPER1_7MODEL_RAW_SEED_METRICS.tsv
PLMF-MDA	MDA	MDS	mirna_cold	7	0.9155236613072506	0.8978017960694014	0.849457058242843	0.8587308939323761	0.7050170382864198	0.11456315426507359	0.05770192461542298	0.3842943729937534	0.38429437299375335			PASS	formal_runs/full_metric_rerun_20260615/plmf_standardized_repair_20260619/05_runs/MDS/mirna_cold/seed_7	outputs/paper1_data_refresh_20260710/PLMF_MDA_REBUILT_FROM_FROZEN_ROOT_RAW_METRICS.tsv		outputs/paper1_data_refresh_20260710/PAPER1_7MODEL_RAW_SEED_METRICS.tsv
PLMF-MDA	MDA	MDS	mirna_cold	8	0.9117360422220845	0.8924851475807426	0.8548228346456693	0.8583773403744599	0.7105414179641579	0.11198631257231699	0.029178645692136206	0.382618925374425	0.38261892537442493			PASS	formal_runs/full_metric_rerun_20260615/plmf_standardized_repair_20260619/05_runs/MDS/mirna_cold/seed_8	outputs/paper1_data_refresh_20260710/PLMF_MDA_REBUILT_FROM_FROZEN_ROOT_RAW_METRICS.tsv		outputs/paper1_data_refresh_20260710/PAPER1_7MODEL_RAW_SEED_METRICS.tsv
PLMF-MDA	MDA	MDS	mirna_cold	9	0.9076640632566986	0.8915562490479708	0.8363006923837785	0.8490652074783401	0.6824338042535543	0.124997147678929	0.07095205457184442	0.4124811076414656	0.4124811076414656			PASS	formal_runs/full_metric_rerun_20260615/plmf_standardized_repair_20260619/05_runs/MDS/mirna_cold/seed_9	outputs/paper1_data_refresh_20260710/PLMF_MDA_REBUILT_FROM_FROZEN_ROOT_RAW_METRICS.tsv		outputs/paper1_data_refresh_20260710/PAPER1_7MODEL_RAW_SEED_METRICS.tsv
PLMF-MDA	MDA	MDS	random	0	0.9163083431413698	0.9001002303698848	0.8461918892185954	0.8530940009447331	0.6954609343640926	0.11420556833001091	0.044702800190952005	0.3825522174140815	0.38255221741408146			PASS	formal_runs/full_metric_rerun_20260615/plmf_standardized_repair_20260619/05_runs/MDS/random/seed_0	outputs/paper1_data_refresh_20260710/PLMF_MDA_REBUILT_FROM_FROZEN_ROOT_RAW_METRICS.tsv		outputs/paper1_data_refresh_20260710/PAPER1_7MODEL_RAW_SEED_METRICS.tsv
PLMF-MDA	MDA	MDS	random	1	0.9211800755487852	0.9155086515048393	0.8466864490603363	0.8509615384615384	0.6945167352088677	0.10981586279628511	0.02029514543421502	0.3562428100381568	0.3562428100381568			PASS	formal_runs/full_metric_rerun_20260615/plmf_standardized_repair_20260619/05_runs/MDS/random/seed_1	outputs/paper1_data_refresh_20260710/PLMF_MDA_REBUILT_FROM_FROZEN_ROOT_RAW_METRICS.tsv		outputs/paper1_data_refresh_20260710/PAPER1_7MODEL_RAW_SEED_METRICS.tsv
PLMF-MDA	MDA	MDS	random	10	0.9176168966296554	0.9032210841725017	0.8511374876360039	0.8617363344051447	0.7106768867477883	0.11653146595964547	0.07080785964446547	0.39602108833449995	0.39602108833449995			PASS	formal_runs/full_metric_rerun_20260615/plmf_standardized_repair_20260619/05_runs/MDS/random/seed_10	outputs/paper1_data_refresh_20260710/PLMF_MDA_REBUILT_FROM_FROZEN_ROOT_RAW_METRICS.tsv		outputs/paper1_data_refresh_20260710/PAPER1_7MODEL_RAW_SEED_METRICS.tsv
PLMF-MDA	MDA	MDS	random	11	0.9267630740391792	0.9215942393069356	0.8526211671612265	0.8537782139352306	0.7053306682665405	0.10597617614929003	0.036063801529171165	0.3501510400292771	0.3501510400292771			PASS	formal_runs/full_metric_rerun_20260615/plmf_standardized_repair_20260619/05_runs/MDS/random/seed_11	outputs/paper1_data_refresh_20260710/PLMF_MDA_REBUILT_FROM_FROZEN_ROOT_RAW_METRICS.tsv		outputs/paper1_data_refresh_20260710/PAPER1_7MODEL_RAW_SEED_METRICS.tsv
PLMF-MDA	MDA	MDS	random	12	0.9343443682303759	0.9210160537959998	0.8679525222551929	0.8729176582579724	0.7381620783592376	0.09730906980899137	0.021789471151600955	0.3246074241795767	0.3246074241795767			PASS	formal_runs/full_metric_rerun_20260615/plmf_standardized_repair_20260619/05_runs/MDS/random/seed_12	outputs/paper1_data_refresh_20260710/PLMF_MDA_REBUILT_FROM_FROZEN_ROOT_RAW_METRICS.tsv		outputs/paper1_data_refresh_20260710/PAPER1_7MODEL_RAW_SEED_METRICS.tsv
PLMF-MDA	MDA	MDS	random	13	0.9125318822331211	0.8932350629053205	0.8506429277942631	0.8535402521823472	0.7018353875998772	0.11386892261578448	0.03257312146780628	0.3738841065138588	0.3738841065138588			PASS	formal_runs/full_metric_rerun_20260615/plmf_standardized_repair_20260619/05_runs/MDS/random/seed_13	outputs/paper1_data_refresh_20260710/PLMF_MDA_REBUILT_FROM_FROZEN_ROOT_RAW_METRICS.tsv		outputs/paper1_data_refresh_20260710/PAPER1_7MODEL_RAW_SEED_METRICS.tsv
PLMF-MDA	MDA	MDS	random	14	0.921221655753086	0.9075422010778427	0.8625123639960435	0.8672397325692455	0.7268703440107269	0.10809278562139976	0.04612629044328405	0.3692180760092341	0.3692180760092341			PASS	formal_runs/full_metric_rerun_20260615/plmf_standardized_repair_20260619/05_runs/MDS/random/seed_14	outputs/paper1_data_refresh_20260710/PLMF_MDA_REBUILT_FROM_FROZEN_ROOT_RAW_METRICS.tsv		outputs/paper1_data_refresh_20260710/PAPER1_7MODEL_RAW_SEED_METRICS.tsv
PLMF-MDA	MDA	MDS	random	15	0.9318001489060493	0.9259772785592894	0.8664688427299704	0.8667324777887463	0.7329434221293993	0.10106226347170123	0.044888447870217243	0.3423472369175064	0.3423472369175064			PASS	formal_runs/full_metric_rerun_20260615/plmf_standardized_repair_20260619/05_runs/MDS/random/seed_15	outputs/paper1_data_refresh_20260710/PLMF_MDA_REBUILT_FROM_FROZEN_ROOT_RAW_METRICS.tsv		outputs/paper1_data_refresh_20260710/PAPER1_7MODEL_RAW_SEED_METRICS.tsv
PLMF-MDA	MDA	MDS	random	16	0.920356787503632	0.9123089362967193	0.8605341246290801	0.8602576808721506	0.7210738930260893	0.1085651675658937	0.05199345688455179	0.374962062759008	0.374962062759008			PASS	formal_runs/full_metric_rerun_20260615/plmf_standardized_repair_20260619/05_runs/MDS/random/seed_16	outputs/paper1_data_refresh_20260710/PLMF_MDA_REBUILT_FROM_FROZEN_ROOT_RAW_METRICS.tsv		outputs/paper1_data_refresh_20260710/PAPER1_7MODEL_RAW_SEED_METRICS.tsv
PLMF-MDA	MDA	MDS	random	17	0.9252397710251525	0.9126059010825336	0.8585558852621167	0.8626320845341018	0.7183779816304875	0.10288246846544936	0.021188139537404373	0.3426971789675676	0.3426971789675676			PASS	formal_runs/full_metric_rerun_20260615/plmf_standardized_repair_20260619/05_runs/MDS/random/seed_17	outputs/paper1_data_refresh_20260710/PLMF_MDA_REBUILT_FROM_FROZEN_ROOT_RAW_METRICS.tsv		outputs/paper1_data_refresh_20260710/PAPER1_7MODEL_RAW_SEED_METRICS.tsv
PLMF-MDA	MDA	MDS	random	18	0.9185179641157944	0.9048209452157558	0.8526211671612265	0.8613953488372093	0.7109635177965818	0.11205092837795465	0.05439828430437685	0.37687952685565035	0.37687952685565035			PASS	formal_runs/full_metric_rerun_20260615/plmf_standardized_repair_20260619/05_runs/MDS/random/seed_18	outputs/paper1_data_refresh_20260710/PLMF_MDA_REBUILT_FROM_FROZEN_ROOT_RAW_METRICS.tsv		outputs/paper1_data_refresh_20260710/PAPER1_7MODEL_RAW_SEED_METRICS.tsv
PLMF-MDA	MDA	MDS	random	19	0.9241948849500208	0.9063583709078102	0.8625123639960435	0.8692380056444027	0.7288915196447477	0.10545706690062037	0.037830665118411946	0.35740864364946745	0.35740864364946745			PASS	formal_runs/full_metric_rerun_20260615/plmf_standardized_repair_20260619/05_runs/MDS/random/seed_19	outputs/paper1_data_refresh_20260710/PLMF_MDA_REBUILT_FROM_FROZEN_ROOT_RAW_METRICS.tsv		outputs/paper1_data_refresh_20260710/PAPER1_7MODEL_RAW_SEED_METRICS.tsv
PLMF-MDA	MDA	MDS	random	2	0.9278197004072903	0.918593203950503	0.8605341246290801	0.8654580152671756	0.7230076021865324	0.10425368010977937	0.029601820854900922	0.34494700804264966	0.34494700804264966			PASS	formal_runs/full_metric_rerun_20260615/plmf_standardized_repair_20260619/05_runs/MDS/random/seed_2	outputs/paper1_data_refresh_20260710/PLMF_MDA_REBUILT_FROM_FROZEN_ROOT_RAW_METRICS.tsv		outputs/paper1_data_refresh_20260710/PAPER1_7MODEL_RAW_SEED_METRICS.tsv
PLMF-MDA	MDA	MDS	random	20	0.9245519855281322	0.9162896098414339	0.8545994065281899	0.8627450980392157	0.7142479477322886	0.10827823919691573	0.041355221084399985	0.35779444688390344	0.35779444688390344			PASS	formal_runs/full_metric_rerun_20260615/plmf_standardized_repair_20260619/05_runs/MDS/random/seed_20	outputs/paper1_data_refresh_20260710/PLMF_MDA_REBUILT_FROM_FROZEN_ROOT_RAW_METRICS.tsv		outputs/paper1_data_refresh_20260710/PAPER1_7MODEL_RAW_SEED_METRICS.tsv
PLMF-MDA	MDA	MDS	random	21	0.9265453894401934	0.9118449163041229	0.8595450049455984	0.8600985221674877	0.7191125238215347	0.10582709281534039	0.03895543017699416	0.3501337841286792	0.3501337841286791			PASS	formal_runs/full_metric_rerun_20260615/plmf_standardized_repair_20260619/05_runs/MDS/random/seed_21	outputs/paper1_data_refresh_20260710/PLMF_MDA_REBUILT_FROM_FROZEN_ROOT_RAW_METRICS.tsv		outputs/paper1_data_refresh_20260710/PAPER1_7MODEL_RAW_SEED_METRICS.tsv
PLMF-MDA	MDA	MDS	random	22	0.9269078709859204	0.9122383495188187	0.8694362017804155	0.8717201166180758	0.7393412767279134	0.1009865567678138	0.03311265197222244	0.3488427085428967	0.3488427085428967			PASS	formal_runs/full_metric_rerun_20260615/plmf_standardized_repair_20260619/05_runs/MDS/random/seed_22	outputs/paper1_data_refresh_20260710/PLMF_MDA_REBUILT_FROM_FROZEN_ROOT_RAW_METRICS.tsv		outputs/paper1_data_refresh_20260710/PAPER1_7MODEL_RAW_SEED_METRICS.tsv
PLMF-MDA	MDA	MDS	random	23	0.918390777608522	0.914403551711263	0.837784371909001	0.8477251624883937	0.6814016030540317	0.11858831683827015	0.05766670290510204	0.38315208627803227	0.38315208627803227			PASS	formal_runs/full_metric_rerun_20260615/plmf_standardized_repair_20260619/05_runs/MDS/random/seed_23	outputs/paper1_data_refresh_20260710/PLMF_MDA_REBUILT_FROM_FROZEN_ROOT_RAW_METRICS.tsv		outputs/paper1_data_refresh_20260710/PAPER1_7MODEL_RAW_SEED_METRICS.tsv
PLMF-MDA	MDA	MDS	random	24	0.912742229148995	0.8900698960174516	0.8521266073194856	0.8549247937894227	0.7047777934875784	0.11280420305676764	0.03809149981428207	0.381958458947285	0.381958458947285			PASS	formal_runs/full_metric_rerun_20260615/plmf_standardized_repair_20260619/05_runs/MDS/random/seed_24	outputs/paper1_data_refresh_20260710/PLMF_MDA_REBUILT_FROM_FROZEN_ROOT_RAW_METRICS.tsv		outputs/paper1_data_refresh_20260710/PAPER1_7MODEL_RAW_SEED_METRICS.tsv
PLMF-MDA	MDA	MDS	random	3	0.9195579584021852	0.9062601787728912	0.8580613254203758	0.8674364896073903	0.7233954939450594	0.11007164783174542	0.04371910284080567	0.3643106822919871	0.3643106822919871			PASS	formal_runs/full_metric_rerun_20260615/plmf_standardized_repair_20260619/05_runs/MDS/random/seed_3	outputs/paper1_data_refresh_20260710/PLMF_MDA_REBUILT_FROM_FROZEN_ROOT_RAW_METRICS.tsv		outputs/paper1_data_refresh_20260710/PAPER1_7MODEL_RAW_SEED_METRICS.tsv
PLMF-MDA	MDA	MDS	random	4	0.9222748578690783	0.9147099151464672	0.8521266073194856	0.8535031847133758	0.7043776141840453	0.10982913412162612	0.03531983631899251	0.37338050082830737	0.37338050082830737			PASS	formal_runs/full_metric_rerun_20260615/plmf_standardized_repair_20260619/05_runs/MDS/random/seed_4	outputs/paper1_data_refresh_20260710/PLMF_MDA_REBUILT_FROM_FROZEN_ROOT_RAW_METRICS.tsv		outputs/paper1_data_refresh_20260710/PAPER1_7MODEL_RAW_SEED_METRICS.tsv
PLMF-MDA	MDA	MDS	random	5	0.9159913552309364	0.9000229265122829	0.8536102868447082	0.8591817316841104	0.709445153173169	0.11261278016968579	0.05012201702010756	0.3825166759529864	0.38251667595298633			PASS	formal_runs/full_metric_rerun_20260615/plmf_standardized_repair_20260619/05_runs/MDS/random/seed_5	outputs/paper1_data_refresh_20260710/PLMF_MDA_REBUILT_FROM_FROZEN_ROOT_RAW_METRICS.tsv		outputs/paper1_data_refresh_20260710/PAPER1_7MODEL_RAW_SEED_METRICS.tsv
PLMF-MDA	MDA	MDS	random	6	0.9121914137367299	0.9002262350579004	0.8481701285855588	0.8547089446284903	0.6991783117962557	0.11631734652174106	0.043723204642529725	0.38674229674639177	0.38674229674639177			PASS	formal_runs/full_metric_rerun_20260615/plmf_standardized_repair_20260619/05_runs/MDS/random/seed_6	outputs/paper1_data_refresh_20260710/PLMF_MDA_REBUILT_FROM_FROZEN_ROOT_RAW_METRICS.tsv		outputs/paper1_data_refresh_20260710/PAPER1_7MODEL_RAW_SEED_METRICS.tsv
PLMF-MDA	MDA	MDS	random	7	0.9259021192207184	0.9159616823558905	0.8565776458951533	0.8607108549471661	0.7144145169042503	0.10527494980840585	0.021172691078074266	0.344079058942154	0.344079058942154			PASS	formal_runs/full_metric_rerun_20260615/plmf_standardized_repair_20260619/05_runs/MDS/random/seed_7	outputs/paper1_data_refresh_20260710/PLMF_MDA_REBUILT_FROM_FROZEN_ROOT_RAW_METRICS.tsv		outputs/paper1_data_refresh_20260710/PAPER1_7MODEL_RAW_SEED_METRICS.tsv
PLMF-MDA	MDA	MDS	random	8	0.9191954768564583	0.9066419672871161	0.8447082096933729	0.8475728155339806	0.6899039220232766	0.11035346658173041	0.03213217662549835	0.3654468457487075	0.3654468457487075			PASS	formal_runs/full_metric_rerun_20260615/plmf_standardized_repair_20260619/05_runs/MDS/random/seed_8	outputs/paper1_data_refresh_20260710/PLMF_MDA_REBUILT_FROM_FROZEN_ROOT_RAW_METRICS.tsv		outputs/paper1_data_refresh_20260710/PAPER1_7MODEL_RAW_SEED_METRICS.tsv
PLMF-MDA	MDA	MDS	random	9	0.9187214625274307	0.9072198737244821	0.8447082096933729	0.8548983364140481	0.6963189848970651	0.11559895334096332	0.05504251223506704	0.37534427610666105	0.37534427610666105			PASS	formal_runs/full_metric_rerun_20260615/plmf_standardized_repair_20260619/05_runs/MDS/random/seed_9	outputs/paper1_data_refresh_20260710/PLMF_MDA_REBUILT_FROM_FROZEN_ROOT_RAW_METRICS.tsv		outputs/paper1_data_refresh_20260710/PAPER1_7MODEL_RAW_SEED_METRICS.tsv
PLMF-MDA	MDA	MDS	scaffold_cold	0	0.45904077142223787	0.4402632837094991	0.4401862464183381	0.05330102967898243	-0.20762810839511897	0.4922246035761304	0.48808495854533546	2.0507135181700944	2.0507135181700944			PASS	formal_runs/full_metric_rerun_20260615/plmf_standardized_repair_20260619/05_runs/MDS/scaffold_cold/seed_0	outputs/paper1_data_refresh_20260710/PLMF_MDA_REBUILT_FROM_FROZEN_ROOT_RAW_METRICS.tsv		outputs/paper1_data_refresh_20260710/PAPER1_7MODEL_RAW_SEED_METRICS.tsv
PLMF-MDA	MDA	MDS	scaffold_cold	1	0.5971453894056287	0.551011488136945	0.5306685044796692	0.35327635327635326	0.07336143543858326	0.32879725707788854	0.2714799753246879	0.9975701184306462	0.9975701184306462			PASS	formal_runs/full_metric_rerun_20260615/plmf_standardized_repair_20260619/05_runs/MDS/scaffold_cold/seed_1	outputs/paper1_data_refresh_20260710/PLMF_MDA_REBUILT_FROM_FROZEN_ROOT_RAW_METRICS.tsv		outputs/paper1_data_refresh_20260710/PAPER1_7MODEL_RAW_SEED_METRICS.tsv
PLMF-MDA	MDA	MDS	scaffold_cold	10	0.5993253332756233	0.5956065952238958	0.5892269736842105	0.4626143087681549	0.20232478012699912	0.331569885618353	0.279494485894726	1.3313816619908687	1.3313816619908685			PASS	formal_runs/full_metric_rerun_20260615/plmf_standardized_repair_20260619/05_runs/MDS/scaffold_cold/seed_10	outputs/paper1_data_refresh_20260710/PLMF_MDA_REBUILT_FROM_FROZEN_ROOT_RAW_METRICS.tsv		outputs/paper1_data_refresh_20260710/PAPER1_7MODEL_RAW_SEED_METRICS.tsv
PLMF-MDA	MDA	MDS	scaffold_cold	11	0.6198148051737702	0.5724168912962182	0.5042517006802721	0.1324404761904762	0.016508934411465153	0.3976518142663311	0.3859054672762411	1.407530033794925	1.407530033794925			PASS	formal_runs/full_metric_rerun_20260615/plmf_standardized_repair_20260619/05_runs/MDS/scaffold_cold/seed_11	outputs/paper1_data_refresh_20260710/PLMF_MDA_REBUILT_FROM_FROZEN_ROOT_RAW_METRICS.tsv		outputs/paper1_data_refresh_20260710/PAPER1_7MODEL_RAW_SEED_METRICS.tsv
PLMF-MDA	MDA	MDS	scaffold_cold	12	0.5795103152706306	0.5734574419114933	0.5743110236220472	0.4364820846905538	0.17040165338639426	0.3445242915054074	0.29734620564607134	1.2632212672755387	1.2632212672755387			PASS	formal_runs/full_metric_rerun_20260615/plmf_standardized_repair_20260619/05_runs/MDS/scaffold_cold/seed_12	outputs/paper1_data_refresh_20260710/PLMF_MDA_REBUILT_FROM_FROZEN_ROOT_RAW_METRICS.tsv		outputs/paper1_data_refresh_20260710/PAPER1_7MODEL_RAW_SEED_METRICS.tsv
PLMF-MDA	MDA	MDS	scaffold_cold	13	0.7213583448905576	0.6793902643782226	0.6222050886661527	0.4842105263157895	0.2893110197862108	0.2773280211492407	0.2513435481943189	0.9422133668985949	0.9422133668985949			PASS	formal_runs/full_metric_rerun_20260615/plmf_standardized_repair_20260619/05_runs/MDS/scaffold_cold/seed_13	outputs/paper1_data_refresh_20260710/PLMF_MDA_REBUILT_FROM_FROZEN_ROOT_RAW_METRICS.tsv		outputs/paper1_data_refresh_20260710/PAPER1_7MODEL_RAW_SEED_METRICS.tsv
PLMF-MDA	MDA	MDS	scaffold_cold	14	0.6913038812169519	0.6306281180193922	0.5747295968534907	0.4823459006582885	0.15999822717627957	0.25910263990844745	0.1918561535533939	0.762444845332524	0.762444845332524			PASS	formal_runs/full_metric_rerun_20260615/plmf_standardized_repair_20260619/05_runs/MDS/scaffold_cold/seed_14	outputs/paper1_data_refresh_20260710/PLMF_MDA_REBUILT_FROM_FROZEN_ROOT_RAW_METRICS.tsv		outputs/paper1_data_refresh_20260710/PAPER1_7MODEL_RAW_SEED_METRICS.tsv
PLMF-MDA	MDA	MDS	scaffold_cold	15	0.5794606768686279	0.5325722261095973	0.49588938714499253	0.31557584982242515	-0.0096728988606003	0.38013540256069256	0.3547963025193051	1.3157047780130546	1.3157047780130546			PASS	formal_runs/full_metric_rerun_20260615/plmf_standardized_repair_20260619/05_runs/MDS/scaffold_cold/seed_15	outputs/paper1_data_refresh_20260710/PLMF_MDA_REBUILT_FROM_FROZEN_ROOT_RAW_METRICS.tsv		outputs/paper1_data_refresh_20260710/PAPER1_7MODEL_RAW_SEED_METRICS.tsv
PLMF-MDA	MDA	MDS	scaffold_cold	16	0.6155844260920477	0.5470422379834945	0.5120068610634648	0.38751345532831	0.026283491722393075	0.2818266503902552	0.21700452924242777	0.7734199614720604	0.7734199614720604			PASS	formal_runs/full_metric_rerun_20260615/plmf_standardized_repair_20260619/05_runs/MDS/scaffold_cold/seed_16	outputs/paper1_data_refresh_20260710/PLMF_MDA_REBUILT_FROM_FROZEN_ROOT_RAW_METRICS.tsv		outputs/paper1_data_refresh_20260710/PAPER1_7MODEL_RAW_SEED_METRICS.tsv
PLMF-MDA	MDA	MDS	scaffold_cold	17	0.6311868009796238	0.6136932850315789	0.544564152791381	0.3141592920353982	0.1203378445370023	0.32256053948595925	0.28018810913919034	1.0107899482976839	1.0107899482976839			PASS	formal_runs/full_metric_rerun_20260615/plmf_standardized_repair_20260619/05_runs/MDS/scaffold_cold/seed_17	outputs/paper1_data_refresh_20260710/PLMF_MDA_REBUILT_FROM_FROZEN_ROOT_RAW_METRICS.tsv		outputs/paper1_data_refresh_20260710/PAPER1_7MODEL_RAW_SEED_METRICS.tsv
PLMF-MDA	MDA	MDS	scaffold_cold	18	0.6781170620734851	0.6515593418730798	0.5945742275810098	0.46253746253746253	0.21716955326075035	0.29070675973493265	0.2406108136165679	0.9612850484337381	0.9612850484337381			PASS	formal_runs/full_metric_rerun_20260615/plmf_standardized_repair_20260619/05_runs/MDS/scaffold_cold/seed_18	outputs/paper1_data_refresh_20260710/PLMF_MDA_REBUILT_FROM_FROZEN_ROOT_RAW_METRICS.tsv		outputs/paper1_data_refresh_20260710/PAPER1_7MODEL_RAW_SEED_METRICS.tsv
PLMF-MDA	MDA	MDS	scaffold_cold	19	0.749390079457793	0.7212752981709576	0.6261448792672772	0.5049614112458655	0.2893391631048188	0.2328871749699584	0.15969988167398164	0.6745503099688344	0.6745503099688344			PASS	formal_runs/full_metric_rerun_20260615/plmf_standardized_repair_20260619/05_runs/MDS/scaffold_cold/seed_19	outputs/paper1_data_refresh_20260710/PLMF_MDA_REBUILT_FROM_FROZEN_ROOT_RAW_METRICS.tsv		outputs/paper1_data_refresh_20260710/PAPER1_7MODEL_RAW_SEED_METRICS.tsv
PLMF-MDA	MDA	MDS	scaffold_cold	2	0.6428630428710026	0.6250027774559858	0.5515597920277296	0.30209035738368173	0.14747761829742448	0.33135659551167085	0.3003921173713245	1.169251526800209	1.169251526800209			PASS	formal_runs/full_metric_rerun_20260615/plmf_standardized_repair_20260619/05_runs/MDS/scaffold_cold/seed_2	outputs/paper1_data_refresh_20260710/PLMF_MDA_REBUILT_FROM_FROZEN_ROOT_RAW_METRICS.tsv		outputs/paper1_data_refresh_20260710/PAPER1_7MODEL_RAW_SEED_METRICS.tsv
PLMF-MDA	MDA	MDS	scaffold_cold	20	0.5391752524781885	0.512964555733189	0.4991467576791809	0.08992248062015504	-0.0039023517389741597	0.4158528449207056	0.3955763469823856	1.549395927389503	1.549395927389503			PASS	formal_runs/full_metric_rerun_20260615/plmf_standardized_repair_20260619/05_runs/MDS/scaffold_cold/seed_20	outputs/paper1_data_refresh_20260710/PLMF_MDA_REBUILT_FROM_FROZEN_ROOT_RAW_METRICS.tsv		outputs/paper1_data_refresh_20260710/PAPER1_7MODEL_RAW_SEED_METRICS.tsv
PLMF-MDA	MDA	MDS	scaffold_cold	21	0.7013148711209122	0.6325232870581856	0.5823699421965318	0.4410058027079304	0.1909668299322084	0.2793237275705225	0.23544080199104925	0.8149359420503978	0.8149359420503977			PASS	formal_runs/full_metric_rerun_20260615/plmf_standardized_repair_20260619/05_runs/MDS/scaffold_cold/seed_21	outputs/paper1_data_refresh_20260710/PLMF_MDA_REBUILT_FROM_FROZEN_ROOT_RAW_METRICS.tsv		outputs/paper1_data_refresh_20260710/PAPER1_7MODEL_RAW_SEED_METRICS.tsv
PLMF-MDA	MDA	MDS	scaffold_cold	22	0.5966099848666986	0.5416320931674701	0.5064102564102564	0.28652886671418387	0.01628092496939862	0.3568345662326422	0.32270482836726144	1.1891164818093853	1.1891164818093853			PASS	formal_runs/full_metric_rerun_20260615/plmf_standardized_repair_20260619/05_runs/MDS/scaffold_cold/seed_22	outputs/paper1_data_refresh_20260710/PLMF_MDA_REBUILT_FROM_FROZEN_ROOT_RAW_METRICS.tsv		outputs/paper1_data_refresh_20260710/PAPER1_7MODEL_RAW_SEED_METRICS.tsv
PLMF-MDA	MDA	MDS	scaffold_cold	23	0.6934694673986506	0.6582098649168064	0.5916187345932621	0.43329532497149376	0.22094493735189757	0.2774167065626671	0.22311333516818935	0.8563604387582106	0.8563604387582106			PASS	formal_runs/full_metric_rerun_20260615/plmf_standardized_repair_20260619/05_runs/MDS/scaffold_cold/seed_23	outputs/paper1_data_refresh_20260710/PLMF_MDA_REBUILT_FROM_FROZEN_ROOT_RAW_METRICS.tsv		outputs/paper1_data_refresh_20260710/PAPER1_7MODEL_RAW_SEED_METRICS.tsv
PLMF-MDA	MDA	MDS	scaffold_cold	24	0.5857059553864397	0.617725567886194	0.578656853725851	0.4753722794959908	0.17113824997784058	0.3251123253857533	0.2615166048381907	1.0852004125300887	1.0852004125300887			PASS	formal_runs/full_metric_rerun_20260615/plmf_standardized_repair_20260619/05_runs/MDS/scaffold_cold/seed_24	outputs/paper1_data_refresh_20260710/PLMF_MDA_REBUILT_FROM_FROZEN_ROOT_RAW_METRICS.tsv		outputs/paper1_data_refresh_20260710/PAPER1_7MODEL_RAW_SEED_METRICS.tsv
PLMF-MDA	MDA	MDS	scaffold_cold	3	0.3951337868480726	0.43691516623472026	0.46190476190476193	0.18115942028985507	-0.10467582293051461	0.44299502140622293	0.4177682093269235	1.6340658706522084	1.6340658706522084			PASS	formal_runs/full_metric_rerun_20260615/plmf_standardized_repair_20260619/05_runs/MDS/scaffold_cold/seed_3	outputs/paper1_data_refresh_20260710/PLMF_MDA_REBUILT_FROM_FROZEN_ROOT_RAW_METRICS.tsv		outputs/paper1_data_refresh_20260710/PAPER1_7MODEL_RAW_SEED_METRICS.tsv
PLMF-MDA	MDA	MDS	scaffold_cold	4	0.653748703930625	0.5974806430635906	0.525242718446602	0.2646616541353383	0.07156264473321344	0.34729406359658505	0.3376093050795867	1.2691928667807462	1.2691928667807462			PASS	formal_runs/full_metric_rerun_20260615/plmf_standardized_repair_20260619/05_runs/MDS/scaffold_cold/seed_4	outputs/paper1_data_refresh_20260710/PLMF_MDA_REBUILT_FROM_FROZEN_ROOT_RAW_METRICS.tsv		outputs/paper1_data_refresh_20260710/PAPER1_7MODEL_RAW_SEED_METRICS.tsv
PLMF-MDA	MDA	MDS	scaffold_cold	5	0.5243002809124229	0.4945601340316724	0.4631076388888889	0.2424984690753215	-0.09077224009887169	0.3800005778787419	0.35676346036156154	1.1522142442692835	1.1522142442692835			PASS	formal_runs/full_metric_rerun_20260615/plmf_standardized_repair_20260619/05_runs/MDS/scaffold_cold/seed_5	outputs/paper1_data_refresh_20260710/PLMF_MDA_REBUILT_FROM_FROZEN_ROOT_RAW_METRICS.tsv		outputs/paper1_data_refresh_20260710/PAPER1_7MODEL_RAW_SEED_METRICS.tsv
PLMF-MDA	MDA	MDS	scaffold_cold	6	0.6428787468850125	0.5804428395841611	0.5045283018867924	0.1859888406695598	0.014549399049483136	0.3747933773298738	0.3680691078168731	1.1798514130746833	1.1798514130746833			PASS	formal_runs/full_metric_rerun_20260615/plmf_standardized_repair_20260619/05_runs/MDS/scaffold_cold/seed_6	outputs/paper1_data_refresh_20260710/PLMF_MDA_REBUILT_FROM_FROZEN_ROOT_RAW_METRICS.tsv		outputs/paper1_data_refresh_20260710/PAPER1_7MODEL_RAW_SEED_METRICS.tsv
PLMF-MDA	MDA	MDS	scaffold_cold	7	0.4506948057418861	0.44079918970051946	0.424044734389562	0.17709720372836218	-0.18992135964495677	0.42680336044417705	0.4146658971444387	1.3399687289898172	1.3399687289898172			PASS	formal_runs/full_metric_rerun_20260615/plmf_standardized_repair_20260619/05_runs/MDS/scaffold_cold/seed_7	outputs/paper1_data_refresh_20260710/PLMF_MDA_REBUILT_FROM_FROZEN_ROOT_RAW_METRICS.tsv		outputs/paper1_data_refresh_20260710/PAPER1_7MODEL_RAW_SEED_METRICS.tsv
PLMF-MDA	MDA	MDS	scaffold_cold	8	0.5036715950586885	0.5015906883740042	0.4975633528265107	0.1678773204196933	-0.007988943284368642	0.41490005741252256	0.39256023109474275	1.4851823181250907	1.4851823181250905			PASS	formal_runs/full_metric_rerun_20260615/plmf_standardized_repair_20260619/05_runs/MDS/scaffold_cold/seed_8	outputs/paper1_data_refresh_20260710/PLMF_MDA_REBUILT_FROM_FROZEN_ROOT_RAW_METRICS.tsv		outputs/paper1_data_refresh_20260710/PAPER1_7MODEL_RAW_SEED_METRICS.tsv
PLMF-MDA	MDA	MDS	scaffold_cold	9	0.6613270184639062	0.5867359654655165	0.508585445625511	0.3162684869169511	0.020768831372467766	0.3014505551415298	0.2815928631472151	0.8852223608235911	0.8852223608235911			PASS	formal_runs/full_metric_rerun_20260615/plmf_standardized_repair_20260619/05_runs/MDS/scaffold_cold/seed_9	outputs/paper1_data_refresh_20260710/PLMF_MDA_REBUILT_FROM_FROZEN_ROOT_RAW_METRICS.tsv		outputs/paper1_data_refresh_20260710/PAPER1_7MODEL_RAW_SEED_METRICS.tsv
PLMF-MDA	MDA	MDS	strict_cold	0	0.5265354655536412	0.5143109290593361	0.5167487684729064	0.4306442251886245	0.03514362536246349	0.4030416084761435	0.37047563476733625	1.762440714464006	1.7624407144640057			PASS	formal_runs/full_metric_rerun_20260615/plmf_standardized_repair_20260619/05_runs/MDS/strict_cold/seed_0	outputs/paper1_data_refresh_20260710/PLMF_MDA_REBUILT_FROM_FROZEN_ROOT_RAW_METRICS.tsv		outputs/paper1_data_refresh_20260710/PAPER1_7MODEL_RAW_SEED_METRICS.tsv
PLMF-MDA	MDA	MDS	strict_cold	1	0.5864767028854421	0.5788507352716098	0.5670611439842209	0.5662055335968379	0.13412333153486938	0.3636405596466791	0.32844367500867366	1.692504110054827	1.692504110054827			PASS	formal_runs/full_metric_rerun_20260615/plmf_standardized_repair_20260619/05_runs/MDS/strict_cold/seed_1	outputs/paper1_data_refresh_20260710/PLMF_MDA_REBUILT_FROM_FROZEN_ROOT_RAW_METRICS.tsv		outputs/paper1_data_refresh_20260710/PAPER1_7MODEL_RAW_SEED_METRICS.tsv
PLMF-MDA	MDA	MDS	strict_cold	10	0.5553688207306777	0.5454159097425771	0.5384615384615384	0.5073684210526316	0.07754337329742264	0.375769510894826	0.3379345905086222	1.6213597463233733	1.6213597463233733			PASS	formal_runs/full_metric_rerun_20260615/plmf_standardized_repair_20260619/05_runs/MDS/strict_cold/seed_10	outputs/paper1_data_refresh_20260710/PLMF_MDA_REBUILT_FROM_FROZEN_ROOT_RAW_METRICS.tsv		outputs/paper1_data_refresh_20260710/PAPER1_7MODEL_RAW_SEED_METRICS.tsv
PLMF-MDA	MDA	MDS	strict_cold	11	0.630389378837351	0.6149351365280535	0.5731225296442688	0.5210643015521065	0.1498282719812076	0.3524683803131969	0.32664176178841897	1.648105836118486	1.648105836118486			PASS	formal_runs/full_metric_rerun_20260615/plmf_standardized_repair_20260619/05_runs/MDS/strict_cold/seed_11	outputs/paper1_data_refresh_20260710/PLMF_MDA_REBUILT_FROM_FROZEN_ROOT_RAW_METRICS.tsv		outputs/paper1_data_refresh_20260710/PAPER1_7MODEL_RAW_SEED_METRICS.tsv
PLMF-MDA	MDA	MDS	strict_cold	12	0.5346315198169951	0.526717217992529	0.5285152409046214	0.5273533760473139	0.05703117106915597	0.3951995618577892	0.36557149581981596	1.6676095430310154	1.6676095430310154			PASS	formal_runs/full_metric_rerun_20260615/plmf_standardized_repair_20260619/05_runs/MDS/strict_cold/seed_12	outputs/paper1_data_refresh_20260710/PLMF_MDA_REBUILT_FROM_FROZEN_ROOT_RAW_METRICS.tsv		outputs/paper1_data_refresh_20260710/PAPER1_7MODEL_RAW_SEED_METRICS.tsv
PLMF-MDA	MDA	MDS	strict_cold	13	0.5636482640432574	0.5427300130417808	0.5448343079922028	0.5785198555956679	0.09083656725843177	0.379769503809989	0.34589618725551075	1.651916353846993	1.651916353846993			PASS	formal_runs/full_metric_rerun_20260615/plmf_standardized_repair_20260619/05_runs/MDS/strict_cold/seed_13	outputs/paper1_data_refresh_20260710/PLMF_MDA_REBUILT_FROM_FROZEN_ROOT_RAW_METRICS.tsv		outputs/paper1_data_refresh_20260710/PAPER1_7MODEL_RAW_SEED_METRICS.tsv
PLMF-MDA	MDA	MDS	strict_cold	14	0.6381587940758331	0.6256483961377322	0.6042490118577075	0.6169296987087518	0.20895647278375754	0.3083621887410579	0.250425100110888	1.1541886636853933	1.1541886636853933			PASS	formal_runs/full_metric_rerun_20260615/plmf_standardized_repair_20260619/05_runs/MDS/strict_cold/seed_14	outputs/paper1_data_refresh_20260710/PLMF_MDA_REBUILT_FROM_FROZEN_ROOT_RAW_METRICS.tsv		outputs/paper1_data_refresh_20260710/PAPER1_7MODEL_RAW_SEED_METRICS.tsv
PLMF-MDA	MDA	MDS	strict_cold	15	0.632179556040821	0.6205058565368955	0.5820969337289812	0.4355377421509686	0.19212962962962962	0.35384821295375757	0.32418880728698685	1.5231356378533503	1.5231356378533503			PASS	formal_runs/full_metric_rerun_20260615/plmf_standardized_repair_20260619/05_runs/MDS/strict_cold/seed_15	outputs/paper1_data_refresh_20260710/PLMF_MDA_REBUILT_FROM_FROZEN_ROOT_RAW_METRICS.tsv		outputs/paper1_data_refresh_20260710/PAPER1_7MODEL_RAW_SEED_METRICS.tsv
PLMF-MDA	MDA	MDS	strict_cold	16	0.5688960590312122	0.559236398268293	0.5592300098716683	0.5836829836829837	0.11928594438811721	0.36935515289932996	0.3262390622098469	1.6359895156104085	1.6359895156104083			PASS	formal_runs/full_metric_rerun_20260615/plmf_standardized_repair_20260619/05_runs/MDS/strict_cold/seed_16	outputs/paper1_data_refresh_20260710/PLMF_MDA_REBUILT_FROM_FROZEN_ROOT_RAW_METRICS.tsv		outputs/paper1_data_refresh_20260710/PAPER1_7MODEL_RAW_SEED_METRICS.tsv
PLMF-MDA	MDA	MDS	strict_cold	17	0.5620315018336268	0.5780753514855085	0.5349065880039331	0.5062630480167014	0.07028790065476269	0.3705437800419224	0.33414566702292053	1.4548499432820012	1.454849943282001			PASS	formal_runs/full_metric_rerun_20260615/plmf_standardized_repair_20260619/05_runs/MDS/strict_cold/seed_17	outputs/paper1_data_refresh_20260710/PLMF_MDA_REBUILT_FROM_FROZEN_ROOT_RAW_METRICS.tsv		outputs/paper1_data_refresh_20260710/PAPER1_7MODEL_RAW_SEED_METRICS.tsv
PLMF-MDA	MDA	MDS	strict_cold	18	0.5365192785389555	0.5273820591893688	0.5108695652173914	0.45121951219512196	0.0222717701593687	0.3982285073181084	0.3667809287766553	1.7343208581053977	1.7343208581053977			PASS	formal_runs/full_metric_rerun_20260615/plmf_standardized_repair_20260619/05_runs/MDS/strict_cold/seed_18	outputs/paper1_data_refresh_20260710/PLMF_MDA_REBUILT_FROM_FROZEN_ROOT_RAW_METRICS.tsv		outputs/paper1_data_refresh_20260710/PAPER1_7MODEL_RAW_SEED_METRICS.tsv
PLMF-MDA	MDA	MDS	strict_cold	19	0.5983112264513648	0.6020179084223263	0.5647058823529412	0.5621301775147929	0.1294207214671282	0.3424452488862991	0.298222635912316	1.290330063064481	1.290330063064481			PASS	formal_runs/full_metric_rerun_20260615/plmf_standardized_repair_20260619/05_runs/MDS/strict_cold/seed_19	outputs/paper1_data_refresh_20260710/PLMF_MDA_REBUILT_FROM_FROZEN_ROOT_RAW_METRICS.tsv		outputs/paper1_data_refresh_20260710/PAPER1_7MODEL_RAW_SEED_METRICS.tsv
PLMF-MDA	MDA	MDS	strict_cold	2	0.5989234875785555	0.5797948077498756	0.5616438356164384	0.5223880597014925	0.12498794541681946	0.35865730068059587	0.3286748483969959	1.5436860162014907	1.5436860162014907			PASS	formal_runs/full_metric_rerun_20260615/plmf_standardized_repair_20260619/05_runs/MDS/strict_cold/seed_2	outputs/paper1_data_refresh_20260710/PLMF_MDA_REBUILT_FROM_FROZEN_ROOT_RAW_METRICS.tsv		outputs/paper1_data_refresh_20260710/PAPER1_7MODEL_RAW_SEED_METRICS.tsv
PLMF-MDA	MDA	MDS	strict_cold	20	0.6068760236375166	0.5972356238541117	0.571992110453649	0.6054545454545455	0.14610142960043557	0.34634782135520714	0.3076753072697979	1.4690538828148019	1.4690538828148016			PASS	formal_runs/full_metric_rerun_20260615/plmf_standardized_repair_20260619/05_runs/MDS/strict_cold/seed_20	outputs/paper1_data_refresh_20260710/PLMF_MDA_REBUILT_FROM_FROZEN_ROOT_RAW_METRICS.tsv		outputs/paper1_data_refresh_20260710/PAPER1_7MODEL_RAW_SEED_METRICS.tsv
PLMF-MDA	MDA	MDS	strict_cold	21	0.6518637028574075	0.6480737096107632	0.6365422396856582	0.6262626262626263	0.27349860732608755	0.31121223320421487	0.26312765055897985	1.4213338368766315	1.4213338368766315			PASS	formal_runs/full_metric_rerun_20260615/plmf_standardized_repair_20260619/05_runs/MDS/strict_cold/seed_21	outputs/paper1_data_refresh_20260710/PLMF_MDA_REBUILT_FROM_FROZEN_ROOT_RAW_METRICS.tsv		outputs/paper1_data_refresh_20260710/PAPER1_7MODEL_RAW_SEED_METRICS.tsv
PLMF-MDA	MDA	MDS	strict_cold	22	0.5173832246353223	0.5120585833959724	0.5185909980430529	0.5614973262032086	0.03791508944772378	0.39684958445204477	0.3554885469331829	1.68026940820971	1.68026940820971			PASS	formal_runs/full_metric_rerun_20260615/plmf_standardized_repair_20260619/05_runs/MDS/strict_cold/seed_22	outputs/paper1_data_refresh_20260710/PLMF_MDA_REBUILT_FROM_FROZEN_ROOT_RAW_METRICS.tsv		outputs/paper1_data_refresh_20260710/PAPER1_7MODEL_RAW_SEED_METRICS.tsv
PLMF-MDA	MDA	MDS	strict_cold	23	0.5472404930531708	0.5348846783717931	0.5286844708209694	0.4390818128310771	0.06054187396784913	0.39533677832532776	0.36500460969676335	1.9402321889141194	1.9402321889141194			PASS	formal_runs/full_metric_rerun_20260615/plmf_standardized_repair_20260619/05_runs/MDS/strict_cold/seed_23	outputs/paper1_data_refresh_20260710/PLMF_MDA_REBUILT_FROM_FROZEN_ROOT_RAW_METRICS.tsv		outputs/paper1_data_refresh_20260710/PAPER1_7MODEL_RAW_SEED_METRICS.tsv
PLMF-MDA	MDA	MDS	strict_cold	24	0.568113472528584	0.5892338303991997	0.5285996055226825	0.5469194312796208	0.05738716364460966	0.3781413070539646	0.35349955627932755	1.5451268792977486	1.5451268792977486			PASS	formal_runs/full_metric_rerun_20260615/plmf_standardized_repair_20260619/05_runs/MDS/strict_cold/seed_24	outputs/paper1_data_refresh_20260710/PLMF_MDA_REBUILT_FROM_FROZEN_ROOT_RAW_METRICS.tsv		outputs/paper1_data_refresh_20260710/PAPER1_7MODEL_RAW_SEED_METRICS.tsv
PLMF-MDA	MDA	MDS	strict_cold	3	0.5987202102295129	0.5916972856016547	0.5618199802176064	0.6083112290008842	0.12727824230585671	0.34832389918848594	0.3094650896282762	1.3966152029691055	1.3966152029691055			PASS	formal_runs/full_metric_rerun_20260615/plmf_standardized_repair_20260619/05_runs/MDS/strict_cold/seed_3	outputs/paper1_data_refresh_20260710/PLMF_MDA_REBUILT_FROM_FROZEN_ROOT_RAW_METRICS.tsv		outputs/paper1_data_refresh_20260710/PAPER1_7MODEL_RAW_SEED_METRICS.tsv
PLMF-MDA	MDA	MDS	strict_cold	4	0.5421784909101941	0.5463402480115617	0.5294406280667321	0.4375366568914956	0.06230183621031218	0.39307464131784087	0.3634884244997612	1.6766277228285862	1.6766277228285862			PASS	formal_runs/full_metric_rerun_20260615/plmf_standardized_repair_20260619/05_runs/MDS/strict_cold/seed_4	outputs/paper1_data_refresh_20260710/PLMF_MDA_REBUILT_FROM_FROZEN_ROOT_RAW_METRICS.tsv		outputs/paper1_data_refresh_20260710/PAPER1_7MODEL_RAW_SEED_METRICS.tsv
PLMF-MDA	MDA	MDS	strict_cold	5	0.5633997427746367	0.5778007827742687	0.547783251231527	0.5106609808102346	0.09668584629070569	0.36387755511088726	0.3162184302829235	1.4718113963393755	1.4718113963393755			PASS	formal_runs/full_metric_rerun_20260615/plmf_standardized_repair_20260619/05_runs/MDS/strict_cold/seed_5	outputs/paper1_data_refresh_20260710/PLMF_MDA_REBUILT_FROM_FROZEN_ROOT_RAW_METRICS.tsv		outputs/paper1_data_refresh_20260710/PAPER1_7MODEL_RAW_SEED_METRICS.tsv
PLMF-MDA	MDA	MDS	strict_cold	6	0.5448415598544595	0.5520872205846777	0.5336300692383779	0.45835726593911547	0.07001905189285303	0.3893159424271789	0.35479365634818305	1.742526299838087	1.742526299838087			PASS	formal_runs/full_metric_rerun_20260615/plmf_standardized_repair_20260619/05_runs/MDS/strict_cold/seed_6	outputs/paper1_data_refresh_20260710/PLMF_MDA_REBUILT_FROM_FROZEN_ROOT_RAW_METRICS.tsv		outputs/paper1_data_refresh_20260710/PAPER1_7MODEL_RAW_SEED_METRICS.tsv
PLMF-MDA	MDA	MDS	strict_cold	7	0.6024611773344373	0.5921731549661382	0.5711462450592886	0.5062571103526735	0.14747813993815956	0.34173173351949204	0.2966689772782967	1.3276636684055227	1.3276636684055225			PASS	formal_runs/full_metric_rerun_20260615/plmf_standardized_repair_20260619/05_runs/MDS/strict_cold/seed_7	outputs/paper1_data_refresh_20260710/PLMF_MDA_REBUILT_FROM_FROZEN_ROOT_RAW_METRICS.tsv		outputs/paper1_data_refresh_20260710/PAPER1_7MODEL_RAW_SEED_METRICS.tsv
PLMF-MDA	MDA	MDS	strict_cold	8	0.6109883749485968	0.5940218384428295	0.585377821393523	0.5781328007988018	0.1708564559555076	0.3426814109409857	0.30217816411072235	1.553670807643934	1.553670807643934			PASS	formal_runs/full_metric_rerun_20260615/plmf_standardized_repair_20260619/05_runs/MDS/strict_cold/seed_8	outputs/paper1_data_refresh_20260710/PLMF_MDA_REBUILT_FROM_FROZEN_ROOT_RAW_METRICS.tsv		outputs/paper1_data_refresh_20260710/PAPER1_7MODEL_RAW_SEED_METRICS.tsv
PLMF-MDA	MDA	MDS	strict_cold	9	0.5565965333000047	0.5554404508402933	0.5370553359683794	0.4561810795124782	0.07762365711555574	0.38412083871275926	0.3482803662647339	1.6836096024515943	1.6836096024515943			PASS	formal_runs/full_metric_rerun_20260615/plmf_standardized_repair_20260619/05_runs/MDS/strict_cold/seed_9	outputs/paper1_data_refresh_20260710/PLMF_MDA_REBUILT_FROM_FROZEN_ROOT_RAW_METRICS.tsv		outputs/paper1_data_refresh_20260710/PAPER1_7MODEL_RAW_SEED_METRICS.tsv
