model_name	dataset	setting	seed	prediction_file	rows	sha256	y_true_counts	y_pred_counts	y_prob_min	y_prob_max	include_in_release	note	upstream_source
ISG-MDA	MDR	random	0	formal_runs/isg_clean_fixedfinal_20260706/04_formal_runs/MDR/random/seed_0/predictions.tsv	2164	06256b7a097f08806447d03ac37831a7649b504311363be88e5844dac72ff194	"{""0"": 1082, ""1"": 1082}"	"{""0"": 1086, ""1"": 1078}"	2.0507805176261937e-10	0.9999992847442628	YES		outputs/paper1_data_refresh_20260710/PAPER1_7MODEL_PREDICTION_MANIFEST.tsv
ISG-MDA	MDR	random	1	formal_runs/isg_clean_fixedfinal_20260706/04_formal_runs/MDR/random/seed_1/predictions.tsv	2164	450e7616967a94fec4c4b15c507b5a627ed51d3f5eca0e18834f737337098c18	"{""0"": 1082, ""1"": 1082}"	"{""0"": 1044, ""1"": 1120}"	2.2106161345902815e-09	0.99993896484375	YES		outputs/paper1_data_refresh_20260710/PAPER1_7MODEL_PREDICTION_MANIFEST.tsv
ISG-MDA	MDR	random	2	formal_runs/isg_clean_fixedfinal_20260706/04_formal_runs/MDR/random/seed_2/predictions.tsv	2164	fe8a8dc0af6cd0f284bcbd5a4b4a44eb3b2757a6f80c86f60150574f5be1067d	"{""0"": 1082, ""1"": 1082}"	"{""0"": 978, ""1"": 1186}"	1.5063837330298036e-11	0.9999960660934448	YES		outputs/paper1_data_refresh_20260710/PAPER1_7MODEL_PREDICTION_MANIFEST.tsv
ISG-MDA	MDR	random	3	formal_runs/isg_clean_fixedfinal_20260706/04_formal_runs/MDR/random/seed_3/predictions.tsv	2164	1f2c8a1afccd70d88b7bca11bd7be32c07f650e6405326d09d3ef986d4bf1b82	"{""0"": 1082, ""1"": 1082}"	"{""0"": 956, ""1"": 1208}"	4.778809881145207e-08	0.9999754428863524	YES		outputs/paper1_data_refresh_20260710/PAPER1_7MODEL_PREDICTION_MANIFEST.tsv
ISG-MDA	MDR	random	4	formal_runs/isg_clean_fixedfinal_20260706/04_formal_runs/MDR/random/seed_4/predictions.tsv	2164	0db092f5151ada236bc9b092a6f9c5e14bad031f84a3cfd78a6e6191adf5b4ad	"{""0"": 1082, ""1"": 1082}"	"{""0"": 1006, ""1"": 1158}"	5.5858248582119074e-11	0.9999457597732544	YES		outputs/paper1_data_refresh_20260710/PAPER1_7MODEL_PREDICTION_MANIFEST.tsv
ISG-MDA	MDR	random	5	formal_runs/isg_clean_fixedfinal_20260706/04_formal_runs/MDR/random/seed_5/predictions.tsv	2164	2245a32af48cc1ea4940ec9580f0607d5133c7253763b8f5677600a41adc3b49	"{""0"": 1082, ""1"": 1082}"	"{""0"": 1024, ""1"": 1140}"	1.7529146190131684e-10	0.9999713897705078	YES		outputs/paper1_data_refresh_20260710/PAPER1_7MODEL_PREDICTION_MANIFEST.tsv
ISG-MDA	MDR	random	6	formal_runs/isg_clean_fixedfinal_20260706/04_formal_runs/MDR/random/seed_6/predictions.tsv	2164	04d9214820443042747d538ae4cc7614c08eeecc256166c2a0a597443604bd37	"{""0"": 1082, ""1"": 1082}"	"{""0"": 1032, ""1"": 1132}"	4.6103698636557056e-09	0.9997254014015196	YES		outputs/paper1_data_refresh_20260710/PAPER1_7MODEL_PREDICTION_MANIFEST.tsv
ISG-MDA	MDR	random	7	formal_runs/isg_clean_fixedfinal_20260706/04_formal_runs/MDR/random/seed_7/predictions.tsv	2164	64722307b82a29b868b374cad9509b670c6bc3807741c52629afeb2ef870cfa8	"{""0"": 1082, ""1"": 1082}"	"{""0"": 976, ""1"": 1188}"	2.040648316992133e-09	0.9997604489326476	YES		outputs/paper1_data_refresh_20260710/PAPER1_7MODEL_PREDICTION_MANIFEST.tsv
ISG-MDA	MDR	random	8	formal_runs/isg_clean_fixedfinal_20260706/04_formal_runs/MDR/random/seed_8/predictions.tsv	2164	0e44298cb2173a47da12374daa03e666c032dd6177a4d5cb2a4e005003361f17	"{""0"": 1082, ""1"": 1082}"	"{""0"": 1109, ""1"": 1055}"	2.92771910230874e-13	0.999925136566162	YES		outputs/paper1_data_refresh_20260710/PAPER1_7MODEL_PREDICTION_MANIFEST.tsv
ISG-MDA	MDR	random	9	formal_runs/isg_clean_fixedfinal_20260706/04_formal_runs/MDR/random/seed_9/predictions.tsv	2164	4226c6d297d623c6a4d93132a407a904f739f8e87180a0b53cd449f2bb98827d	"{""0"": 1082, ""1"": 1082}"	"{""0"": 984, ""1"": 1180}"	3.5363246553288263e-08	0.9999728202819824	YES		outputs/paper1_data_refresh_20260710/PAPER1_7MODEL_PREDICTION_MANIFEST.tsv
ISG-MDA	MDR	random	10	formal_runs/isg_clean_fixedfinal_20260706/04_formal_runs/MDR/random/seed_10/predictions.tsv	2164	4cc8b960b8c05371199570c97b83ebae32aeb147c5331dd0fe38034d2fb02d8f	"{""0"": 1082, ""1"": 1082}"	"{""0"": 941, ""1"": 1223}"	1.0551676155046152e-07	0.9999645948410034	YES		outputs/paper1_data_refresh_20260710/PAPER1_7MODEL_PREDICTION_MANIFEST.tsv
ISG-MDA	MDR	random	11	formal_runs/isg_clean_fixedfinal_20260706/04_formal_runs/MDR/random/seed_11/predictions.tsv	2164	8281a88e6f0f1dc245c4615e762a7dac8bc6831fcaf5a72e9e660053259179cd	"{""0"": 1082, ""1"": 1082}"	"{""0"": 964, ""1"": 1200}"	4.616602211626741e-08	0.9999998807907104	YES		outputs/paper1_data_refresh_20260710/PAPER1_7MODEL_PREDICTION_MANIFEST.tsv
ISG-MDA	MDR	random	12	formal_runs/isg_clean_fixedfinal_20260706/04_formal_runs/MDR/random/seed_12/predictions.tsv	2164	0f8ac78793af57c953ad03bdc1587feab9b8b6f469fc65885dbf8a370ba27426	"{""0"": 1082, ""1"": 1082}"	"{""0"": 951, ""1"": 1213}"	3.17927799642348e-08	0.9999761581420898	YES		outputs/paper1_data_refresh_20260710/PAPER1_7MODEL_PREDICTION_MANIFEST.tsv
ISG-MDA	MDR	random	13	formal_runs/isg_clean_fixedfinal_20260706/04_formal_runs/MDR/random/seed_13/predictions.tsv	2164	d7d391b9df9c1220aa9325fc4c1c666da770826d853478ab11bc212e0769785c	"{""0"": 1082, ""1"": 1082}"	"{""0"": 931, ""1"": 1233}"	5.049362261644319e-09	0.9999854564666748	YES		outputs/paper1_data_refresh_20260710/PAPER1_7MODEL_PREDICTION_MANIFEST.tsv
ISG-MDA	MDR	random	14	formal_runs/isg_clean_fixedfinal_20260706/04_formal_runs/MDR/random/seed_14/predictions.tsv	2164	10729456a39f6e60e886f714ca7d5e14cf101d50b80c67ebc18e5fdb206de12e	"{""0"": 1082, ""1"": 1082}"	"{""0"": 1034, ""1"": 1130}"	1.4283778326795726e-10	0.9999887943267822	YES		outputs/paper1_data_refresh_20260710/PAPER1_7MODEL_PREDICTION_MANIFEST.tsv
ISG-MDA	MDR	random	15	formal_runs/isg_clean_fixedfinal_20260706/04_formal_runs/MDR/random/seed_15/predictions.tsv	2164	8bbe6d95884e963394a94babb0a21dd5e062a57cb14505f0bcd139719f2f32b6	"{""0"": 1082, ""1"": 1082}"	"{""0"": 962, ""1"": 1202}"	1.8194455719822145e-07	0.9999655485153198	YES		outputs/paper1_data_refresh_20260710/PAPER1_7MODEL_PREDICTION_MANIFEST.tsv
ISG-MDA	MDR	random	16	formal_runs/isg_clean_fixedfinal_20260706/04_formal_runs/MDR/random/seed_16/predictions.tsv	2164	39fd010f85c2f516081650a5d5f3095f5204bd2e6c99919ab7a41a9131911300	"{""0"": 1082, ""1"": 1082}"	"{""0"": 995, ""1"": 1169}"	2.13592299402876e-09	0.9999414682388305	YES		outputs/paper1_data_refresh_20260710/PAPER1_7MODEL_PREDICTION_MANIFEST.tsv
ISG-MDA	MDR	random	17	formal_runs/isg_clean_fixedfinal_20260706/04_formal_runs/MDR/random/seed_17/predictions.tsv	2164	2b1e133fb818dac407a5e669aeb6a8812b8045da4662d2bbcc72b0d65c7b5f4a	"{""0"": 1082, ""1"": 1082}"	"{""0"": 861, ""1"": 1303}"	4.14571536822006e-11	0.9999637603759765	YES		outputs/paper1_data_refresh_20260710/PAPER1_7MODEL_PREDICTION_MANIFEST.tsv
ISG-MDA	MDR	random	18	formal_runs/isg_clean_fixedfinal_20260706/04_formal_runs/MDR/random/seed_18/predictions.tsv	2164	e09960a11c557dea5978ed2b193ab798513a607a8e7d84f6ca195610f8446e27	"{""0"": 1082, ""1"": 1082}"	"{""0"": 999, ""1"": 1165}"	1.7223357184903419e-09	0.9999983310699462	YES		outputs/paper1_data_refresh_20260710/PAPER1_7MODEL_PREDICTION_MANIFEST.tsv
ISG-MDA	MDR	random	19	formal_runs/isg_clean_fixedfinal_20260706/04_formal_runs/MDR/random/seed_19/predictions.tsv	2164	221578d2415dddeaf5c9f63ac53b48f39f3cfcb35b2572915fd1d5561fbf61e7	"{""0"": 1082, ""1"": 1082}"	"{""0"": 946, ""1"": 1218}"	3.2490714119148834e-08	0.9999895095825196	YES		outputs/paper1_data_refresh_20260710/PAPER1_7MODEL_PREDICTION_MANIFEST.tsv
ISG-MDA	MDR	random	20	formal_runs/isg_clean_fixedfinal_20260706/04_formal_runs/MDR/random/seed_20/predictions.tsv	2164	5c9e4e5b6639aace731a6e4f999f379bb08af957df036e317cf84b5b100f50be	"{""0"": 1082, ""1"": 1082}"	"{""0"": 971, ""1"": 1193}"	3.027861339433002e-08	0.9999876022338868	YES		outputs/paper1_data_refresh_20260710/PAPER1_7MODEL_PREDICTION_MANIFEST.tsv
ISG-MDA	MDR	random	21	formal_runs/isg_clean_fixedfinal_20260706/04_formal_runs/MDR/random/seed_21/predictions.tsv	2164	575cf3780d2c24120a13c367d2264eae90b498102caf89954724cf2281f8c3af	"{""0"": 1082, ""1"": 1082}"	"{""0"": 979, ""1"": 1185}"	4.731619176329138e-12	0.9998134970664978	YES		outputs/paper1_data_refresh_20260710/PAPER1_7MODEL_PREDICTION_MANIFEST.tsv
ISG-MDA	MDR	random	22	formal_runs/isg_clean_fixedfinal_20260706/04_formal_runs/MDR/random/seed_22/predictions.tsv	2164	3648698e695a9bfbba3eb86aa4f4b87a9a40224b1795cd575690a657e338cecc	"{""0"": 1082, ""1"": 1082}"	"{""0"": 1023, ""1"": 1141}"	4.153295662945311e-08	0.9998917579650878	YES		outputs/paper1_data_refresh_20260710/PAPER1_7MODEL_PREDICTION_MANIFEST.tsv
ISG-MDA	MDR	random	23	formal_runs/isg_clean_fixedfinal_20260706/04_formal_runs/MDR/random/seed_23/predictions.tsv	2164	f984b50931834c9d5849caa9a3f5706e463e140c14638c95c9748e254ac44c4e	"{""0"": 1082, ""1"": 1082}"	"{""0"": 956, ""1"": 1208}"	1.639273072839842e-08	0.9999181032180786	YES		outputs/paper1_data_refresh_20260710/PAPER1_7MODEL_PREDICTION_MANIFEST.tsv
ISG-MDA	MDR	random	24	formal_runs/isg_clean_fixedfinal_20260706/04_formal_runs/MDR/random/seed_24/predictions.tsv	2164	7bcbbc939f0aeb3090603b50176c6cf0a52ec72876738ad63047b3e32f53d4e7	"{""0"": 1082, ""1"": 1082}"	"{""0"": 1024, ""1"": 1140}"	2.290183864772644e-08	0.9999922513961792	YES		outputs/paper1_data_refresh_20260710/PAPER1_7MODEL_PREDICTION_MANIFEST.tsv
ISG-MDA	MDR	mirna_cold	0	formal_runs/isg_clean_fixedfinal_20260706/04_formal_runs/MDR/mirna_cold/seed_0/predictions.tsv	2172	6786b41f9091b8adfbfe1d538e83c7ee8d7aa456f51d813024008b10a053190f	"{""0"": 1086, ""1"": 1086}"	"{""0"": 1049, ""1"": 1123}"	4.716990686937095e-10	0.9999994039535522	YES		outputs/paper1_data_refresh_20260710/PAPER1_7MODEL_PREDICTION_MANIFEST.tsv
ISG-MDA	MDR	mirna_cold	1	formal_runs/isg_clean_fixedfinal_20260706/04_formal_runs/MDR/mirna_cold/seed_1/predictions.tsv	2168	2ecfc6d627d9a78203c4cdb66be609aea9d41a14532ad0476c93de6b4a8941d2	"{""0"": 1084, ""1"": 1084}"	"{""0"": 1095, ""1"": 1073}"	2.6174831191383415e-08	0.999720513820648	YES		outputs/paper1_data_refresh_20260710/PAPER1_7MODEL_PREDICTION_MANIFEST.tsv
ISG-MDA	MDR	mirna_cold	2	formal_runs/isg_clean_fixedfinal_20260706/04_formal_runs/MDR/mirna_cold/seed_2/predictions.tsv	2170	2ed0cedf63e3ee7d95b18f8dc61b62989c18aec42708782c2d9868341a5b23ac	"{""0"": 1085, ""1"": 1085}"	"{""0"": 1012, ""1"": 1158}"	4.711224466102948e-11	0.9999901056289672	YES		outputs/paper1_data_refresh_20260710/PAPER1_7MODEL_PREDICTION_MANIFEST.tsv
ISG-MDA	MDR	mirna_cold	3	formal_runs/isg_clean_fixedfinal_20260706/04_formal_runs/MDR/mirna_cold/seed_3/predictions.tsv	2186	9b75a740b1241f3d9ee2a600568688ac4424155449b408ff060ad1cbc5e909d6	"{""0"": 1093, ""1"": 1093}"	"{""0"": 1104, ""1"": 1082}"	1.5758203630866772e-09	0.9999676942825316	YES		outputs/paper1_data_refresh_20260710/PAPER1_7MODEL_PREDICTION_MANIFEST.tsv
ISG-MDA	MDR	mirna_cold	4	formal_runs/isg_clean_fixedfinal_20260706/04_formal_runs/MDR/mirna_cold/seed_4/predictions.tsv	2170	a495677eb717ca57f0e1887912e9ef653ba4b0f44d87e5ecb1f163c106046ad3	"{""0"": 1085, ""1"": 1085}"	"{""0"": 1075, ""1"": 1095}"	8.364913384184547e-08	0.999769389629364	YES		outputs/paper1_data_refresh_20260710/PAPER1_7MODEL_PREDICTION_MANIFEST.tsv
ISG-MDA	MDR	mirna_cold	5	formal_runs/isg_clean_fixedfinal_20260706/04_formal_runs/MDR/mirna_cold/seed_5/predictions.tsv	2164	cf709a1a0b72e96f10f9249c2f6f98bb11a66bdbe093b6b294b3b39178b64298	"{""0"": 1082, ""1"": 1082}"	"{""0"": 1018, ""1"": 1146}"	2.193092107916073e-08	0.9999057054519652	YES		outputs/paper1_data_refresh_20260710/PAPER1_7MODEL_PREDICTION_MANIFEST.tsv
ISG-MDA	MDR	mirna_cold	6	formal_runs/isg_clean_fixedfinal_20260706/04_formal_runs/MDR/mirna_cold/seed_6/predictions.tsv	2166	2023a7f692f4cc7539ae4e9d24673f5fdebcf2c10537f160f972a2657358df21	"{""0"": 1083, ""1"": 1083}"	"{""0"": 1094, ""1"": 1072}"	5.643703282487422e-09	0.9998893737792968	YES		outputs/paper1_data_refresh_20260710/PAPER1_7MODEL_PREDICTION_MANIFEST.tsv
ISG-MDA	MDR	mirna_cold	7	formal_runs/isg_clean_fixedfinal_20260706/04_formal_runs/MDR/mirna_cold/seed_7/predictions.tsv	2178	77c23920faf541aa5200b9fabd2921a5c21c38da43ce02654b29098ac7a970f8	"{""0"": 1089, ""1"": 1089}"	"{""0"": 1091, ""1"": 1087}"	2.844512403399335e-10	0.9999980926513672	YES		outputs/paper1_data_refresh_20260710/PAPER1_7MODEL_PREDICTION_MANIFEST.tsv
ISG-MDA	MDR	mirna_cold	8	formal_runs/isg_clean_fixedfinal_20260706/04_formal_runs/MDR/mirna_cold/seed_8/predictions.tsv	2172	0e4ab58b766261ce8fd1d3ae70ddcb214e2510ed18e13cd5e88379387cdefaee	"{""0"": 1086, ""1"": 1086}"	"{""0"": 994, ""1"": 1178}"	2.360996675943028e-10	0.9999550580978392	YES		outputs/paper1_data_refresh_20260710/PAPER1_7MODEL_PREDICTION_MANIFEST.tsv
ISG-MDA	MDR	mirna_cold	9	formal_runs/isg_clean_fixedfinal_20260706/04_formal_runs/MDR/mirna_cold/seed_9/predictions.tsv	2178	483a53880d6d166c55d8e85c44a68380d9babf32bfd78aec640cf63bed521685	"{""0"": 1089, ""1"": 1089}"	"{""0"": 1110, ""1"": 1068}"	9.72818625655236e-09	0.9998987913131712	YES		outputs/paper1_data_refresh_20260710/PAPER1_7MODEL_PREDICTION_MANIFEST.tsv
ISG-MDA	MDR	mirna_cold	10	formal_runs/isg_clean_fixedfinal_20260706/04_formal_runs/MDR/mirna_cold/seed_10/predictions.tsv	2176	be7b65e686412cb7f70a615608209a716affb824b09cddd6153f4aed23c71b24	"{""0"": 1088, ""1"": 1088}"	"{""0"": 1038, ""1"": 1138}"	3.9436970356021556e-10	0.9999264478683472	YES		outputs/paper1_data_refresh_20260710/PAPER1_7MODEL_PREDICTION_MANIFEST.tsv
ISG-MDA	MDR	mirna_cold	11	formal_runs/isg_clean_fixedfinal_20260706/04_formal_runs/MDR/mirna_cold/seed_11/predictions.tsv	2170	4447edee54c7bb6eb51a9beb6f7a98ee6f1e8eeae641a882ac1c27247a672e73	"{""0"": 1085, ""1"": 1085}"	"{""0"": 1046, ""1"": 1124}"	4.0645364407509994e-08	0.9999620914459229	YES		outputs/paper1_data_refresh_20260710/PAPER1_7MODEL_PREDICTION_MANIFEST.tsv
ISG-MDA	MDR	mirna_cold	12	formal_runs/isg_clean_fixedfinal_20260706/04_formal_runs/MDR/mirna_cold/seed_12/predictions.tsv	2168	9f7165badbe635ff57bbf3f5cd6f54056bd0efe54d6630d8db22d0f7ac563402	"{""0"": 1084, ""1"": 1084}"	"{""0"": 1033, ""1"": 1135}"	1.634239854553243e-09	0.9998458623886108	YES		outputs/paper1_data_refresh_20260710/PAPER1_7MODEL_PREDICTION_MANIFEST.tsv
ISG-MDA	MDR	mirna_cold	13	formal_runs/isg_clean_fixedfinal_20260706/04_formal_runs/MDR/mirna_cold/seed_13/predictions.tsv	2176	4156f7a46b867d532b79dfe7b573974fa6aa0af5f7c6a9b3aca0c990b5d9307b	"{""0"": 1088, ""1"": 1088}"	"{""0"": 1101, ""1"": 1075}"	4.358273741900121e-08	0.9999282360076904	YES		outputs/paper1_data_refresh_20260710/PAPER1_7MODEL_PREDICTION_MANIFEST.tsv
ISG-MDA	MDR	mirna_cold	14	formal_runs/isg_clean_fixedfinal_20260706/04_formal_runs/MDR/mirna_cold/seed_14/predictions.tsv	2164	eaab4da7242b12bfa1f1a8104b56e71bca5f84903a8795adb60bec20cc0affbf	"{""0"": 1082, ""1"": 1082}"	"{""0"": 905, ""1"": 1259}"	1.6253227386187066e-07	0.9999845027923584	YES		outputs/paper1_data_refresh_20260710/PAPER1_7MODEL_PREDICTION_MANIFEST.tsv
ISG-MDA	MDR	mirna_cold	15	formal_runs/isg_clean_fixedfinal_20260706/04_formal_runs/MDR/mirna_cold/seed_15/predictions.tsv	2170	95526921ab8ed4f43c12a92f94d503faff71f6236a210415146d0da04914a158	"{""0"": 1085, ""1"": 1085}"	"{""0"": 1021, ""1"": 1149}"	4.584985049405077e-07	0.9999215602874756	YES		outputs/paper1_data_refresh_20260710/PAPER1_7MODEL_PREDICTION_MANIFEST.tsv
ISG-MDA	MDR	mirna_cold	16	formal_runs/isg_clean_fixedfinal_20260706/04_formal_runs/MDR/mirna_cold/seed_16/predictions.tsv	2172	ec9fc1ce696c4866612b83bd02b25efd2ec16c8bfe5cba9a48829d8fae4e5f9e	"{""0"": 1086, ""1"": 1086}"	"{""0"": 935, ""1"": 1237}"	9.552603152940264e-10	0.9999858140945433	YES		outputs/paper1_data_refresh_20260710/PAPER1_7MODEL_PREDICTION_MANIFEST.tsv
ISG-MDA	MDR	mirna_cold	17	formal_runs/isg_clean_fixedfinal_20260706/04_formal_runs/MDR/mirna_cold/seed_17/predictions.tsv	2164	37f2bb8e9232f8228884966ea809cd4cf244d62b55fae5303f74619fbba069d6	"{""0"": 1082, ""1"": 1082}"	"{""0"": 1070, ""1"": 1094}"	7.852472450053938e-09	0.9999672174453736	YES		outputs/paper1_data_refresh_20260710/PAPER1_7MODEL_PREDICTION_MANIFEST.tsv
ISG-MDA	MDR	mirna_cold	18	formal_runs/isg_clean_fixedfinal_20260706/04_formal_runs/MDR/mirna_cold/seed_18/predictions.tsv	2176	6818a3372e1b5f7b188d30655e1be1382a07e9742d0d1f4d2b24f73c55027452	"{""0"": 1088, ""1"": 1088}"	"{""0"": 1034, ""1"": 1142}"	1.8108855526222099e-09	0.9999953508377076	YES		outputs/paper1_data_refresh_20260710/PAPER1_7MODEL_PREDICTION_MANIFEST.tsv
ISG-MDA	MDR	mirna_cold	19	formal_runs/isg_clean_fixedfinal_20260706/04_formal_runs/MDR/mirna_cold/seed_19/predictions.tsv	2164	3d97503391801bcb0445dd250645c078da4c8bcfcd51c18ef52a034a659c248b	"{""0"": 1082, ""1"": 1082}"	"{""0"": 1079, ""1"": 1085}"	1.7118316486541827e-10	0.9999455213546752	YES		outputs/paper1_data_refresh_20260710/PAPER1_7MODEL_PREDICTION_MANIFEST.tsv
ISG-MDA	MDR	mirna_cold	20	formal_runs/isg_clean_fixedfinal_20260706/04_formal_runs/MDR/mirna_cold/seed_20/predictions.tsv	2164	7ff1b06d82808ff7dd2f992f7d8ec89e2f5deba3b8d4ec4f458aa817dfa2f4ef	"{""0"": 1082, ""1"": 1082}"	"{""0"": 953, ""1"": 1211}"	6.198179192118402e-10	0.9999845027923584	YES		outputs/paper1_data_refresh_20260710/PAPER1_7MODEL_PREDICTION_MANIFEST.tsv
ISG-MDA	MDR	mirna_cold	21	formal_runs/isg_clean_fixedfinal_20260706/04_formal_runs/MDR/mirna_cold/seed_21/predictions.tsv	2172	e2a82ae3e5c73c165f26b991b655de18050b7c3d291cd8379dbdb3419060b0f0	"{""0"": 1086, ""1"": 1086}"	"{""0"": 1030, ""1"": 1142}"	1.206917343843372e-09	0.9995111227035522	YES		outputs/paper1_data_refresh_20260710/PAPER1_7MODEL_PREDICTION_MANIFEST.tsv
ISG-MDA	MDR	mirna_cold	22	formal_runs/isg_clean_fixedfinal_20260706/04_formal_runs/MDR/mirna_cold/seed_22/predictions.tsv	2164	94dae6378aee056ea8a6294477330ac63619a1cc6b4326b83f98538ca3c2e8dd	"{""0"": 1082, ""1"": 1082}"	"{""0"": 1001, ""1"": 1163}"	2.4199961146109672e-08	0.999989867210388	YES		outputs/paper1_data_refresh_20260710/PAPER1_7MODEL_PREDICTION_MANIFEST.tsv
ISG-MDA	MDR	mirna_cold	23	formal_runs/isg_clean_fixedfinal_20260706/04_formal_runs/MDR/mirna_cold/seed_23/predictions.tsv	2202	b7326bf36d06fc7a4e6af9b4767f5ae246154c8c1122c8d113e2097e30ede559	"{""0"": 1101, ""1"": 1101}"	"{""0"": 1057, ""1"": 1145}"	2.7454332141019225e-08	0.9999953508377076	YES		outputs/paper1_data_refresh_20260710/PAPER1_7MODEL_PREDICTION_MANIFEST.tsv
ISG-MDA	MDR	mirna_cold	24	formal_runs/isg_clean_fixedfinal_20260706/04_formal_runs/MDR/mirna_cold/seed_24/predictions.tsv	2164	71f148f56bff2090315e169d17a7e084d7096f8349f304dc4ca63accb5c28fdb	"{""0"": 1082, ""1"": 1082}"	"{""0"": 1047, ""1"": 1117}"	1.1598054072692321e-08	0.9999834299087524	YES		outputs/paper1_data_refresh_20260710/PAPER1_7MODEL_PREDICTION_MANIFEST.tsv
ISG-MDA	MDR	drug_cold	0	formal_runs/isg_clean_fixedfinal_20260706/04_formal_runs/MDR/drug_cold/seed_0/predictions.tsv	2944	5acbae858e3b5dd82d4fea21d776f40961f035f9064943afa3f28316e1902b1e	"{""0"": 1472, ""1"": 1472}"	"{""0"": 2079, ""1"": 865}"	1.1126032539721107e-08	0.9995624423027037	YES		outputs/paper1_data_refresh_20260710/PAPER1_7MODEL_PREDICTION_MANIFEST.tsv
ISG-MDA	MDR	drug_cold	1	formal_runs/isg_clean_fixedfinal_20260706/04_formal_runs/MDR/drug_cold/seed_1/predictions.tsv	2166	48c668e459be12809dd97071ce5390d694d266be794424f7daf4c77cdbbf6824	"{""0"": 1083, ""1"": 1083}"	"{""0"": 1819, ""1"": 347}"	2.460423331740458e-07	0.9955525994300842	YES		outputs/paper1_data_refresh_20260710/PAPER1_7MODEL_PREDICTION_MANIFEST.tsv
ISG-MDA	MDR	drug_cold	2	formal_runs/isg_clean_fixedfinal_20260706/04_formal_runs/MDR/drug_cold/seed_2/predictions.tsv	2554	d942790a11f85deddd92addced922dda9d8df26d7b5ec73aed824f1fb50e5afe	"{""0"": 1277, ""1"": 1277}"	"{""0"": 2046, ""1"": 508}"	9.248181109811071e-10	0.996121346950531	YES		outputs/paper1_data_refresh_20260710/PAPER1_7MODEL_PREDICTION_MANIFEST.tsv
ISG-MDA	MDR	drug_cold	3	formal_runs/isg_clean_fixedfinal_20260706/04_formal_runs/MDR/drug_cold/seed_3/predictions.tsv	2300	00e4d15544a7005adf478c07efc3d5287d6500d33af62c1600eb0efe33cf3d5d	"{""0"": 1150, ""1"": 1150}"	"{""0"": 1893, ""1"": 407}"	5.584528253166354e-07	0.9986428618431092	YES		outputs/paper1_data_refresh_20260710/PAPER1_7MODEL_PREDICTION_MANIFEST.tsv
ISG-MDA	MDR	drug_cold	4	formal_runs/isg_clean_fixedfinal_20260706/04_formal_runs/MDR/drug_cold/seed_4/predictions.tsv	2322	0e1876cadd34e2e92fc0687a8778a59c376a707454af3a69e7ab676fa99287c9	"{""0"": 1161, ""1"": 1161}"	"{""0"": 2071, ""1"": 251}"	1.4846253115763376e-08	0.9821679592132568	YES		outputs/paper1_data_refresh_20260710/PAPER1_7MODEL_PREDICTION_MANIFEST.tsv
ISG-MDA	MDR	drug_cold	5	formal_runs/isg_clean_fixedfinal_20260706/04_formal_runs/MDR/drug_cold/seed_5/predictions.tsv	2276	e5bc6add45c514922d1241ced162fe484e1eefb5054032504d2d965305e85298	"{""0"": 1138, ""1"": 1138}"	"{""0"": 1770, ""1"": 506}"	3.386080607015174e-07	0.9997739195823668	YES		outputs/paper1_data_refresh_20260710/PAPER1_7MODEL_PREDICTION_MANIFEST.tsv
ISG-MDA	MDR	drug_cold	6	formal_runs/isg_clean_fixedfinal_20260706/04_formal_runs/MDR/drug_cold/seed_6/predictions.tsv	2586	db27ecefd6a5ee63393a2f259d31ff97527be2d304017ed828c71967469e4120	"{""0"": 1293, ""1"": 1293}"	"{""0"": 2001, ""1"": 585}"	1.458813958521432e-09	0.9996321201324462	YES		outputs/paper1_data_refresh_20260710/PAPER1_7MODEL_PREDICTION_MANIFEST.tsv
ISG-MDA	MDR	drug_cold	7	formal_runs/isg_clean_fixedfinal_20260706/04_formal_runs/MDR/drug_cold/seed_7/predictions.tsv	2260	4c7defccbd90433349e2d233b12fd4d08f71793d3813b463b5e000d02a234a68	"{""0"": 1130, ""1"": 1130}"	"{""0"": 1554, ""1"": 706}"	4.63477363155107e-06	0.9973065853118896	YES		outputs/paper1_data_refresh_20260710/PAPER1_7MODEL_PREDICTION_MANIFEST.tsv
ISG-MDA	MDR	drug_cold	8	formal_runs/isg_clean_fixedfinal_20260706/04_formal_runs/MDR/drug_cold/seed_8/predictions.tsv	2250	93f1fc955f7a435e888353d3e7eb991fa76116a14011566a6a3035022646f7ee	"{""0"": 1125, ""1"": 1125}"	"{""0"": 1893, ""1"": 357}"	2.1995306909161627e-08	0.999578297138214	YES		outputs/paper1_data_refresh_20260710/PAPER1_7MODEL_PREDICTION_MANIFEST.tsv
ISG-MDA	MDR	drug_cold	9	formal_runs/isg_clean_fixedfinal_20260706/04_formal_runs/MDR/drug_cold/seed_9/predictions.tsv	2580	baa74069f16fefd739a32c7861482567ec726b8180e441f6376e9e35de3a2d3a	"{""0"": 1290, ""1"": 1290}"	"{""0"": 2107, ""1"": 473}"	6.720306373608764e-07	0.9964783787727356	YES		outputs/paper1_data_refresh_20260710/PAPER1_7MODEL_PREDICTION_MANIFEST.tsv
ISG-MDA	MDR	drug_cold	10	formal_runs/isg_clean_fixedfinal_20260706/04_formal_runs/MDR/drug_cold/seed_10/predictions.tsv	2548	cc90d6cf748e2d4bdb19a8ae4a0257c172183fa0b3e65df7bf689366a5e0b423	"{""0"": 1274, ""1"": 1274}"	"{""0"": 1755, ""1"": 793}"	2.542026038554468e-07	0.9977940320968628	YES		outputs/paper1_data_refresh_20260710/PAPER1_7MODEL_PREDICTION_MANIFEST.tsv
ISG-MDA	MDR	drug_cold	11	formal_runs/isg_clean_fixedfinal_20260706/04_formal_runs/MDR/drug_cold/seed_11/predictions.tsv	2170	964444bf0b7f70ede38475d4d675ea957c6d9b07021be9e5e6e16052668eab1f	"{""0"": 1085, ""1"": 1085}"	"{""0"": 1686, ""1"": 484}"	6.4754264172961484e-09	0.9919965863227844	YES		outputs/paper1_data_refresh_20260710/PAPER1_7MODEL_PREDICTION_MANIFEST.tsv
ISG-MDA	MDR	drug_cold	12	formal_runs/isg_clean_fixedfinal_20260706/04_formal_runs/MDR/drug_cold/seed_12/predictions.tsv	2176	e16fdf30ff009cf46ed0dda58c8443b8e2ac0136a220ff15a93e8e4697f0bc15	"{""0"": 1088, ""1"": 1088}"	"{""0"": 1469, ""1"": 707}"	5.3776972208652296e-08	0.9963210821151732	YES		outputs/paper1_data_refresh_20260710/PAPER1_7MODEL_PREDICTION_MANIFEST.tsv
ISG-MDA	MDR	drug_cold	13	formal_runs/isg_clean_fixedfinal_20260706/04_formal_runs/MDR/drug_cold/seed_13/predictions.tsv	2190	a21533bc0bfe69c44a7a510ac143b6430f9054ba1bd603c4ccfd0b467ae8fc97	"{""0"": 1095, ""1"": 1095}"	"{""0"": 1595, ""1"": 595}"	5.4078339029040015e-12	0.9984436631202696	YES		outputs/paper1_data_refresh_20260710/PAPER1_7MODEL_PREDICTION_MANIFEST.tsv
ISG-MDA	MDR	drug_cold	14	formal_runs/isg_clean_fixedfinal_20260706/04_formal_runs/MDR/drug_cold/seed_14/predictions.tsv	2960	d8c78946d048774228462a9722cb49a6f93b2979cea9a4cbf59d03e62e267201	"{""0"": 1480, ""1"": 1480}"	"{""0"": 2614, ""1"": 346}"	2.116288833065028e-08	0.9995835423469543	YES		outputs/paper1_data_refresh_20260710/PAPER1_7MODEL_PREDICTION_MANIFEST.tsv
ISG-MDA	MDR	drug_cold	15	formal_runs/isg_clean_fixedfinal_20260706/04_formal_runs/MDR/drug_cold/seed_15/predictions.tsv	2320	c24a6b64deb02615c38628209421fcef61081ccfbe151a071610ed562e456115	"{""0"": 1160, ""1"": 1160}"	"{""0"": 1686, ""1"": 634}"	1.4043213241166086e-06	0.9950975775718688	YES		outputs/paper1_data_refresh_20260710/PAPER1_7MODEL_PREDICTION_MANIFEST.tsv
ISG-MDA	MDR	drug_cold	16	formal_runs/isg_clean_fixedfinal_20260706/04_formal_runs/MDR/drug_cold/seed_16/predictions.tsv	2464	691f21971e0b3b9b840463753f8903b02552731d5be15ec5a6599c1a88cabcda	"{""0"": 1232, ""1"": 1232}"	"{""0"": 2181, ""1"": 283}"	1.2189805609352788e-08	0.9981343150138856	YES		outputs/paper1_data_refresh_20260710/PAPER1_7MODEL_PREDICTION_MANIFEST.tsv
ISG-MDA	MDR	drug_cold	17	formal_runs/isg_clean_fixedfinal_20260706/04_formal_runs/MDR/drug_cold/seed_17/predictions.tsv	2164	40dff97746d227f9aec3c79305ebbaf1fd410a9531a9dff0aa890849e812dcbb	"{""0"": 1082, ""1"": 1082}"	"{""0"": 1665, ""1"": 499}"	3.01749487618963e-08	0.9995774626731871	YES		outputs/paper1_data_refresh_20260710/PAPER1_7MODEL_PREDICTION_MANIFEST.tsv
ISG-MDA	MDR	drug_cold	18	formal_runs/isg_clean_fixedfinal_20260706/04_formal_runs/MDR/drug_cold/seed_18/predictions.tsv	2288	2d1fa8b651f559a7837186f6c69140f87a0cb5dfa232fdad6a1f039bb53d429d	"{""0"": 1144, ""1"": 1144}"	"{""0"": 2010, ""1"": 278}"	2.2431905222219936e-08	0.9996572732925416	YES		outputs/paper1_data_refresh_20260710/PAPER1_7MODEL_PREDICTION_MANIFEST.tsv
ISG-MDA	MDR	drug_cold	19	formal_runs/isg_clean_fixedfinal_20260706/04_formal_runs/MDR/drug_cold/seed_19/predictions.tsv	2994	0bf2bec34cb569b1bb683ea355bccaf446fc22e74afdbfe607bedf4cc198f8ef	"{""0"": 1497, ""1"": 1497}"	"{""0"": 1859, ""1"": 1135}"	3.819909721869408e-08	0.99994158744812	YES		outputs/paper1_data_refresh_20260710/PAPER1_7MODEL_PREDICTION_MANIFEST.tsv
ISG-MDA	MDR	drug_cold	20	formal_runs/isg_clean_fixedfinal_20260706/04_formal_runs/MDR/drug_cold/seed_20/predictions.tsv	2614	ce04050562742462f07eea13028eb2b2dd18e5de35dbea2497207c5e0f430a9c	"{""0"": 1307, ""1"": 1307}"	"{""0"": 2284, ""1"": 330}"	1.5518969789796166e-11	0.999106228351593	YES		outputs/paper1_data_refresh_20260710/PAPER1_7MODEL_PREDICTION_MANIFEST.tsv
ISG-MDA	MDR	drug_cold	21	formal_runs/isg_clean_fixedfinal_20260706/04_formal_runs/MDR/drug_cold/seed_21/predictions.tsv	2924	1cf03e4626f30de0f5810cefaad31bc7e05872fb4176f4b5ab04c2206fac3e97	"{""0"": 1462, ""1"": 1462}"	"{""0"": 2366, ""1"": 558}"	7.84585463264875e-09	0.9977028965950012	YES		outputs/paper1_data_refresh_20260710/PAPER1_7MODEL_PREDICTION_MANIFEST.tsv
ISG-MDA	MDR	drug_cold	22	formal_runs/isg_clean_fixedfinal_20260706/04_formal_runs/MDR/drug_cold/seed_22/predictions.tsv	2390	3780348f9feb6ec73372286fbe0886fdec1cab271ca748eb7f6522e2d7a3b3fb	"{""0"": 1195, ""1"": 1195}"	"{""0"": 2151, ""1"": 239}"	1.7175731059637656e-08	0.9943283200263976	YES		outputs/paper1_data_refresh_20260710/PAPER1_7MODEL_PREDICTION_MANIFEST.tsv
ISG-MDA	MDR	drug_cold	23	formal_runs/isg_clean_fixedfinal_20260706/04_formal_runs/MDR/drug_cold/seed_23/predictions.tsv	2442	a52ab0d3a30c1e0dae1bf5bf0078255692ad19efa3c71dc431f5a7da35bb8fb8	"{""0"": 1221, ""1"": 1221}"	"{""0"": 1737, ""1"": 705}"	1.075830202701411e-09	0.9970780611038208	YES		outputs/paper1_data_refresh_20260710/PAPER1_7MODEL_PREDICTION_MANIFEST.tsv
ISG-MDA	MDR	drug_cold	24	formal_runs/isg_clean_fixedfinal_20260706/04_formal_runs/MDR/drug_cold/seed_24/predictions.tsv	2198	808037ec9dc3df40c8c1814ce11ccadc98dc14dfae46194ecee740476980f5d0	"{""0"": 1099, ""1"": 1099}"	"{""0"": 1684, ""1"": 514}"	4.406697087233624e-07	0.998530626296997	YES		outputs/paper1_data_refresh_20260710/PAPER1_7MODEL_PREDICTION_MANIFEST.tsv
ISG-MDA	MDR	strict_cold	0	formal_runs/isg_clean_fixedfinal_20260706/04_formal_runs/MDR/strict_cold/seed_0/predictions.tsv	2168	93d025d13bfba00e8c4244e1ce433ba8b84fdc67f69b8867c2c0d132b7d506f8	"{""0"": 1084, ""1"": 1084}"	"{""0"": 1582, ""1"": 586}"	1.5050851231990237e-08	0.9999994039535522	YES		outputs/paper1_data_refresh_20260710/PAPER1_7MODEL_PREDICTION_MANIFEST.tsv
ISG-MDA	MDR	strict_cold	1	formal_runs/isg_clean_fixedfinal_20260706/04_formal_runs/MDR/strict_cold/seed_1/predictions.tsv	2174	0ae0b8fcfeb98becdb7d35a206661b521564acf27139509bd297643c2134902d	"{""0"": 1087, ""1"": 1087}"	"{""0"": 1204, ""1"": 970}"	1.5155209309725135e-09	0.9999996423721312	YES		outputs/paper1_data_refresh_20260710/PAPER1_7MODEL_PREDICTION_MANIFEST.tsv
ISG-MDA	MDR	strict_cold	2	formal_runs/isg_clean_fixedfinal_20260706/04_formal_runs/MDR/strict_cold/seed_2/predictions.tsv	2168	6dfcc4ea475c613b74ebf1f5e9ecf32c011203f09c7eebf042fdb275171bd160	"{""0"": 1084, ""1"": 1084}"	"{""0"": 1719, ""1"": 449}"	9.109600185297497e-09	0.9998856782913208	YES		outputs/paper1_data_refresh_20260710/PAPER1_7MODEL_PREDICTION_MANIFEST.tsv
ISG-MDA	MDR	strict_cold	3	formal_runs/isg_clean_fixedfinal_20260706/04_formal_runs/MDR/strict_cold/seed_3/predictions.tsv	2166	c7cf47d713985b025100137b6691092152c5500e3df49b90e996eebd389e72cd	"{""0"": 1083, ""1"": 1083}"	"{""0"": 1432, ""1"": 734}"	2.944121169079494e-09	0.999995708465576	YES		outputs/paper1_data_refresh_20260710/PAPER1_7MODEL_PREDICTION_MANIFEST.tsv
ISG-MDA	MDR	strict_cold	4	formal_runs/isg_clean_fixedfinal_20260706/04_formal_runs/MDR/strict_cold/seed_4/predictions.tsv	2164	45f7403970f32375f71da80c6cb198da75367bbd98c1f62cb5d68004d0b49ef5	"{""0"": 1082, ""1"": 1082}"	"{""0"": 1218, ""1"": 946}"	1.498336921201826e-08	0.9999998807907104	YES		outputs/paper1_data_refresh_20260710/PAPER1_7MODEL_PREDICTION_MANIFEST.tsv
ISG-MDA	MDR	strict_cold	5	formal_runs/isg_clean_fixedfinal_20260706/04_formal_runs/MDR/strict_cold/seed_5/predictions.tsv	2164	eb296eb2d408a6c2658082c542aae9554a1bb33ef9d6b270870276e85dcb8b17	"{""0"": 1082, ""1"": 1082}"	"{""0"": 1344, ""1"": 820}"	3.1339811301656084e-10	0.9999998807907104	YES		outputs/paper1_data_refresh_20260710/PAPER1_7MODEL_PREDICTION_MANIFEST.tsv
ISG-MDA	MDR	strict_cold	6	formal_runs/isg_clean_fixedfinal_20260706/04_formal_runs/MDR/strict_cold/seed_6/predictions.tsv	2172	2fea828a3568746255c0842e53d2d43a750bfe92ab2d700e54fe9868bf6dc680	"{""0"": 1086, ""1"": 1086}"	"{""0"": 1536, ""1"": 636}"	1.696824014629783e-09	0.9999951124191284	YES		outputs/paper1_data_refresh_20260710/PAPER1_7MODEL_PREDICTION_MANIFEST.tsv
ISG-MDA	MDR	strict_cold	7	formal_runs/isg_clean_fixedfinal_20260706/04_formal_runs/MDR/strict_cold/seed_7/predictions.tsv	2168	1eb78616c943b25f124dc627c3909a429647120903d6e53ee5e1082c57e5c497	"{""0"": 1084, ""1"": 1084}"	"{""0"": 1589, ""1"": 579}"	3.4198993636991304e-10	1.0	YES		outputs/paper1_data_refresh_20260710/PAPER1_7MODEL_PREDICTION_MANIFEST.tsv
ISG-MDA	MDR	strict_cold	8	formal_runs/isg_clean_fixedfinal_20260706/04_formal_runs/MDR/strict_cold/seed_8/predictions.tsv	2190	8aaf2f0bcfdb1d69c5bd980763c18070647130c9937de7efff434a2b6ba7a70b	"{""0"": 1095, ""1"": 1095}"	"{""0"": 946, ""1"": 1244}"	1.7914376648775487e-09	1.0	YES		outputs/paper1_data_refresh_20260710/PAPER1_7MODEL_PREDICTION_MANIFEST.tsv
ISG-MDA	MDR	strict_cold	9	formal_runs/isg_clean_fixedfinal_20260706/04_formal_runs/MDR/strict_cold/seed_9/predictions.tsv	2176	87bed1946a1280fc716283117c0b9e4a5bfa2a010f7cba133d7b33b438d58a4a	"{""0"": 1088, ""1"": 1088}"	"{""0"": 1308, ""1"": 868}"	1.3967593748276386e-10	0.999998927116394	YES		outputs/paper1_data_refresh_20260710/PAPER1_7MODEL_PREDICTION_MANIFEST.tsv
ISG-MDA	MDR	strict_cold	10	formal_runs/isg_clean_fixedfinal_20260706/04_formal_runs/MDR/strict_cold/seed_10/predictions.tsv	2168	c4a7c5a84ecb90d1cacfbc7cb531a1e58e26bbff0fcd3299cb2cc12798a7ff54	"{""0"": 1084, ""1"": 1084}"	"{""0"": 1938, ""1"": 230}"	1.6286161308443067e-10	0.9991138577461242	YES		outputs/paper1_data_refresh_20260710/PAPER1_7MODEL_PREDICTION_MANIFEST.tsv
ISG-MDA	MDR	strict_cold	11	formal_runs/isg_clean_fixedfinal_20260706/04_formal_runs/MDR/strict_cold/seed_11/predictions.tsv	2176	250d4a2f542bed4de11f1f9599cfff7dd937284080d39d76b14b86617d155014	"{""0"": 1088, ""1"": 1088}"	"{""0"": 1598, ""1"": 578}"	3.6675980030764772e-09	0.9999992847442628	YES		outputs/paper1_data_refresh_20260710/PAPER1_7MODEL_PREDICTION_MANIFEST.tsv
ISG-MDA	MDR	strict_cold	12	formal_runs/isg_clean_fixedfinal_20260706/04_formal_runs/MDR/strict_cold/seed_12/predictions.tsv	2176	825cf6d7b2578dfcc0722466eb053989926e6fa8bb6f9a6be1c93ea1ca9cddd3	"{""0"": 1088, ""1"": 1088}"	"{""0"": 1337, ""1"": 839}"	4.3934786475574577e-08	0.9999990463256836	YES		outputs/paper1_data_refresh_20260710/PAPER1_7MODEL_PREDICTION_MANIFEST.tsv
ISG-MDA	MDR	strict_cold	13	formal_runs/isg_clean_fixedfinal_20260706/04_formal_runs/MDR/strict_cold/seed_13/predictions.tsv	2176	6d3953b19d3d599460b7c7002355ea42e102a1c2cc34b9c0821b04c36ce60201	"{""0"": 1088, ""1"": 1088}"	"{""0"": 1398, ""1"": 778}"	3.2026764573700456e-10	0.9999994039535522	YES		outputs/paper1_data_refresh_20260710/PAPER1_7MODEL_PREDICTION_MANIFEST.tsv
ISG-MDA	MDR	strict_cold	14	formal_runs/isg_clean_fixedfinal_20260706/04_formal_runs/MDR/strict_cold/seed_14/predictions.tsv	2186	8489de8564804a46dbc245686b12cdb33fd04247ea3f8684dab1ceda0edf9e9c	"{""0"": 1093, ""1"": 1093}"	"{""0"": 1127, ""1"": 1059}"	7.814502933634061e-10	0.9999994039535522	YES		outputs/paper1_data_refresh_20260710/PAPER1_7MODEL_PREDICTION_MANIFEST.tsv
ISG-MDA	MDR	strict_cold	15	formal_runs/isg_clean_fixedfinal_20260706/04_formal_runs/MDR/strict_cold/seed_15/predictions.tsv	2168	ee52eab952c41f57dfabc9840094afe37307a87985336ba41a950c7c1f498656	"{""0"": 1084, ""1"": 1084}"	"{""0"": 1322, ""1"": 846}"	4.883712323433542e-10	1.0	YES		outputs/paper1_data_refresh_20260710/PAPER1_7MODEL_PREDICTION_MANIFEST.tsv
ISG-MDA	MDR	strict_cold	16	formal_runs/isg_clean_fixedfinal_20260706/04_formal_runs/MDR/strict_cold/seed_16/predictions.tsv	2176	f54c300b6f7762e045168bb4b5e9853fcd95f57a3915c58a1d341fdf9029ce76	"{""0"": 1088, ""1"": 1088}"	"{""0"": 1645, ""1"": 531}"	2.8697710874325816e-10	0.9999994039535522	YES		outputs/paper1_data_refresh_20260710/PAPER1_7MODEL_PREDICTION_MANIFEST.tsv
ISG-MDA	MDR	strict_cold	17	formal_runs/isg_clean_fixedfinal_20260706/04_formal_runs/MDR/strict_cold/seed_17/predictions.tsv	2188	1cf5d8c91f52ed9de21ac9d5a32c288fbb16acace608c31070f3f923c742615f	"{""0"": 1094, ""1"": 1094}"	"{""0"": 1465, ""1"": 723}"	2.395077747241458e-10	0.9999994039535522	YES		outputs/paper1_data_refresh_20260710/PAPER1_7MODEL_PREDICTION_MANIFEST.tsv
ISG-MDA	MDR	strict_cold	18	formal_runs/isg_clean_fixedfinal_20260706/04_formal_runs/MDR/strict_cold/seed_18/predictions.tsv	2180	0478652ece3d559b80a0a02a147e76db3d0e27f962d88f21673f8d9653c832d2	"{""0"": 1090, ""1"": 1090}"	"{""0"": 1379, ""1"": 801}"	6.572163646634266e-11	0.9999992847442628	YES		outputs/paper1_data_refresh_20260710/PAPER1_7MODEL_PREDICTION_MANIFEST.tsv
ISG-MDA	MDR	strict_cold	19	formal_runs/isg_clean_fixedfinal_20260706/04_formal_runs/MDR/strict_cold/seed_19/predictions.tsv	2164	a2fb01192859b407ae0f920d4e6ca9b3cd5ef3a8ec872c4ad4511f633d7deb14	"{""0"": 1082, ""1"": 1082}"	"{""0"": 1486, ""1"": 678}"	1.9043855034595047e-11	1.0	YES		outputs/paper1_data_refresh_20260710/PAPER1_7MODEL_PREDICTION_MANIFEST.tsv
ISG-MDA	MDR	strict_cold	20	formal_runs/isg_clean_fixedfinal_20260706/04_formal_runs/MDR/strict_cold/seed_20/predictions.tsv	2186	fcc5e5b4c0d53b2530bfacf02a23414291c76e94c3847095b8caca1fd1559a3a	"{""0"": 1093, ""1"": 1093}"	"{""0"": 1549, ""1"": 637}"	5.516669343563762e-09	0.9999998807907104	YES		outputs/paper1_data_refresh_20260710/PAPER1_7MODEL_PREDICTION_MANIFEST.tsv
ISG-MDA	MDR	strict_cold	21	formal_runs/isg_clean_fixedfinal_20260706/04_formal_runs/MDR/strict_cold/seed_21/predictions.tsv	2178	9cd2451f7a9fdae2a3b41ab3b7226fa9ccc7ed2383ac1c98b1f3a5f95500b121	"{""0"": 1089, ""1"": 1089}"	"{""0"": 1385, ""1"": 793}"	5.182925644220403e-09	1.0	YES		outputs/paper1_data_refresh_20260710/PAPER1_7MODEL_PREDICTION_MANIFEST.tsv
ISG-MDA	MDR	strict_cold	22	formal_runs/isg_clean_fixedfinal_20260706/04_formal_runs/MDR/strict_cold/seed_22/predictions.tsv	2166	53d18b281e7f7abe32e441f11db3610b06415aa07a1bd5da6b72ecab344e974f	"{""0"": 1083, ""1"": 1083}"	"{""0"": 1258, ""1"": 908}"	2.6701014732566364e-08	0.9999973773956298	YES		outputs/paper1_data_refresh_20260710/PAPER1_7MODEL_PREDICTION_MANIFEST.tsv
ISG-MDA	MDR	strict_cold	23	formal_runs/isg_clean_fixedfinal_20260706/04_formal_runs/MDR/strict_cold/seed_23/predictions.tsv	2164	44c2924981eaaf69c21289ea08b7df3dde8b54aec15047578d9c94f5a661bddd	"{""0"": 1082, ""1"": 1082}"	"{""0"": 1368, ""1"": 796}"	3.5521754426781627e-09	0.9999998807907104	YES		outputs/paper1_data_refresh_20260710/PAPER1_7MODEL_PREDICTION_MANIFEST.tsv
ISG-MDA	MDR	strict_cold	24	formal_runs/isg_clean_fixedfinal_20260706/04_formal_runs/MDR/strict_cold/seed_24/predictions.tsv	2184	eaba9934542c01207939fa3226a66990da1a3b50ed1f86a2db5e7529e288570d	"{""0"": 1092, ""1"": 1092}"	"{""0"": 1395, ""1"": 789}"	1.4359479161285547e-09	0.9999997615814208	YES		outputs/paper1_data_refresh_20260710/PAPER1_7MODEL_PREDICTION_MANIFEST.tsv
ISG-MDA	MDR	scaffold_cold	0	formal_runs/isg_clean_fixedfinal_20260706/04_formal_runs/MDR/scaffold_cold/seed_0/predictions.tsv	2314	245d3900e99b391fbdec8385eb5ba92630abf13b97604c0389e44758ce592280	"{""0"": 1157, ""1"": 1157}"	"{""0"": 1829, ""1"": 485}"	4.388068930438749e-08	0.9851661324501036	YES		outputs/paper1_data_refresh_20260710/PAPER1_7MODEL_PREDICTION_MANIFEST.tsv
ISG-MDA	MDR	scaffold_cold	1	formal_runs/isg_clean_fixedfinal_20260706/04_formal_runs/MDR/scaffold_cold/seed_1/predictions.tsv	2236	e0cb8944c1f9c88ace8a83085b58a30d708cf30bec72eb5adec41e4fb230d47d	"{""0"": 1118, ""1"": 1118}"	"{""0"": 1425, ""1"": 811}"	3.060433527934947e-06	0.9972127079963684	YES		outputs/paper1_data_refresh_20260710/PAPER1_7MODEL_PREDICTION_MANIFEST.tsv
ISG-MDA	MDR	scaffold_cold	2	formal_runs/isg_clean_fixedfinal_20260706/04_formal_runs/MDR/scaffold_cold/seed_2/predictions.tsv	2208	ea78d529301216a7e61037cc271d70c8ea041401493cb542486492136bfce87f	"{""0"": 1104, ""1"": 1104}"	"{""0"": 1755, ""1"": 453}"	7.683264691138446e-09	0.9986783862113952	YES		outputs/paper1_data_refresh_20260710/PAPER1_7MODEL_PREDICTION_MANIFEST.tsv
ISG-MDA	MDR	scaffold_cold	3	formal_runs/isg_clean_fixedfinal_20260706/04_formal_runs/MDR/scaffold_cold/seed_3/predictions.tsv	2770	f53a072daac1629f954aa9534e5f08147da4c1d374e20dd84e14cbac8e639427	"{""0"": 1385, ""1"": 1385}"	"{""0"": 1989, ""1"": 781}"	2.259222586786791e-09	0.9987253546714782	YES		outputs/paper1_data_refresh_20260710/PAPER1_7MODEL_PREDICTION_MANIFEST.tsv
ISG-MDA	MDR	scaffold_cold	4	formal_runs/isg_clean_fixedfinal_20260706/04_formal_runs/MDR/scaffold_cold/seed_4/predictions.tsv	2250	ed56d7b4b985c67a0fdcbbfabaf0ac888b94f139fc95d6c04cdb1d70108d3830	"{""0"": 1125, ""1"": 1125}"	"{""0"": 1612, ""1"": 638}"	4.860782354398908e-08	0.9955926537513732	YES		outputs/paper1_data_refresh_20260710/PAPER1_7MODEL_PREDICTION_MANIFEST.tsv
ISG-MDA	MDR	scaffold_cold	5	formal_runs/isg_clean_fixedfinal_20260706/04_formal_runs/MDR/scaffold_cold/seed_5/predictions.tsv	2886	ce2e9bbb2ed4c44213f0c1b6ad91372ab35775194480d5eaac04429aaca68159	"{""0"": 1443, ""1"": 1443}"	"{""0"": 2023, ""1"": 863}"	1.4783026192066728e-10	0.997413694858551	YES		outputs/paper1_data_refresh_20260710/PAPER1_7MODEL_PREDICTION_MANIFEST.tsv
ISG-MDA	MDR	scaffold_cold	6	formal_runs/isg_clean_fixedfinal_20260706/04_formal_runs/MDR/scaffold_cold/seed_6/predictions.tsv	2172	10f84e569de08002b82616dabcb8b3a6bcb82c012bfcf092b1b6b519eda02fec	"{""0"": 1086, ""1"": 1086}"	"{""0"": 1377, ""1"": 795}"	1.5201591850200202e-05	0.99630606174469	YES		outputs/paper1_data_refresh_20260710/PAPER1_7MODEL_PREDICTION_MANIFEST.tsv
ISG-MDA	MDR	scaffold_cold	7	formal_runs/isg_clean_fixedfinal_20260706/04_formal_runs/MDR/scaffold_cold/seed_7/predictions.tsv	2208	6dd7750b5174d38c7874db1da2e053850b9144d2a597603b1653d4c4823f70aa	"{""0"": 1104, ""1"": 1104}"	"{""0"": 1445, ""1"": 763}"	1.7079252074836404e-06	0.9975239634513856	YES		outputs/paper1_data_refresh_20260710/PAPER1_7MODEL_PREDICTION_MANIFEST.tsv
ISG-MDA	MDR	scaffold_cold	8	formal_runs/isg_clean_fixedfinal_20260706/04_formal_runs/MDR/scaffold_cold/seed_8/predictions.tsv	2602	9a3d73d91c1dd0f3e54a8a1e4238d966b30e8b94e2854da65942701d5e76608d	"{""0"": 1301, ""1"": 1301}"	"{""0"": 2049, ""1"": 553}"	2.602349002955861e-09	0.997743010520935	YES		outputs/paper1_data_refresh_20260710/PAPER1_7MODEL_PREDICTION_MANIFEST.tsv
ISG-MDA	MDR	scaffold_cold	9	formal_runs/isg_clean_fixedfinal_20260706/04_formal_runs/MDR/scaffold_cold/seed_9/predictions.tsv	2904	c81f3a969edd3489c818dd0a8961e1482b27520e23160df8c7c1a83241feeea7	"{""0"": 1452, ""1"": 1452}"	"{""0"": 2289, ""1"": 615}"	1.06563070867427e-10	0.9977606534957884	YES		outputs/paper1_data_refresh_20260710/PAPER1_7MODEL_PREDICTION_MANIFEST.tsv
ISG-MDA	MDR	scaffold_cold	10	formal_runs/isg_clean_fixedfinal_20260706/04_formal_runs/MDR/scaffold_cold/seed_10/predictions.tsv	2346	885e9b84051c4e91dd46d50a6aeeaa4e6af6a8837bde0858575549abc4e1f30d	"{""0"": 1173, ""1"": 1173}"	"{""0"": 2006, ""1"": 340}"	5.524927928490797e-07	0.9958192110061644	YES		outputs/paper1_data_refresh_20260710/PAPER1_7MODEL_PREDICTION_MANIFEST.tsv
ISG-MDA	MDR	scaffold_cold	11	formal_runs/isg_clean_fixedfinal_20260706/04_formal_runs/MDR/scaffold_cold/seed_11/predictions.tsv	2192	2b7e6370d26e86c879350768a7e8dcd5edd2bb20fe3a2ba18718940b28f56846	"{""0"": 1096, ""1"": 1096}"	"{""0"": 1586, ""1"": 606}"	2.445405016260338e-07	0.9999456405639648	YES		outputs/paper1_data_refresh_20260710/PAPER1_7MODEL_PREDICTION_MANIFEST.tsv
ISG-MDA	MDR	scaffold_cold	12	formal_runs/isg_clean_fixedfinal_20260706/04_formal_runs/MDR/scaffold_cold/seed_12/predictions.tsv	2268	1ced7336f73acbf8e40f48242a8d9773c583e1a694bfb002ca897039831d2f52	"{""0"": 1134, ""1"": 1134}"	"{""0"": 2069, ""1"": 199}"	2.860581780131377e-12	0.9986282587051392	YES		outputs/paper1_data_refresh_20260710/PAPER1_7MODEL_PREDICTION_MANIFEST.tsv
ISG-MDA	MDR	scaffold_cold	13	formal_runs/isg_clean_fixedfinal_20260706/04_formal_runs/MDR/scaffold_cold/seed_13/predictions.tsv	2484	ff9a97099d0578c66e45a33b73e0d6acec7b6a5dad22a41a55d5c9f21599f94b	"{""0"": 1242, ""1"": 1242}"	"{""0"": 2083, ""1"": 401}"	7.328154083552363e-08	0.99982351064682	YES		outputs/paper1_data_refresh_20260710/PAPER1_7MODEL_PREDICTION_MANIFEST.tsv
ISG-MDA	MDR	scaffold_cold	14	formal_runs/isg_clean_fixedfinal_20260706/04_formal_runs/MDR/scaffold_cold/seed_14/predictions.tsv	2626	a9c0f9a773c80481544e6938b7d59d7cbc595f2ade0262872f3a479a5a3a0f87	"{""0"": 1313, ""1"": 1313}"	"{""0"": 2071, ""1"": 555}"	2.669478078587417e-07	0.9986697435379028	YES		outputs/paper1_data_refresh_20260710/PAPER1_7MODEL_PREDICTION_MANIFEST.tsv
ISG-MDA	MDR	scaffold_cold	15	formal_runs/isg_clean_fixedfinal_20260706/04_formal_runs/MDR/scaffold_cold/seed_15/predictions.tsv	2670	22cc5fe6d8e4abe65fd606e6f0933849ed69a0c03b708437b2b1642b66629d8e	"{""0"": 1335, ""1"": 1335}"	"{""0"": 1605, ""1"": 1065}"	1.344291649729712e-05	0.9995120763778687	YES		outputs/paper1_data_refresh_20260710/PAPER1_7MODEL_PREDICTION_MANIFEST.tsv
ISG-MDA	MDR	scaffold_cold	16	formal_runs/isg_clean_fixedfinal_20260706/04_formal_runs/MDR/scaffold_cold/seed_16/predictions.tsv	3020	274f4ff49e896a5479eed3d0df8bdda7e5b871203b5a82f337a633aed940fc2f	"{""0"": 1510, ""1"": 1510}"	"{""0"": 2382, ""1"": 638}"	2.7114252176829723e-08	0.998080849647522	YES		outputs/paper1_data_refresh_20260710/PAPER1_7MODEL_PREDICTION_MANIFEST.tsv
ISG-MDA	MDR	scaffold_cold	17	formal_runs/isg_clean_fixedfinal_20260706/04_formal_runs/MDR/scaffold_cold/seed_17/predictions.tsv	2386	357c282ce4246bd847844c95cd4b492a175bb395ee61cf297594a879f0a64cee	"{""0"": 1193, ""1"": 1193}"	"{""0"": 1902, ""1"": 484}"	1.7736265789380923e-08	0.9958757758140564	YES		outputs/paper1_data_refresh_20260710/PAPER1_7MODEL_PREDICTION_MANIFEST.tsv
ISG-MDA	MDR	scaffold_cold	18	formal_runs/isg_clean_fixedfinal_20260706/04_formal_runs/MDR/scaffold_cold/seed_18/predictions.tsv	2940	ec479816454995ed5e451da72876d704ef3a28366faad43ba26fde58088e44e8	"{""0"": 1470, ""1"": 1470}"	"{""0"": 2151, ""1"": 789}"	9.5774748842814e-07	0.9965314269065856	YES		outputs/paper1_data_refresh_20260710/PAPER1_7MODEL_PREDICTION_MANIFEST.tsv
ISG-MDA	MDR	scaffold_cold	19	formal_runs/isg_clean_fixedfinal_20260706/04_formal_runs/MDR/scaffold_cold/seed_19/predictions.tsv	2238	533fae708a7f355d0a81f072f41b0d697c5208802065d6173b361e967ba9a1b5	"{""0"": 1119, ""1"": 1119}"	"{""0"": 1716, ""1"": 522}"	3.8838668392493503e-10	0.9978577494621276	YES		outputs/paper1_data_refresh_20260710/PAPER1_7MODEL_PREDICTION_MANIFEST.tsv
ISG-MDA	MDR	scaffold_cold	20	formal_runs/isg_clean_fixedfinal_20260706/04_formal_runs/MDR/scaffold_cold/seed_20/predictions.tsv	2182	4017a684100aff260698b8468758737a432a22509146113afab2e6075248404b	"{""0"": 1091, ""1"": 1091}"	"{""0"": 1647, ""1"": 535}"	5.404898056893259e-11	0.9983921647071838	YES		outputs/paper1_data_refresh_20260710/PAPER1_7MODEL_PREDICTION_MANIFEST.tsv
ISG-MDA	MDR	scaffold_cold	21	formal_runs/isg_clean_fixedfinal_20260706/04_formal_runs/MDR/scaffold_cold/seed_21/predictions.tsv	2588	21d2bd90588d8990a928b14f42933a2ebdaf05b75322aae7acc41e1a2f84eaf1	"{""0"": 1294, ""1"": 1294}"	"{""0"": 1881, ""1"": 707}"	2.6362675953350845e-07	0.999923825263977	YES		outputs/paper1_data_refresh_20260710/PAPER1_7MODEL_PREDICTION_MANIFEST.tsv
ISG-MDA	MDR	scaffold_cold	22	formal_runs/isg_clean_fixedfinal_20260706/04_formal_runs/MDR/scaffold_cold/seed_22/predictions.tsv	2388	d578c8764d31ab0c9871d434d8a162f597120b150d2794821acdba25df046e35	"{""0"": 1194, ""1"": 1194}"	"{""0"": 2136, ""1"": 252}"	3.370544021663591e-08	0.9960743188858032	YES		outputs/paper1_data_refresh_20260710/PAPER1_7MODEL_PREDICTION_MANIFEST.tsv
ISG-MDA	MDR	scaffold_cold	23	formal_runs/isg_clean_fixedfinal_20260706/04_formal_runs/MDR/scaffold_cold/seed_23/predictions.tsv	2694	b366127576e716ca530ab42b5871b945daa3e00b823b862ba232d640416f6b09	"{""0"": 1347, ""1"": 1347}"	"{""0"": 1872, ""1"": 822}"	9.93039407148899e-07	0.9992048144340516	YES		outputs/paper1_data_refresh_20260710/PAPER1_7MODEL_PREDICTION_MANIFEST.tsv
ISG-MDA	MDR	scaffold_cold	24	formal_runs/isg_clean_fixedfinal_20260706/04_formal_runs/MDR/scaffold_cold/seed_24/predictions.tsv	2166	ff94d05d9f1ad416318c2eb37344439b51ba0405ac2103a72e36994527a45284	"{""0"": 1083, ""1"": 1083}"	"{""0"": 1681, ""1"": 485}"	2.6657504648142094e-08	0.9953600764274596	YES		outputs/paper1_data_refresh_20260710/PAPER1_7MODEL_PREDICTION_MANIFEST.tsv
ISG-MDA	MDS	random	0	formal_runs/isg_clean_fixedfinal_20260706/04_formal_runs/MDS/random/seed_0/predictions.tsv	2022	563574c76846f4038bfbaf6c5ad62528494fe80952d3692d90143323de15e8d4	"{""0"": 1011, ""1"": 1011}"	"{""0"": 891, ""1"": 1131}"	2.860656422853936e-07	0.9999886751174926	YES		outputs/paper1_data_refresh_20260710/PAPER1_7MODEL_PREDICTION_MANIFEST.tsv
ISG-MDA	MDS	random	1	formal_runs/isg_clean_fixedfinal_20260706/04_formal_runs/MDS/random/seed_1/predictions.tsv	2022	fde9a5c3a95ebe234ed9470c11038359faa4bfd3c4b7bff3df58b2c1b809d80f	"{""0"": 1011, ""1"": 1011}"	"{""0"": 932, ""1"": 1090}"	2.864060490992415e-07	0.9999939203262328	YES		outputs/paper1_data_refresh_20260710/PAPER1_7MODEL_PREDICTION_MANIFEST.tsv
ISG-MDA	MDS	random	2	formal_runs/isg_clean_fixedfinal_20260706/04_formal_runs/MDS/random/seed_2/predictions.tsv	2022	4fa206089bd06c5e70f2a9eb252fe8eac2f132294bf7608fddf21a0de55dcb15	"{""0"": 1011, ""1"": 1011}"	"{""0"": 886, ""1"": 1136}"	2.765750366506836e-07	0.9999991655349731	YES		outputs/paper1_data_refresh_20260710/PAPER1_7MODEL_PREDICTION_MANIFEST.tsv
ISG-MDA	MDS	random	3	formal_runs/isg_clean_fixedfinal_20260706/04_formal_runs/MDS/random/seed_3/predictions.tsv	2022	f80884fa1ec22586f6961f902d535e9db7b9714d54026ae2b4c06da8d0c0e11c	"{""0"": 1011, ""1"": 1011}"	"{""0"": 1030, ""1"": 992}"	1.3602945614366038e-07	0.9999802112579343	YES		outputs/paper1_data_refresh_20260710/PAPER1_7MODEL_PREDICTION_MANIFEST.tsv
ISG-MDA	MDS	random	4	formal_runs/isg_clean_fixedfinal_20260706/04_formal_runs/MDS/random/seed_4/predictions.tsv	2022	6b40795ee7200331c78e3b653197657d67a85f1ab5baec1d622e77f155f0135c	"{""0"": 1011, ""1"": 1011}"	"{""0"": 981, ""1"": 1041}"	1.3752296013080922e-07	0.9999929666519164	YES		outputs/paper1_data_refresh_20260710/PAPER1_7MODEL_PREDICTION_MANIFEST.tsv
ISG-MDA	MDS	random	5	formal_runs/isg_clean_fixedfinal_20260706/04_formal_runs/MDS/random/seed_5/predictions.tsv	2022	8fe6cd971b40cdc858e3ca647c5a4d06cfeec24e0f0dc2b99e43ab2df5c475d7	"{""0"": 1011, ""1"": 1011}"	"{""0"": 957, ""1"": 1065}"	2.1431111463243726e-07	0.9999969005584716	YES		outputs/paper1_data_refresh_20260710/PAPER1_7MODEL_PREDICTION_MANIFEST.tsv
ISG-MDA	MDS	random	6	formal_runs/isg_clean_fixedfinal_20260706/04_formal_runs/MDS/random/seed_6/predictions.tsv	2022	05c7841995b561cea040a88d2b4928057e458eff29e81dc4f05196e069d5394b	"{""0"": 1011, ""1"": 1011}"	"{""0"": 973, ""1"": 1049}"	1.24778265497838e-09	0.9999994039535522	YES		outputs/paper1_data_refresh_20260710/PAPER1_7MODEL_PREDICTION_MANIFEST.tsv
ISG-MDA	MDS	random	7	formal_runs/isg_clean_fixedfinal_20260706/04_formal_runs/MDS/random/seed_7/predictions.tsv	2022	df9b0241c135742489a3aa6de7de4a9c05b8cd76416d4a4151e098163c4a184c	"{""0"": 1011, ""1"": 1011}"	"{""0"": 1019, ""1"": 1003}"	7.104031851667969e-08	0.9999966621398924	YES		outputs/paper1_data_refresh_20260710/PAPER1_7MODEL_PREDICTION_MANIFEST.tsv
ISG-MDA	MDS	random	8	formal_runs/isg_clean_fixedfinal_20260706/04_formal_runs/MDS/random/seed_8/predictions.tsv	2022	5c4a730d75fa4b9a17f4893003b1248dcc62a8e1b6180b27f4c3f5e7248fdc84	"{""0"": 1011, ""1"": 1011}"	"{""0"": 898, ""1"": 1124}"	5.247529770713301e-07	0.9999148845672609	YES		outputs/paper1_data_refresh_20260710/PAPER1_7MODEL_PREDICTION_MANIFEST.tsv
ISG-MDA	MDS	random	9	formal_runs/isg_clean_fixedfinal_20260706/04_formal_runs/MDS/random/seed_9/predictions.tsv	2022	346ab18ca2e106663c13e0fa338ac593a272b01d71c3d0564e50097997a92eb8	"{""0"": 1011, ""1"": 1011}"	"{""0"": 964, ""1"": 1058}"	5.265107461127626e-09	0.9999855756759644	YES		outputs/paper1_data_refresh_20260710/PAPER1_7MODEL_PREDICTION_MANIFEST.tsv
ISG-MDA	MDS	random	10	formal_runs/isg_clean_fixedfinal_20260706/04_formal_runs/MDS/random/seed_10/predictions.tsv	2022	3a894439f54d3b02fed1dce149b622187157210419e5bbc407dfa30086ec8a2f	"{""0"": 1011, ""1"": 1011}"	"{""0"": 911, ""1"": 1111}"	1.434300123115406e-09	0.9999992847442628	YES		outputs/paper1_data_refresh_20260710/PAPER1_7MODEL_PREDICTION_MANIFEST.tsv
ISG-MDA	MDS	random	11	formal_runs/isg_clean_fixedfinal_20260706/04_formal_runs/MDS/random/seed_11/predictions.tsv	2022	0793455af24bab896da6fb7f3aa75157abc24acf663879b9ee60a07d9a0e65b8	"{""0"": 1011, ""1"": 1011}"	"{""0"": 998, ""1"": 1024}"	8.688611607965413e-09	0.9999808073043824	YES		outputs/paper1_data_refresh_20260710/PAPER1_7MODEL_PREDICTION_MANIFEST.tsv
ISG-MDA	MDS	random	12	formal_runs/isg_clean_fixedfinal_20260706/04_formal_runs/MDS/random/seed_12/predictions.tsv	2022	87d157c6fe9f897b76bb10a650dfaea209dbb6fcbaa2247a8fbee61ae0c004b2	"{""0"": 1011, ""1"": 1011}"	"{""0"": 918, ""1"": 1104}"	3.085548883063893e-08	0.9999951124191284	YES		outputs/paper1_data_refresh_20260710/PAPER1_7MODEL_PREDICTION_MANIFEST.tsv
ISG-MDA	MDS	random	13	formal_runs/isg_clean_fixedfinal_20260706/04_formal_runs/MDS/random/seed_13/predictions.tsv	2022	100dac735a3a32f0cd1b571f348fe137e9bbada7f768e04b2dd6aad96d0bed57	"{""0"": 1011, ""1"": 1011}"	"{""0"": 917, ""1"": 1105}"	2.2272529065503482e-07	0.9999891519546508	YES		outputs/paper1_data_refresh_20260710/PAPER1_7MODEL_PREDICTION_MANIFEST.tsv
ISG-MDA	MDS	random	14	formal_runs/isg_clean_fixedfinal_20260706/04_formal_runs/MDS/random/seed_14/predictions.tsv	2022	e7d553cf53b6b6767cb0d528bfefa51ed4d02f300ed4a3ed498db6cfbbe5ff01	"{""0"": 1011, ""1"": 1011}"	"{""0"": 893, ""1"": 1129}"	1.7199702995185365e-07	0.9999370574951172	YES		outputs/paper1_data_refresh_20260710/PAPER1_7MODEL_PREDICTION_MANIFEST.tsv
ISG-MDA	MDS	random	15	formal_runs/isg_clean_fixedfinal_20260706/04_formal_runs/MDS/random/seed_15/predictions.tsv	2022	42237e9abd19dc6029119653467108fcce6b197b43f1758f379f9164a9cef293	"{""0"": 1011, ""1"": 1011}"	"{""0"": 988, ""1"": 1034}"	2.0300198855238705e-08	0.9999536275863647	YES		outputs/paper1_data_refresh_20260710/PAPER1_7MODEL_PREDICTION_MANIFEST.tsv
ISG-MDA	MDS	random	16	formal_runs/isg_clean_fixedfinal_20260706/04_formal_runs/MDS/random/seed_16/predictions.tsv	2022	b61bee476ba1c06f35b6c1aec225b75bd749cc938949b600b66c032687037bc3	"{""0"": 1011, ""1"": 1011}"	"{""0"": 953, ""1"": 1069}"	2.2260820742303625e-08	0.999983549118042	YES		outputs/paper1_data_refresh_20260710/PAPER1_7MODEL_PREDICTION_MANIFEST.tsv
ISG-MDA	MDS	random	17	formal_runs/isg_clean_fixedfinal_20260706/04_formal_runs/MDS/random/seed_17/predictions.tsv	2022	8ce0c7f07b51ca6a7cbba16f776aea6b6efb13e07e217d0f46189e3d57972db7	"{""0"": 1011, ""1"": 1011}"	"{""0"": 945, ""1"": 1077}"	2.313130487152648e-08	0.9999852180480956	YES		outputs/paper1_data_refresh_20260710/PAPER1_7MODEL_PREDICTION_MANIFEST.tsv
ISG-MDA	MDS	random	18	formal_runs/isg_clean_fixedfinal_20260706/04_formal_runs/MDS/random/seed_18/predictions.tsv	2022	d81f07a36606f443c06b2476c1aa26b4dde8071d8e84f1dc1ffe1ab0bc061f98	"{""0"": 1011, ""1"": 1011}"	"{""0"": 1034, ""1"": 988}"	3.295230612820888e-07	0.9999786615371704	YES		outputs/paper1_data_refresh_20260710/PAPER1_7MODEL_PREDICTION_MANIFEST.tsv
ISG-MDA	MDS	random	19	formal_runs/isg_clean_fixedfinal_20260706/04_formal_runs/MDS/random/seed_19/predictions.tsv	2022	4589a0afaafff56dabf1b92d79e83bfa50228173f4ad9904eca072d3e79fb39c	"{""0"": 1011, ""1"": 1011}"	"{""0"": 924, ""1"": 1098}"	1.6374292144405445e-08	0.999866247177124	YES		outputs/paper1_data_refresh_20260710/PAPER1_7MODEL_PREDICTION_MANIFEST.tsv
ISG-MDA	MDS	random	20	formal_runs/isg_clean_fixedfinal_20260706/04_formal_runs/MDS/random/seed_20/predictions.tsv	2022	c5e89b76e6291735f68da38a70d6182bdb98cb6346f859405fd7b1662d223dfd	"{""0"": 1011, ""1"": 1011}"	"{""0"": 958, ""1"": 1064}"	3.639044621195353e-07	0.9999290704727172	YES		outputs/paper1_data_refresh_20260710/PAPER1_7MODEL_PREDICTION_MANIFEST.tsv
ISG-MDA	MDS	random	21	formal_runs/isg_clean_fixedfinal_20260706/04_formal_runs/MDS/random/seed_21/predictions.tsv	2022	ae1ee859bfae57ab3304db3a52b7f4b6708a77a873d864bb395f25413a1445c9	"{""0"": 1011, ""1"": 1011}"	"{""0"": 922, ""1"": 1100}"	9.015984403504262e-08	1.0	YES		outputs/paper1_data_refresh_20260710/PAPER1_7MODEL_PREDICTION_MANIFEST.tsv
ISG-MDA	MDS	random	22	formal_runs/isg_clean_fixedfinal_20260706/04_formal_runs/MDS/random/seed_22/predictions.tsv	2022	96e9cdfe0c4022fe414d55193d17046e3567a62d7be6eea5065dac271ca40131	"{""0"": 1011, ""1"": 1011}"	"{""0"": 996, ""1"": 1026}"	1.5710485001818597e-07	0.9999958276748656	YES		outputs/paper1_data_refresh_20260710/PAPER1_7MODEL_PREDICTION_MANIFEST.tsv
ISG-MDA	MDS	random	23	formal_runs/isg_clean_fixedfinal_20260706/04_formal_runs/MDS/random/seed_23/predictions.tsv	2022	7b157876037a39cb98d2a4a709eea0572628addf8c585f1f6741abab18b6097d	"{""0"": 1011, ""1"": 1011}"	"{""0"": 913, ""1"": 1109}"	5.953334492048157e-10	0.9999949932098388	YES		outputs/paper1_data_refresh_20260710/PAPER1_7MODEL_PREDICTION_MANIFEST.tsv
ISG-MDA	MDS	random	24	formal_runs/isg_clean_fixedfinal_20260706/04_formal_runs/MDS/random/seed_24/predictions.tsv	2022	3ad5cfd3f628a869a3e0026c0a07a1ea843d6fefe8659d72a906113ed0b54a9b	"{""0"": 1011, ""1"": 1011}"	"{""0"": 965, ""1"": 1057}"	7.173000540205976e-07	0.9999533891677856	YES		outputs/paper1_data_refresh_20260710/PAPER1_7MODEL_PREDICTION_MANIFEST.tsv
ISG-MDA	MDS	mirna_cold	0	formal_runs/isg_clean_fixedfinal_20260706/04_formal_runs/MDS/mirna_cold/seed_0/predictions.tsv	2024	566113c86554e8c6b34750f409a62c718b44d6fea0593f4af8d1c463430f6359	"{""0"": 1012, ""1"": 1012}"	"{""0"": 898, ""1"": 1126}"	9.246051924094443e-09	0.9999688863754272	YES		outputs/paper1_data_refresh_20260710/PAPER1_7MODEL_PREDICTION_MANIFEST.tsv
ISG-MDA	MDS	mirna_cold	1	formal_runs/isg_clean_fixedfinal_20260706/04_formal_runs/MDS/mirna_cold/seed_1/predictions.tsv	2024	1ebc14ae4361d12cceadb9bcf3d20347b607b230135e954c470b8a8743bcf0bb	"{""0"": 1012, ""1"": 1012}"	"{""0"": 930, ""1"": 1094}"	1.9396132699966984e-08	0.9999891519546508	YES		outputs/paper1_data_refresh_20260710/PAPER1_7MODEL_PREDICTION_MANIFEST.tsv
ISG-MDA	MDS	mirna_cold	2	formal_runs/isg_clean_fixedfinal_20260706/04_formal_runs/MDS/mirna_cold/seed_2/predictions.tsv	2022	ae370cc871aaea942cd28825f34081c2f9f1ab6c31620aaf9e75249bd7ac4862	"{""0"": 1011, ""1"": 1011}"	"{""0"": 1082, ""1"": 940}"	8.230607306813907e-09	0.9999972581863404	YES		outputs/paper1_data_refresh_20260710/PAPER1_7MODEL_PREDICTION_MANIFEST.tsv
ISG-MDA	MDS	mirna_cold	3	formal_runs/isg_clean_fixedfinal_20260706/04_formal_runs/MDS/mirna_cold/seed_3/predictions.tsv	2022	96396d905351d522bb398aab35e900865118c3c4773bdb2fe3e5a934b95085aa	"{""0"": 1011, ""1"": 1011}"	"{""0"": 929, ""1"": 1093}"	1.5578922329950728e-07	0.9999812841415404	YES		outputs/paper1_data_refresh_20260710/PAPER1_7MODEL_PREDICTION_MANIFEST.tsv
ISG-MDA	MDS	mirna_cold	4	formal_runs/isg_clean_fixedfinal_20260706/04_formal_runs/MDS/mirna_cold/seed_4/predictions.tsv	2038	fa53066aa1669d4edcb38d0f6f1079df8b98611f17fd1fa33cda2476bd28c302	"{""0"": 1019, ""1"": 1019}"	"{""0"": 972, ""1"": 1066}"	1.959783801908088e-08	0.999923825263977	YES		outputs/paper1_data_refresh_20260710/PAPER1_7MODEL_PREDICTION_MANIFEST.tsv
ISG-MDA	MDS	mirna_cold	5	formal_runs/isg_clean_fixedfinal_20260706/04_formal_runs/MDS/mirna_cold/seed_5/predictions.tsv	2022	60b1f0aef5a3ee5c80e8fb64913acfce77c91afca5c69f6737ab08a68e7c752f	"{""0"": 1011, ""1"": 1011}"	"{""0"": 988, ""1"": 1034}"	1.3127531701684347e-06	0.9999924898147584	YES		outputs/paper1_data_refresh_20260710/PAPER1_7MODEL_PREDICTION_MANIFEST.tsv
ISG-MDA	MDS	mirna_cold	6	formal_runs/isg_clean_fixedfinal_20260706/04_formal_runs/MDS/mirna_cold/seed_6/predictions.tsv	2038	ce92abc8c3a4304c773f6f6f330cc4c7a77234addc29ee6f458d33906c2442e2	"{""0"": 1019, ""1"": 1019}"	"{""0"": 945, ""1"": 1093}"	1.5665252206531477e-08	0.9999855756759644	YES		outputs/paper1_data_refresh_20260710/PAPER1_7MODEL_PREDICTION_MANIFEST.tsv
ISG-MDA	MDS	mirna_cold	7	formal_runs/isg_clean_fixedfinal_20260706/04_formal_runs/MDS/mirna_cold/seed_7/predictions.tsv	2026	aa6877118c95393a428aa49437e4e68066e7d83a25d2f2847717d286efe2f32b	"{""0"": 1013, ""1"": 1013}"	"{""0"": 971, ""1"": 1055}"	1.5325987590131265e-07	0.9999995231628418	YES		outputs/paper1_data_refresh_20260710/PAPER1_7MODEL_PREDICTION_MANIFEST.tsv
ISG-MDA	MDS	mirna_cold	8	formal_runs/isg_clean_fixedfinal_20260706/04_formal_runs/MDS/mirna_cold/seed_8/predictions.tsv	2032	d8b6bfa7cd6d9351d8b70450404785d8053456e31ecfb594a0a6a60d02dbe385	"{""0"": 1016, ""1"": 1016}"	"{""0"": 979, ""1"": 1053}"	3.611104091305606e-07	0.9999581575393676	YES		outputs/paper1_data_refresh_20260710/PAPER1_7MODEL_PREDICTION_MANIFEST.tsv
ISG-MDA	MDS	mirna_cold	9	formal_runs/isg_clean_fixedfinal_20260706/04_formal_runs/MDS/mirna_cold/seed_9/predictions.tsv	2022	a01172eb2cd1a4d75e4a5ff55de96fe31121c912395f146b6edbee26d33f3fae	"{""0"": 1011, ""1"": 1011}"	"{""0"": 879, ""1"": 1143}"	4.715057002613321e-06	0.9999995231628418	YES		outputs/paper1_data_refresh_20260710/PAPER1_7MODEL_PREDICTION_MANIFEST.tsv
ISG-MDA	MDS	mirna_cold	10	formal_runs/isg_clean_fixedfinal_20260706/04_formal_runs/MDS/mirna_cold/seed_10/predictions.tsv	2024	6f4a04aa00f1f5b665abdbd2af128d68a54b48eed73160d9a1f0374110360c23	"{""0"": 1012, ""1"": 1012}"	"{""0"": 1018, ""1"": 1006}"	1.933060502778972e-07	0.999902606010437	YES		outputs/paper1_data_refresh_20260710/PAPER1_7MODEL_PREDICTION_MANIFEST.tsv
ISG-MDA	MDS	mirna_cold	11	formal_runs/isg_clean_fixedfinal_20260706/04_formal_runs/MDS/mirna_cold/seed_11/predictions.tsv	2028	e9eea91047654e03edd41863427e8cc20c3e54325016cb89e25f6dd4d5791cd3	"{""0"": 1014, ""1"": 1014}"	"{""0"": 987, ""1"": 1041}"	2.2341467342812397e-08	0.9999915361404418	YES		outputs/paper1_data_refresh_20260710/PAPER1_7MODEL_PREDICTION_MANIFEST.tsv
ISG-MDA	MDS	mirna_cold	12	formal_runs/isg_clean_fixedfinal_20260706/04_formal_runs/MDS/mirna_cold/seed_12/predictions.tsv	2026	ada0a1a6e8ead9b2b5fb7b6cf1608da69df222bfebb09972e1e037c1aabf2142	"{""0"": 1013, ""1"": 1013}"	"{""0"": 1032, ""1"": 994}"	6.92841126692656e-08	0.9999721050262452	YES		outputs/paper1_data_refresh_20260710/PAPER1_7MODEL_PREDICTION_MANIFEST.tsv
ISG-MDA	MDS	mirna_cold	13	formal_runs/isg_clean_fixedfinal_20260706/04_formal_runs/MDS/mirna_cold/seed_13/predictions.tsv	2022	a469428625b4cd97e0eda99e147abd77b14b5f22bde5e57bb158041c3969e922	"{""0"": 1011, ""1"": 1011}"	"{""0"": 945, ""1"": 1077}"	7.88996246114948e-08	0.9999992847442628	YES		outputs/paper1_data_refresh_20260710/PAPER1_7MODEL_PREDICTION_MANIFEST.tsv
ISG-MDA	MDS	mirna_cold	14	formal_runs/isg_clean_fixedfinal_20260706/04_formal_runs/MDS/mirna_cold/seed_14/predictions.tsv	2034	7ba6a14c906b40611ace002fbbaed94775e716bede7893877136139babc31b60	"{""0"": 1017, ""1"": 1017}"	"{""0"": 1063, ""1"": 971}"	6.149763009943854e-08	0.9999696016311644	YES		outputs/paper1_data_refresh_20260710/PAPER1_7MODEL_PREDICTION_MANIFEST.tsv
ISG-MDA	MDS	mirna_cold	15	formal_runs/isg_clean_fixedfinal_20260706/04_formal_runs/MDS/mirna_cold/seed_15/predictions.tsv	2036	1d69e2e571f5cb3014dac410fd2154edf2f5d55bebc9cf31a393865c1e5f2224	"{""0"": 1018, ""1"": 1018}"	"{""0"": 911, ""1"": 1125}"	1.2184393938241558e-07	0.999996304512024	YES		outputs/paper1_data_refresh_20260710/PAPER1_7MODEL_PREDICTION_MANIFEST.tsv
ISG-MDA	MDS	mirna_cold	16	formal_runs/isg_clean_fixedfinal_20260706/04_formal_runs/MDS/mirna_cold/seed_16/predictions.tsv	2022	63199b228177fcb9c12e699a4933c25baafeae23c6b4846050c90b3ab7da0830	"{""0"": 1011, ""1"": 1011}"	"{""0"": 1022, ""1"": 1000}"	9.53803355741023e-11	0.9999928474426268	YES		outputs/paper1_data_refresh_20260710/PAPER1_7MODEL_PREDICTION_MANIFEST.tsv
ISG-MDA	MDS	mirna_cold	17	formal_runs/isg_clean_fixedfinal_20260706/04_formal_runs/MDS/mirna_cold/seed_17/predictions.tsv	2028	b3fec2552c2764ad391fe783872f47f865598c9c5560e9c073e5d63b0ebe0583	"{""0"": 1014, ""1"": 1014}"	"{""0"": 981, ""1"": 1047}"	7.740287855106942e-10	1.0	YES		outputs/paper1_data_refresh_20260710/PAPER1_7MODEL_PREDICTION_MANIFEST.tsv
ISG-MDA	MDS	mirna_cold	18	formal_runs/isg_clean_fixedfinal_20260706/04_formal_runs/MDS/mirna_cold/seed_18/predictions.tsv	2022	f125091bf9c4da20549f6b56c5f271117607029c399ecb1d241df0f55d53bdf2	"{""0"": 1011, ""1"": 1011}"	"{""0"": 942, ""1"": 1080}"	3.256439526921895e-07	0.9999971389770508	YES		outputs/paper1_data_refresh_20260710/PAPER1_7MODEL_PREDICTION_MANIFEST.tsv
ISG-MDA	MDS	mirna_cold	19	formal_runs/isg_clean_fixedfinal_20260706/04_formal_runs/MDS/mirna_cold/seed_19/predictions.tsv	2026	62229c83acaa0a67194f98027de95c8843251e57c379f4eddefe32ac366e060b	"{""0"": 1013, ""1"": 1013}"	"{""0"": 908, ""1"": 1118}"	1.1646867505987757e-06	1.0	YES		outputs/paper1_data_refresh_20260710/PAPER1_7MODEL_PREDICTION_MANIFEST.tsv
ISG-MDA	MDS	mirna_cold	20	formal_runs/isg_clean_fixedfinal_20260706/04_formal_runs/MDS/mirna_cold/seed_20/predictions.tsv	2022	c62e90e8f4cd6a6afeffd8a241d56433a314083d6012453e242d76d9a765f0d3	"{""0"": 1011, ""1"": 1011}"	"{""0"": 911, ""1"": 1111}"	5.265531299869508e-08	0.9999958276748656	YES		outputs/paper1_data_refresh_20260710/PAPER1_7MODEL_PREDICTION_MANIFEST.tsv
ISG-MDA	MDS	mirna_cold	21	formal_runs/isg_clean_fixedfinal_20260706/04_formal_runs/MDS/mirna_cold/seed_21/predictions.tsv	2026	c7d58d7a7a2d7c9c4c974b123c5f5b116586a179322b1d68d3ff65c1a418e2f8	"{""0"": 1013, ""1"": 1013}"	"{""0"": 913, ""1"": 1113}"	5.646026011163485e-07	0.9999836683273317	YES		outputs/paper1_data_refresh_20260710/PAPER1_7MODEL_PREDICTION_MANIFEST.tsv
ISG-MDA	MDS	mirna_cold	22	formal_runs/isg_clean_fixedfinal_20260706/04_formal_runs/MDS/mirna_cold/seed_22/predictions.tsv	2026	4ef5496fd107b00717e309d6e138e549c99c41bf778a89befcb7cc0d8912f6a3	"{""0"": 1013, ""1"": 1013}"	"{""0"": 977, ""1"": 1049}"	4.619323235033335e-08	0.9999727010726928	YES		outputs/paper1_data_refresh_20260710/PAPER1_7MODEL_PREDICTION_MANIFEST.tsv
ISG-MDA	MDS	mirna_cold	23	formal_runs/isg_clean_fixedfinal_20260706/04_formal_runs/MDS/mirna_cold/seed_23/predictions.tsv	2024	076fd6ba55994d755ff654d18a11a574abff6d14db04267f53e01cebf06734c4	"{""0"": 1012, ""1"": 1012}"	"{""0"": 955, ""1"": 1069}"	5.006993930578574e-08	0.9990917444229126	YES		outputs/paper1_data_refresh_20260710/PAPER1_7MODEL_PREDICTION_MANIFEST.tsv
ISG-MDA	MDS	mirna_cold	24	formal_runs/isg_clean_fixedfinal_20260706/04_formal_runs/MDS/mirna_cold/seed_24/predictions.tsv	2028	162746a8905ce8814afc6e2c1b77cb0ab0f52161124f6874319015191a93019b	"{""0"": 1014, ""1"": 1014}"	"{""0"": 1004, ""1"": 1024}"	9.205932087752445e-07	0.9996139407157896	YES		outputs/paper1_data_refresh_20260710/PAPER1_7MODEL_PREDICTION_MANIFEST.tsv
ISG-MDA	MDS	drug_cold	0	formal_runs/isg_clean_fixedfinal_20260706/04_formal_runs/MDS/drug_cold/seed_0/predictions.tsv	2030	12042001101e626e1b35731e2a72affbf32545974e7e15b8afed0ea6cbaa38cb	"{""0"": 1015, ""1"": 1015}"	"{""0"": 1438, ""1"": 592}"	2.413117954347399e-06	0.9956809282302856	YES		outputs/paper1_data_refresh_20260710/PAPER1_7MODEL_PREDICTION_MANIFEST.tsv
ISG-MDA	MDS	drug_cold	1	formal_runs/isg_clean_fixedfinal_20260706/04_formal_runs/MDS/drug_cold/seed_1/predictions.tsv	2974	6c1592599bc330050986a83e440497e6a2167590481775637e335c21c1cce84a	"{""0"": 1487, ""1"": 1487}"	"{""0"": 1960, ""1"": 1014}"	1.0398034646641463e-06	0.9997724890708924	YES		outputs/paper1_data_refresh_20260710/PAPER1_7MODEL_PREDICTION_MANIFEST.tsv
ISG-MDA	MDS	drug_cold	2	formal_runs/isg_clean_fixedfinal_20260706/04_formal_runs/MDS/drug_cold/seed_2/predictions.tsv	2178	e0faed89530c0eb81fee7ddcc2b49d711f7b8b02deefae451ba291d08b571e35	"{""0"": 1089, ""1"": 1089}"	"{""0"": 1780, ""1"": 398}"	3.040790375052893e-08	0.981024146080017	YES		outputs/paper1_data_refresh_20260710/PAPER1_7MODEL_PREDICTION_MANIFEST.tsv
ISG-MDA	MDS	drug_cold	3	formal_runs/isg_clean_fixedfinal_20260706/04_formal_runs/MDS/drug_cold/seed_3/predictions.tsv	2224	50e0cb06d42f70d21a85e31bf28944e485c8915db9c365d53643e2d6b2cccc5b	"{""0"": 1112, ""1"": 1112}"	"{""0"": 1613, ""1"": 611}"	3.358821231813636e-06	0.9982740879058836	YES		outputs/paper1_data_refresh_20260710/PAPER1_7MODEL_PREDICTION_MANIFEST.tsv
ISG-MDA	MDS	drug_cold	4	formal_runs/isg_clean_fixedfinal_20260706/04_formal_runs/MDS/drug_cold/seed_4/predictions.tsv	2438	bdd6647306dac2bfb79ff5fba6f86df04307536ea7f9ecf4f4d3773ee99a319d	"{""0"": 1219, ""1"": 1219}"	"{""0"": 1821, ""1"": 617}"	2.400667664659295e-09	0.999832272529602	YES		outputs/paper1_data_refresh_20260710/PAPER1_7MODEL_PREDICTION_MANIFEST.tsv
ISG-MDA	MDS	drug_cold	5	formal_runs/isg_clean_fixedfinal_20260706/04_formal_runs/MDS/drug_cold/seed_5/predictions.tsv	2066	2046f076131a4e34f13fecac9331864f5d22b1951bb93517dc5be27f18b189a4	"{""0"": 1033, ""1"": 1033}"	"{""0"": 1472, ""1"": 594}"	4.7694758364968954e-08	0.9997573494911192	YES		outputs/paper1_data_refresh_20260710/PAPER1_7MODEL_PREDICTION_MANIFEST.tsv
ISG-MDA	MDS	drug_cold	6	formal_runs/isg_clean_fixedfinal_20260706/04_formal_runs/MDS/drug_cold/seed_6/predictions.tsv	2686	4e06653de9c430cfc7c62daca68be13aa6091961e7ffc9ce9ca90637f26f0983	"{""0"": 1343, ""1"": 1343}"	"{""0"": 1736, ""1"": 950}"	3.862122710529548e-08	0.999815285205841	YES		outputs/paper1_data_refresh_20260710/PAPER1_7MODEL_PREDICTION_MANIFEST.tsv
ISG-MDA	MDS	drug_cold	7	formal_runs/isg_clean_fixedfinal_20260706/04_formal_runs/MDS/drug_cold/seed_7/predictions.tsv	2750	5563be432dc98e2282eac43c07b646f20d544f7d632557fa77ab8ee1be9d8362	"{""0"": 1375, ""1"": 1375}"	"{""0"": 2251, ""1"": 499}"	5.520819712501179e-08	0.9999574422836304	YES		outputs/paper1_data_refresh_20260710/PAPER1_7MODEL_PREDICTION_MANIFEST.tsv
ISG-MDA	MDS	drug_cold	8	formal_runs/isg_clean_fixedfinal_20260706/04_formal_runs/MDS/drug_cold/seed_8/predictions.tsv	2292	f8bf24a362c726bdf4d1a56125a04dfe5d4e94e97dea41a73c46e5cc15269e98	"{""0"": 1146, ""1"": 1146}"	"{""0"": 1586, ""1"": 706}"	2.916854555223836e-06	0.999732196331024	YES		outputs/paper1_data_refresh_20260710/PAPER1_7MODEL_PREDICTION_MANIFEST.tsv
ISG-MDA	MDS	drug_cold	9	formal_runs/isg_clean_fixedfinal_20260706/04_formal_runs/MDS/drug_cold/seed_9/predictions.tsv	2330	2ab19cf6a234637a7f33cb9a69fe032b44740aeb656dca58a397ff6b5b3c50e3	"{""0"": 1165, ""1"": 1165}"	"{""0"": 1511, ""1"": 819}"	2.075012588420577e-07	0.9999408721923828	YES		outputs/paper1_data_refresh_20260710/PAPER1_7MODEL_PREDICTION_MANIFEST.tsv
ISG-MDA	MDS	drug_cold	10	formal_runs/isg_clean_fixedfinal_20260706/04_formal_runs/MDS/drug_cold/seed_10/predictions.tsv	2284	554f7066f825a49cef12bed2bd694aa38a081467d7ccdffada13a96921ba6df8	"{""0"": 1142, ""1"": 1142}"	"{""0"": 1912, ""1"": 372}"	1.923339596032747e-06	0.9893571734428404	YES		outputs/paper1_data_refresh_20260710/PAPER1_7MODEL_PREDICTION_MANIFEST.tsv
ISG-MDA	MDS	drug_cold	11	formal_runs/isg_clean_fixedfinal_20260706/04_formal_runs/MDS/drug_cold/seed_11/predictions.tsv	2292	ab7e6cd5ec0386d597cde9755b7603cbe3f3b94e3272fbf793278bc6d322120e	"{""0"": 1146, ""1"": 1146}"	"{""0"": 1426, ""1"": 866}"	3.3445460303482832e-06	0.9998489618301392	YES		outputs/paper1_data_refresh_20260710/PAPER1_7MODEL_PREDICTION_MANIFEST.tsv
ISG-MDA	MDS	drug_cold	12	formal_runs/isg_clean_fixedfinal_20260706/04_formal_runs/MDS/drug_cold/seed_12/predictions.tsv	2132	f6f78d30de50e0ea1e39c978b3275aa854e9e15bbce645b55fb82247940493b8	"{""0"": 1066, ""1"": 1066}"	"{""0"": 1453, ""1"": 679}"	2.1333388389166433e-08	0.9993228912353516	YES		outputs/paper1_data_refresh_20260710/PAPER1_7MODEL_PREDICTION_MANIFEST.tsv
ISG-MDA	MDS	drug_cold	13	formal_runs/isg_clean_fixedfinal_20260706/04_formal_runs/MDS/drug_cold/seed_13/predictions.tsv	2280	5fb3d32dc5f97a09e19148cd2239e6312dc7c8bc45005decad8a4cb684f14d43	"{""0"": 1140, ""1"": 1140}"	"{""0"": 1514, ""1"": 766}"	3.6004786352350493e-07	0.9995734095573424	YES		outputs/paper1_data_refresh_20260710/PAPER1_7MODEL_PREDICTION_MANIFEST.tsv
ISG-MDA	MDS	drug_cold	14	formal_runs/isg_clean_fixedfinal_20260706/04_formal_runs/MDS/drug_cold/seed_14/predictions.tsv	2160	7dbc995318d2cc6bc521d49550013540915cfc657da1026a52d18cdeb79314ab	"{""0"": 1080, ""1"": 1080}"	"{""0"": 1714, ""1"": 446}"	7.431188805639976e-06	0.9993494153022766	YES		outputs/paper1_data_refresh_20260710/PAPER1_7MODEL_PREDICTION_MANIFEST.tsv
ISG-MDA	MDS	drug_cold	15	formal_runs/isg_clean_fixedfinal_20260706/04_formal_runs/MDS/drug_cold/seed_15/predictions.tsv	2120	27d42977054813fd5e3b101f88dd84ee873dc4fe433f063c9707a702c0d54542	"{""0"": 1060, ""1"": 1060}"	"{""0"": 2017, ""1"": 103}"	1.8235592506243847e-05	0.9571334719657896	YES		outputs/paper1_data_refresh_20260710/PAPER1_7MODEL_PREDICTION_MANIFEST.tsv
ISG-MDA	MDS	drug_cold	16	formal_runs/isg_clean_fixedfinal_20260706/04_formal_runs/MDS/drug_cold/seed_16/predictions.tsv	2088	4cc8861f9557a7f826c08d0bc0828f64a08cef3c49c62feef6a58248edd537d2	"{""0"": 1044, ""1"": 1044}"	"{""0"": 1751, ""1"": 337}"	1.8549860536509755e-09	0.9811983108520508	YES		outputs/paper1_data_refresh_20260710/PAPER1_7MODEL_PREDICTION_MANIFEST.tsv
ISG-MDA	MDS	drug_cold	17	formal_runs/isg_clean_fixedfinal_20260706/04_formal_runs/MDS/drug_cold/seed_17/predictions.tsv	2052	6c5aaadd1d33d955f667f7d790609438092b635512df2c859f0a3532e9e925af	"{""0"": 1026, ""1"": 1026}"	"{""0"": 1749, ""1"": 303}"	8.701182885317847e-09	0.999956727027893	YES		outputs/paper1_data_refresh_20260710/PAPER1_7MODEL_PREDICTION_MANIFEST.tsv
ISG-MDA	MDS	drug_cold	18	formal_runs/isg_clean_fixedfinal_20260706/04_formal_runs/MDS/drug_cold/seed_18/predictions.tsv	2078	58bbd4a19773a76c7ddabe880f06017b68b894d72018bb523106f5b233302abc	"{""0"": 1039, ""1"": 1039}"	"{""0"": 1713, ""1"": 365}"	2.1521632476151357e-08	0.9999616146087646	YES		outputs/paper1_data_refresh_20260710/PAPER1_7MODEL_PREDICTION_MANIFEST.tsv
ISG-MDA	MDS	drug_cold	19	formal_runs/isg_clean_fixedfinal_20260706/04_formal_runs/MDS/drug_cold/seed_19/predictions.tsv	2062	392145a289967c04bb3b92c2c783a628e668997565eab1e8d4f25472634b9181	"{""0"": 1031, ""1"": 1031}"	"{""0"": 1597, ""1"": 465}"	1.200034489556856e-07	0.9989606142044068	YES		outputs/paper1_data_refresh_20260710/PAPER1_7MODEL_PREDICTION_MANIFEST.tsv
ISG-MDA	MDS	drug_cold	20	formal_runs/isg_clean_fixedfinal_20260706/04_formal_runs/MDS/drug_cold/seed_20/predictions.tsv	2076	95f882697630ab9b5d71d98d309075c2385a3f4c7a807b5d22181b2e8285b339	"{""0"": 1038, ""1"": 1038}"	"{""0"": 1766, ""1"": 310}"	1.0617328882744915e-07	0.9988168478012084	YES		outputs/paper1_data_refresh_20260710/PAPER1_7MODEL_PREDICTION_MANIFEST.tsv
ISG-MDA	MDS	drug_cold	21	formal_runs/isg_clean_fixedfinal_20260706/04_formal_runs/MDS/drug_cold/seed_21/predictions.tsv	2032	d29c32eeabdbd6b7d7c91685fd91f72f2f1078d25de977d038e57cd56ebd5398	"{""0"": 1016, ""1"": 1016}"	"{""0"": 1620, ""1"": 412}"	7.58109820253594e-07	0.9968577623367308	YES		outputs/paper1_data_refresh_20260710/PAPER1_7MODEL_PREDICTION_MANIFEST.tsv
ISG-MDA	MDS	drug_cold	22	formal_runs/isg_clean_fixedfinal_20260706/04_formal_runs/MDS/drug_cold/seed_22/predictions.tsv	2080	fdcda7b68265626de50839e520dd90f61675d5dbe43d1bb5fe8b969abffc9e81	"{""0"": 1040, ""1"": 1040}"	"{""0"": 1910, ""1"": 170}"	4.4555195088946675e-09	0.9983245730400084	YES		outputs/paper1_data_refresh_20260710/PAPER1_7MODEL_PREDICTION_MANIFEST.tsv
ISG-MDA	MDS	drug_cold	23	formal_runs/isg_clean_fixedfinal_20260706/04_formal_runs/MDS/drug_cold/seed_23/predictions.tsv	2484	d4fec7c0f129dfba4c0de2dfbfc83729c49f6f89014e689af9e8f17007ca3f43	"{""0"": 1242, ""1"": 1242}"	"{""0"": 1694, ""1"": 790}"	2.1306917119545687e-08	0.9999912977218628	YES		outputs/paper1_data_refresh_20260710/PAPER1_7MODEL_PREDICTION_MANIFEST.tsv
ISG-MDA	MDS	drug_cold	24	formal_runs/isg_clean_fixedfinal_20260706/04_formal_runs/MDS/drug_cold/seed_24/predictions.tsv	2044	9a19ecd7dedaf645b7ecd436e8636d5f53e5457eb23cc4f2cb1b1fc6b0aa04f1	"{""0"": 1022, ""1"": 1022}"	"{""0"": 1804, ""1"": 240}"	1.3032417882641312e-06	0.9984803795814514	YES		outputs/paper1_data_refresh_20260710/PAPER1_7MODEL_PREDICTION_MANIFEST.tsv
ISG-MDA	MDS	strict_cold	0	formal_runs/isg_clean_fixedfinal_20260706/04_formal_runs/MDS/strict_cold/seed_0/predictions.tsv	2030	a73d74f626e6a7336aee9533643fd652d15e6aaff90f440068c06695501962a6	"{""0"": 1015, ""1"": 1015}"	"{""0"": 1349, ""1"": 681}"	1.3995287595491844e-08	1.0	YES		outputs/paper1_data_refresh_20260710/PAPER1_7MODEL_PREDICTION_MANIFEST.tsv
ISG-MDA	MDS	strict_cold	1	formal_runs/isg_clean_fixedfinal_20260706/04_formal_runs/MDS/strict_cold/seed_1/predictions.tsv	2028	44fa53c15a514fe14370bcac9dc5f19d29d37bb41ce6dba9c2a274fc5cd9cf52	"{""0"": 1014, ""1"": 1014}"	"{""0"": 606, ""1"": 1422}"	1.3284127575730054e-08	1.0	YES		outputs/paper1_data_refresh_20260710/PAPER1_7MODEL_PREDICTION_MANIFEST.tsv
ISG-MDA	MDS	strict_cold	2	formal_runs/isg_clean_fixedfinal_20260706/04_formal_runs/MDS/strict_cold/seed_2/predictions.tsv	2044	beb92de7cea0fb16855a0dd5d4196309b5b27009ee718fb3b5275c8eee3afb29	"{""0"": 1022, ""1"": 1022}"	"{""0"": 1030, ""1"": 1014}"	1.601198640344137e-08	1.0	YES		outputs/paper1_data_refresh_20260710/PAPER1_7MODEL_PREDICTION_MANIFEST.tsv
ISG-MDA	MDS	strict_cold	3	formal_runs/isg_clean_fixedfinal_20260706/04_formal_runs/MDS/strict_cold/seed_3/predictions.tsv	2022	8457f9396c43647c5e764877713b5fc45922fa18e84442b4fc57bb60d8cc6607	"{""0"": 1011, ""1"": 1011}"	"{""0"": 803, ""1"": 1219}"	4.858326065004803e-06	0.9999995231628418	YES		outputs/paper1_data_refresh_20260710/PAPER1_7MODEL_PREDICTION_MANIFEST.tsv
ISG-MDA	MDS	strict_cold	4	formal_runs/isg_clean_fixedfinal_20260706/04_formal_runs/MDS/strict_cold/seed_4/predictions.tsv	2038	6b17944b11feadd893be13c604637db5b9bed7a0141a5a849b90416db0285960	"{""0"": 1019, ""1"": 1019}"	"{""0"": 1089, ""1"": 949}"	2.0629835617569373e-08	0.9999998807907104	YES		outputs/paper1_data_refresh_20260710/PAPER1_7MODEL_PREDICTION_MANIFEST.tsv
ISG-MDA	MDS	strict_cold	5	formal_runs/isg_clean_fixedfinal_20260706/04_formal_runs/MDS/strict_cold/seed_5/predictions.tsv	2030	44a7b7c404463d5d522238eee0385a485e4035de7ee3222fddcf2f8e6cef7918	"{""0"": 1015, ""1"": 1015}"	"{""0"": 1259, ""1"": 771}"	7.536413448860912e-08	1.0	YES		outputs/paper1_data_refresh_20260710/PAPER1_7MODEL_PREDICTION_MANIFEST.tsv
ISG-MDA	MDS	strict_cold	6	formal_runs/isg_clean_fixedfinal_20260706/04_formal_runs/MDS/strict_cold/seed_6/predictions.tsv	2022	1d282bc2698d69be54fea2532df57737e7d2cc00426b3aeafa9221aa8af67c16	"{""0"": 1011, ""1"": 1011}"	"{""0"": 1082, ""1"": 940}"	5.739156350159647e-08	0.9999997615814208	YES		outputs/paper1_data_refresh_20260710/PAPER1_7MODEL_PREDICTION_MANIFEST.tsv
ISG-MDA	MDS	strict_cold	7	formal_runs/isg_clean_fixedfinal_20260706/04_formal_runs/MDS/strict_cold/seed_7/predictions.tsv	2024	af142b549a07a95009b3336861cdb83802ce7f24283e5fee4e788b4c6edef489	"{""0"": 1012, ""1"": 1012}"	"{""0"": 1210, ""1"": 814}"	3.791460922997202e-09	1.0	YES		outputs/paper1_data_refresh_20260710/PAPER1_7MODEL_PREDICTION_MANIFEST.tsv
ISG-MDA	MDS	strict_cold	8	formal_runs/isg_clean_fixedfinal_20260706/04_formal_runs/MDS/strict_cold/seed_8/predictions.tsv	2038	2057ec885a949bf11102a065f81e067cacc8636211644e814b316970f2ad4e75	"{""0"": 1019, ""1"": 1019}"	"{""0"": 1273, ""1"": 765}"	1.4234396985557396e-06	0.9999821186065672	YES		outputs/paper1_data_refresh_20260710/PAPER1_7MODEL_PREDICTION_MANIFEST.tsv
ISG-MDA	MDS	strict_cold	9	formal_runs/isg_clean_fixedfinal_20260706/04_formal_runs/MDS/strict_cold/seed_9/predictions.tsv	2024	852253b165bdd5a1576acca84dd9a5d498412adb7e2640f54cb28030dfe8cd3b	"{""0"": 1012, ""1"": 1012}"	"{""0"": 1112, ""1"": 912}"	7.688923275850355e-09	0.9999997615814208	YES		outputs/paper1_data_refresh_20260710/PAPER1_7MODEL_PREDICTION_MANIFEST.tsv
ISG-MDA	MDS	strict_cold	10	formal_runs/isg_clean_fixedfinal_20260706/04_formal_runs/MDS/strict_cold/seed_10/predictions.tsv	2028	c15b8bbbfa2d7de12005b6033054a15a83b02b27bf2adabd5161bb069a5fca7e	"{""0"": 1014, ""1"": 1014}"	"{""0"": 1281, ""1"": 747}"	3.902983269910009e-09	0.9999916553497314	YES		outputs/paper1_data_refresh_20260710/PAPER1_7MODEL_PREDICTION_MANIFEST.tsv
ISG-MDA	MDS	strict_cold	11	formal_runs/isg_clean_fixedfinal_20260706/04_formal_runs/MDS/strict_cold/seed_11/predictions.tsv	2024	22ad9888e38bc9d8c984c1cd0bcc90e0c7f9d4e60d14969612069c7b2c96127a	"{""0"": 1012, ""1"": 1012}"	"{""0"": 1040, ""1"": 984}"	1.0362831481813828e-08	1.0	YES		outputs/paper1_data_refresh_20260710/PAPER1_7MODEL_PREDICTION_MANIFEST.tsv
ISG-MDA	MDS	strict_cold	12	formal_runs/isg_clean_fixedfinal_20260706/04_formal_runs/MDS/strict_cold/seed_12/predictions.tsv	2034	c76940ad3e274b5928c039b3a565bd7415a637307c93c13600f93b3294e6a07a	"{""0"": 1017, ""1"": 1017}"	"{""0"": 1292, ""1"": 742}"	2.5842123108077434e-08	0.9999980926513672	YES		outputs/paper1_data_refresh_20260710/PAPER1_7MODEL_PREDICTION_MANIFEST.tsv
ISG-MDA	MDS	strict_cold	13	formal_runs/isg_clean_fixedfinal_20260706/04_formal_runs/MDS/strict_cold/seed_13/predictions.tsv	2052	c0761a74d8d77417d7c8015e8d51f86cfc086e863a14bac151fa255ccc2302ad	"{""0"": 1026, ""1"": 1026}"	"{""0"": 1069, ""1"": 983}"	5.670956966241647e-07	0.9999912977218628	YES		outputs/paper1_data_refresh_20260710/PAPER1_7MODEL_PREDICTION_MANIFEST.tsv
ISG-MDA	MDS	strict_cold	14	formal_runs/isg_clean_fixedfinal_20260706/04_formal_runs/MDS/strict_cold/seed_14/predictions.tsv	2024	75b8671a270d61f290046abe4b23232a124be66977ebc2a8c7e6f280f1bb8005	"{""0"": 1012, ""1"": 1012}"	"{""0"": 1093, ""1"": 931}"	1.9068782108888627e-08	1.0	YES		outputs/paper1_data_refresh_20260710/PAPER1_7MODEL_PREDICTION_MANIFEST.tsv
ISG-MDA	MDS	strict_cold	15	formal_runs/isg_clean_fixedfinal_20260706/04_formal_runs/MDS/strict_cold/seed_15/predictions.tsv	2022	f1ec60f5402ab4faec7e7a3db3bd80806d322806eebe722f4c5a4632e2b6c9fa	"{""0"": 1011, ""1"": 1011}"	"{""0"": 1243, ""1"": 779}"	1.991674935197807e-06	1.0	YES		outputs/paper1_data_refresh_20260710/PAPER1_7MODEL_PREDICTION_MANIFEST.tsv
ISG-MDA	MDS	strict_cold	16	formal_runs/isg_clean_fixedfinal_20260706/04_formal_runs/MDS/strict_cold/seed_16/predictions.tsv	2026	ce60e9819cd51d5515fe2a064963b0412a2fb74ee6f9f2bbbb7ae8084996e373	"{""0"": 1013, ""1"": 1013}"	"{""0"": 1005, ""1"": 1021}"	1.6680719028272504e-09	1.0	YES		outputs/paper1_data_refresh_20260710/PAPER1_7MODEL_PREDICTION_MANIFEST.tsv
ISG-MDA	MDS	strict_cold	17	formal_runs/isg_clean_fixedfinal_20260706/04_formal_runs/MDS/strict_cold/seed_17/predictions.tsv	2034	98fc0f7611c804fc2e82dd205f6bfed9f3d63008224baae2ed1b905d8b8ade7f	"{""0"": 1017, ""1"": 1017}"	"{""0"": 1115, ""1"": 919}"	2.76359557460637e-08	0.9999988079071044	YES		outputs/paper1_data_refresh_20260710/PAPER1_7MODEL_PREDICTION_MANIFEST.tsv
ISG-MDA	MDS	strict_cold	18	formal_runs/isg_clean_fixedfinal_20260706/04_formal_runs/MDS/strict_cold/seed_18/predictions.tsv	2024	5b558d7b69ff2eb49154444cdc679718cd2632d5be9d0e01da70d8c132fdfb4d	"{""0"": 1012, ""1"": 1012}"	"{""0"": 1318, ""1"": 706}"	7.77264652640497e-09	0.9999996423721312	YES		outputs/paper1_data_refresh_20260710/PAPER1_7MODEL_PREDICTION_MANIFEST.tsv
ISG-MDA	MDS	strict_cold	19	formal_runs/isg_clean_fixedfinal_20260706/04_formal_runs/MDS/strict_cold/seed_19/predictions.tsv	2040	58b43fd47a6967e5144a8fb45b89e60d396bb84677b2be4452dc953565b83cee	"{""0"": 1020, ""1"": 1020}"	"{""0"": 1021, ""1"": 1019}"	4.6323911817580665e-08	0.9999905824661254	YES		outputs/paper1_data_refresh_20260710/PAPER1_7MODEL_PREDICTION_MANIFEST.tsv
ISG-MDA	MDS	strict_cold	20	formal_runs/isg_clean_fixedfinal_20260706/04_formal_runs/MDS/strict_cold/seed_20/predictions.tsv	2028	5290a208d83e3618c54f42c464e226a3b02b166d889e14ff59b236a75f091166	"{""0"": 1014, ""1"": 1014}"	"{""0"": 933, ""1"": 1095}"	6.176586794026662e-06	0.9999417066574096	YES		outputs/paper1_data_refresh_20260710/PAPER1_7MODEL_PREDICTION_MANIFEST.tsv
ISG-MDA	MDS	strict_cold	21	formal_runs/isg_clean_fixedfinal_20260706/04_formal_runs/MDS/strict_cold/seed_21/predictions.tsv	2036	7c86a291c7c8c15d2daf9b2b466c039255dd8f20d4babd5d4e1ee8a448ad55ff	"{""0"": 1018, ""1"": 1018}"	"{""0"": 1163, ""1"": 873}"	1.1398703314569048e-08	1.0	YES		outputs/paper1_data_refresh_20260710/PAPER1_7MODEL_PREDICTION_MANIFEST.tsv
ISG-MDA	MDS	strict_cold	22	formal_runs/isg_clean_fixedfinal_20260706/04_formal_runs/MDS/strict_cold/seed_22/predictions.tsv	2044	50c9926a43b8667500c38bc45c84419b1a3345380cf2196f930ca998fec5bec4	"{""0"": 1022, ""1"": 1022}"	"{""0"": 597, ""1"": 1447}"	3.986239960340754e-08	0.9999997615814208	YES		outputs/paper1_data_refresh_20260710/PAPER1_7MODEL_PREDICTION_MANIFEST.tsv
ISG-MDA	MDS	strict_cold	23	formal_runs/isg_clean_fixedfinal_20260706/04_formal_runs/MDS/strict_cold/seed_23/predictions.tsv	2022	bd66f39724056b3df0f6a2c949d3c499d603786fdc3347ac2c2c412fa14d3683	"{""0"": 1011, ""1"": 1011}"	"{""0"": 1073, ""1"": 949}"	4.238404471834656e-08	0.9999997615814208	YES		outputs/paper1_data_refresh_20260710/PAPER1_7MODEL_PREDICTION_MANIFEST.tsv
ISG-MDA	MDS	strict_cold	24	formal_runs/isg_clean_fixedfinal_20260706/04_formal_runs/MDS/strict_cold/seed_24/predictions.tsv	2028	4e9dc6ae54e457ea7cd7bf1de40b61b9dd5bcccdd73fa422a2df8cbf99d03c5b	"{""0"": 1014, ""1"": 1014}"	"{""0"": 1015, ""1"": 1013}"	5.569936067928438e-09	0.9999991655349731	YES		outputs/paper1_data_refresh_20260710/PAPER1_7MODEL_PREDICTION_MANIFEST.tsv
ISG-MDA	MDS	scaffold_cold	0	formal_runs/isg_clean_fixedfinal_20260706/04_formal_runs/MDS/scaffold_cold/seed_0/predictions.tsv	2792	65afe1331a98dfdc28196e3b157d2eb1ff769988e45bdec8e26e95d88382ce09	"{""0"": 1396, ""1"": 1396}"	"{""0"": 2320, ""1"": 472}"	1.6376172595755636e-07	0.9989247918128968	YES		outputs/paper1_data_refresh_20260710/PAPER1_7MODEL_PREDICTION_MANIFEST.tsv
ISG-MDA	MDS	scaffold_cold	1	formal_runs/isg_clean_fixedfinal_20260706/04_formal_runs/MDS/scaffold_cold/seed_1/predictions.tsv	2902	e0e114bc12703da0ff557d845270ad64e262f04c5a7a72798d1bcaa729dee482	"{""0"": 1451, ""1"": 1451}"	"{""0"": 2593, ""1"": 309}"	1.648003035370493e-06	0.9994300007820128	YES		outputs/paper1_data_refresh_20260710/PAPER1_7MODEL_PREDICTION_MANIFEST.tsv
ISG-MDA	MDS	scaffold_cold	2	formal_runs/isg_clean_fixedfinal_20260706/04_formal_runs/MDS/scaffold_cold/seed_2/predictions.tsv	2308	2f976c89c19110a8fb841716ec99833dcf0a3e4508f0358e5831a75412417009	"{""0"": 1154, ""1"": 1154}"	"{""0"": 1932, ""1"": 376}"	9.228116937265439e-09	0.9605700969696044	YES		outputs/paper1_data_refresh_20260710/PAPER1_7MODEL_PREDICTION_MANIFEST.tsv
ISG-MDA	MDS	scaffold_cold	3	formal_runs/isg_clean_fixedfinal_20260706/04_formal_runs/MDS/scaffold_cold/seed_3/predictions.tsv	2100	4f0dcd12fe3ef31b66ecf997e51caf2c46426633f6608949bb15f2b9b978b1d9	"{""0"": 1050, ""1"": 1050}"	"{""0"": 1614, ""1"": 486}"	1.7751484904238168e-07	0.9993200302124025	YES		outputs/paper1_data_refresh_20260710/PAPER1_7MODEL_PREDICTION_MANIFEST.tsv
ISG-MDA	MDS	scaffold_cold	4	formal_runs/isg_clean_fixedfinal_20260706/04_formal_runs/MDS/scaffold_cold/seed_4/predictions.tsv	2060	9d2e5815de9242b4cf513786380ec9c1f9ae06788c5e26c23d8bccfac7b50816	"{""0"": 1030, ""1"": 1030}"	"{""0"": 1313, ""1"": 747}"	9.456235602556262e-06	0.9984556436538696	YES		outputs/paper1_data_refresh_20260710/PAPER1_7MODEL_PREDICTION_MANIFEST.tsv
ISG-MDA	MDS	scaffold_cold	5	formal_runs/isg_clean_fixedfinal_20260706/04_formal_runs/MDS/scaffold_cold/seed_5/predictions.tsv	2304	b747842abe4d1a4525e918fe57072d5e9fce8d12bf30be594868d10f858b8912	"{""0"": 1152, ""1"": 1152}"	"{""0"": 1758, ""1"": 546}"	6.225673843118784e-08	0.9960145950317382	YES		outputs/paper1_data_refresh_20260710/PAPER1_7MODEL_PREDICTION_MANIFEST.tsv
ISG-MDA	MDS	scaffold_cold	6	formal_runs/isg_clean_fixedfinal_20260706/04_formal_runs/MDS/scaffold_cold/seed_6/predictions.tsv	2650	39b4be8ad19e14ca2cfab9afc48493dd8f6768ff26fde14f73b8e6ac1dda3ca8	"{""0"": 1325, ""1"": 1325}"	"{""0"": 2204, ""1"": 446}"	4.769508450408465e-06	0.9995920062065125	YES		outputs/paper1_data_refresh_20260710/PAPER1_7MODEL_PREDICTION_MANIFEST.tsv
ISG-MDA	MDS	scaffold_cold	7	formal_runs/isg_clean_fixedfinal_20260706/04_formal_runs/MDS/scaffold_cold/seed_7/predictions.tsv	2146	1bc6ffcbd031b6bb270686074019930d6fae104b8fa81c57974add12d8712c5a	"{""0"": 1073, ""1"": 1073}"	"{""0"": 1631, ""1"": 515}"	9.236445386306967e-09	0.9971500039100648	YES		outputs/paper1_data_refresh_20260710/PAPER1_7MODEL_PREDICTION_MANIFEST.tsv
ISG-MDA	MDS	scaffold_cold	8	formal_runs/isg_clean_fixedfinal_20260706/04_formal_runs/MDS/scaffold_cold/seed_8/predictions.tsv	2052	0bd7aeb357dca798602fc9c5b3aee7abf6c6511aa86fe4186aa536f1d1a8c0cf	"{""0"": 1026, ""1"": 1026}"	"{""0"": 1808, ""1"": 244}"	5.517624117601373e-07	0.999333679676056	YES		outputs/paper1_data_refresh_20260710/PAPER1_7MODEL_PREDICTION_MANIFEST.tsv
ISG-MDA	MDS	scaffold_cold	9	formal_runs/isg_clean_fixedfinal_20260706/04_formal_runs/MDS/scaffold_cold/seed_9/predictions.tsv	2446	e929ac61890cce868562db602754d8354acc85e4ed23e851b7f273f693c944bc	"{""0"": 1223, ""1"": 1223}"	"{""0"": 1809, ""1"": 637}"	4.825752739634481e-07	0.999890923500061	YES		outputs/paper1_data_refresh_20260710/PAPER1_7MODEL_PREDICTION_MANIFEST.tsv
ISG-MDA	MDS	scaffold_cold	10	formal_runs/isg_clean_fixedfinal_20260706/04_formal_runs/MDS/scaffold_cold/seed_10/predictions.tsv	2432	c357f3a0680ed7f5bb545f36f3d9f85754e9370cd8e6d5499d5a5ddea20aabb8	"{""0"": 1216, ""1"": 1216}"	"{""0"": 1965, ""1"": 467}"	8.657730887762227e-08	0.9998739957809448	YES		outputs/paper1_data_refresh_20260710/PAPER1_7MODEL_PREDICTION_MANIFEST.tsv
ISG-MDA	MDS	scaffold_cold	11	formal_runs/isg_clean_fixedfinal_20260706/04_formal_runs/MDS/scaffold_cold/seed_11/predictions.tsv	2352	8fc99b71d31ee7b7e312364f33c1ce7107974da8eacfaf6b0f4187fd624c521d	"{""0"": 1176, ""1"": 1176}"	"{""0"": 1897, ""1"": 455}"	6.471318414469353e-08	0.9982765913009644	YES		outputs/paper1_data_refresh_20260710/PAPER1_7MODEL_PREDICTION_MANIFEST.tsv
ISG-MDA	MDS	scaffold_cold	12	formal_runs/isg_clean_fixedfinal_20260706/04_formal_runs/MDS/scaffold_cold/seed_12/predictions.tsv	2032	1aa4d2e15efe7651adb35f5c814cd2d68d0f07681c66ab921b0e72bc03ce12b7	"{""0"": 1016, ""1"": 1016}"	"{""0"": 1235, ""1"": 797}"	1.1968270882789511e-05	0.9996102452278136	YES		outputs/paper1_data_refresh_20260710/PAPER1_7MODEL_PREDICTION_MANIFEST.tsv
ISG-MDA	MDS	scaffold_cold	13	formal_runs/isg_clean_fixedfinal_20260706/04_formal_runs/MDS/scaffold_cold/seed_13/predictions.tsv	2594	4083895cc462e1753356e859be1a7da4647e53b0b37b6faae5757fb2ecfa553b	"{""0"": 1297, ""1"": 1297}"	"{""0"": 2087, ""1"": 507}"	2.5208328224834986e-06	0.999940514564514	YES		outputs/paper1_data_refresh_20260710/PAPER1_7MODEL_PREDICTION_MANIFEST.tsv
ISG-MDA	MDS	scaffold_cold	14	formal_runs/isg_clean_fixedfinal_20260706/04_formal_runs/MDS/scaffold_cold/seed_14/predictions.tsv	2034	5b2d855be10ad20e781e8d1879ad3aae6188ed2f12d63478558ed31496362ccd	"{""0"": 1017, ""1"": 1017}"	"{""0"": 1679, ""1"": 355}"	1.1046799954783635e-06	0.9968975782394408	YES		outputs/paper1_data_refresh_20260710/PAPER1_7MODEL_PREDICTION_MANIFEST.tsv
ISG-MDA	MDS	scaffold_cold	15	formal_runs/isg_clean_fixedfinal_20260706/04_formal_runs/MDS/scaffold_cold/seed_15/predictions.tsv	2676	0796c9d7d1dbddd4b3e30833dbe44170561c484fcace35bf4a3ddcd46caf768a	"{""0"": 1338, ""1"": 1338}"	"{""0"": 2020, ""1"": 656}"	1.1192000783921683e-05	0.999110162258148	YES		outputs/paper1_data_refresh_20260710/PAPER1_7MODEL_PREDICTION_MANIFEST.tsv
ISG-MDA	MDS	scaffold_cold	16	formal_runs/isg_clean_fixedfinal_20260706/04_formal_runs/MDS/scaffold_cold/seed_16/predictions.tsv	2332	9ac9672700a9ab6cab5e7ea1e1cd645b6c2b8bdb7c68e7bc611df11267035f40	"{""0"": 1166, ""1"": 1166}"	"{""0"": 1590, ""1"": 742}"	5.692023137271464e-07	0.9976494908332824	YES		outputs/paper1_data_refresh_20260710/PAPER1_7MODEL_PREDICTION_MANIFEST.tsv
ISG-MDA	MDS	scaffold_cold	17	formal_runs/isg_clean_fixedfinal_20260706/04_formal_runs/MDS/scaffold_cold/seed_17/predictions.tsv	2042	2c6bb4b4f2586adaf3403cc8a3733b063e3ef27f27a32178674d28b32aa6781d	"{""0"": 1021, ""1"": 1021}"	"{""0"": 1924, ""1"": 118}"	1.0200128599535674e-06	0.9578936696052552	YES		outputs/paper1_data_refresh_20260710/PAPER1_7MODEL_PREDICTION_MANIFEST.tsv
ISG-MDA	MDS	scaffold_cold	18	formal_runs/isg_clean_fixedfinal_20260706/04_formal_runs/MDS/scaffold_cold/seed_18/predictions.tsv	2654	abd4b5bede7839b4827c2b7ba1f0d11c195a00de6014f0ea57c98002dd9d0226	"{""0"": 1327, ""1"": 1327}"	"{""0"": 1763, ""1"": 891}"	1.4653242033091374e-06	0.9993337988853453	YES		outputs/paper1_data_refresh_20260710/PAPER1_7MODEL_PREDICTION_MANIFEST.tsv
ISG-MDA	MDS	scaffold_cold	19	formal_runs/isg_clean_fixedfinal_20260706/04_formal_runs/MDS/scaffold_cold/seed_19/predictions.tsv	2402	b68f3258ea24c8c5f64745deb7a3148f34ea996a6146d95e8266d49b096ffd6d	"{""0"": 1201, ""1"": 1201}"	"{""0"": 1878, ""1"": 524}"	3.013549303432228e-06	0.9972737431526184	YES		outputs/paper1_data_refresh_20260710/PAPER1_7MODEL_PREDICTION_MANIFEST.tsv
ISG-MDA	MDS	scaffold_cold	20	formal_runs/isg_clean_fixedfinal_20260706/04_formal_runs/MDS/scaffold_cold/seed_20/predictions.tsv	2344	38c177aa27a2ebda3005f23653ee08f1db93efe2a7f5fce5815450f92e6844f3	"{""0"": 1172, ""1"": 1172}"	"{""0"": 1634, ""1"": 710}"	1.113025116517008e-09	0.9779255390167236	YES		outputs/paper1_data_refresh_20260710/PAPER1_7MODEL_PREDICTION_MANIFEST.tsv
ISG-MDA	MDS	scaffold_cold	21	formal_runs/isg_clean_fixedfinal_20260706/04_formal_runs/MDS/scaffold_cold/seed_21/predictions.tsv	2076	6f9e5aca1b7502d3d19efc9188652edc27b86e224b2753c5b3356aa102ee3eba	"{""0"": 1038, ""1"": 1038}"	"{""0"": 1809, ""1"": 267}"	1.5023038031358735e-06	0.9998005032539368	YES		outputs/paper1_data_refresh_20260710/PAPER1_7MODEL_PREDICTION_MANIFEST.tsv
ISG-MDA	MDS	scaffold_cold	22	formal_runs/isg_clean_fixedfinal_20260706/04_formal_runs/MDS/scaffold_cold/seed_22/predictions.tsv	2028	0558eb6517894fb552d81de21ac23af1ecf21ea7a6b401632353cd62022f730d	"{""0"": 1014, ""1"": 1014}"	"{""0"": 1379, ""1"": 649}"	1.128043777498533e-06	0.9955949187278748	YES		outputs/paper1_data_refresh_20260710/PAPER1_7MODEL_PREDICTION_MANIFEST.tsv
ISG-MDA	MDS	scaffold_cold	23	formal_runs/isg_clean_fixedfinal_20260706/04_formal_runs/MDS/scaffold_cold/seed_23/predictions.tsv	2434	7986d01e5b1a5fdc8582fdc6a3fce37a952c76857dfb00e3a9121188136abf8c	"{""0"": 1217, ""1"": 1217}"	"{""0"": 2071, ""1"": 363}"	3.570106059669343e-07	0.9825504422187804	YES		outputs/paper1_data_refresh_20260710/PAPER1_7MODEL_PREDICTION_MANIFEST.tsv
ISG-MDA	MDS	scaffold_cold	24	formal_runs/isg_clean_fixedfinal_20260706/04_formal_runs/MDS/scaffold_cold/seed_24/predictions.tsv	2174	c8e4a5619086f13cbc18a41cf5716b50426d2038adef38700943ae74cb99068d	"{""0"": 1087, ""1"": 1087}"	"{""0"": 1224, ""1"": 950}"	3.7729921587015274e-06	0.9996871948242188	YES		outputs/paper1_data_refresh_20260710/PAPER1_7MODEL_PREDICTION_MANIFEST.tsv
Bi-SGTAR	Dataset1	random	0	formal_runs/bisgtar_masked_pairloss_fixedfinal_20260706/04_formal_runs/random/seed_0/predictions.tsv	238	9954e2b38840166ee66d230fa1302e68abb9b675cde75105eaa0d9f2f4daba68	"{""0"": 119, ""1"": 119}"	"{""0"": 122, ""1"": 116}"	0.1622031927108764	0.8386738300323486	YES		outputs/paper1_data_refresh_20260710/PAPER1_7MODEL_PREDICTION_MANIFEST.tsv
Bi-SGTAR	Dataset1	random	1	formal_runs/bisgtar_masked_pairloss_fixedfinal_20260706/04_formal_runs/random/seed_1/predictions.tsv	238	de2fb1ddd3bb785e85ceb5e3f04ce3e70673eb17d39cd01add27620b2bf3fab9	"{""0"": 119, ""1"": 119}"	"{""0"": 121, ""1"": 117}"	0.1546281576156616	0.7902476787567139	YES		outputs/paper1_data_refresh_20260710/PAPER1_7MODEL_PREDICTION_MANIFEST.tsv
Bi-SGTAR	Dataset1	random	2	formal_runs/bisgtar_masked_pairloss_fixedfinal_20260706/04_formal_runs/random/seed_2/predictions.tsv	238	a37a669356c75ee42ca4da9e68a01c2fc16e812ea80796a7d2231b718df07dfb	"{""0"": 119, ""1"": 119}"	"{""0"": 124, ""1"": 114}"	0.1971582770347595	0.7871235609054565	YES		outputs/paper1_data_refresh_20260710/PAPER1_7MODEL_PREDICTION_MANIFEST.tsv
Bi-SGTAR	Dataset1	random	3	formal_runs/bisgtar_masked_pairloss_fixedfinal_20260706/04_formal_runs/random/seed_3/predictions.tsv	238	20640ba31a6f26315cdaeb6d96f1dd6fd790847d108869ae910a2c3b03d81e18	"{""0"": 119, ""1"": 119}"	"{""0"": 112, ""1"": 126}"	0.1749294251203537	0.7203494310379028	YES		outputs/paper1_data_refresh_20260710/PAPER1_7MODEL_PREDICTION_MANIFEST.tsv
Bi-SGTAR	Dataset1	random	4	formal_runs/bisgtar_masked_pairloss_fixedfinal_20260706/04_formal_runs/random/seed_4/predictions.tsv	238	3510b88998fcfe7604c4b913c436dee4e4dacac598b8e1648bc01728cb01b0dc	"{""0"": 119, ""1"": 119}"	"{""0"": 115, ""1"": 123}"	0.1713038980960846	0.7519292831420898	YES		outputs/paper1_data_refresh_20260710/PAPER1_7MODEL_PREDICTION_MANIFEST.tsv
Bi-SGTAR	Dataset1	random	5	formal_runs/bisgtar_masked_pairloss_fixedfinal_20260706/04_formal_runs/random/seed_5/predictions.tsv	238	1cdbf786aefd1b9c6719c6b382fb1ae49cd4d5e115e3384b263fc51337aa5d02	"{""0"": 119, ""1"": 119}"	"{""0"": 126, ""1"": 112}"	0.2273720502853393	0.8245376348495483	YES		outputs/paper1_data_refresh_20260710/PAPER1_7MODEL_PREDICTION_MANIFEST.tsv
Bi-SGTAR	Dataset1	random	6	formal_runs/bisgtar_masked_pairloss_fixedfinal_20260706/04_formal_runs/random/seed_6/predictions.tsv	238	2433947f67296cb849a5cdb64b9c493801297e78881f6f2ef5187769c4ad5bb0	"{""0"": 119, ""1"": 119}"	"{""0"": 132, ""1"": 106}"	0.1603038311004638	0.7125362157821655	YES		outputs/paper1_data_refresh_20260710/PAPER1_7MODEL_PREDICTION_MANIFEST.tsv
Bi-SGTAR	Dataset1	random	7	formal_runs/bisgtar_masked_pairloss_fixedfinal_20260706/04_formal_runs/random/seed_7/predictions.tsv	238	392a6663cb0f76b2fde9d0de49c72095377308108e43998c67f1b4c9903e1216	"{""0"": 119, ""1"": 119}"	"{""0"": 128, ""1"": 110}"	0.1209623962640762	0.7119830846786499	YES		outputs/paper1_data_refresh_20260710/PAPER1_7MODEL_PREDICTION_MANIFEST.tsv
Bi-SGTAR	Dataset1	random	8	formal_runs/bisgtar_masked_pairloss_fixedfinal_20260706/04_formal_runs/random/seed_8/predictions.tsv	238	9b1118f9a6d6223f315f802e90a32538e9b361f030603908bb6f5946dbb56f14	"{""0"": 119, ""1"": 119}"	"{""0"": 133, ""1"": 105}"	0.1687631607055664	0.7043519020080566	YES		outputs/paper1_data_refresh_20260710/PAPER1_7MODEL_PREDICTION_MANIFEST.tsv
Bi-SGTAR	Dataset1	random	9	formal_runs/bisgtar_masked_pairloss_fixedfinal_20260706/04_formal_runs/random/seed_9/predictions.tsv	238	46dda21d427ab643d129d77ff6bc5660f666b1d19eb9470cbbb3f92f5516b638	"{""0"": 119, ""1"": 119}"	"{""0"": 126, ""1"": 112}"	0.2155703902244568	0.7638187408447266	YES		outputs/paper1_data_refresh_20260710/PAPER1_7MODEL_PREDICTION_MANIFEST.tsv
Bi-SGTAR	Dataset1	random	10	formal_runs/bisgtar_masked_pairloss_fixedfinal_20260706/04_formal_runs/random/seed_10/predictions.tsv	238	6d00cf535c973ca9c9d11ce72b63b148e0b819a95d03e8948034f8e38b0f4c74	"{""0"": 119, ""1"": 119}"	"{""0"": 102, ""1"": 136}"	0.2090339511632919	0.6995279788970947	YES		outputs/paper1_data_refresh_20260710/PAPER1_7MODEL_PREDICTION_MANIFEST.tsv
Bi-SGTAR	Dataset1	random	11	formal_runs/bisgtar_masked_pairloss_fixedfinal_20260706/04_formal_runs/random/seed_11/predictions.tsv	238	d8eaa07102f6380de65baa8188e9627e7b3283fe5989ba34419fef886d6a225a	"{""0"": 119, ""1"": 119}"	"{""0"": 118, ""1"": 120}"	0.2311507165431976	0.8506866693496704	YES		outputs/paper1_data_refresh_20260710/PAPER1_7MODEL_PREDICTION_MANIFEST.tsv
Bi-SGTAR	Dataset1	random	12	formal_runs/bisgtar_masked_pairloss_fixedfinal_20260706/04_formal_runs/random/seed_12/predictions.tsv	238	cc9a139550c1bafb603861a6de121b98a3b8fc5c0b940db14b99aeccca38c7ae	"{""0"": 119, ""1"": 119}"	"{""0"": 113, ""1"": 125}"	0.2036772668361663	0.7135807275772095	YES		outputs/paper1_data_refresh_20260710/PAPER1_7MODEL_PREDICTION_MANIFEST.tsv
Bi-SGTAR	Dataset1	random	13	formal_runs/bisgtar_masked_pairloss_fixedfinal_20260706/04_formal_runs/random/seed_13/predictions.tsv	238	3b4488d4f8ba92cbd62403082da1f3e4fe351735f28bf90c5d8fc8346c601f6a	"{""0"": 119, ""1"": 119}"	"{""0"": 101, ""1"": 137}"	0.1792565584182739	0.7234271764755249	YES		outputs/paper1_data_refresh_20260710/PAPER1_7MODEL_PREDICTION_MANIFEST.tsv
Bi-SGTAR	Dataset1	random	14	formal_runs/bisgtar_masked_pairloss_fixedfinal_20260706/04_formal_runs/random/seed_14/predictions.tsv	238	a79732daa37a6762c3ff62dfceda062a9265e22515b05276a6a57acbd4730238	"{""0"": 119, ""1"": 119}"	"{""0"": 124, ""1"": 114}"	0.1818680614233017	0.8907159566879272	YES		outputs/paper1_data_refresh_20260710/PAPER1_7MODEL_PREDICTION_MANIFEST.tsv
Bi-SGTAR	Dataset1	random	15	formal_runs/bisgtar_masked_pairloss_fixedfinal_20260706/04_formal_runs/random/seed_15/predictions.tsv	238	5ac1329287c5f6f191cafac6829c00b5168fb07f13b25bf49d25779be8bd1872	"{""0"": 119, ""1"": 119}"	"{""0"": 117, ""1"": 121}"	0.2305652797222137	0.7280929088592529	YES		outputs/paper1_data_refresh_20260710/PAPER1_7MODEL_PREDICTION_MANIFEST.tsv
Bi-SGTAR	Dataset1	random	16	formal_runs/bisgtar_masked_pairloss_fixedfinal_20260706/04_formal_runs/random/seed_16/predictions.tsv	238	c71013cf21da72160bd2356fb53d44ec6c63325e3360afa089b4057d53ed335e	"{""0"": 119, ""1"": 119}"	"{""0"": 129, ""1"": 109}"	0.0851614475250244	0.8244975805282593	YES		outputs/paper1_data_refresh_20260710/PAPER1_7MODEL_PREDICTION_MANIFEST.tsv
Bi-SGTAR	Dataset1	random	17	formal_runs/bisgtar_masked_pairloss_fixedfinal_20260706/04_formal_runs/random/seed_17/predictions.tsv	238	7a90104d1b798fa2b5bdb62d55b6e42c0a9a56bd10184c5563f08a8196c266e3	"{""0"": 119, ""1"": 119}"	"{""0"": 118, ""1"": 120}"	0.1534314155578613	0.8388017416000366	YES		outputs/paper1_data_refresh_20260710/PAPER1_7MODEL_PREDICTION_MANIFEST.tsv
Bi-SGTAR	Dataset1	random	18	formal_runs/bisgtar_masked_pairloss_fixedfinal_20260706/04_formal_runs/random/seed_18/predictions.tsv	238	89ba80915cbeb149f1a743d4d9bcfadc36f15592c3e364510ee6852e267ca992	"{""0"": 119, ""1"": 119}"	"{""0"": 113, ""1"": 125}"	0.065563678741455	0.8675726652145386	YES		outputs/paper1_data_refresh_20260710/PAPER1_7MODEL_PREDICTION_MANIFEST.tsv
Bi-SGTAR	Dataset1	random	19	formal_runs/bisgtar_masked_pairloss_fixedfinal_20260706/04_formal_runs/random/seed_19/predictions.tsv	238	3a7fa2ccc962176b1ec07a463604018689edbab750cf54d51c825e4d767c3bd4	"{""0"": 119, ""1"": 119}"	"{""0"": 135, ""1"": 103}"	0.2557067275047302	0.8964338302612305	YES		outputs/paper1_data_refresh_20260710/PAPER1_7MODEL_PREDICTION_MANIFEST.tsv
Bi-SGTAR	Dataset1	random	20	formal_runs/bisgtar_masked_pairloss_fixedfinal_20260706/04_formal_runs/random/seed_20/predictions.tsv	238	db46885eab104bbc70c4838d1bf952211a10864f0f5afec085d3afeb398ffd65	"{""0"": 119, ""1"": 119}"	"{""0"": 130, ""1"": 108}"	0.1663922816514969	0.8818360567092896	YES		outputs/paper1_data_refresh_20260710/PAPER1_7MODEL_PREDICTION_MANIFEST.tsv
Bi-SGTAR	Dataset1	random	21	formal_runs/bisgtar_masked_pairloss_fixedfinal_20260706/04_formal_runs/random/seed_21/predictions.tsv	238	91311f0dbc6d89af0ef14640fc9558075237f6cf406db44872813d111bbb7e64	"{""0"": 119, ""1"": 119}"	"{""0"": 136, ""1"": 102}"	0.1903741806745529	0.7758111953735352	YES		outputs/paper1_data_refresh_20260710/PAPER1_7MODEL_PREDICTION_MANIFEST.tsv
Bi-SGTAR	Dataset1	random	22	formal_runs/bisgtar_masked_pairloss_fixedfinal_20260706/04_formal_runs/random/seed_22/predictions.tsv	238	d7e7f6b969424f85c17e6522ada52d4ed6a27b4e97d06c9b00a05b090a036fbd	"{""0"": 119, ""1"": 119}"	"{""0"": 105, ""1"": 133}"	0.2413123995065689	0.800679087638855	YES		outputs/paper1_data_refresh_20260710/PAPER1_7MODEL_PREDICTION_MANIFEST.tsv
Bi-SGTAR	Dataset1	random	23	formal_runs/bisgtar_masked_pairloss_fixedfinal_20260706/04_formal_runs/random/seed_23/predictions.tsv	238	cc2509de303c12b8a71889381b16028b4c547e1c185a56776df2caf8a0f61953	"{""0"": 119, ""1"": 119}"	"{""0"": 120, ""1"": 118}"	0.2004178166389465	0.8462604284286499	YES		outputs/paper1_data_refresh_20260710/PAPER1_7MODEL_PREDICTION_MANIFEST.tsv
Bi-SGTAR	Dataset1	random	24	formal_runs/bisgtar_masked_pairloss_fixedfinal_20260706/04_formal_runs/random/seed_24/predictions.tsv	238	fb4cf544abe786f26ee876152ec5b667677a890337f4b4ff84ec16101c060788	"{""0"": 119, ""1"": 119}"	"{""0"": 128, ""1"": 110}"	0.1601637452840805	0.6927294135093689	YES		outputs/paper1_data_refresh_20260710/PAPER1_7MODEL_PREDICTION_MANIFEST.tsv
Bi-SGTAR	Dataset1	circrna_cold	0	formal_runs/bisgtar_masked_pairloss_fixedfinal_20260706/04_formal_runs/circrna_cold/seed_0/predictions.tsv	236	98140040399a5ef0660376acd8aa9cbd6889424a3edae516fc3bd11a1356ae69	"{""0"": 118, ""1"": 118}"	"{""0"": 111, ""1"": 125}"	0.4678261578083038	0.5407726764678955	YES		outputs/paper1_data_refresh_20260710/PAPER1_7MODEL_PREDICTION_MANIFEST.tsv
Bi-SGTAR	Dataset1	circrna_cold	1	formal_runs/bisgtar_masked_pairloss_fixedfinal_20260706/04_formal_runs/circrna_cold/seed_1/predictions.tsv	224	c9a0ac0f0badb81ce9dda148f0a83ae518a1658921715a74c7f6245c92cda75f	"{""0"": 112, ""1"": 112}"	"{""0"": 115, ""1"": 109}"	0.4671410918235779	0.5338665843009949	YES		outputs/paper1_data_refresh_20260710/PAPER1_7MODEL_PREDICTION_MANIFEST.tsv
Bi-SGTAR	Dataset1	circrna_cold	2	formal_runs/bisgtar_masked_pairloss_fixedfinal_20260706/04_formal_runs/circrna_cold/seed_2/predictions.tsv	228	93bbe5fa6f773e75a8d47c8cf07afd84520de8f1015de283bfdba1b496442d7a	"{""0"": 114, ""1"": 114}"	"{""0"": 106, ""1"": 122}"	0.4745588004589081	0.5215034484863281	YES		outputs/paper1_data_refresh_20260710/PAPER1_7MODEL_PREDICTION_MANIFEST.tsv
Bi-SGTAR	Dataset1	circrna_cold	3	formal_runs/bisgtar_masked_pairloss_fixedfinal_20260706/04_formal_runs/circrna_cold/seed_3/predictions.tsv	238	c3ff3ac1c33225b01575fdbe27b33fa57439c23312780174a2f8a7d86d6cf212	"{""0"": 119, ""1"": 119}"	"{""0"": 131, ""1"": 107}"	0.471882164478302	0.5354933738708496	YES		outputs/paper1_data_refresh_20260710/PAPER1_7MODEL_PREDICTION_MANIFEST.tsv
Bi-SGTAR	Dataset1	circrna_cold	4	formal_runs/bisgtar_masked_pairloss_fixedfinal_20260706/04_formal_runs/circrna_cold/seed_4/predictions.tsv	244	84a5d04f7b1a816ee60a3d776e5c4ae513eedc8a0b54252be2df70bce55b896c	"{""0"": 122, ""1"": 122}"	"{""0"": 118, ""1"": 126}"	0.4663889110088348	0.5318548679351807	YES		outputs/paper1_data_refresh_20260710/PAPER1_7MODEL_PREDICTION_MANIFEST.tsv
Bi-SGTAR	Dataset1	circrna_cold	5	formal_runs/bisgtar_masked_pairloss_fixedfinal_20260706/04_formal_runs/circrna_cold/seed_5/predictions.tsv	226	4d59b9e22cb6723814c3ee8d9a41f5dfefa02e3eeb3d8a8d77ae133aafcb19ec	"{""0"": 113, ""1"": 113}"	"{""0"": 100, ""1"": 126}"	0.4662337899208069	0.5337330102920532	YES		outputs/paper1_data_refresh_20260710/PAPER1_7MODEL_PREDICTION_MANIFEST.tsv
Bi-SGTAR	Dataset1	circrna_cold	6	formal_runs/bisgtar_masked_pairloss_fixedfinal_20260706/04_formal_runs/circrna_cold/seed_6/predictions.tsv	246	13ddaaae68fb219af29a641d8fb1b2e59a8ca9a419df852cc07ae38e861dbdea	"{""0"": 123, ""1"": 123}"	"{""0"": 122, ""1"": 124}"	0.4755117297172546	0.5273916721343994	YES		outputs/paper1_data_refresh_20260710/PAPER1_7MODEL_PREDICTION_MANIFEST.tsv
Bi-SGTAR	Dataset1	circrna_cold	7	formal_runs/bisgtar_masked_pairloss_fixedfinal_20260706/04_formal_runs/circrna_cold/seed_7/predictions.tsv	226	4aaf5041b233ba2a56df22400389e5bfc068c3de8b44f141e11a10026e0172fc	"{""0"": 113, ""1"": 113}"	"{""0"": 113, ""1"": 113}"	0.4700260162353515	0.523953378200531	YES		outputs/paper1_data_refresh_20260710/PAPER1_7MODEL_PREDICTION_MANIFEST.tsv
Bi-SGTAR	Dataset1	circrna_cold	8	formal_runs/bisgtar_masked_pairloss_fixedfinal_20260706/04_formal_runs/circrna_cold/seed_8/predictions.tsv	250	eb3de275de6a6484c45d264c73729e2c7066a1584b6d40a6e2c9f16138c2e83a	"{""0"": 125, ""1"": 125}"	"{""0"": 122, ""1"": 128}"	0.4677474498748779	0.5226129293441772	YES		outputs/paper1_data_refresh_20260710/PAPER1_7MODEL_PREDICTION_MANIFEST.tsv
Bi-SGTAR	Dataset1	circrna_cold	9	formal_runs/bisgtar_masked_pairloss_fixedfinal_20260706/04_formal_runs/circrna_cold/seed_9/predictions.tsv	228	ac80ee195db06d1893e1cc243cd5e32d6d35232edd6247cac3a0e9320384f8a7	"{""0"": 114, ""1"": 114}"	"{""0"": 104, ""1"": 124}"	0.4702218770980835	0.5259416699409485	YES		outputs/paper1_data_refresh_20260710/PAPER1_7MODEL_PREDICTION_MANIFEST.tsv
Bi-SGTAR	Dataset1	circrna_cold	10	formal_runs/bisgtar_masked_pairloss_fixedfinal_20260706/04_formal_runs/circrna_cold/seed_10/predictions.tsv	234	0ba3a1b4305fe32e15e82c0d4dce5f5fabb310ee2c3a173769d58dc95567b48c	"{""0"": 117, ""1"": 117}"	"{""0"": 117, ""1"": 117}"	0.4744129776954651	0.5289283990859985	YES		outputs/paper1_data_refresh_20260710/PAPER1_7MODEL_PREDICTION_MANIFEST.tsv
Bi-SGTAR	Dataset1	circrna_cold	11	formal_runs/bisgtar_masked_pairloss_fixedfinal_20260706/04_formal_runs/circrna_cold/seed_11/predictions.tsv	238	4aef2df66d1f97569dede9617560dfb3c4adad3e44fc9b8dd46b2f42ff7dfa39	"{""0"": 119, ""1"": 119}"	"{""0"": 114, ""1"": 124}"	0.4747059643268585	0.5317199230194092	YES		outputs/paper1_data_refresh_20260710/PAPER1_7MODEL_PREDICTION_MANIFEST.tsv
Bi-SGTAR	Dataset1	circrna_cold	12	formal_runs/bisgtar_masked_pairloss_fixedfinal_20260706/04_formal_runs/circrna_cold/seed_12/predictions.tsv	244	b1548862dc537adb7b86e336c17798a6ebcb246c156f1ca8d01c02838ddeab6e	"{""0"": 122, ""1"": 122}"	"{""0"": 105, ""1"": 139}"	0.4648109078407287	0.5298032760620117	YES		outputs/paper1_data_refresh_20260710/PAPER1_7MODEL_PREDICTION_MANIFEST.tsv
Bi-SGTAR	Dataset1	circrna_cold	13	formal_runs/bisgtar_masked_pairloss_fixedfinal_20260706/04_formal_runs/circrna_cold/seed_13/predictions.tsv	246	59eb330f529ff9819d7896a2678bbd54e71b35e12ab12b5e2a7e3d65a1f08cdd	"{""0"": 123, ""1"": 123}"	"{""0"": 126, ""1"": 120}"	0.4650953412055969	0.5305217504501343	YES		outputs/paper1_data_refresh_20260710/PAPER1_7MODEL_PREDICTION_MANIFEST.tsv
Bi-SGTAR	Dataset1	circrna_cold	14	formal_runs/bisgtar_masked_pairloss_fixedfinal_20260706/04_formal_runs/circrna_cold/seed_14/predictions.tsv	252	572854f1bef334d9fb5bbe80d8cb9699c6691df5b0af666c20a23714a59c97c1	"{""0"": 126, ""1"": 126}"	"{""0"": 114, ""1"": 138}"	0.4707458317279815	0.5252697467803955	YES		outputs/paper1_data_refresh_20260710/PAPER1_7MODEL_PREDICTION_MANIFEST.tsv
Bi-SGTAR	Dataset1	circrna_cold	15	formal_runs/bisgtar_masked_pairloss_fixedfinal_20260706/04_formal_runs/circrna_cold/seed_15/predictions.tsv	232	072e04e7ed9f465a8c6200bfd7497ca34327755d67f6dec93c2b772e3bce8ebd	"{""0"": 116, ""1"": 116}"	"{""0"": 102, ""1"": 130}"	0.4631462693214416	0.5311329364776611	YES		outputs/paper1_data_refresh_20260710/PAPER1_7MODEL_PREDICTION_MANIFEST.tsv
Bi-SGTAR	Dataset1	circrna_cold	16	formal_runs/bisgtar_masked_pairloss_fixedfinal_20260706/04_formal_runs/circrna_cold/seed_16/predictions.tsv	238	e664c731fb3e7d09daf22455f801e2fd9bfee1939afda43495e9bec56f22fc9e	"{""0"": 119, ""1"": 119}"	"{""0"": 109, ""1"": 129}"	0.4704591631889343	0.5330272316932678	YES		outputs/paper1_data_refresh_20260710/PAPER1_7MODEL_PREDICTION_MANIFEST.tsv
Bi-SGTAR	Dataset1	circrna_cold	17	formal_runs/bisgtar_masked_pairloss_fixedfinal_20260706/04_formal_runs/circrna_cold/seed_17/predictions.tsv	256	765f7c97fd48d35577e5a55770a1318b9acb74ce1c32e39ba4be24a72153700b	"{""0"": 128, ""1"": 128}"	"{""0"": 113, ""1"": 143}"	0.4737900197505951	0.5291051864624023	YES		outputs/paper1_data_refresh_20260710/PAPER1_7MODEL_PREDICTION_MANIFEST.tsv
Bi-SGTAR	Dataset1	circrna_cold	18	formal_runs/bisgtar_masked_pairloss_fixedfinal_20260706/04_formal_runs/circrna_cold/seed_18/predictions.tsv	246	6151d94635fc0dd8a8226dfbf3ddea01682f86baa32288460914a9cbdf0c083f	"{""0"": 123, ""1"": 123}"	"{""0"": 118, ""1"": 128}"	0.462892472743988	0.5260114669799805	YES		outputs/paper1_data_refresh_20260710/PAPER1_7MODEL_PREDICTION_MANIFEST.tsv
Bi-SGTAR	Dataset1	circrna_cold	19	formal_runs/bisgtar_masked_pairloss_fixedfinal_20260706/04_formal_runs/circrna_cold/seed_19/predictions.tsv	230	607a6c6da39478da586623f3ebffbadf6038f3b7cd481ad00c6c24ce267ebcd3	"{""0"": 115, ""1"": 115}"	"{""0"": 109, ""1"": 121}"	0.4663926959037781	0.5238063335418701	YES		outputs/paper1_data_refresh_20260710/PAPER1_7MODEL_PREDICTION_MANIFEST.tsv
Bi-SGTAR	Dataset1	circrna_cold	20	formal_runs/bisgtar_masked_pairloss_fixedfinal_20260706/04_formal_runs/circrna_cold/seed_20/predictions.tsv	228	463c350ece6a2c932d4a915f1b3bb54dd3863e954d2cd9bbc4dd9df4c19e9caf	"{""0"": 114, ""1"": 114}"	"{""0"": 103, ""1"": 125}"	0.4733962714672088	0.5306456089019775	YES		outputs/paper1_data_refresh_20260710/PAPER1_7MODEL_PREDICTION_MANIFEST.tsv
Bi-SGTAR	Dataset1	circrna_cold	21	formal_runs/bisgtar_masked_pairloss_fixedfinal_20260706/04_formal_runs/circrna_cold/seed_21/predictions.tsv	256	0592092e5daf58ff027e97f1805a1d455514e35c3a801ab083a1c66b2171949f	"{""0"": 128, ""1"": 128}"	"{""0"": 113, ""1"": 143}"	0.4582064151763916	0.5423535108566284	YES		outputs/paper1_data_refresh_20260710/PAPER1_7MODEL_PREDICTION_MANIFEST.tsv
Bi-SGTAR	Dataset1	circrna_cold	22	formal_runs/bisgtar_masked_pairloss_fixedfinal_20260706/04_formal_runs/circrna_cold/seed_22/predictions.tsv	224	7b1e830e2136571873752dbe0c2c0384580df004473c5938b3d94d41a62047cf	"{""0"": 112, ""1"": 112}"	"{""0"": 105, ""1"": 119}"	0.4736480116844177	0.534054160118103	YES		outputs/paper1_data_refresh_20260710/PAPER1_7MODEL_PREDICTION_MANIFEST.tsv
Bi-SGTAR	Dataset1	circrna_cold	23	formal_runs/bisgtar_masked_pairloss_fixedfinal_20260706/04_formal_runs/circrna_cold/seed_23/predictions.tsv	226	7c65c11f825069979c5adfd9dc29e3cb3d9a2fd7096f7d0b2579034cd5fdb7a2	"{""0"": 113, ""1"": 113}"	"{""0"": 97, ""1"": 129}"	0.4722288846969604	0.5248888731002808	YES		outputs/paper1_data_refresh_20260710/PAPER1_7MODEL_PREDICTION_MANIFEST.tsv
Bi-SGTAR	Dataset1	circrna_cold	24	formal_runs/bisgtar_masked_pairloss_fixedfinal_20260706/04_formal_runs/circrna_cold/seed_24/predictions.tsv	242	0137111c81d38f3290945971c594bb030854f66b0915b66bbf3f05f03c82d07f	"{""0"": 121, ""1"": 121}"	"{""0"": 109, ""1"": 133}"	0.4686651229858398	0.5283262729644775	YES		outputs/paper1_data_refresh_20260710/PAPER1_7MODEL_PREDICTION_MANIFEST.tsv
Bi-SGTAR	Dataset1	disease_cold	0	formal_runs/bisgtar_masked_pairloss_fixedfinal_20260706/04_formal_runs/disease_cold/seed_0/predictions.tsv	438	060cb57eb9242e6995ddbdb0b15efe984a489f622024eee763921cec95e8cb83	"{""0"": 219, ""1"": 219}"	"{""0"": 84, ""1"": 354}"	0.4874152541160583	0.5158270597457886	YES		outputs/paper1_data_refresh_20260710/PAPER1_7MODEL_PREDICTION_MANIFEST.tsv
Bi-SGTAR	Dataset1	disease_cold	1	formal_runs/bisgtar_masked_pairloss_fixedfinal_20260706/04_formal_runs/disease_cold/seed_1/predictions.tsv	302	b26b3383828e5ba46c72c9ac9ffcae34b15f527bf83511a8c8ffc7beb33e0d84	"{""0"": 151, ""1"": 151}"	"{""0"": 67, ""1"": 235}"	0.4888875484466553	0.5229367017745972	YES		outputs/paper1_data_refresh_20260710/PAPER1_7MODEL_PREDICTION_MANIFEST.tsv
Bi-SGTAR	Dataset1	disease_cold	2	formal_runs/bisgtar_masked_pairloss_fixedfinal_20260706/04_formal_runs/disease_cold/seed_2/predictions.tsv	272	fd6e7033fe010768024fed802ccbf141517b03d9bec8096282300616c70e5659	"{""0"": 136, ""1"": 136}"	"{""0"": 73, ""1"": 199}"	0.4875961542129516	0.5137796401977539	YES		outputs/paper1_data_refresh_20260710/PAPER1_7MODEL_PREDICTION_MANIFEST.tsv
Bi-SGTAR	Dataset1	disease_cold	3	formal_runs/bisgtar_masked_pairloss_fixedfinal_20260706/04_formal_runs/disease_cold/seed_3/predictions.tsv	200	e8149b93482fcbeb98cad840da85f02bb996cdf96c3329d75ca4133040c75d41	"{""0"": 100, ""1"": 100}"	"{""0"": 50, ""1"": 150}"	0.474908709526062	0.5181071758270264	YES		outputs/paper1_data_refresh_20260710/PAPER1_7MODEL_PREDICTION_MANIFEST.tsv
Bi-SGTAR	Dataset1	disease_cold	4	formal_runs/bisgtar_masked_pairloss_fixedfinal_20260706/04_formal_runs/disease_cold/seed_4/predictions.tsv	202	2e0db4f9c9c5cc11ee610a78c8dc880e755bf90f86f661762901013f0d276ec5	"{""0"": 101, ""1"": 101}"	"{""0"": 38, ""1"": 164}"	0.4836292564868927	0.5161819458007812	YES		outputs/paper1_data_refresh_20260710/PAPER1_7MODEL_PREDICTION_MANIFEST.tsv
Bi-SGTAR	Dataset1	disease_cold	5	formal_runs/bisgtar_masked_pairloss_fixedfinal_20260706/04_formal_runs/disease_cold/seed_5/predictions.tsv	256	b9322d2a30529d14ca161eea82a7cbe0618e19e3ff50f0e88bf3ba45d204b899	"{""0"": 128, ""1"": 128}"	"{""0"": 43, ""1"": 213}"	0.4830974340438843	0.5180056095123291	YES		outputs/paper1_data_refresh_20260710/PAPER1_7MODEL_PREDICTION_MANIFEST.tsv
Bi-SGTAR	Dataset1	disease_cold	6	formal_runs/bisgtar_masked_pairloss_fixedfinal_20260706/04_formal_runs/disease_cold/seed_6/predictions.tsv	236	01eec7fa8955e1372be3cd6ae75b7a10906d2ff4c7eb0f488cae5f19bb4f3df0	"{""0"": 118, ""1"": 118}"	"{""0"": 63, ""1"": 173}"	0.4770020842552185	0.5184752345085144	YES		outputs/paper1_data_refresh_20260710/PAPER1_7MODEL_PREDICTION_MANIFEST.tsv
Bi-SGTAR	Dataset1	disease_cold	7	formal_runs/bisgtar_masked_pairloss_fixedfinal_20260706/04_formal_runs/disease_cold/seed_7/predictions.tsv	260	779f39af56c7ac1d612724cabe606cb3c9670bdc8558f391cf92fec540fd81ee	"{""0"": 130, ""1"": 130}"	"{""0"": 66, ""1"": 194}"	0.4735663533210754	0.5174318552017212	YES		outputs/paper1_data_refresh_20260710/PAPER1_7MODEL_PREDICTION_MANIFEST.tsv
Bi-SGTAR	Dataset1	disease_cold	8	formal_runs/bisgtar_masked_pairloss_fixedfinal_20260706/04_formal_runs/disease_cold/seed_8/predictions.tsv	152	406c5471fa1fef1a741fa78eb68779cfac4e48a9392b9f17fd06d1f462a6494d	"{""0"": 76, ""1"": 76}"	"{""0"": 32, ""1"": 120}"	0.4834029674530029	0.5132426023483276	YES		outputs/paper1_data_refresh_20260710/PAPER1_7MODEL_PREDICTION_MANIFEST.tsv
Bi-SGTAR	Dataset1	disease_cold	9	formal_runs/bisgtar_masked_pairloss_fixedfinal_20260706/04_formal_runs/disease_cold/seed_9/predictions.tsv	210	2a04f8125f035e09064c669ca4d599a6926e7cbe7c4b268f4722da7d96ca1da0	"{""0"": 105, ""1"": 105}"	"{""0"": 51, ""1"": 159}"	0.4870301187038421	0.5143206119537354	YES		outputs/paper1_data_refresh_20260710/PAPER1_7MODEL_PREDICTION_MANIFEST.tsv
Bi-SGTAR	Dataset1	disease_cold	10	formal_runs/bisgtar_masked_pairloss_fixedfinal_20260706/04_formal_runs/disease_cold/seed_10/predictions.tsv	286	661b5e25a7ba9365c765e73a7a4121935ca44cbc354e39e142a012bcfdf29ebf	"{""0"": 143, ""1"": 143}"	"{""0"": 74, ""1"": 212}"	0.4834325015544891	0.516981840133667	YES		outputs/paper1_data_refresh_20260710/PAPER1_7MODEL_PREDICTION_MANIFEST.tsv
Bi-SGTAR	Dataset1	disease_cold	11	formal_runs/bisgtar_masked_pairloss_fixedfinal_20260706/04_formal_runs/disease_cold/seed_11/predictions.tsv	184	798efa587f16b128ef4a36d1d03f416e69fb83c31012255a9c826d5adabbfad8	"{""0"": 92, ""1"": 92}"	"{""0"": 56, ""1"": 128}"	0.4837275743484497	0.5212477445602417	YES		outputs/paper1_data_refresh_20260710/PAPER1_7MODEL_PREDICTION_MANIFEST.tsv
Bi-SGTAR	Dataset1	disease_cold	12	formal_runs/bisgtar_masked_pairloss_fixedfinal_20260706/04_formal_runs/disease_cold/seed_12/predictions.tsv	232	04f27545fd2d3e8716d797a570fea0f673b29bd0a4f2248cf74b88baa0fcd324	"{""0"": 116, ""1"": 116}"	"{""0"": 43, ""1"": 189}"	0.485934317111969	0.5111616849899292	YES		outputs/paper1_data_refresh_20260710/PAPER1_7MODEL_PREDICTION_MANIFEST.tsv
Bi-SGTAR	Dataset1	disease_cold	13	formal_runs/bisgtar_masked_pairloss_fixedfinal_20260706/04_formal_runs/disease_cold/seed_13/predictions.tsv	206	447b2f46325768ded86237ead84daf315fc039a867a26700158386284f43ed6a	"{""0"": 103, ""1"": 103}"	"{""0"": 41, ""1"": 165}"	0.4900922477245331	0.5129724144935608	YES		outputs/paper1_data_refresh_20260710/PAPER1_7MODEL_PREDICTION_MANIFEST.tsv
Bi-SGTAR	Dataset1	disease_cold	14	formal_runs/bisgtar_masked_pairloss_fixedfinal_20260706/04_formal_runs/disease_cold/seed_14/predictions.tsv	216	629d3d7fcd2e05f57013c1b708d68612b03b48013f8c0d8c2d47af8c8b3cb0c1	"{""0"": 108, ""1"": 108}"	"{""0"": 53, ""1"": 163}"	0.4833213686943054	0.5228027105331421	YES		outputs/paper1_data_refresh_20260710/PAPER1_7MODEL_PREDICTION_MANIFEST.tsv
Bi-SGTAR	Dataset1	disease_cold	15	formal_runs/bisgtar_masked_pairloss_fixedfinal_20260706/04_formal_runs/disease_cold/seed_15/predictions.tsv	286	6cb82f5c889fe8c6a24dcebe9ef94e14a4b0d754111e5b4ec060c0605a792be2	"{""0"": 143, ""1"": 143}"	"{""0"": 57, ""1"": 229}"	0.4890511035919189	0.5134941935539246	YES		outputs/paper1_data_refresh_20260710/PAPER1_7MODEL_PREDICTION_MANIFEST.tsv
Bi-SGTAR	Dataset1	disease_cold	16	formal_runs/bisgtar_masked_pairloss_fixedfinal_20260706/04_formal_runs/disease_cold/seed_16/predictions.tsv	202	996e8813f7100003f4ce592417571e60c007907ef1dc2496eea97431c8e0cc7b	"{""0"": 101, ""1"": 101}"	"{""0"": 53, ""1"": 149}"	0.4873515963554382	0.5157256126403809	YES		outputs/paper1_data_refresh_20260710/PAPER1_7MODEL_PREDICTION_MANIFEST.tsv
Bi-SGTAR	Dataset1	disease_cold	17	formal_runs/bisgtar_masked_pairloss_fixedfinal_20260706/04_formal_runs/disease_cold/seed_17/predictions.tsv	256	179f635d31bdc5aa75786805a3a0aa2ea9d1ea541c39e011a2614306ce3ee5d6	"{""0"": 128, ""1"": 128}"	"{""0"": 60, ""1"": 196}"	0.4813562035560608	0.5182544589042664	YES		outputs/paper1_data_refresh_20260710/PAPER1_7MODEL_PREDICTION_MANIFEST.tsv
Bi-SGTAR	Dataset1	disease_cold	18	formal_runs/bisgtar_masked_pairloss_fixedfinal_20260706/04_formal_runs/disease_cold/seed_18/predictions.tsv	274	58a11ef7d78c1b558addd1edf18d3ffc724560c47f9c205639fbe99761455f58	"{""0"": 137, ""1"": 137}"	"{""0"": 58, ""1"": 216}"	0.4836478233337402	0.5110881328582764	YES		outputs/paper1_data_refresh_20260710/PAPER1_7MODEL_PREDICTION_MANIFEST.tsv
Bi-SGTAR	Dataset1	disease_cold	19	formal_runs/bisgtar_masked_pairloss_fixedfinal_20260706/04_formal_runs/disease_cold/seed_19/predictions.tsv	192	977aac3f2785f56bf9f50844a897ad201e0295430121b5ee94552207b4481497	"{""0"": 96, ""1"": 96}"	"{""0"": 44, ""1"": 148}"	0.480241060256958	0.5264632701873779	YES		outputs/paper1_data_refresh_20260710/PAPER1_7MODEL_PREDICTION_MANIFEST.tsv
Bi-SGTAR	Dataset1	disease_cold	20	formal_runs/bisgtar_masked_pairloss_fixedfinal_20260706/04_formal_runs/disease_cold/seed_20/predictions.tsv	286	dae7f165d186d96ffd63073a7c2c07a40c9846ff335189157861d23d816ab90a	"{""0"": 143, ""1"": 143}"	"{""0"": 72, ""1"": 214}"	0.4829358458518982	0.5156787633895874	YES		outputs/paper1_data_refresh_20260710/PAPER1_7MODEL_PREDICTION_MANIFEST.tsv
Bi-SGTAR	Dataset1	disease_cold	21	formal_runs/bisgtar_masked_pairloss_fixedfinal_20260706/04_formal_runs/disease_cold/seed_21/predictions.tsv	168	b15391b100dd7c7d5ac8319049d082064536418868a8f2e3d2cab3c051bace91	"{""0"": 84, ""1"": 84}"	"{""0"": 52, ""1"": 116}"	0.4818799495697021	0.5161480903625488	YES		outputs/paper1_data_refresh_20260710/PAPER1_7MODEL_PREDICTION_MANIFEST.tsv
Bi-SGTAR	Dataset1	disease_cold	22	formal_runs/bisgtar_masked_pairloss_fixedfinal_20260706/04_formal_runs/disease_cold/seed_22/predictions.tsv	262	8e6445b8abdd0edba3a42074367e84a2fce844bbdd56dd7cce52122108d97b87	"{""0"": 131, ""1"": 131}"	"{""0"": 63, ""1"": 199}"	0.4818313121795654	0.5219305157661438	YES		outputs/paper1_data_refresh_20260710/PAPER1_7MODEL_PREDICTION_MANIFEST.tsv
Bi-SGTAR	Dataset1	disease_cold	23	formal_runs/bisgtar_masked_pairloss_fixedfinal_20260706/04_formal_runs/disease_cold/seed_23/predictions.tsv	290	9d59033b658a03baf9d66575b0f17fe32e44382bda2fd79574e1ab79fbeab0f4	"{""0"": 145, ""1"": 145}"	"{""0"": 79, ""1"": 211}"	0.4836136400699615	0.5160612463951111	YES		outputs/paper1_data_refresh_20260710/PAPER1_7MODEL_PREDICTION_MANIFEST.tsv
Bi-SGTAR	Dataset1	disease_cold	24	formal_runs/bisgtar_masked_pairloss_fixedfinal_20260706/04_formal_runs/disease_cold/seed_24/predictions.tsv	308	079657135a62d7a2ac96b7aecc8a06ed88b088a77b6dc0164ffd05f1e9981b74	"{""0"": 154, ""1"": 154}"	"{""0"": 67, ""1"": 241}"	0.4845660328865051	0.521587610244751	YES		outputs/paper1_data_refresh_20260710/PAPER1_7MODEL_PREDICTION_MANIFEST.tsv
Bi-SGTAR	Dataset1	strict_cold	0	formal_runs/bisgtar_masked_pairloss_fixedfinal_20260706/04_formal_runs/strict_cold/seed_0/predictions.tsv	60	538a679e8fd17d0b50819b8f92bea9443e8118758fa4c880850022d322a9c500	"{""0"": 30, ""1"": 30}"	"{""1"": 60}"	0.5	0.5	YES		outputs/paper1_data_refresh_20260710/PAPER1_7MODEL_PREDICTION_MANIFEST.tsv
Bi-SGTAR	Dataset1	strict_cold	1	formal_runs/bisgtar_masked_pairloss_fixedfinal_20260706/04_formal_runs/strict_cold/seed_1/predictions.tsv	64	22b454014bd2b99ed4969680c54d499d421998bb6ab963d3e084717411b3f43c	"{""0"": 32, ""1"": 32}"	"{""1"": 64}"	0.5	0.5	YES		outputs/paper1_data_refresh_20260710/PAPER1_7MODEL_PREDICTION_MANIFEST.tsv
Bi-SGTAR	Dataset1	strict_cold	2	formal_runs/bisgtar_masked_pairloss_fixedfinal_20260706/04_formal_runs/strict_cold/seed_2/predictions.tsv	70	6ef7b75aafcd5f59af08efe6e1d546ecdfb3b1b95d86f7f70feff8a45275f351	"{""0"": 35, ""1"": 35}"	"{""1"": 70}"	0.5	0.5	YES		outputs/paper1_data_refresh_20260710/PAPER1_7MODEL_PREDICTION_MANIFEST.tsv
Bi-SGTAR	Dataset1	strict_cold	3	formal_runs/bisgtar_masked_pairloss_fixedfinal_20260706/04_formal_runs/strict_cold/seed_3/predictions.tsv	40	ec80d257c889d17c8492752cbd590f4a1169f4c8a552e6fdfea975ef31bbe809	"{""0"": 20, ""1"": 20}"	"{""1"": 40}"	0.5	0.5	YES		outputs/paper1_data_refresh_20260710/PAPER1_7MODEL_PREDICTION_MANIFEST.tsv
Bi-SGTAR	Dataset1	strict_cold	4	formal_runs/bisgtar_masked_pairloss_fixedfinal_20260706/04_formal_runs/strict_cold/seed_4/predictions.tsv	46	1724682d6749063bb6ca163f96c686d859d5ee69966c9397834a6691b5aa788f	"{""0"": 23, ""1"": 23}"	"{""1"": 46}"	0.5	0.5	YES		outputs/paper1_data_refresh_20260710/PAPER1_7MODEL_PREDICTION_MANIFEST.tsv
Bi-SGTAR	Dataset1	strict_cold	5	formal_runs/bisgtar_masked_pairloss_fixedfinal_20260706/04_formal_runs/strict_cold/seed_5/predictions.tsv	28	090362ecd1f57b3c9c0d590c236aa2084ef6a0c9ac13b97dfdc6d4462ab6cf29	"{""0"": 14, ""1"": 14}"	"{""1"": 28}"	0.5	0.5	YES		outputs/paper1_data_refresh_20260710/PAPER1_7MODEL_PREDICTION_MANIFEST.tsv
Bi-SGTAR	Dataset1	strict_cold	6	formal_runs/bisgtar_masked_pairloss_fixedfinal_20260706/04_formal_runs/strict_cold/seed_6/predictions.tsv	52	592398abcb363bc4f0b904c8d6494c79117c818592691f05bdb731c91134a10a	"{""0"": 26, ""1"": 26}"	"{""1"": 52}"	0.5	0.5	YES		outputs/paper1_data_refresh_20260710/PAPER1_7MODEL_PREDICTION_MANIFEST.tsv
Bi-SGTAR	Dataset1	strict_cold	7	formal_runs/bisgtar_masked_pairloss_fixedfinal_20260706/04_formal_runs/strict_cold/seed_7/predictions.tsv	82	8b24bddbf0c161c5f03274d8016bfce82e83b9555ecbaaead157ec373bb4dcc6	"{""0"": 41, ""1"": 41}"	"{""1"": 82}"	0.5	0.5	YES		outputs/paper1_data_refresh_20260710/PAPER1_7MODEL_PREDICTION_MANIFEST.tsv
Bi-SGTAR	Dataset1	strict_cold	8	formal_runs/bisgtar_masked_pairloss_fixedfinal_20260706/04_formal_runs/strict_cold/seed_8/predictions.tsv	76	833fe875edbc9440e8c2f63deb1e5e985b732630df543c4cbb4550b3eb5570ce	"{""0"": 38, ""1"": 38}"	"{""1"": 76}"	0.5	0.5	YES		outputs/paper1_data_refresh_20260710/PAPER1_7MODEL_PREDICTION_MANIFEST.tsv
Bi-SGTAR	Dataset1	strict_cold	9	formal_runs/bisgtar_masked_pairloss_fixedfinal_20260706/04_formal_runs/strict_cold/seed_9/predictions.tsv	60	f83b9e3576001ccdb04c50e72c3045271c1a4f9edf4ce8c69c84f465a0a70714	"{""0"": 30, ""1"": 30}"	"{""1"": 60}"	0.5	0.5	YES		outputs/paper1_data_refresh_20260710/PAPER1_7MODEL_PREDICTION_MANIFEST.tsv
Bi-SGTAR	Dataset1	strict_cold	10	formal_runs/bisgtar_masked_pairloss_fixedfinal_20260706/04_formal_runs/strict_cold/seed_10/predictions.tsv	52	0d4c65b341201cc3a28e5c4115d3fdd57063faf8bf4f403e44036ee4329cc997	"{""0"": 26, ""1"": 26}"	"{""1"": 52}"	0.5	0.5	YES		outputs/paper1_data_refresh_20260710/PAPER1_7MODEL_PREDICTION_MANIFEST.tsv
Bi-SGTAR	Dataset1	strict_cold	11	formal_runs/bisgtar_masked_pairloss_fixedfinal_20260706/04_formal_runs/strict_cold/seed_11/predictions.tsv	36	781db09ba9963b46881f0912656e354c4c7c7d3a7b541016c62905034fc79065	"{""0"": 18, ""1"": 18}"	"{""1"": 36}"	0.5	0.5	YES		outputs/paper1_data_refresh_20260710/PAPER1_7MODEL_PREDICTION_MANIFEST.tsv
Bi-SGTAR	Dataset1	strict_cold	12	formal_runs/bisgtar_masked_pairloss_fixedfinal_20260706/04_formal_runs/strict_cold/seed_12/predictions.tsv	66	ffac48e8ec2f5398302a0b63016eb76a65e623c4e73ebf3134f1e102631b9f6f	"{""0"": 33, ""1"": 33}"	"{""1"": 66}"	0.5	0.5	YES		outputs/paper1_data_refresh_20260710/PAPER1_7MODEL_PREDICTION_MANIFEST.tsv
Bi-SGTAR	Dataset1	strict_cold	13	formal_runs/bisgtar_masked_pairloss_fixedfinal_20260706/04_formal_runs/strict_cold/seed_13/predictions.tsv	32	5c1e5f29cc111c227992db00d6297de80aa500d0fdefa1014a30bd7922fac0a3	"{""0"": 16, ""1"": 16}"	"{""1"": 32}"	0.5	0.5	YES		outputs/paper1_data_refresh_20260710/PAPER1_7MODEL_PREDICTION_MANIFEST.tsv
Bi-SGTAR	Dataset1	strict_cold	14	formal_runs/bisgtar_masked_pairloss_fixedfinal_20260706/04_formal_runs/strict_cold/seed_14/predictions.tsv	28	11a573920cab96d29d55b91de647e511498eab815def219cccc8661a5eeb1d08	"{""0"": 14, ""1"": 14}"	"{""1"": 28}"	0.5	0.5	YES		outputs/paper1_data_refresh_20260710/PAPER1_7MODEL_PREDICTION_MANIFEST.tsv
Bi-SGTAR	Dataset1	strict_cold	15	formal_runs/bisgtar_masked_pairloss_fixedfinal_20260706/04_formal_runs/strict_cold/seed_15/predictions.tsv	46	6a75712cf9683e51c3b969002e8c82851aceba177aba1060b7b757538d163d56	"{""0"": 23, ""1"": 23}"	"{""1"": 46}"	0.5	0.5	YES		outputs/paper1_data_refresh_20260710/PAPER1_7MODEL_PREDICTION_MANIFEST.tsv
Bi-SGTAR	Dataset1	strict_cold	16	formal_runs/bisgtar_masked_pairloss_fixedfinal_20260706/04_formal_runs/strict_cold/seed_16/predictions.tsv	36	ed04289785081e551c161e57002d62f68557f4c6ce407d30d5d770883f4b311b	"{""0"": 18, ""1"": 18}"	"{""1"": 36}"	0.5	0.5	YES		outputs/paper1_data_refresh_20260710/PAPER1_7MODEL_PREDICTION_MANIFEST.tsv
Bi-SGTAR	Dataset1	strict_cold	17	formal_runs/bisgtar_masked_pairloss_fixedfinal_20260706/04_formal_runs/strict_cold/seed_17/predictions.tsv	22	10af14fc9ea51cd9a69316ad6337f882743e8a17c9098c8955151c9ac3001ced	"{""0"": 11, ""1"": 11}"	"{""1"": 22}"	0.5	0.5	YES		outputs/paper1_data_refresh_20260710/PAPER1_7MODEL_PREDICTION_MANIFEST.tsv
Bi-SGTAR	Dataset1	strict_cold	18	formal_runs/bisgtar_masked_pairloss_fixedfinal_20260706/04_formal_runs/strict_cold/seed_18/predictions.tsv	60	c098e9a9957f6ca4bded1f7d654e39a3c410a1fd6d8c7d3c460245c76ed93d2c	"{""0"": 30, ""1"": 30}"	"{""1"": 60}"	0.5	0.5	YES		outputs/paper1_data_refresh_20260710/PAPER1_7MODEL_PREDICTION_MANIFEST.tsv
Bi-SGTAR	Dataset1	strict_cold	19	formal_runs/bisgtar_masked_pairloss_fixedfinal_20260706/04_formal_runs/strict_cold/seed_19/predictions.tsv	44	34039d789df1d35e04a4fcf2c5d6038706fd821750ec4cf92af6a41967319a27	"{""0"": 22, ""1"": 22}"	"{""1"": 44}"	0.5	0.5	YES		outputs/paper1_data_refresh_20260710/PAPER1_7MODEL_PREDICTION_MANIFEST.tsv
Bi-SGTAR	Dataset1	strict_cold	20	formal_runs/bisgtar_masked_pairloss_fixedfinal_20260706/04_formal_runs/strict_cold/seed_20/predictions.tsv	44	e863d16e5d737d2d61b38826125a8c852d8dd66cda5bf39035a7e4db3f656bcb	"{""0"": 22, ""1"": 22}"	"{""1"": 44}"	0.5	0.5	YES		outputs/paper1_data_refresh_20260710/PAPER1_7MODEL_PREDICTION_MANIFEST.tsv
Bi-SGTAR	Dataset1	strict_cold	21	formal_runs/bisgtar_masked_pairloss_fixedfinal_20260706/04_formal_runs/strict_cold/seed_21/predictions.tsv	40	c10844f018a19a0640ffe53e5c5cbc0fa4f0a2c3980520278c0cb2b576672a02	"{""0"": 20, ""1"": 20}"	"{""1"": 40}"	0.5	0.5	YES		outputs/paper1_data_refresh_20260710/PAPER1_7MODEL_PREDICTION_MANIFEST.tsv
Bi-SGTAR	Dataset1	strict_cold	22	formal_runs/bisgtar_masked_pairloss_fixedfinal_20260706/04_formal_runs/strict_cold/seed_22/predictions.tsv	44	e8000cc405669bc4d891173ad36f4d71b52a2d460c6b52d9b7ca3b599d01e215	"{""0"": 22, ""1"": 22}"	"{""1"": 44}"	0.5	0.5	YES		outputs/paper1_data_refresh_20260710/PAPER1_7MODEL_PREDICTION_MANIFEST.tsv
Bi-SGTAR	Dataset1	strict_cold	23	formal_runs/bisgtar_masked_pairloss_fixedfinal_20260706/04_formal_runs/strict_cold/seed_23/predictions.tsv	38	3e38c7abf7cd131d306366123a536c5f78c834daed37c3d3e38ebd22f4ce8537	"{""0"": 19, ""1"": 19}"	"{""1"": 38}"	0.5	0.5	YES		outputs/paper1_data_refresh_20260710/PAPER1_7MODEL_PREDICTION_MANIFEST.tsv
Bi-SGTAR	Dataset1	strict_cold	24	formal_runs/bisgtar_masked_pairloss_fixedfinal_20260706/04_formal_runs/strict_cold/seed_24/predictions.tsv	28	fe47d412fecaf8ad04eb72d4618075a319ea031bd5a4986968f73572078cecf3	"{""0"": 14, ""1"": 14}"	"{""1"": 28}"	0.5	0.5	YES		outputs/paper1_data_refresh_20260710/PAPER1_7MODEL_PREDICTION_MANIFEST.tsv
MSMCDA	CircR2Disease	random	0	formal_runs/cda_msmcda_corrected_fullmetric_20260619/runs/random/seed_00/predictions.tsv	260	77ecbf13d4ed60933225ba7e4d4d89c84f047ca0f35af514ef40a355763dbef1	"{""0"": 130, ""1"": 130}"	"{""0"": 118, ""1"": 142}"	0.013160228729248	0.9485964179039	YES		outputs/paper1_data_refresh_20260710/PAPER1_7MODEL_PREDICTION_MANIFEST.tsv
MSMCDA	CircR2Disease	random	1	formal_runs/cda_msmcda_corrected_fullmetric_20260619/runs/random/seed_01/predictions.tsv	260	5ab9cd293f6b34b4a6c805e0f9472e2524c0da9a00e878c75a162ba794e6a63b	"{""0"": 130, ""1"": 130}"	"{""0"": 128, ""1"": 132}"	0.0337919034063816	0.9480039477348328	YES		outputs/paper1_data_refresh_20260710/PAPER1_7MODEL_PREDICTION_MANIFEST.tsv
MSMCDA	CircR2Disease	random	2	formal_runs/cda_msmcda_corrected_fullmetric_20260619/runs/random/seed_02/predictions.tsv	260	aad849326b48ea4940d82b82308810cd85ae869297a56489728d29c99e3b6d72	"{""0"": 130, ""1"": 130}"	"{""0"": 110, ""1"": 150}"	0.0184631720185279	0.9826505780220032	YES		outputs/paper1_data_refresh_20260710/PAPER1_7MODEL_PREDICTION_MANIFEST.tsv
MSMCDA	CircR2Disease	random	3	formal_runs/cda_msmcda_corrected_fullmetric_20260619/runs/random/seed_03/predictions.tsv	260	53d6938490a946f7a41b3c3e2a4bf9a399ea3b12a03478d9fae3621261228262	"{""0"": 130, ""1"": 130}"	"{""0"": 171, ""1"": 89}"	0.0239077266305685	0.9412797689437866	YES		outputs/paper1_data_refresh_20260710/PAPER1_7MODEL_PREDICTION_MANIFEST.tsv
MSMCDA	CircR2Disease	random	4	formal_runs/cda_msmcda_corrected_fullmetric_20260619/runs/random/seed_04/predictions.tsv	260	fab7590f08c969ebebd50365861abea72bc338aeb08e0952ed4186c589b22adc	"{""0"": 130, ""1"": 130}"	"{""0"": 111, ""1"": 149}"	0.0206373948603868	0.9199442267417908	YES		outputs/paper1_data_refresh_20260710/PAPER1_7MODEL_PREDICTION_MANIFEST.tsv
MSMCDA	CircR2Disease	random	5	formal_runs/cda_msmcda_corrected_fullmetric_20260619/runs/random/seed_05/predictions.tsv	260	30ff6361a18a9485c1fcf9946b32a823681eac3bed8498e80d36a33a52094b7c	"{""0"": 130, ""1"": 130}"	"{""0"": 122, ""1"": 138}"	0.0383837670087814	0.9040829539299012	YES		outputs/paper1_data_refresh_20260710/PAPER1_7MODEL_PREDICTION_MANIFEST.tsv
MSMCDA	CircR2Disease	random	6	formal_runs/cda_msmcda_corrected_fullmetric_20260619/runs/random/seed_06/predictions.tsv	260	6a9d9fef135f72ce2234e6725c588e28d0a208118488b0c5eabcfc7a54e23605	"{""0"": 130, ""1"": 130}"	"{""0"": 123, ""1"": 137}"	0.0393576547503471	0.9421983957290648	YES		outputs/paper1_data_refresh_20260710/PAPER1_7MODEL_PREDICTION_MANIFEST.tsv
MSMCDA	CircR2Disease	random	7	formal_runs/cda_msmcda_corrected_fullmetric_20260619/runs/random/seed_07/predictions.tsv	260	bfce8930e4745102c40050766aeabda6ced2ed0abdc08358be1f03e0c08db041	"{""0"": 130, ""1"": 130}"	"{""0"": 122, ""1"": 138}"	0.0353430546820163	0.956292688846588	YES		outputs/paper1_data_refresh_20260710/PAPER1_7MODEL_PREDICTION_MANIFEST.tsv
MSMCDA	CircR2Disease	random	8	formal_runs/cda_msmcda_corrected_fullmetric_20260619/runs/random/seed_08/predictions.tsv	260	b5f7ac6bf6a3eb4eb8fcf1cab148111099d8fa142dc6c8f1d4faf0b3384119c2	"{""0"": 130, ""1"": 130}"	"{""0"": 126, ""1"": 134}"	0.0148136764764785	0.9254711866378784	YES		outputs/paper1_data_refresh_20260710/PAPER1_7MODEL_PREDICTION_MANIFEST.tsv
MSMCDA	CircR2Disease	random	9	formal_runs/cda_msmcda_corrected_fullmetric_20260619/runs/random/seed_09/predictions.tsv	260	a8a0e3efec89c429628ea1826ec9bab49b443ec4aeaf3134c63ed8cf7fff38ba	"{""0"": 130, ""1"": 130}"	"{""0"": 118, ""1"": 142}"	0.0432888120412826	0.8974367380142212	YES		outputs/paper1_data_refresh_20260710/PAPER1_7MODEL_PREDICTION_MANIFEST.tsv
MSMCDA	CircR2Disease	random	10	formal_runs/cda_msmcda_corrected_fullmetric_20260619/runs/random/seed_10/predictions.tsv	260	45882547e6393a964aeab06dafce022855930fdf0d88dd087ed9f7a896a0351d	"{""0"": 130, ""1"": 130}"	"{""0"": 121, ""1"": 139}"	0.0413477607071399	0.9546800255775452	YES		outputs/paper1_data_refresh_20260710/PAPER1_7MODEL_PREDICTION_MANIFEST.tsv
MSMCDA	CircR2Disease	random	11	formal_runs/cda_msmcda_corrected_fullmetric_20260619/runs/random/seed_11/predictions.tsv	260	73d9508d107029abc8903c997313a3543a2d2deb56ef8a5bebf47e9ba02e79e7	"{""0"": 130, ""1"": 130}"	"{""0"": 160, ""1"": 100}"	0.0203604437410831	0.8109618425369263	YES		outputs/paper1_data_refresh_20260710/PAPER1_7MODEL_PREDICTION_MANIFEST.tsv
MSMCDA	CircR2Disease	random	12	formal_runs/cda_msmcda_corrected_fullmetric_20260619/runs/random/seed_12/predictions.tsv	260	914e8d7d77954331a014b10d44c8f6550bcb526eb067951512b6a74f6ff2b2cf	"{""0"": 130, ""1"": 130}"	"{""0"": 129, ""1"": 131}"	0.0169063359498977	0.9289410710334778	YES		outputs/paper1_data_refresh_20260710/PAPER1_7MODEL_PREDICTION_MANIFEST.tsv
MSMCDA	CircR2Disease	random	13	formal_runs/cda_msmcda_corrected_fullmetric_20260619/runs/random/seed_13/predictions.tsv	260	725c5fc50ed498f15070a77a3bb0f9f44daf109460cb0c4541d217b08344af80	"{""0"": 130, ""1"": 130}"	"{""0"": 126, ""1"": 134}"	0.0035598000977188	0.9411100745201112	YES		outputs/paper1_data_refresh_20260710/PAPER1_7MODEL_PREDICTION_MANIFEST.tsv
MSMCDA	CircR2Disease	random	14	formal_runs/cda_msmcda_corrected_fullmetric_20260619/runs/random/seed_14/predictions.tsv	260	d5b7d9bf8e514bf2fc87b73c7890ba7de4d8532422d7f8fa0f7bf45868ca3cf0	"{""0"": 130, ""1"": 130}"	"{""0"": 137, ""1"": 123}"	0.0234948433935642	0.9782493114471436	YES		outputs/paper1_data_refresh_20260710/PAPER1_7MODEL_PREDICTION_MANIFEST.tsv
MSMCDA	CircR2Disease	random	15	formal_runs/cda_msmcda_corrected_fullmetric_20260619/runs/random/seed_15/predictions.tsv	260	6928b8072c5c3bac8ed59b3e843af90c4568a7a6fa27daadea24797ee5eb8d63	"{""0"": 130, ""1"": 130}"	"{""0"": 120, ""1"": 140}"	0.0462972670793533	0.9623850584030152	YES		outputs/paper1_data_refresh_20260710/PAPER1_7MODEL_PREDICTION_MANIFEST.tsv
MSMCDA	CircR2Disease	random	16	formal_runs/cda_msmcda_corrected_fullmetric_20260619/runs/random/seed_16/predictions.tsv	260	92e8a2852e678ac478324960697d496fa408ee81f9e34b3f51abba77a92b3b5a	"{""0"": 130, ""1"": 130}"	"{""0"": 108, ""1"": 152}"	0.0482023805379867	0.9928612112998962	YES		outputs/paper1_data_refresh_20260710/PAPER1_7MODEL_PREDICTION_MANIFEST.tsv
MSMCDA	CircR2Disease	random	17	formal_runs/cda_msmcda_corrected_fullmetric_20260619/runs/random/seed_17/predictions.tsv	260	a581d3a13c23f4c91fc337bb95ba737d8d45c4addc7f0543eb3763f49eefcba1	"{""0"": 130, ""1"": 130}"	"{""0"": 129, ""1"": 131}"	0.0056124622933566	0.8614681959152222	YES		outputs/paper1_data_refresh_20260710/PAPER1_7MODEL_PREDICTION_MANIFEST.tsv
MSMCDA	CircR2Disease	random	18	formal_runs/cda_msmcda_corrected_fullmetric_20260619/runs/random/seed_18/predictions.tsv	260	c9507189e4628a66f9c9fb08c3a8919eeb19f9b4e28cd48a196bdae40ab90eee	"{""0"": 130, ""1"": 130}"	"{""0"": 120, ""1"": 140}"	0.0331048183143138	0.8890520334243774	YES		outputs/paper1_data_refresh_20260710/PAPER1_7MODEL_PREDICTION_MANIFEST.tsv
MSMCDA	CircR2Disease	random	19	formal_runs/cda_msmcda_corrected_fullmetric_20260619/runs/random/seed_19/predictions.tsv	260	65dfff081b0f4ea506628efb5d34572a6c449a962352384e1c2a7647749829ab	"{""0"": 130, ""1"": 130}"	"{""0"": 129, ""1"": 131}"	0.0315513685345649	0.9255852699279784	YES		outputs/paper1_data_refresh_20260710/PAPER1_7MODEL_PREDICTION_MANIFEST.tsv
MSMCDA	CircR2Disease	random	20	formal_runs/cda_msmcda_corrected_fullmetric_20260619/runs/random/seed_20/predictions.tsv	260	0820610ad499a5f4ef8c8d84ee3735ab9c1aa2c7d5fb2c5cee58a0db9d38b86e	"{""0"": 130, ""1"": 130}"	"{""0"": 131, ""1"": 129}"	0.0183123834431171	0.9264930486679076	YES		outputs/paper1_data_refresh_20260710/PAPER1_7MODEL_PREDICTION_MANIFEST.tsv
MSMCDA	CircR2Disease	random	21	formal_runs/cda_msmcda_corrected_fullmetric_20260619/runs/random/seed_21/predictions.tsv	260	4c0edb08c6192e436c25d630088785fca651ae0459583fb506f4f24df0acd32d	"{""0"": 130, ""1"": 130}"	"{""0"": 157, ""1"": 103}"	0.0085286274552345	0.9968935251235962	YES		outputs/paper1_data_refresh_20260710/PAPER1_7MODEL_PREDICTION_MANIFEST.tsv
MSMCDA	CircR2Disease	random	22	formal_runs/cda_msmcda_corrected_fullmetric_20260619/runs/random/seed_22/predictions.tsv	260	f13927b893bc8fb31918776300c5c14a3ecc93806734ba9b43a79bf5589725e3	"{""0"": 130, ""1"": 130}"	"{""0"": 132, ""1"": 128}"	0.0427098646759986	0.9268699884414672	YES		outputs/paper1_data_refresh_20260710/PAPER1_7MODEL_PREDICTION_MANIFEST.tsv
MSMCDA	CircR2Disease	random	23	formal_runs/cda_msmcda_corrected_fullmetric_20260619/runs/random/seed_23/predictions.tsv	260	45295b96ac5c1077325c4d507074841bc8eddf0f9351046d69198d2cbed28d0a	"{""0"": 130, ""1"": 130}"	"{""0"": 132, ""1"": 128}"	0.0257761385291814	0.933867871761322	YES		outputs/paper1_data_refresh_20260710/PAPER1_7MODEL_PREDICTION_MANIFEST.tsv
MSMCDA	CircR2Disease	random	24	formal_runs/cda_msmcda_corrected_fullmetric_20260619/runs/random/seed_24/predictions.tsv	260	10f1d0081d62887d9911dd012ce5225abc7d638869507dcfda2ae9cbd908b9f7	"{""0"": 130, ""1"": 130}"	"{""0"": 118, ""1"": 142}"	0.0407341085374355	0.9880365133285522	YES		outputs/paper1_data_refresh_20260710/PAPER1_7MODEL_PREDICTION_MANIFEST.tsv
MSMCDA	CircR2Disease	circRNA_cold	0	formal_runs/cda_msmcda_corrected_fullmetric_20260619/runs/circRNA_cold/seed_00/predictions.tsv	262	0c065abee1069231d57196ebd54e3c0f3c87552aa6867e22ca3e7854ac93cc7e	"{""0"": 131, ""1"": 131}"	"{""0"": 119, ""1"": 143}"	0.0549493245780468	0.96301931142807	YES		outputs/paper1_data_refresh_20260710/PAPER1_7MODEL_PREDICTION_MANIFEST.tsv
MSMCDA	CircR2Disease	circRNA_cold	1	formal_runs/cda_msmcda_corrected_fullmetric_20260619/runs/circRNA_cold/seed_01/predictions.tsv	256	bdf2ff2085ed5bb4d2cfdf3b45ba2f2662f2c58471c2ed2845e4e6ada0f4892d	"{""0"": 128, ""1"": 128}"	"{""0"": 109, ""1"": 147}"	0.0285970028489828	0.91118186712265	YES		outputs/paper1_data_refresh_20260710/PAPER1_7MODEL_PREDICTION_MANIFEST.tsv
MSMCDA	CircR2Disease	circRNA_cold	2	formal_runs/cda_msmcda_corrected_fullmetric_20260619/runs/circRNA_cold/seed_02/predictions.tsv	268	52abbe1e35baeea4e2dd72798a91e8bc255472d01379d52c073503dae678b8a0	"{""0"": 134, ""1"": 134}"	"{""0"": 133, ""1"": 135}"	0.0206942372024059	0.9108142852783204	YES		outputs/paper1_data_refresh_20260710/PAPER1_7MODEL_PREDICTION_MANIFEST.tsv
MSMCDA	CircR2Disease	circRNA_cold	3	formal_runs/cda_msmcda_corrected_fullmetric_20260619/runs/circRNA_cold/seed_03/predictions.tsv	254	87b8eefd4093e48129d196da012e91759cfb2e3dd7c572b2b32f5af0c8a01596	"{""0"": 127, ""1"": 127}"	"{""0"": 114, ""1"": 140}"	0.0242541953921318	0.9759888052940368	YES		outputs/paper1_data_refresh_20260710/PAPER1_7MODEL_PREDICTION_MANIFEST.tsv
MSMCDA	CircR2Disease	circRNA_cold	4	formal_runs/cda_msmcda_corrected_fullmetric_20260619/runs/circRNA_cold/seed_04/predictions.tsv	268	be1beb0189da695678be175dbfc014287c0e32e0ce1bfd0bc9a266bd0d9abb0a	"{""0"": 134, ""1"": 134}"	"{""0"": 127, ""1"": 141}"	0.0458664931356906	0.942622721195221	YES		outputs/paper1_data_refresh_20260710/PAPER1_7MODEL_PREDICTION_MANIFEST.tsv
MSMCDA	CircR2Disease	circRNA_cold	5	formal_runs/cda_msmcda_corrected_fullmetric_20260619/runs/circRNA_cold/seed_05/predictions.tsv	250	c3cbe47e41991df14c33d82ca15758b35fc5f21e846a377dbf8ba185746e5f0e	"{""0"": 125, ""1"": 125}"	"{""0"": 108, ""1"": 142}"	0.0704939067363739	0.903193473815918	YES		outputs/paper1_data_refresh_20260710/PAPER1_7MODEL_PREDICTION_MANIFEST.tsv
MSMCDA	CircR2Disease	circRNA_cold	6	formal_runs/cda_msmcda_corrected_fullmetric_20260619/runs/circRNA_cold/seed_06/predictions.tsv	254	e4bfd28fcbc596baa831a0bc0d1b032ed2b9869bcdfc4ee2006d074d2c91a6c8	"{""0"": 127, ""1"": 127}"	"{""0"": 109, ""1"": 145}"	0.0424435697495937	0.941495716571808	YES		outputs/paper1_data_refresh_20260710/PAPER1_7MODEL_PREDICTION_MANIFEST.tsv
MSMCDA	CircR2Disease	circRNA_cold	7	formal_runs/cda_msmcda_corrected_fullmetric_20260619/runs/circRNA_cold/seed_07/predictions.tsv	240	cc2e552b400bc801e44db72a1eba94b43db3bbb1d06ef683a92260f7bf5a0b69	"{""0"": 120, ""1"": 120}"	"{""0"": 107, ""1"": 133}"	0.0313027463853359	0.9080429673194884	YES		outputs/paper1_data_refresh_20260710/PAPER1_7MODEL_PREDICTION_MANIFEST.tsv
MSMCDA	CircR2Disease	circRNA_cold	8	formal_runs/cda_msmcda_corrected_fullmetric_20260619/runs/circRNA_cold/seed_08/predictions.tsv	284	30ce4f5e9dd2ae487cff52c67359a7730662aeb9f3505f8e64f4553b90f10ccb	"{""0"": 142, ""1"": 142}"	"{""0"": 140, ""1"": 144}"	0.0001489299174863	0.95717054605484	YES		outputs/paper1_data_refresh_20260710/PAPER1_7MODEL_PREDICTION_MANIFEST.tsv
MSMCDA	CircR2Disease	circRNA_cold	9	formal_runs/cda_msmcda_corrected_fullmetric_20260619/runs/circRNA_cold/seed_09/predictions.tsv	254	210c86cb6051c47da9f8361a553399cad51379852309fbf33b089ea5759ca762	"{""0"": 127, ""1"": 127}"	"{""0"": 116, ""1"": 138}"	0.0228995960205793	0.9206223487854004	YES		outputs/paper1_data_refresh_20260710/PAPER1_7MODEL_PREDICTION_MANIFEST.tsv
MSMCDA	CircR2Disease	circRNA_cold	10	formal_runs/cda_msmcda_corrected_fullmetric_20260619/runs/circRNA_cold/seed_10/predictions.tsv	252	2f2a12e4ad175a591e331adc2f71511fd731aaa30aa478b15a9bad86a2ac30d2	"{""0"": 126, ""1"": 126}"	"{""0"": 114, ""1"": 138}"	0.0321074426174163	0.95170396566391	YES		outputs/paper1_data_refresh_20260710/PAPER1_7MODEL_PREDICTION_MANIFEST.tsv
MSMCDA	CircR2Disease	circRNA_cold	11	formal_runs/cda_msmcda_corrected_fullmetric_20260619/runs/circRNA_cold/seed_11/predictions.tsv	250	2f7d82d8b5e17a3219b9f81bb72837e4ac5573b4fc7d13e71f0811292b1a15d3	"{""0"": 125, ""1"": 125}"	"{""0"": 107, ""1"": 143}"	0.0254240352660417	0.9461461901664734	YES		outputs/paper1_data_refresh_20260710/PAPER1_7MODEL_PREDICTION_MANIFEST.tsv
MSMCDA	CircR2Disease	circRNA_cold	12	formal_runs/cda_msmcda_corrected_fullmetric_20260619/runs/circRNA_cold/seed_12/predictions.tsv	248	1b4c5c24e9136b6d422620b039142ec4807f111cfacf3a9cc014444c9fd816a7	"{""0"": 124, ""1"": 124}"	"{""0"": 110, ""1"": 138}"	0.0193122886121273	0.9332764744758606	YES		outputs/paper1_data_refresh_20260710/PAPER1_7MODEL_PREDICTION_MANIFEST.tsv
MSMCDA	CircR2Disease	circRNA_cold	13	formal_runs/cda_msmcda_corrected_fullmetric_20260619/runs/circRNA_cold/seed_13/predictions.tsv	276	f12f6386b951c932586e793eb57302cc9057060faee1b27f154e985fce4b7f2c	"{""0"": 138, ""1"": 138}"	"{""0"": 135, ""1"": 141}"	0.0089548025280237	0.9867843985557556	YES		outputs/paper1_data_refresh_20260710/PAPER1_7MODEL_PREDICTION_MANIFEST.tsv
MSMCDA	CircR2Disease	circRNA_cold	14	formal_runs/cda_msmcda_corrected_fullmetric_20260619/runs/circRNA_cold/seed_14/predictions.tsv	258	62ec306ef46765129b6c776433005a0ca32dcc99b830459deba6050965d818e6	"{""0"": 129, ""1"": 129}"	"{""0"": 101, ""1"": 157}"	0.0354700237512588	0.9505788087844848	YES		outputs/paper1_data_refresh_20260710/PAPER1_7MODEL_PREDICTION_MANIFEST.tsv
MSMCDA	CircR2Disease	circRNA_cold	15	formal_runs/cda_msmcda_corrected_fullmetric_20260619/runs/circRNA_cold/seed_15/predictions.tsv	276	538b72cbcab50a8592485b31b04f7c85d5cee4a82dc510d34430354163929b6e	"{""0"": 138, ""1"": 138}"	"{""0"": 128, ""1"": 148}"	0.0308975111693143	0.9834961891174316	YES		outputs/paper1_data_refresh_20260710/PAPER1_7MODEL_PREDICTION_MANIFEST.tsv
MSMCDA	CircR2Disease	circRNA_cold	16	formal_runs/cda_msmcda_corrected_fullmetric_20260619/runs/circRNA_cold/seed_16/predictions.tsv	252	af065120e6f4564297d009351e9cb799fba68f6168680b387ace6ebc76d461dd	"{""0"": 126, ""1"": 126}"	"{""0"": 97, ""1"": 155}"	0.0211606845259666	0.9523481130599976	YES		outputs/paper1_data_refresh_20260710/PAPER1_7MODEL_PREDICTION_MANIFEST.tsv
MSMCDA	CircR2Disease	circRNA_cold	17	formal_runs/cda_msmcda_corrected_fullmetric_20260619/runs/circRNA_cold/seed_17/predictions.tsv	250	f09c2f9d9152d3bb5e0a604981cd652f8447a0ee107865fdff2e6703cb997a04	"{""0"": 125, ""1"": 125}"	"{""0"": 112, ""1"": 138}"	0.0179708711802959	0.9487845301628112	YES		outputs/paper1_data_refresh_20260710/PAPER1_7MODEL_PREDICTION_MANIFEST.tsv
MSMCDA	CircR2Disease	circRNA_cold	18	formal_runs/cda_msmcda_corrected_fullmetric_20260619/runs/circRNA_cold/seed_18/predictions.tsv	262	9fcc8185bf5e179408986bffe41c16ee69191b2aaef973ef53c3db3f18494391	"{""0"": 131, ""1"": 131}"	"{""0"": 116, ""1"": 146}"	0.0044513726606965	0.968313455581665	YES		outputs/paper1_data_refresh_20260710/PAPER1_7MODEL_PREDICTION_MANIFEST.tsv
MSMCDA	CircR2Disease	circRNA_cold	19	formal_runs/cda_msmcda_corrected_fullmetric_20260619/runs/circRNA_cold/seed_19/predictions.tsv	282	90c868bd705c5f2554695586fe363ef3ee376114f1657a829bfe15243399350c	"{""0"": 141, ""1"": 141}"	"{""0"": 140, ""1"": 142}"	0.0216858629137277	0.9012397527694702	YES		outputs/paper1_data_refresh_20260710/PAPER1_7MODEL_PREDICTION_MANIFEST.tsv
MSMCDA	CircR2Disease	circRNA_cold	20	formal_runs/cda_msmcda_corrected_fullmetric_20260619/runs/circRNA_cold/seed_20/predictions.tsv	284	b198df5992e8190e7664188786c822ebe99cbe35aa42cf30fc14b6ca949afba9	"{""0"": 142, ""1"": 142}"	"{""0"": 139, ""1"": 145}"	0.0202601514756679	0.9001170992851257	YES		outputs/paper1_data_refresh_20260710/PAPER1_7MODEL_PREDICTION_MANIFEST.tsv
MSMCDA	CircR2Disease	circRNA_cold	21	formal_runs/cda_msmcda_corrected_fullmetric_20260619/runs/circRNA_cold/seed_21/predictions.tsv	254	cd9eea58f02fc6f8df7b326f93046a93f6f3523adb4564096ef3832618287908	"{""0"": 127, ""1"": 127}"	"{""0"": 116, ""1"": 138}"	0.0224883574992418	0.9543774127960204	YES		outputs/paper1_data_refresh_20260710/PAPER1_7MODEL_PREDICTION_MANIFEST.tsv
MSMCDA	CircR2Disease	circRNA_cold	22	formal_runs/cda_msmcda_corrected_fullmetric_20260619/runs/circRNA_cold/seed_22/predictions.tsv	250	b250fbb9c365e1878ef1019fe165a6a700bd87b9d9c759c5389809db12647498	"{""0"": 125, ""1"": 125}"	"{""0"": 118, ""1"": 132}"	0.0419898889958858	0.9146419167518616	YES		outputs/paper1_data_refresh_20260710/PAPER1_7MODEL_PREDICTION_MANIFEST.tsv
MSMCDA	CircR2Disease	circRNA_cold	23	formal_runs/cda_msmcda_corrected_fullmetric_20260619/runs/circRNA_cold/seed_23/predictions.tsv	264	a0aa47177cdc2070acdc99e8ec7ca4b2cffed42537cff8df4ed63eadeea1813e	"{""0"": 132, ""1"": 132}"	"{""0"": 95, ""1"": 169}"	0.0500926487147808	0.926628053188324	YES		outputs/paper1_data_refresh_20260710/PAPER1_7MODEL_PREDICTION_MANIFEST.tsv
MSMCDA	CircR2Disease	circRNA_cold	24	formal_runs/cda_msmcda_corrected_fullmetric_20260619/runs/circRNA_cold/seed_24/predictions.tsv	262	07b40412e1bc20e6e14c2eab302ceedfea44417a934a5b1cc718c969bc80cda3	"{""0"": 131, ""1"": 131}"	"{""0"": 127, ""1"": 135}"	0.0048966384492814	0.944301426410675	YES		outputs/paper1_data_refresh_20260710/PAPER1_7MODEL_PREDICTION_MANIFEST.tsv
MSMCDA	CircR2Disease	disease_cold	0	formal_runs/cda_msmcda_corrected_fullmetric_20260619/runs/disease_cold/seed_00/predictions.tsv	214	2b786fa38079ecdcf3446e37e7375ecedf9613057fe344f8fa9b2e67c972a131	"{""0"": 107, ""1"": 107}"	"{""0"": 156, ""1"": 58}"	0.0001861180207924	0.9737622141838074	YES		outputs/paper1_data_refresh_20260710/PAPER1_7MODEL_PREDICTION_MANIFEST.tsv
MSMCDA	CircR2Disease	disease_cold	1	formal_runs/cda_msmcda_corrected_fullmetric_20260619/runs/disease_cold/seed_01/predictions.tsv	282	f6bb5d6b35eb76fb8b26361ad5f00d9f7a149d46b5b6f268c94d64e635b5872b	"{""0"": 141, ""1"": 141}"	"{""0"": 212, ""1"": 70}"	0.0474472679197788	0.9393247961997986	YES		outputs/paper1_data_refresh_20260710/PAPER1_7MODEL_PREDICTION_MANIFEST.tsv
MSMCDA	CircR2Disease	disease_cold	2	formal_runs/cda_msmcda_corrected_fullmetric_20260619/runs/disease_cold/seed_02/predictions.tsv	266	942da2976bc774dd243d58e8fc68fac48339e1a75361404cd4cec04c85c9e154	"{""0"": 133, ""1"": 133}"	"{""0"": 211, ""1"": 55}"	0.0723276734352111	0.9609004259109496	YES		outputs/paper1_data_refresh_20260710/PAPER1_7MODEL_PREDICTION_MANIFEST.tsv
MSMCDA	CircR2Disease	disease_cold	3	formal_runs/cda_msmcda_corrected_fullmetric_20260619/runs/disease_cold/seed_03/predictions.tsv	258	bc2ee7d5911a0d05677e59efac7f2af8cae342b6c1e51a83925f9aae41056fdd	"{""0"": 129, ""1"": 129}"	"{""0"": 202, ""1"": 56}"	0.0470496267080307	0.9837363362312316	YES		outputs/paper1_data_refresh_20260710/PAPER1_7MODEL_PREDICTION_MANIFEST.tsv
MSMCDA	CircR2Disease	disease_cold	4	formal_runs/cda_msmcda_corrected_fullmetric_20260619/runs/disease_cold/seed_04/predictions.tsv	296	c4cc0013f619fb22f494b7ab06a386c8851f7e6a91ed9277c867206b59a37167	"{""0"": 148, ""1"": 148}"	"{""0"": 206, ""1"": 90}"	0.007233606185764	0.9833895564079284	YES		outputs/paper1_data_refresh_20260710/PAPER1_7MODEL_PREDICTION_MANIFEST.tsv
MSMCDA	CircR2Disease	disease_cold	5	formal_runs/cda_msmcda_corrected_fullmetric_20260619/runs/disease_cold/seed_05/predictions.tsv	220	6c695a8d751fb67a7c32db5d9d64851a538cccf8fe9dff336293c3e7a10f6d18	"{""0"": 110, ""1"": 110}"	"{""0"": 139, ""1"": 81}"	0.0169370826333761	0.883040189743042	YES		outputs/paper1_data_refresh_20260710/PAPER1_7MODEL_PREDICTION_MANIFEST.tsv
MSMCDA	CircR2Disease	disease_cold	6	formal_runs/cda_msmcda_corrected_fullmetric_20260619/runs/disease_cold/seed_06/predictions.tsv	334	255b37e2fd4aff8c59dd299a747fd03fd779ca8bf481dc2ede0cdb7cae162b38	"{""0"": 167, ""1"": 167}"	"{""0"": 245, ""1"": 89}"	0.0174760948866605	0.967444658279419	YES		outputs/paper1_data_refresh_20260710/PAPER1_7MODEL_PREDICTION_MANIFEST.tsv
MSMCDA	CircR2Disease	disease_cold	7	formal_runs/cda_msmcda_corrected_fullmetric_20260619/runs/disease_cold/seed_07/predictions.tsv	238	2577f6b929df7b06400eb9eafaa8661b444e03bb4176142b67efd60c6853136d	"{""0"": 119, ""1"": 119}"	"{""0"": 169, ""1"": 69}"	0.0008035485516302	0.9004395008087158	YES		outputs/paper1_data_refresh_20260710/PAPER1_7MODEL_PREDICTION_MANIFEST.tsv
MSMCDA	CircR2Disease	disease_cold	8	formal_runs/cda_msmcda_corrected_fullmetric_20260619/runs/disease_cold/seed_08/predictions.tsv	232	6fdb3b130db8d0d301deb3c96edfed4780c8d938c4545681338a1d7c895a7c14	"{""0"": 116, ""1"": 116}"	"{""0"": 193, ""1"": 39}"	0.0082850251346826	0.9256266355514526	YES		outputs/paper1_data_refresh_20260710/PAPER1_7MODEL_PREDICTION_MANIFEST.tsv
MSMCDA	CircR2Disease	disease_cold	9	formal_runs/cda_msmcda_corrected_fullmetric_20260619/runs/disease_cold/seed_09/predictions.tsv	294	939c08581b19940a5c91cdeeed72f5c7b551adc59530ca9274d01dd23a722eda	"{""0"": 147, ""1"": 147}"	"{""0"": 225, ""1"": 69}"	0.0450643859803676	0.9640359282493592	YES		outputs/paper1_data_refresh_20260710/PAPER1_7MODEL_PREDICTION_MANIFEST.tsv
MSMCDA	CircR2Disease	disease_cold	10	formal_runs/cda_msmcda_corrected_fullmetric_20260619/runs/disease_cold/seed_10/predictions.tsv	276	de498ce495dd61c877469828301abe4cea823d64b4bf1efce8e02af2bcb8ba2d	"{""0"": 138, ""1"": 138}"	"{""0"": 230, ""1"": 46}"	0.0007325790938921	0.9491145014762878	YES		outputs/paper1_data_refresh_20260710/PAPER1_7MODEL_PREDICTION_MANIFEST.tsv
MSMCDA	CircR2Disease	disease_cold	11	formal_runs/cda_msmcda_corrected_fullmetric_20260619/runs/disease_cold/seed_11/predictions.tsv	394	68cf4f5cd5d95e803f96e41b25bd5ca5cd2778e3be4c9aa06c36a0a527b674b2	"{""0"": 197, ""1"": 197}"	"{""0"": 306, ""1"": 88}"	0.0161563511937856	0.9627513885498048	YES		outputs/paper1_data_refresh_20260710/PAPER1_7MODEL_PREDICTION_MANIFEST.tsv
MSMCDA	CircR2Disease	disease_cold	12	formal_runs/cda_msmcda_corrected_fullmetric_20260619/runs/disease_cold/seed_12/predictions.tsv	340	a6e00ab50ef2b0e18ec79d82be2a2b1ac9d3a160030665214163ad71e23bec48	"{""0"": 170, ""1"": 170}"	"{""0"": 294, ""1"": 46}"	0.0048504909500479	0.8527498841285706	YES		outputs/paper1_data_refresh_20260710/PAPER1_7MODEL_PREDICTION_MANIFEST.tsv
MSMCDA	CircR2Disease	disease_cold	13	formal_runs/cda_msmcda_corrected_fullmetric_20260619/runs/disease_cold/seed_13/predictions.tsv	182	2a089d7c1250c0877aa33342a299213052ff415061be17d0857136af51394f02	"{""0"": 91, ""1"": 91}"	"{""0"": 152, ""1"": 30}"	0.050563171505928	0.907586932182312	YES		outputs/paper1_data_refresh_20260710/PAPER1_7MODEL_PREDICTION_MANIFEST.tsv
MSMCDA	CircR2Disease	disease_cold	14	formal_runs/cda_msmcda_corrected_fullmetric_20260619/runs/disease_cold/seed_14/predictions.tsv	224	3df5214eb2a7dd0b9c8265c4a4608185af2f8ec704bd82dc7e176554e6f93f8a	"{""0"": 112, ""1"": 112}"	"{""0"": 179, ""1"": 45}"	0.0127239003777503	0.950781226158142	YES		outputs/paper1_data_refresh_20260710/PAPER1_7MODEL_PREDICTION_MANIFEST.tsv
MSMCDA	CircR2Disease	disease_cold	15	formal_runs/cda_msmcda_corrected_fullmetric_20260619/runs/disease_cold/seed_15/predictions.tsv	372	3c250656c4866462369b67d620ad09e8fca8181d69e19f8edc7133b62d5ae893	"{""0"": 186, ""1"": 186}"	"{""0"": 266, ""1"": 106}"	0.0005199445295147	0.9062885046005248	YES		outputs/paper1_data_refresh_20260710/PAPER1_7MODEL_PREDICTION_MANIFEST.tsv
MSMCDA	CircR2Disease	disease_cold	16	formal_runs/cda_msmcda_corrected_fullmetric_20260619/runs/disease_cold/seed_16/predictions.tsv	334	fd1089b6be4c672d7c1efc39380169fe5072a7b76b5be37ad0eb5214e97656e7	"{""0"": 167, ""1"": 167}"	"{""0"": 244, ""1"": 90}"	0.0037279743701219	0.9839427471160888	YES		outputs/paper1_data_refresh_20260710/PAPER1_7MODEL_PREDICTION_MANIFEST.tsv
MSMCDA	CircR2Disease	disease_cold	17	formal_runs/cda_msmcda_corrected_fullmetric_20260619/runs/disease_cold/seed_17/predictions.tsv	278	dae52bf6a13f27f972756cdf62fa9a09a13dfdbd211f48ffff724b584c231f5a	"{""0"": 139, ""1"": 139}"	"{""0"": 228, ""1"": 50}"	0.0198506377637386	0.8740320205688477	YES		outputs/paper1_data_refresh_20260710/PAPER1_7MODEL_PREDICTION_MANIFEST.tsv
MSMCDA	CircR2Disease	disease_cold	18	formal_runs/cda_msmcda_corrected_fullmetric_20260619/runs/disease_cold/seed_18/predictions.tsv	426	e94854765db3523f3b8a522e6b158afcf49841c35801b72a0652b1a60c1513f6	"{""0"": 213, ""1"": 213}"	"{""0"": 284, ""1"": 142}"	0.0578068047761917	0.9994131326675416	YES		outputs/paper1_data_refresh_20260710/PAPER1_7MODEL_PREDICTION_MANIFEST.tsv
MSMCDA	CircR2Disease	disease_cold	19	formal_runs/cda_msmcda_corrected_fullmetric_20260619/runs/disease_cold/seed_19/predictions.tsv	386	9f3162686674651f42622aae8e69f3a77f652c037a8700d1ff20813f6e0078bb	"{""0"": 193, ""1"": 193}"	"{""0"": 285, ""1"": 101}"	0.0068803685717284	0.9978508949279784	YES		outputs/paper1_data_refresh_20260710/PAPER1_7MODEL_PREDICTION_MANIFEST.tsv
MSMCDA	CircR2Disease	disease_cold	20	formal_runs/cda_msmcda_corrected_fullmetric_20260619/runs/disease_cold/seed_20/predictions.tsv	228	da5e0d24be12b311a1906e2c28a4d4c6941c70c1d061abdcbd5af39609fe39fc	"{""0"": 114, ""1"": 114}"	"{""0"": 181, ""1"": 47}"	0.004331765230745	0.964655578136444	YES		outputs/paper1_data_refresh_20260710/PAPER1_7MODEL_PREDICTION_MANIFEST.tsv
MSMCDA	CircR2Disease	disease_cold	21	formal_runs/cda_msmcda_corrected_fullmetric_20260619/runs/disease_cold/seed_21/predictions.tsv	272	3312aafcb716e5e5155f34bb7371e35a40bfb59e39824cc7f2b64e44ae6cd1f7	"{""0"": 136, ""1"": 136}"	"{""0"": 172, ""1"": 100}"	0.028201712295413	0.9857285618782043	YES		outputs/paper1_data_refresh_20260710/PAPER1_7MODEL_PREDICTION_MANIFEST.tsv
MSMCDA	CircR2Disease	disease_cold	22	formal_runs/cda_msmcda_corrected_fullmetric_20260619/runs/disease_cold/seed_22/predictions.tsv	304	9edc72cc918b4695b27a9206e7224a06683e05599f35626228664e831f926474	"{""0"": 152, ""1"": 152}"	"{""0"": 188, ""1"": 116}"	0.0207654852420091	0.999637484550476	YES		outputs/paper1_data_refresh_20260710/PAPER1_7MODEL_PREDICTION_MANIFEST.tsv
MSMCDA	CircR2Disease	disease_cold	23	formal_runs/cda_msmcda_corrected_fullmetric_20260619/runs/disease_cold/seed_23/predictions.tsv	400	2823895c44ea1cbb81b7da6f2f9a1d7a600254ceb61e5a4492426a90454d3135	"{""0"": 200, ""1"": 200}"	"{""0"": 322, ""1"": 78}"	5.591416218919676e-09	0.9999347925186156	YES		outputs/paper1_data_refresh_20260710/PAPER1_7MODEL_PREDICTION_MANIFEST.tsv
MSMCDA	CircR2Disease	disease_cold	24	formal_runs/cda_msmcda_corrected_fullmetric_20260619/runs/disease_cold/seed_24/predictions.tsv	318	96468def9c92ecf408b088a084efd8fa3535eaf152629df605352122fcaa2b37	"{""0"": 159, ""1"": 159}"	"{""0"": 278, ""1"": 40}"	0.0037079399917274	0.9900782108306884	YES		outputs/paper1_data_refresh_20260710/PAPER1_7MODEL_PREDICTION_MANIFEST.tsv
MSMCDA	CircR2Disease	strict_cold	0	formal_runs/cda_msmcda_corrected_fullmetric_20260619/runs/strict_cold/seed_00/predictions.tsv	60	de3eb264e8b2198aaf2e8ec82cd9a66e9b6df5e4f6ecfffcd5984262a148f261	"{""0"": 30, ""1"": 30}"	"{""0"": 30, ""1"": 30}"	0.0562068447470665	0.930619180202484	YES		outputs/paper1_data_refresh_20260710/PAPER1_7MODEL_PREDICTION_MANIFEST.tsv
MSMCDA	CircR2Disease	strict_cold	1	formal_runs/cda_msmcda_corrected_fullmetric_20260619/runs/strict_cold/seed_01/predictions.tsv	38	5f492679b38ea17b905380d588e98415f2c87f0389a7b6ce70a74b0d4274bcc2	"{""0"": 19, ""1"": 19}"	"{""0"": 29, ""1"": 9}"	0.1195320188999176	0.8065338134765625	YES		outputs/paper1_data_refresh_20260710/PAPER1_7MODEL_PREDICTION_MANIFEST.tsv
MSMCDA	CircR2Disease	strict_cold	2	formal_runs/cda_msmcda_corrected_fullmetric_20260619/runs/strict_cold/seed_02/predictions.tsv	66	1ea49b6a9107195aa80204ef6589da971274c53c467d7d63ca0c45e75aa879f7	"{""0"": 33, ""1"": 33}"	"{""0"": 53, ""1"": 13}"	0.0495281554758548	0.8844319581985474	YES		outputs/paper1_data_refresh_20260710/PAPER1_7MODEL_PREDICTION_MANIFEST.tsv
MSMCDA	CircR2Disease	strict_cold	3	formal_runs/cda_msmcda_corrected_fullmetric_20260619/runs/strict_cold/seed_03/predictions.tsv	34	c6807f478dc1d3fde911324a83ecba00e722e7e6def028d59826a1f7c27aecfd	"{""0"": 17, ""1"": 17}"	"{""0"": 27, ""1"": 7}"	0.0756053104996681	0.8606570959091187	YES		outputs/paper1_data_refresh_20260710/PAPER1_7MODEL_PREDICTION_MANIFEST.tsv
MSMCDA	CircR2Disease	strict_cold	4	formal_runs/cda_msmcda_corrected_fullmetric_20260619/runs/strict_cold/seed_04/predictions.tsv	80	758233fcc82a5897241b54d8d0d0f169d59d417a437f3427368bc1e3f946f23b	"{""0"": 40, ""1"": 40}"	"{""0"": 26, ""1"": 54}"	0.0860971361398696	0.9505743980407716	YES		outputs/paper1_data_refresh_20260710/PAPER1_7MODEL_PREDICTION_MANIFEST.tsv
MSMCDA	CircR2Disease	strict_cold	5	formal_runs/cda_msmcda_corrected_fullmetric_20260619/runs/strict_cold/seed_05/predictions.tsv	40	2e9db64f646c17f81fe1d8f1ca4016ef2f217e4a6c3d1a0b1ce9e30cc960f24a	"{""0"": 20, ""1"": 20}"	"{""0"": 29, ""1"": 11}"	0.0172115433961153	0.744458794593811	YES		outputs/paper1_data_refresh_20260710/PAPER1_7MODEL_PREDICTION_MANIFEST.tsv
MSMCDA	CircR2Disease	strict_cold	6	formal_runs/cda_msmcda_corrected_fullmetric_20260619/runs/strict_cold/seed_06/predictions.tsv	66	e982490bf870c29c3cc1998eb24b7f8006c7fc4af5ea7a6f9e698dfef2a9b527	"{""0"": 33, ""1"": 33}"	"{""0"": 56, ""1"": 10}"	0.0700199529528617	0.8876794576644897	YES		outputs/paper1_data_refresh_20260710/PAPER1_7MODEL_PREDICTION_MANIFEST.tsv
MSMCDA	CircR2Disease	strict_cold	7	formal_runs/cda_msmcda_corrected_fullmetric_20260619/runs/strict_cold/seed_07/predictions.tsv	36	dff35f5b0ea2844b96971506c4a86d3abb62f75c3518bad334dde403ba362ebd	"{""0"": 18, ""1"": 18}"	"{""0"": 32, ""1"": 4}"	0.0406909808516502	0.6730360984802246	YES		outputs/paper1_data_refresh_20260710/PAPER1_7MODEL_PREDICTION_MANIFEST.tsv
MSMCDA	CircR2Disease	strict_cold	8	formal_runs/cda_msmcda_corrected_fullmetric_20260619/runs/strict_cold/seed_08/predictions.tsv	38	f9bd77b94fdc7a05994cf3834bea23e5a9f040f49b3286239daf0395b6ee4648	"{""0"": 19, ""1"": 19}"	"{""0"": 31, ""1"": 7}"	0.0013663970166817	0.7612141966819763	YES		outputs/paper1_data_refresh_20260710/PAPER1_7MODEL_PREDICTION_MANIFEST.tsv
MSMCDA	CircR2Disease	strict_cold	9	formal_runs/cda_msmcda_corrected_fullmetric_20260619/runs/strict_cold/seed_09/predictions.tsv	52	1073f5dc4b951ca85f172bc01a392acec10a3206fb4471f3097211be8cb57c5e	"{""0"": 26, ""1"": 26}"	"{""0"": 40, ""1"": 12}"	0.0321091227233409	0.857198178768158	YES		outputs/paper1_data_refresh_20260710/PAPER1_7MODEL_PREDICTION_MANIFEST.tsv
MSMCDA	CircR2Disease	strict_cold	10	formal_runs/cda_msmcda_corrected_fullmetric_20260619/runs/strict_cold/seed_10/predictions.tsv	60	8ba5bc35523b71a2708cbdc1ae161d8b25220a463bad4cdea0d13282c14d726a	"{""0"": 30, ""1"": 30}"	"{""0"": 49, ""1"": 11}"	0.0351245254278183	0.8177956342697144	YES		outputs/paper1_data_refresh_20260710/PAPER1_7MODEL_PREDICTION_MANIFEST.tsv
MSMCDA	CircR2Disease	strict_cold	11	formal_runs/cda_msmcda_corrected_fullmetric_20260619/runs/strict_cold/seed_11/predictions.tsv	44	02c8c16d88c9217a20dcd0e0fa868dde2e96740eff84348366e377f2989493d6	"{""0"": 22, ""1"": 22}"	"{""0"": 39, ""1"": 5}"	0.0371450297534465	0.7147367596626282	YES		outputs/paper1_data_refresh_20260710/PAPER1_7MODEL_PREDICTION_MANIFEST.tsv
MSMCDA	CircR2Disease	strict_cold	12	formal_runs/cda_msmcda_corrected_fullmetric_20260619/runs/strict_cold/seed_12/predictions.tsv	62	bcf173e096e202850bd117818c6953fa8ff475dd824c153bf90cea761b93e87e	"{""0"": 31, ""1"": 31}"	"{""0"": 46, ""1"": 16}"	0.0170646142214536	0.9203871488571168	YES		outputs/paper1_data_refresh_20260710/PAPER1_7MODEL_PREDICTION_MANIFEST.tsv
MSMCDA	CircR2Disease	strict_cold	13	formal_runs/cda_msmcda_corrected_fullmetric_20260619/runs/strict_cold/seed_13/predictions.tsv	64	f0f136bfa4ddf5106157435695b73ce7c06c6a07ffa510ef5e36da9a7ec300d1	"{""0"": 32, ""1"": 32}"	"{""0"": 51, ""1"": 13}"	0.0058482862077653	0.7491599321365356	YES		outputs/paper1_data_refresh_20260710/PAPER1_7MODEL_PREDICTION_MANIFEST.tsv
MSMCDA	CircR2Disease	strict_cold	14	formal_runs/cda_msmcda_corrected_fullmetric_20260619/runs/strict_cold/seed_14/predictions.tsv	86	0033343ac9d7f49e6e09afedea04c691479e843fd26e2fafd230783d950a9572	"{""0"": 43, ""1"": 43}"	"{""0"": 57, ""1"": 29}"	0.0096887331455945	0.9727573394775392	YES		outputs/paper1_data_refresh_20260710/PAPER1_7MODEL_PREDICTION_MANIFEST.tsv
MSMCDA	CircR2Disease	strict_cold	15	formal_runs/cda_msmcda_corrected_fullmetric_20260619/runs/strict_cold/seed_15/predictions.tsv	68	001ed8244510c7effa7efd3dc5d395ab330e109610ac8c651c0f00ab1e775194	"{""0"": 34, ""1"": 34}"	"{""0"": 32, ""1"": 36}"	0.0152131207287311	0.7461576461791992	YES		outputs/paper1_data_refresh_20260710/PAPER1_7MODEL_PREDICTION_MANIFEST.tsv
MSMCDA	CircR2Disease	strict_cold	16	formal_runs/cda_msmcda_corrected_fullmetric_20260619/runs/strict_cold/seed_16/predictions.tsv	40	6dbd1b037442affc44b6898dcb7fd72c25c9650646e590d76e19d94bfb32bd6f	"{""0"": 20, ""1"": 20}"	"{""0"": 29, ""1"": 11}"	0.0289088208228349	0.9506444334983826	YES		outputs/paper1_data_refresh_20260710/PAPER1_7MODEL_PREDICTION_MANIFEST.tsv
MSMCDA	CircR2Disease	strict_cold	17	formal_runs/cda_msmcda_corrected_fullmetric_20260619/runs/strict_cold/seed_17/predictions.tsv	30	819debf2cbb1d64bdb9a51bdcb83a775e82b01c46fbe5be2baa6681565e45031	"{""0"": 15, ""1"": 15}"	"{""0"": 23, ""1"": 7}"	0.1077753379940986	0.7618234753608704	YES		outputs/paper1_data_refresh_20260710/PAPER1_7MODEL_PREDICTION_MANIFEST.tsv
MSMCDA	CircR2Disease	strict_cold	18	formal_runs/cda_msmcda_corrected_fullmetric_20260619/runs/strict_cold/seed_18/predictions.tsv	40	6ae183fa175df7e7bfb8fcbaf6294ca6f81c8bfae0edda5b3200e3a3b5a3a115	"{""0"": 20, ""1"": 20}"	"{""0"": 24, ""1"": 16}"	0.0481200255453586	0.979024052619934	YES		outputs/paper1_data_refresh_20260710/PAPER1_7MODEL_PREDICTION_MANIFEST.tsv
MSMCDA	CircR2Disease	strict_cold	19	formal_runs/cda_msmcda_corrected_fullmetric_20260619/runs/strict_cold/seed_19/predictions.tsv	60	37fe1948c45ed333f4c24d70d60d7915a8dab014375dffd4255d194cbadee499	"{""0"": 30, ""1"": 30}"	"{""0"": 44, ""1"": 16}"	0.0726674646139144	0.8446459770202637	YES		outputs/paper1_data_refresh_20260710/PAPER1_7MODEL_PREDICTION_MANIFEST.tsv
MSMCDA	CircR2Disease	strict_cold	20	formal_runs/cda_msmcda_corrected_fullmetric_20260619/runs/strict_cold/seed_20/predictions.tsv	52	0c40bd806364000b46786dfca440e23ad9bff18c3445d501428445621e8ca3dd	"{""0"": 26, ""1"": 26}"	"{""0"": 32, ""1"": 20}"	0.0295910257846117	0.9967875480651855	YES		outputs/paper1_data_refresh_20260710/PAPER1_7MODEL_PREDICTION_MANIFEST.tsv
MSMCDA	CircR2Disease	strict_cold	21	formal_runs/cda_msmcda_corrected_fullmetric_20260619/runs/strict_cold/seed_21/predictions.tsv	48	c50938b81531c1c72a1d10346c682cdae15bf90a0d2e0d5eaef30541025867f9	"{""0"": 24, ""1"": 24}"	"{""0"": 25, ""1"": 23}"	0.0748542249202728	0.955337643623352	YES		outputs/paper1_data_refresh_20260710/PAPER1_7MODEL_PREDICTION_MANIFEST.tsv
MSMCDA	CircR2Disease	strict_cold	22	formal_runs/cda_msmcda_corrected_fullmetric_20260619/runs/strict_cold/seed_22/predictions.tsv	52	5392773b1cf5f697de5dd48d7ffc2cbb8edcc99cef4103109c02dd594d0e24c4	"{""0"": 26, ""1"": 26}"	"{""0"": 27, ""1"": 25}"	0.0605297163128852	0.9573507905006408	YES		outputs/paper1_data_refresh_20260710/PAPER1_7MODEL_PREDICTION_MANIFEST.tsv
MSMCDA	CircR2Disease	strict_cold	23	formal_runs/cda_msmcda_corrected_fullmetric_20260619/runs/strict_cold/seed_23/predictions.tsv	56	4bf100e9ae34908f07cd67d7a246ea6c02cdd3492bd625e550f6155b80869dc9	"{""0"": 28, ""1"": 28}"	"{""0"": 50, ""1"": 6}"	0.0121109690517187	0.6890684962272644	YES		outputs/paper1_data_refresh_20260710/PAPER1_7MODEL_PREDICTION_MANIFEST.tsv
MSMCDA	CircR2Disease	strict_cold	24	formal_runs/cda_msmcda_corrected_fullmetric_20260619/runs/strict_cold/seed_24/predictions.tsv	46	2dfa074e0bc933e3cd1a5ea36d8137f709fa4ae92a171bea2c64d258ef1023d6	"{""0"": 23, ""1"": 23}"	"{""0"": 32, ""1"": 14}"	0.000113366622827	0.8152743577957153	YES		outputs/paper1_data_refresh_20260710/PAPER1_7MODEL_PREDICTION_MANIFEST.tsv
DLST-MDA	DLST-native	random	0	formal_runs/dlst_native_fixedfinal_fullmetric_20260623/05_runs/DLST-native/random/seed_0/predictions.tsv	3488	0b44d9594eb96e3f95dc82bc798c3af49161bec13ec907f045d920795ca90619	"{""0"": 1744, ""1"": 1744}"	"{""0"": 1473, ""1"": 2015}"	0.0036052491050213	0.9678065180778505	YES		outputs/paper1_data_refresh_20260710/PAPER1_7MODEL_PREDICTION_MANIFEST.tsv
DLST-MDA	DLST-native	random	1	formal_runs/dlst_native_fixedfinal_fullmetric_20260623/05_runs/DLST-native/random/seed_1/predictions.tsv	3488	7abcef8b96329085b136a9069ee61edc15a938ca531bbce88fc54dfbe4061875	"{""0"": 1744, ""1"": 1744}"	"{""0"": 1547, ""1"": 1941}"	0.0062299687415361	0.9795371294021606	YES		outputs/paper1_data_refresh_20260710/PAPER1_7MODEL_PREDICTION_MANIFEST.tsv
DLST-MDA	DLST-native	random	2	formal_runs/dlst_native_fixedfinal_fullmetric_20260623/05_runs/DLST-native/random/seed_2/predictions.tsv	3488	3fc4d0df27e60b11b2ab2ac2f890b228695f6e9b4ef2893845549b90f9563d88	"{""0"": 1744, ""1"": 1744}"	"{""0"": 1604, ""1"": 1884}"	0.0014573093503713	0.9704369306564332	YES		outputs/paper1_data_refresh_20260710/PAPER1_7MODEL_PREDICTION_MANIFEST.tsv
DLST-MDA	DLST-native	random	3	formal_runs/dlst_native_fixedfinal_fullmetric_20260623/05_runs/DLST-native/random/seed_3/predictions.tsv	3488	e94bddd45273f1aae5ee767e86cf3f4d2e96f70eb6f3528d879e574e211fb127	"{""0"": 1744, ""1"": 1744}"	"{""0"": 1768, ""1"": 1720}"	0.0021877195686101	0.9566748142242432	YES		outputs/paper1_data_refresh_20260710/PAPER1_7MODEL_PREDICTION_MANIFEST.tsv
DLST-MDA	DLST-native	random	4	formal_runs/dlst_native_fixedfinal_fullmetric_20260623/05_runs/DLST-native/random/seed_4/predictions.tsv	3488	7b0ce6e76bb82d3c796d58ed88e1a1ce57f39f7d688e12ec88813736aa81592b	"{""0"": 1744, ""1"": 1744}"	"{""0"": 1593, ""1"": 1895}"	0.0066413609310984	0.9809666872024536	YES		outputs/paper1_data_refresh_20260710/PAPER1_7MODEL_PREDICTION_MANIFEST.tsv
DLST-MDA	DLST-native	random	5	formal_runs/dlst_native_fixedfinal_fullmetric_20260623/05_runs/DLST-native/random/seed_5/predictions.tsv	3488	41c1c50dfad351d5864d8cd57fbb23eb91a6af807920e01ba52f84e8a2884d24	"{""0"": 1744, ""1"": 1744}"	"{""0"": 1755, ""1"": 1733}"	0.003988096024841	0.9846981167793274	YES		outputs/paper1_data_refresh_20260710/PAPER1_7MODEL_PREDICTION_MANIFEST.tsv
DLST-MDA	DLST-native	random	6	formal_runs/dlst_native_fixedfinal_fullmetric_20260623/05_runs/DLST-native/random/seed_6/predictions.tsv	3488	2505208e5ed1739975c0c2408e6dbe7f7e0b75662a896c56a86d59c9668f5f76	"{""0"": 1744, ""1"": 1744}"	"{""0"": 1629, ""1"": 1859}"	0.0080744894221425	0.9739395976066588	YES		outputs/paper1_data_refresh_20260710/PAPER1_7MODEL_PREDICTION_MANIFEST.tsv
DLST-MDA	DLST-native	random	7	formal_runs/dlst_native_fixedfinal_fullmetric_20260623/05_runs/DLST-native/random/seed_7/predictions.tsv	3488	6e66bb21e2afec8f82e02339e3c3142264dde01ef50a23f093a4ddfc9c823bef	"{""0"": 1744, ""1"": 1744}"	"{""0"": 1305, ""1"": 2183}"	0.0071545224636793	0.9884187579154968	YES		outputs/paper1_data_refresh_20260710/PAPER1_7MODEL_PREDICTION_MANIFEST.tsv
DLST-MDA	DLST-native	random	8	formal_runs/dlst_native_fixedfinal_fullmetric_20260623/05_runs/DLST-native/random/seed_8/predictions.tsv	3488	5142781557723b230646881b21893bdb37f49a9e9e8f7b212e0662cc099ceb55	"{""0"": 1744, ""1"": 1744}"	"{""0"": 1448, ""1"": 2040}"	0.0024683843366801	0.9876793026924132	YES		outputs/paper1_data_refresh_20260710/PAPER1_7MODEL_PREDICTION_MANIFEST.tsv
DLST-MDA	DLST-native	random	9	formal_runs/dlst_native_fixedfinal_fullmetric_20260623/05_runs/DLST-native/random/seed_9/predictions.tsv	3488	dc1f79b494eb78e96f07ba61923044e039f1ff7a7a2878a1afc9087cf1939e08	"{""0"": 1744, ""1"": 1744}"	"{""0"": 1730, ""1"": 1758}"	0.0009145927615463	0.9852067828178406	YES		outputs/paper1_data_refresh_20260710/PAPER1_7MODEL_PREDICTION_MANIFEST.tsv
DLST-MDA	DLST-native	random	10	formal_runs/dlst_native_fixedfinal_fullmetric_20260623/05_runs/DLST-native/random/seed_10/predictions.tsv	3488	e74b2685f9a8c045995a3eb20ba145cb8f8eb120d4c1977eae82427469bc4527	"{""0"": 1744, ""1"": 1744}"	"{""0"": 1504, ""1"": 1984}"	0.0048996596597135	0.9846568703651428	YES		outputs/paper1_data_refresh_20260710/PAPER1_7MODEL_PREDICTION_MANIFEST.tsv
DLST-MDA	DLST-native	random	11	formal_runs/dlst_native_fixedfinal_fullmetric_20260623/05_runs/DLST-native/random/seed_11/predictions.tsv	3488	7e77f61fd8bc2adfb84049d40ee7e364faede506fd2c4479551fce9620efffdf	"{""0"": 1744, ""1"": 1744}"	"{""0"": 1476, ""1"": 2012}"	0.0044423886574804	0.9944255352020264	YES		outputs/paper1_data_refresh_20260710/PAPER1_7MODEL_PREDICTION_MANIFEST.tsv
DLST-MDA	DLST-native	random	12	formal_runs/dlst_native_fixedfinal_fullmetric_20260623/05_runs/DLST-native/random/seed_12/predictions.tsv	3488	97771193549e50c5fc6c206d1620db8c0b7ad025629b24d3a609baec4f19e466	"{""0"": 1744, ""1"": 1744}"	"{""0"": 1756, ""1"": 1732}"	0.0007843254134058	0.977846622467041	YES		outputs/paper1_data_refresh_20260710/PAPER1_7MODEL_PREDICTION_MANIFEST.tsv
DLST-MDA	DLST-native	random	13	formal_runs/dlst_native_fixedfinal_fullmetric_20260623/05_runs/DLST-native/random/seed_13/predictions.tsv	3488	6e0d4b2efb9102fecb78539e0e64c160b4399f9c49fd72049d44c8e926ddd990	"{""0"": 1744, ""1"": 1744}"	"{""0"": 1536, ""1"": 1952}"	0.006681305821985	0.9880026578903198	YES		outputs/paper1_data_refresh_20260710/PAPER1_7MODEL_PREDICTION_MANIFEST.tsv
DLST-MDA	DLST-native	random	14	formal_runs/dlst_native_fixedfinal_fullmetric_20260623/05_runs/DLST-native/random/seed_14/predictions.tsv	3488	3efc85d01587a6aafedb77900fa404425e7e83821813e5c1aeefbdf5a3799325	"{""0"": 1744, ""1"": 1744}"	"{""0"": 1587, ""1"": 1901}"	0.0069773052819073	0.9685547351837158	YES		outputs/paper1_data_refresh_20260710/PAPER1_7MODEL_PREDICTION_MANIFEST.tsv
DLST-MDA	DLST-native	random	15	formal_runs/dlst_native_fixedfinal_fullmetric_20260623/05_runs/DLST-native/random/seed_15/predictions.tsv	3488	699fb131cdc308b899a68988e56a5d6adb67453c9f4ba9ad2798f09ea07b0c6a	"{""0"": 1744, ""1"": 1744}"	"{""0"": 1471, ""1"": 2017}"	0.0192156620323658	0.9871944785118104	YES		outputs/paper1_data_refresh_20260710/PAPER1_7MODEL_PREDICTION_MANIFEST.tsv
DLST-MDA	DLST-native	random	16	formal_runs/dlst_native_fixedfinal_fullmetric_20260623/05_runs/DLST-native/random/seed_16/predictions.tsv	3488	172fca6a72aa299be99f45b2fe2952279d481495f9f10cfa7703479b91a38028	"{""0"": 1744, ""1"": 1744}"	"{""0"": 1554, ""1"": 1934}"	0.004817169625312	0.991771161556244	YES		outputs/paper1_data_refresh_20260710/PAPER1_7MODEL_PREDICTION_MANIFEST.tsv
DLST-MDA	DLST-native	random	17	formal_runs/dlst_native_fixedfinal_fullmetric_20260623/05_runs/DLST-native/random/seed_17/predictions.tsv	3488	300f291488ae91dae1489220437a8bea7bd3ff66b6cd3683d0ce03d1659a6acd	"{""0"": 1744, ""1"": 1744}"	"{""0"": 1543, ""1"": 1945}"	0.0048945774324238	0.9902674555778505	YES		outputs/paper1_data_refresh_20260710/PAPER1_7MODEL_PREDICTION_MANIFEST.tsv
DLST-MDA	DLST-native	random	18	formal_runs/dlst_native_fixedfinal_fullmetric_20260623/05_runs/DLST-native/random/seed_18/predictions.tsv	3488	6f681dde79449adffd716f0e5084a1d31298828eaebb3e124a62fdeee0b78362	"{""0"": 1744, ""1"": 1744}"	"{""0"": 1606, ""1"": 1882}"	0.006226516328752	0.9886047840118408	YES		outputs/paper1_data_refresh_20260710/PAPER1_7MODEL_PREDICTION_MANIFEST.tsv
DLST-MDA	DLST-native	random	19	formal_runs/dlst_native_fixedfinal_fullmetric_20260623/05_runs/DLST-native/random/seed_19/predictions.tsv	3488	01dab61649ef63737b8ab1a035a100c79a7e5faa2049364773437e752d8828fa	"{""0"": 1744, ""1"": 1744}"	"{""0"": 1507, ""1"": 1981}"	0.0090857800096273	0.9607573747634888	YES		outputs/paper1_data_refresh_20260710/PAPER1_7MODEL_PREDICTION_MANIFEST.tsv
DLST-MDA	DLST-native	random	20	formal_runs/dlst_native_fixedfinal_fullmetric_20260623/05_runs/DLST-native/random/seed_20/predictions.tsv	3488	88b1b9cc28cd6e03078ef5b4bab21ad856568021cae02ec33550b4fcad8cd3ae	"{""0"": 1744, ""1"": 1744}"	"{""0"": 1686, ""1"": 1802}"	0.0019318130798637	0.9827575087547302	YES		outputs/paper1_data_refresh_20260710/PAPER1_7MODEL_PREDICTION_MANIFEST.tsv
DLST-MDA	DLST-native	random	21	formal_runs/dlst_native_fixedfinal_fullmetric_20260623/05_runs/DLST-native/random/seed_21/predictions.tsv	3488	b7b12d860af1d90c6afaa4f8839b6dc6a87c8e56c94261fd2292dd541fd7002e	"{""0"": 1744, ""1"": 1744}"	"{""0"": 1536, ""1"": 1952}"	0.007552979979664	0.992704689502716	YES		outputs/paper1_data_refresh_20260710/PAPER1_7MODEL_PREDICTION_MANIFEST.tsv
DLST-MDA	DLST-native	random	22	formal_runs/dlst_native_fixedfinal_fullmetric_20260623/05_runs/DLST-native/random/seed_22/predictions.tsv	3488	7abfbe0ae3d7557a17135a30c0ff30a7f5aadee25fc597d8c6432f5b66a63566	"{""0"": 1744, ""1"": 1744}"	"{""0"": 1731, ""1"": 1757}"	0.0056586312130093	0.959830105304718	YES		outputs/paper1_data_refresh_20260710/PAPER1_7MODEL_PREDICTION_MANIFEST.tsv
DLST-MDA	DLST-native	random	23	formal_runs/dlst_native_fixedfinal_fullmetric_20260623/05_runs/DLST-native/random/seed_23/predictions.tsv	3488	5194dc34c522ccd88d4ef32c36c6fdd027cdd95721423c559b346967de3d5f05	"{""0"": 1744, ""1"": 1744}"	"{""0"": 1534, ""1"": 1954}"	0.0057541811838746	0.992265522480011	YES		outputs/paper1_data_refresh_20260710/PAPER1_7MODEL_PREDICTION_MANIFEST.tsv
DLST-MDA	DLST-native	random	24	formal_runs/dlst_native_fixedfinal_fullmetric_20260623/05_runs/DLST-native/random/seed_24/predictions.tsv	3488	1c893ea8fa544c2e6e6db111b6784a8bcade949c737ad914bf209fc7967a6a41	"{""0"": 1744, ""1"": 1744}"	"{""0"": 1434, ""1"": 2054}"	0.0060331360436975	0.980095148086548	YES		outputs/paper1_data_refresh_20260710/PAPER1_7MODEL_PREDICTION_MANIFEST.tsv
DLST-MDA	DLST-native	mirna_cold	0	formal_runs/dlst_native_fixedfinal_fullmetric_20260623/05_runs/DLST-native/mirna_cold/seed_0/predictions.tsv	3136	443a2ff23b6be8842c7e61722e3d1dd467cb46a0f02f64ca62acb7d77b0fdea3	"{""0"": 1568, ""1"": 1568}"	"{""0"": 1399, ""1"": 1737}"	0.0029855060856789	0.9925000071525574	YES		outputs/paper1_data_refresh_20260710/PAPER1_7MODEL_PREDICTION_MANIFEST.tsv
DLST-MDA	DLST-native	mirna_cold	1	formal_runs/dlst_native_fixedfinal_fullmetric_20260623/05_runs/DLST-native/mirna_cold/seed_1/predictions.tsv	3220	83bc12cc1fb1617f06a0d90568c0741cc8fd145aa5049a76a08eea82ef299661	"{""0"": 1610, ""1"": 1610}"	"{""0"": 1486, ""1"": 1734}"	0.004636088386178	0.9814004898071288	YES		outputs/paper1_data_refresh_20260710/PAPER1_7MODEL_PREDICTION_MANIFEST.tsv
DLST-MDA	DLST-native	mirna_cold	2	formal_runs/dlst_native_fixedfinal_fullmetric_20260623/05_runs/DLST-native/mirna_cold/seed_2/predictions.tsv	3530	9efe8c82fcc8dcb7bcfff0b2ed94cc1c558369dac69591f8bdcc2463e31c3bc6	"{""0"": 1765, ""1"": 1765}"	"{""0"": 1828, ""1"": 1702}"	0.0008010894525796	0.9723706841468812	YES		outputs/paper1_data_refresh_20260710/PAPER1_7MODEL_PREDICTION_MANIFEST.tsv
DLST-MDA	DLST-native	mirna_cold	3	formal_runs/dlst_native_fixedfinal_fullmetric_20260623/05_runs/DLST-native/mirna_cold/seed_3/predictions.tsv	3584	1b7e065722cf33197b344774cfddd2115acd8793ac163951a023254681824f22	"{""0"": 1792, ""1"": 1792}"	"{""0"": 1790, ""1"": 1794}"	0.0035226265899837	0.9799036383628844	YES		outputs/paper1_data_refresh_20260710/PAPER1_7MODEL_PREDICTION_MANIFEST.tsv
DLST-MDA	DLST-native	mirna_cold	4	formal_runs/dlst_native_fixedfinal_fullmetric_20260623/05_runs/DLST-native/mirna_cold/seed_4/predictions.tsv	3536	2765767560e7e5467d9ca6b6dda01eaa8739ce884284c4e006710547107d527e	"{""0"": 1768, ""1"": 1768}"	"{""0"": 1707, ""1"": 1829}"	0.0064023225568234	0.9695642590522766	YES		outputs/paper1_data_refresh_20260710/PAPER1_7MODEL_PREDICTION_MANIFEST.tsv
DLST-MDA	DLST-native	mirna_cold	5	formal_runs/dlst_native_fixedfinal_fullmetric_20260623/05_runs/DLST-native/mirna_cold/seed_5/predictions.tsv	3432	9aaee78a9b8fc9c40caaf3b9ddac98509b7e1d78e15d01411f51c6e2f82bd39d	"{""0"": 1716, ""1"": 1716}"	"{""0"": 1684, ""1"": 1748}"	0.0047736498527228	0.9774249792099	YES		outputs/paper1_data_refresh_20260710/PAPER1_7MODEL_PREDICTION_MANIFEST.tsv
DLST-MDA	DLST-native	mirna_cold	6	formal_runs/dlst_native_fixedfinal_fullmetric_20260623/05_runs/DLST-native/mirna_cold/seed_6/predictions.tsv	3642	8376e2f5710bff28bb4989fe6f5d92b24a238803bd1189c2e296936adfd83f9f	"{""0"": 1821, ""1"": 1821}"	"{""0"": 1734, ""1"": 1908}"	0.0023190383799374	0.993121325969696	YES		outputs/paper1_data_refresh_20260710/PAPER1_7MODEL_PREDICTION_MANIFEST.tsv
DLST-MDA	DLST-native	mirna_cold	7	formal_runs/dlst_native_fixedfinal_fullmetric_20260623/05_runs/DLST-native/mirna_cold/seed_7/predictions.tsv	3304	1002fcdfa95a03f6acac90f3c640251c9216b26ae1c94502d8c261f7bfcb76f4	"{""0"": 1652, ""1"": 1652}"	"{""0"": 1661, ""1"": 1643}"	0.0011814776808023	0.9714632034301758	YES		outputs/paper1_data_refresh_20260710/PAPER1_7MODEL_PREDICTION_MANIFEST.tsv
DLST-MDA	DLST-native	mirna_cold	8	formal_runs/dlst_native_fixedfinal_fullmetric_20260623/05_runs/DLST-native/mirna_cold/seed_8/predictions.tsv	3550	3eda510635ba928b7fae5964abaa8a27c8300f21e0fcd668b6f1c2beedf59f2e	"{""0"": 1775, ""1"": 1775}"	"{""0"": 1782, ""1"": 1768}"	0.0033346239943057	0.9727679491043092	YES		outputs/paper1_data_refresh_20260710/PAPER1_7MODEL_PREDICTION_MANIFEST.tsv
DLST-MDA	DLST-native	mirna_cold	9	formal_runs/dlst_native_fixedfinal_fullmetric_20260623/05_runs/DLST-native/mirna_cold/seed_9/predictions.tsv	3582	9d81207a47023ba78ed8cc1d071ef9c68b25d509fa9a8fe9acbdf47155d8a332	"{""0"": 1791, ""1"": 1791}"	"{""0"": 1731, ""1"": 1851}"	0.0015586368972435	0.988784909248352	YES		outputs/paper1_data_refresh_20260710/PAPER1_7MODEL_PREDICTION_MANIFEST.tsv
DLST-MDA	DLST-native	mirna_cold	10	formal_runs/dlst_native_fixedfinal_fullmetric_20260623/05_runs/DLST-native/mirna_cold/seed_10/predictions.tsv	3326	b073a74981eed80964c4614ac20df604e138c6aa8a8682fb90719ac97bfb7b55	"{""0"": 1663, ""1"": 1663}"	"{""0"": 1447, ""1"": 1879}"	0.0013092146255075	0.9860743880271912	YES		outputs/paper1_data_refresh_20260710/PAPER1_7MODEL_PREDICTION_MANIFEST.tsv
DLST-MDA	DLST-native	mirna_cold	11	formal_runs/dlst_native_fixedfinal_fullmetric_20260623/05_runs/DLST-native/mirna_cold/seed_11/predictions.tsv	3710	dab73c97ca8f0fe0cdf9e02531d1a346d2fa7501f4f6bb4030d7c1fb736e3b35	"{""0"": 1855, ""1"": 1855}"	"{""0"": 1820, ""1"": 1890}"	0.0041778376325964	0.9691358208656312	YES		outputs/paper1_data_refresh_20260710/PAPER1_7MODEL_PREDICTION_MANIFEST.tsv
DLST-MDA	DLST-native	mirna_cold	12	formal_runs/dlst_native_fixedfinal_fullmetric_20260623/05_runs/DLST-native/mirna_cold/seed_12/predictions.tsv	3342	4cd0ddf3f7ea619094a78cd29cf108fbc95313beb6c63c71e5bbf1098320e42f	"{""0"": 1671, ""1"": 1671}"	"{""0"": 1313, ""1"": 2029}"	0.0120040420442819	0.9860886931419371	YES		outputs/paper1_data_refresh_20260710/PAPER1_7MODEL_PREDICTION_MANIFEST.tsv
DLST-MDA	DLST-native	mirna_cold	13	formal_runs/dlst_native_fixedfinal_fullmetric_20260623/05_runs/DLST-native/mirna_cold/seed_13/predictions.tsv	3276	a89db366ca2c6d1504ef5997799868e4e65afd22b6245c77e0bc66127cd77742	"{""0"": 1638, ""1"": 1638}"	"{""0"": 1370, ""1"": 1906}"	0.0109213534742593	0.9835562705993652	YES		outputs/paper1_data_refresh_20260710/PAPER1_7MODEL_PREDICTION_MANIFEST.tsv
DLST-MDA	DLST-native	mirna_cold	14	formal_runs/dlst_native_fixedfinal_fullmetric_20260623/05_runs/DLST-native/mirna_cold/seed_14/predictions.tsv	3436	a41699939d8eee93bba7342208ae61cd8ff460594066fedabf2b335f47920dd8	"{""0"": 1718, ""1"": 1718}"	"{""0"": 1589, ""1"": 1847}"	0.0025971925351768	0.9715467691421508	YES		outputs/paper1_data_refresh_20260710/PAPER1_7MODEL_PREDICTION_MANIFEST.tsv
DLST-MDA	DLST-native	mirna_cold	15	formal_runs/dlst_native_fixedfinal_fullmetric_20260623/05_runs/DLST-native/mirna_cold/seed_15/predictions.tsv	3440	0c8b9517377fc3a8185980e66a84919a7db0fda4bd00405baacf3bd1c4229422	"{""0"": 1720, ""1"": 1720}"	"{""0"": 1673, ""1"": 1767}"	0.0026850355789065	0.9454635977745056	YES		outputs/paper1_data_refresh_20260710/PAPER1_7MODEL_PREDICTION_MANIFEST.tsv
DLST-MDA	DLST-native	mirna_cold	16	formal_runs/dlst_native_fixedfinal_fullmetric_20260623/05_runs/DLST-native/mirna_cold/seed_16/predictions.tsv	3752	993e22afa138096688c93cdf5b6f34e1c0dce50c6c0af27b5b201b3358e3673d	"{""0"": 1876, ""1"": 1876}"	"{""0"": 1745, ""1"": 2007}"	0.0027459263801574	0.970107078552246	YES		outputs/paper1_data_refresh_20260710/PAPER1_7MODEL_PREDICTION_MANIFEST.tsv
DLST-MDA	DLST-native	mirna_cold	17	formal_runs/dlst_native_fixedfinal_fullmetric_20260623/05_runs/DLST-native/mirna_cold/seed_17/predictions.tsv	3464	1ebc6aeefd3b77e05340b6e7a7f48d0989e4dfb0b02463c5bf781f9d3d351977	"{""0"": 1732, ""1"": 1732}"	"{""0"": 1567, ""1"": 1897}"	0.0083490516990423	0.9746112823486328	YES		outputs/paper1_data_refresh_20260710/PAPER1_7MODEL_PREDICTION_MANIFEST.tsv
DLST-MDA	DLST-native	mirna_cold	18	formal_runs/dlst_native_fixedfinal_fullmetric_20260623/05_runs/DLST-native/mirna_cold/seed_18/predictions.tsv	3322	be880da6fd775428609c4c042c95c917b1bb76419f179d012d0689f85b86db1a	"{""0"": 1661, ""1"": 1661}"	"{""0"": 1769, ""1"": 1553}"	0.001171757816337	0.9541978240013124	YES		outputs/paper1_data_refresh_20260710/PAPER1_7MODEL_PREDICTION_MANIFEST.tsv
DLST-MDA	DLST-native	mirna_cold	19	formal_runs/dlst_native_fixedfinal_fullmetric_20260623/05_runs/DLST-native/mirna_cold/seed_19/predictions.tsv	3488	4fb066e30241782af9171bc5e99add438e717c8aa987bd4950f894793315cce4	"{""0"": 1744, ""1"": 1744}"	"{""0"": 1649, ""1"": 1839}"	0.0023526172153651	0.9695106148719788	YES		outputs/paper1_data_refresh_20260710/PAPER1_7MODEL_PREDICTION_MANIFEST.tsv
DLST-MDA	DLST-native	mirna_cold	20	formal_runs/dlst_native_fixedfinal_fullmetric_20260623/05_runs/DLST-native/mirna_cold/seed_20/predictions.tsv	3274	17f59d48135d058b0cca8f148394c9258a8c4a14a1993737c99bd9f33f33c5b5	"{""0"": 1637, ""1"": 1637}"	"{""0"": 1456, ""1"": 1818}"	0.0049948845990002	0.9868870377540588	YES		outputs/paper1_data_refresh_20260710/PAPER1_7MODEL_PREDICTION_MANIFEST.tsv
DLST-MDA	DLST-native	mirna_cold	21	formal_runs/dlst_native_fixedfinal_fullmetric_20260623/05_runs/DLST-native/mirna_cold/seed_21/predictions.tsv	3850	cc784747bca55426a6824d7453e6666ebd19659700befd2544da2f7f336a6003	"{""0"": 1925, ""1"": 1925}"	"{""0"": 1892, ""1"": 1958}"	0.0027183960191905	0.9862431883811952	YES		outputs/paper1_data_refresh_20260710/PAPER1_7MODEL_PREDICTION_MANIFEST.tsv
DLST-MDA	DLST-native	mirna_cold	22	formal_runs/dlst_native_fixedfinal_fullmetric_20260623/05_runs/DLST-native/mirna_cold/seed_22/predictions.tsv	3548	6f24d1870425841f4942ce21b8da937d2983dfdfc499b1cfffb0bd471f63b22b	"{""0"": 1774, ""1"": 1774}"	"{""0"": 1440, ""1"": 2108}"	0.0042244284413754	0.9900864958763124	YES		outputs/paper1_data_refresh_20260710/PAPER1_7MODEL_PREDICTION_MANIFEST.tsv
DLST-MDA	DLST-native	mirna_cold	23	formal_runs/dlst_native_fixedfinal_fullmetric_20260623/05_runs/DLST-native/mirna_cold/seed_23/predictions.tsv	3512	32216ba3d14b17773dc705c8c8f685cfaa775962afeb382a11c0b95c4b0ddae2	"{""0"": 1756, ""1"": 1756}"	"{""0"": 1596, ""1"": 1916}"	0.0057646771892905	0.9903209805488586	YES		outputs/paper1_data_refresh_20260710/PAPER1_7MODEL_PREDICTION_MANIFEST.tsv
DLST-MDA	DLST-native	mirna_cold	24	formal_runs/dlst_native_fixedfinal_fullmetric_20260623/05_runs/DLST-native/mirna_cold/seed_24/predictions.tsv	3934	6cdfa27fdd2d7b4f1447bd66ff929cba8044201d8b5f4356962986051f5961eb	"{""0"": 1967, ""1"": 1967}"	"{""0"": 2239, ""1"": 1695}"	0.0004248998011462	0.9573107957839966	YES		outputs/paper1_data_refresh_20260710/PAPER1_7MODEL_PREDICTION_MANIFEST.tsv
DLST-MDA	DLST-native	drug_cold	0	formal_runs/dlst_native_fixedfinal_fullmetric_20260623/05_runs/DLST-native/drug_cold/seed_0/predictions.tsv	1354	db716a1d7a668cd084088478dc23d51db3b95f34e8f5ed96f06e03f16cd2905d	"{""0"": 677, ""1"": 677}"	"{""0"": 1041, ""1"": 313}"	0.0029507116414606	0.8329883217811584	YES		outputs/paper1_data_refresh_20260710/PAPER1_7MODEL_PREDICTION_MANIFEST.tsv
DLST-MDA	DLST-native	drug_cold	1	formal_runs/dlst_native_fixedfinal_fullmetric_20260623/05_runs/DLST-native/drug_cold/seed_1/predictions.tsv	5304	181202b6b9e0a922f373f30bb66403100da5dd97b436cbfeacf91a50ebe15aad	"{""0"": 2652, ""1"": 2652}"	"{""0"": 4549, ""1"": 755}"	0.003275227965787	0.8270387649536133	YES		outputs/paper1_data_refresh_20260710/PAPER1_7MODEL_PREDICTION_MANIFEST.tsv
DLST-MDA	DLST-native	drug_cold	2	formal_runs/dlst_native_fixedfinal_fullmetric_20260623/05_runs/DLST-native/drug_cold/seed_2/predictions.tsv	5508	81e3b2a0aed1d407cc07fab3a77b659d3e875cbf5250509784a9ddfcfb7340b2	"{""0"": 2754, ""1"": 2754}"	"{""0"": 5222, ""1"": 286}"	0.0011109164915978	0.7661258578300476	YES		outputs/paper1_data_refresh_20260710/PAPER1_7MODEL_PREDICTION_MANIFEST.tsv
DLST-MDA	DLST-native	drug_cold	3	formal_runs/dlst_native_fixedfinal_fullmetric_20260623/05_runs/DLST-native/drug_cold/seed_3/predictions.tsv	2336	87ca0a3af191731f3d86325cc794f69bbd319409a9d2e8aa3ae9870eda754450	"{""0"": 1168, ""1"": 1168}"	"{""0"": 1789, ""1"": 547}"	0.0022556644398719	0.913176953792572	YES		outputs/paper1_data_refresh_20260710/PAPER1_7MODEL_PREDICTION_MANIFEST.tsv
DLST-MDA	DLST-native	drug_cold	4	formal_runs/dlst_native_fixedfinal_fullmetric_20260623/05_runs/DLST-native/drug_cold/seed_4/predictions.tsv	3034	0cb1e369f46ddde3899262ab0f7406755128ee0cc319e0ee293bf30832e3340c	"{""0"": 1517, ""1"": 1517}"	"{""0"": 2896, ""1"": 138}"	0.0062418216839432	0.8243492841720581	YES		outputs/paper1_data_refresh_20260710/PAPER1_7MODEL_PREDICTION_MANIFEST.tsv
DLST-MDA	DLST-native	drug_cold	5	formal_runs/dlst_native_fixedfinal_fullmetric_20260623/05_runs/DLST-native/drug_cold/seed_5/predictions.tsv	1996	a2ca0f09db6fdc718dee47b1db400fe091e5670edcca1152a91c52ba96a23323	"{""0"": 998, ""1"": 998}"	"{""0"": 1913, ""1"": 83}"	0.001932471524924	0.9068037867546082	YES		outputs/paper1_data_refresh_20260710/PAPER1_7MODEL_PREDICTION_MANIFEST.tsv
DLST-MDA	DLST-native	drug_cold	6	formal_runs/dlst_native_fixedfinal_fullmetric_20260623/05_runs/DLST-native/drug_cold/seed_6/predictions.tsv	5814	e22c58f121b88e2930d72aec2afef02debdc97110565c20cfd29458589737724	"{""0"": 2907, ""1"": 2907}"	"{""0"": 5517, ""1"": 297}"	0.0056180274114012	0.9450028538703918	YES		outputs/paper1_data_refresh_20260710/PAPER1_7MODEL_PREDICTION_MANIFEST.tsv
DLST-MDA	DLST-native	drug_cold	7	formal_runs/dlst_native_fixedfinal_fullmetric_20260623/05_runs/DLST-native/drug_cold/seed_7/predictions.tsv	1362	a449b79ea6d68b009e0ad211af276aad869f9aaf51e0df95a96b6f34bcbbe7e8	"{""0"": 681, ""1"": 681}"	"{""0"": 1247, ""1"": 115}"	0.0026103982236236	0.8771718144416809	YES		outputs/paper1_data_refresh_20260710/PAPER1_7MODEL_PREDICTION_MANIFEST.tsv
DLST-MDA	DLST-native	drug_cold	8	formal_runs/dlst_native_fixedfinal_fullmetric_20260623/05_runs/DLST-native/drug_cold/seed_8/predictions.tsv	1624	16643e9851120d9807fdb0deae54ccf2cf29190259971c23dcee084328c8125b	"{""0"": 812, ""1"": 812}"	"{""0"": 1369, ""1"": 255}"	0.0075050815939903	0.8409262895584106	YES		outputs/paper1_data_refresh_20260710/PAPER1_7MODEL_PREDICTION_MANIFEST.tsv
DLST-MDA	DLST-native	drug_cold	9	formal_runs/dlst_native_fixedfinal_fullmetric_20260623/05_runs/DLST-native/drug_cold/seed_9/predictions.tsv	3198	2245b31bc89c7f707530494ed622ab946ff173f2ea4fdfe9f60c12a39057130e	"{""0"": 1599, ""1"": 1599}"	"{""0"": 1750, ""1"": 1448}"	0.013272020034492	0.8863548636436462	YES		outputs/paper1_data_refresh_20260710/PAPER1_7MODEL_PREDICTION_MANIFEST.tsv
DLST-MDA	DLST-native	drug_cold	10	formal_runs/dlst_native_fixedfinal_fullmetric_20260623/05_runs/DLST-native/drug_cold/seed_10/predictions.tsv	6198	251cb8217ab41dfa943d618e2186e0b2e1bc8d867dc86168355cab8346bfe9f6	"{""0"": 3099, ""1"": 3099}"	"{""0"": 3051, ""1"": 3147}"	0.026062624529004	0.9413439631462096	YES		outputs/paper1_data_refresh_20260710/PAPER1_7MODEL_PREDICTION_MANIFEST.tsv
DLST-MDA	DLST-native	drug_cold	11	formal_runs/dlst_native_fixedfinal_fullmetric_20260623/05_runs/DLST-native/drug_cold/seed_11/predictions.tsv	1656	07a5bb37c3d0e9935397fbc48b581894bb962e5f7904b89e4abe470f141143c8	"{""0"": 828, ""1"": 828}"	"{""0"": 1593, ""1"": 63}"	0.0030517494305968	0.9023679494857788	YES		outputs/paper1_data_refresh_20260710/PAPER1_7MODEL_PREDICTION_MANIFEST.tsv
DLST-MDA	DLST-native	drug_cold	12	formal_runs/dlst_native_fixedfinal_fullmetric_20260623/05_runs/DLST-native/drug_cold/seed_12/predictions.tsv	5582	74a5852abc2220112a3522812f1f3975ce67f25aa41908e4087a3ba5eb084183	"{""0"": 2791, ""1"": 2791}"	"{""0"": 1936, ""1"": 3646}"	0.0269544869661331	0.8869295716285706	YES		outputs/paper1_data_refresh_20260710/PAPER1_7MODEL_PREDICTION_MANIFEST.tsv
DLST-MDA	DLST-native	drug_cold	13	formal_runs/dlst_native_fixedfinal_fullmetric_20260623/05_runs/DLST-native/drug_cold/seed_13/predictions.tsv	3098	e0ab6b6379ded59c9d70f46ddc287d3aebe4939786bcc6b2464c36ac5c0b4598	"{""0"": 1549, ""1"": 1549}"	"{""0"": 2870, ""1"": 228}"	0.0032321356702595	0.8126792311668396	YES		outputs/paper1_data_refresh_20260710/PAPER1_7MODEL_PREDICTION_MANIFEST.tsv
DLST-MDA	DLST-native	drug_cold	14	formal_runs/dlst_native_fixedfinal_fullmetric_20260623/05_runs/DLST-native/drug_cold/seed_14/predictions.tsv	2674	eb3cbfe83ab443d50dce9a9ca2068768a251c0008a61ac517709af4b030b6dfc	"{""0"": 1337, ""1"": 1337}"	"{""0"": 2317, ""1"": 357}"	0.0078500788658857	0.8588054180145264	YES		outputs/paper1_data_refresh_20260710/PAPER1_7MODEL_PREDICTION_MANIFEST.tsv
DLST-MDA	DLST-native	drug_cold	15	formal_runs/dlst_native_fixedfinal_fullmetric_20260623/05_runs/DLST-native/drug_cold/seed_15/predictions.tsv	2992	a6d05d5c3edb4997afce7914aa0c1a60e76522f3fbb71e3c52f656d1a9dded3c	"{""0"": 1496, ""1"": 1496}"	"{""0"": 2605, ""1"": 387}"	0.0031556559260934	0.8861749172210693	YES		outputs/paper1_data_refresh_20260710/PAPER1_7MODEL_PREDICTION_MANIFEST.tsv
DLST-MDA	DLST-native	drug_cold	16	formal_runs/dlst_native_fixedfinal_fullmetric_20260623/05_runs/DLST-native/drug_cold/seed_16/predictions.tsv	3492	280770f096b06ab0dd02fe1b26b2dc02812eb0a8f23073fc79134fad823cbc45	"{""0"": 1746, ""1"": 1746}"	"{""0"": 2413, ""1"": 1079}"	0.0034827955532819	0.8952377438545227	YES		outputs/paper1_data_refresh_20260710/PAPER1_7MODEL_PREDICTION_MANIFEST.tsv
DLST-MDA	DLST-native	drug_cold	17	formal_runs/dlst_native_fixedfinal_fullmetric_20260623/05_runs/DLST-native/drug_cold/seed_17/predictions.tsv	3838	36775c536423fefafe27df252f4f9cfd2131f2cf25e17ec15b138c1f58f33846	"{""0"": 1919, ""1"": 1919}"	"{""0"": 3774, ""1"": 64}"	0.0027200772892683	0.7180695533752441	YES		outputs/paper1_data_refresh_20260710/PAPER1_7MODEL_PREDICTION_MANIFEST.tsv
DLST-MDA	DLST-native	drug_cold	18	formal_runs/dlst_native_fixedfinal_fullmetric_20260623/05_runs/DLST-native/drug_cold/seed_18/predictions.tsv	3740	205a0a91fe100a08f45dcc70584afdff2f8e0794c7feeb0f47edf22ce5db1662	"{""0"": 1870, ""1"": 1870}"	"{""0"": 2617, ""1"": 1123}"	0.0059591447934508	0.8750657439231873	YES		outputs/paper1_data_refresh_20260710/PAPER1_7MODEL_PREDICTION_MANIFEST.tsv
DLST-MDA	DLST-native	drug_cold	19	formal_runs/dlst_native_fixedfinal_fullmetric_20260623/05_runs/DLST-native/drug_cold/seed_19/predictions.tsv	2166	abec1eb251089aef0f9e258cf4141f4775ff64719f3421ee4faf2bb7eef6b883	"{""0"": 1083, ""1"": 1083}"	"{""0"": 2070, ""1"": 96}"	0.0071396753191947	0.8076663017272949	YES		outputs/paper1_data_refresh_20260710/PAPER1_7MODEL_PREDICTION_MANIFEST.tsv
DLST-MDA	DLST-native	drug_cold	20	formal_runs/dlst_native_fixedfinal_fullmetric_20260623/05_runs/DLST-native/drug_cold/seed_20/predictions.tsv	5508	01f3597f9b156a1d7afff020494e3a76405d3ace5c044e7c2d04b749ce0b836b	"{""0"": 2754, ""1"": 2754}"	"{""0"": 4474, ""1"": 1034}"	0.0044919587671756	0.8736369013786316	YES		outputs/paper1_data_refresh_20260710/PAPER1_7MODEL_PREDICTION_MANIFEST.tsv
DLST-MDA	DLST-native	drug_cold	21	formal_runs/dlst_native_fixedfinal_fullmetric_20260623/05_runs/DLST-native/drug_cold/seed_21/predictions.tsv	5484	45c2a5c8b95f312501de05a6153b82fcca1576957c0f9b55e92bc8fe741a1910	"{""0"": 2742, ""1"": 2742}"	"{""0"": 5325, ""1"": 159}"	0.0093709407374262	0.8053984045982361	YES		outputs/paper1_data_refresh_20260710/PAPER1_7MODEL_PREDICTION_MANIFEST.tsv
DLST-MDA	DLST-native	drug_cold	22	formal_runs/dlst_native_fixedfinal_fullmetric_20260623/05_runs/DLST-native/drug_cold/seed_22/predictions.tsv	5160	b4aa0ae30bf0e37c3e24fdf70c6f9782e3ccae0a202e1d722a213167cf447bd6	"{""0"": 2580, ""1"": 2580}"	"{""0"": 4239, ""1"": 921}"	0.0022950985003262	0.7844486236572266	YES		outputs/paper1_data_refresh_20260710/PAPER1_7MODEL_PREDICTION_MANIFEST.tsv
DLST-MDA	DLST-native	drug_cold	23	formal_runs/dlst_native_fixedfinal_fullmetric_20260623/05_runs/DLST-native/drug_cold/seed_23/predictions.tsv	3508	d2f39f45f6387cd2374f0c3bc9d245ac7b705e3fb55472e1013fdc5075350539	"{""0"": 1754, ""1"": 1754}"	"{""0"": 2857, ""1"": 651}"	0.0008538011461496	0.851915180683136	YES		outputs/paper1_data_refresh_20260710/PAPER1_7MODEL_PREDICTION_MANIFEST.tsv
DLST-MDA	DLST-native	drug_cold	24	formal_runs/dlst_native_fixedfinal_fullmetric_20260623/05_runs/DLST-native/drug_cold/seed_24/predictions.tsv	2824	fcb2294f716198a9aab64f7f03b8805502a966dcd94e91bbded9bba7c9f2e26f	"{""0"": 1412, ""1"": 1412}"	"{""0"": 2639, ""1"": 185}"	0.0028131143189966	0.8954690098762512	YES		outputs/paper1_data_refresh_20260710/PAPER1_7MODEL_PREDICTION_MANIFEST.tsv
DLST-MDA	DLST-native	strict_cold	0	formal_runs/dlst_native_fixedfinal_fullmetric_20260623/05_runs/DLST-native/strict_cold/seed_0/predictions.tsv	892	7af9f3a86865975719699d49f94922f74c27a8a55e842ca6b1177fbff8be90b1	"{""0"": 446, ""1"": 446}"	"{""0"": 798, ""1"": 94}"	0.007232473231852	0.9301888942718506	YES		outputs/paper1_data_refresh_20260710/PAPER1_7MODEL_PREDICTION_MANIFEST.tsv
DLST-MDA	DLST-native	strict_cold	1	formal_runs/dlst_native_fixedfinal_fullmetric_20260623/05_runs/DLST-native/strict_cold/seed_1/predictions.tsv	496	bb5ad9cc7e042f90d4c7946dee5f1f62adde631d8b8e9e9b7b66b70e964ff1cb	"{""0"": 248, ""1"": 248}"	"{""0"": 440, ""1"": 56}"	0.0164078809320926	0.8363662362098694	YES		outputs/paper1_data_refresh_20260710/PAPER1_7MODEL_PREDICTION_MANIFEST.tsv
DLST-MDA	DLST-native	strict_cold	2	formal_runs/dlst_native_fixedfinal_fullmetric_20260623/05_runs/DLST-native/strict_cold/seed_2/predictions.tsv	498	f2a1e6dbc994b5d3f6cc8c5f20d4e827709bab4c2d3ef234b61146fe75ad3cf1	"{""0"": 249, ""1"": 249}"	"{""0"": 309, ""1"": 189}"	0.0461669899523258	0.8316600918769836	YES		outputs/paper1_data_refresh_20260710/PAPER1_7MODEL_PREDICTION_MANIFEST.tsv
DLST-MDA	DLST-native	strict_cold	3	formal_runs/dlst_native_fixedfinal_fullmetric_20260623/05_runs/DLST-native/strict_cold/seed_3/predictions.tsv	1158	b6699cd191c89895fd6988a4c027c759c0d2c80babbc8730d67d39e744ddbd03	"{""0"": 579, ""1"": 579}"	"{""0"": 1020, ""1"": 138}"	0.003524072933942	0.7712084054946899	YES		outputs/paper1_data_refresh_20260710/PAPER1_7MODEL_PREDICTION_MANIFEST.tsv
DLST-MDA	DLST-native	strict_cold	4	formal_runs/dlst_native_fixedfinal_fullmetric_20260623/05_runs/DLST-native/strict_cold/seed_4/predictions.tsv	884	7db176278eaaea29acac782014abd6b995f71d17f64ff24d373afd5bc10b396e	"{""0"": 442, ""1"": 442}"	"{""0"": 828, ""1"": 56}"	0.0063862358219921	0.8924947381019592	YES		outputs/paper1_data_refresh_20260710/PAPER1_7MODEL_PREDICTION_MANIFEST.tsv
DLST-MDA	DLST-native	strict_cold	5	formal_runs/dlst_native_fixedfinal_fullmetric_20260623/05_runs/DLST-native/strict_cold/seed_5/predictions.tsv	492	10dc0cb104f97c1ab550314a62a22499cf6c0e4cf84174721e7174ac55deeaa7	"{""0"": 246, ""1"": 246}"	"{""0"": 415, ""1"": 77}"	0.0180810317397117	0.9067724347114564	YES		outputs/paper1_data_refresh_20260710/PAPER1_7MODEL_PREDICTION_MANIFEST.tsv
DLST-MDA	DLST-native	strict_cold	6	formal_runs/dlst_native_fixedfinal_fullmetric_20260623/05_runs/DLST-native/strict_cold/seed_6/predictions.tsv	788	4f8ea29acc65055bde8c4579a2321acb9f8c8d39905aa778ed2c5b7226060ab1	"{""0"": 394, ""1"": 394}"	"{""0"": 701, ""1"": 87}"	0.0059941443614661	0.7941017150878906	YES		outputs/paper1_data_refresh_20260710/PAPER1_7MODEL_PREDICTION_MANIFEST.tsv
DLST-MDA	DLST-native	strict_cold	7	formal_runs/dlst_native_fixedfinal_fullmetric_20260623/05_runs/DLST-native/strict_cold/seed_7/predictions.tsv	374	cff83847434803217966759cccdf95755ba3243f99dcf8926c0e4520a0c36ef2	"{""0"": 187, ""1"": 187}"	"{""0"": 228, ""1"": 146}"	0.0069759082980453	0.8949941396713257	YES		outputs/paper1_data_refresh_20260710/PAPER1_7MODEL_PREDICTION_MANIFEST.tsv
DLST-MDA	DLST-native	strict_cold	8	formal_runs/dlst_native_fixedfinal_fullmetric_20260623/05_runs/DLST-native/strict_cold/seed_8/predictions.tsv	416	3e2e4ffa5bcaa71ced08005c22da4e9268f4b37101911bae596d2c0d8af96360	"{""0"": 208, ""1"": 208}"	"{""0"": 386, ""1"": 30}"	0.0019273428479209	0.7326680421829224	YES		outputs/paper1_data_refresh_20260710/PAPER1_7MODEL_PREDICTION_MANIFEST.tsv
DLST-MDA	DLST-native	strict_cold	9	formal_runs/dlst_native_fixedfinal_fullmetric_20260623/05_runs/DLST-native/strict_cold/seed_9/predictions.tsv	508	72802d3c40cbec270b6fe2dbc03ec54bbe52c9bb51cf464fe9d14157ccf9b927	"{""0"": 254, ""1"": 254}"	"{""0"": 448, ""1"": 60}"	0.0049503222107887	0.983335256576538	YES		outputs/paper1_data_refresh_20260710/PAPER1_7MODEL_PREDICTION_MANIFEST.tsv
DLST-MDA	DLST-native	strict_cold	10	formal_runs/dlst_native_fixedfinal_fullmetric_20260623/05_runs/DLST-native/strict_cold/seed_10/predictions.tsv	140	7a2b865b7498b5cc3e46ea2704ad8822d46a5d807fad0780814280eda70729a7	"{""0"": 70, ""1"": 70}"	"{""0"": 123, ""1"": 17}"	0.0015121030155569	0.7963577508926392	YES		outputs/paper1_data_refresh_20260710/PAPER1_7MODEL_PREDICTION_MANIFEST.tsv
DLST-MDA	DLST-native	strict_cold	11	formal_runs/dlst_native_fixedfinal_fullmetric_20260623/05_runs/DLST-native/strict_cold/seed_11/predictions.tsv	952	14dfd445ec1ca2a482a4c8f5e83213e7fafd08ab21bc2d13f69d8c5cb114221e	"{""0"": 476, ""1"": 476}"	"{""0"": 873, ""1"": 79}"	0.0036180189345031	0.7349036335945129	YES		outputs/paper1_data_refresh_20260710/PAPER1_7MODEL_PREDICTION_MANIFEST.tsv
DLST-MDA	DLST-native	strict_cold	12	formal_runs/dlst_native_fixedfinal_fullmetric_20260623/05_runs/DLST-native/strict_cold/seed_12/predictions.tsv	452	740b598657a08ef37f9cc2a9614efb7b816260e4c4319c2f367c3e6bcb738968	"{""0"": 226, ""1"": 226}"	"{""0"": 344, ""1"": 108}"	0.0037333073560148	0.8259962201118469	YES		outputs/paper1_data_refresh_20260710/PAPER1_7MODEL_PREDICTION_MANIFEST.tsv
DLST-MDA	DLST-native	strict_cold	13	formal_runs/dlst_native_fixedfinal_fullmetric_20260623/05_runs/DLST-native/strict_cold/seed_13/predictions.tsv	736	4227ec27da044850527f162aa86eeda9ca88416079039f7b608dd0fd7467f975	"{""0"": 368, ""1"": 368}"	"{""0"": 641, ""1"": 95}"	0.0032889051362872	0.9620916843414308	YES		outputs/paper1_data_refresh_20260710/PAPER1_7MODEL_PREDICTION_MANIFEST.tsv
DLST-MDA	DLST-native	strict_cold	14	formal_runs/dlst_native_fixedfinal_fullmetric_20260623/05_runs/DLST-native/strict_cold/seed_14/predictions.tsv	710	3f5c68f1f145ac8b4a8e91a53f844841a87fb06d61ca0f077e3b5d939169adaa	"{""0"": 355, ""1"": 355}"	"{""0"": 689, ""1"": 21}"	0.0027771443128585	0.7705708146095276	YES		outputs/paper1_data_refresh_20260710/PAPER1_7MODEL_PREDICTION_MANIFEST.tsv
DLST-MDA	DLST-native	strict_cold	15	formal_runs/dlst_native_fixedfinal_fullmetric_20260623/05_runs/DLST-native/strict_cold/seed_15/predictions.tsv	1402	f96c46efc35751b0ceb6b959657aaa1efcbd1843b939f011a318c6469fbdfe28	"{""0"": 701, ""1"": 701}"	"{""0"": 954, ""1"": 448}"	0.0503866821527481	0.7737037539482117	YES		outputs/paper1_data_refresh_20260710/PAPER1_7MODEL_PREDICTION_MANIFEST.tsv
DLST-MDA	DLST-native	strict_cold	16	formal_runs/dlst_native_fixedfinal_fullmetric_20260623/05_runs/DLST-native/strict_cold/seed_16/predictions.tsv	856	99e87f9fecc9491597125273f31710a0e8fce4328d5ec6d73f76376ef4646981	"{""0"": 428, ""1"": 428}"	"{""0"": 630, ""1"": 226}"	0.010236226953566	0.9321216344833374	YES		outputs/paper1_data_refresh_20260710/PAPER1_7MODEL_PREDICTION_MANIFEST.tsv
DLST-MDA	DLST-native	strict_cold	17	formal_runs/dlst_native_fixedfinal_fullmetric_20260623/05_runs/DLST-native/strict_cold/seed_17/predictions.tsv	272	49de6284f954f4c9f4007d43d1b4b2527fc687c5a308c6c84d8eee8b2903a452	"{""0"": 136, ""1"": 136}"	"{""0"": 190, ""1"": 82}"	0.0053341379389166	0.9043763279914856	YES		outputs/paper1_data_refresh_20260710/PAPER1_7MODEL_PREDICTION_MANIFEST.tsv
DLST-MDA	DLST-native	strict_cold	18	formal_runs/dlst_native_fixedfinal_fullmetric_20260623/05_runs/DLST-native/strict_cold/seed_18/predictions.tsv	468	4718cf0bd94dd7d8c8c6b5a6bb23ec7b6c1ad64840718cf361cc7a491b022c0d	"{""0"": 234, ""1"": 234}"	"{""0"": 454, ""1"": 14}"	0.0158397927880287	0.6521592140197754	YES		outputs/paper1_data_refresh_20260710/PAPER1_7MODEL_PREDICTION_MANIFEST.tsv
DLST-MDA	DLST-native	strict_cold	19	formal_runs/dlst_native_fixedfinal_fullmetric_20260623/05_runs/DLST-native/strict_cold/seed_19/predictions.tsv	526	27b14f20c6272277c42dbdf221fba7233d4f4b63e02cbd6154f5ee370bfbd2ba	"{""0"": 263, ""1"": 263}"	"{""0"": 307, ""1"": 219}"	0.009044068865478	0.954122006893158	YES		outputs/paper1_data_refresh_20260710/PAPER1_7MODEL_PREDICTION_MANIFEST.tsv
DLST-MDA	DLST-native	strict_cold	20	formal_runs/dlst_native_fixedfinal_fullmetric_20260623/05_runs/DLST-native/strict_cold/seed_20/predictions.tsv	782	a56eb971ec4a1efcaee28ef9d53f8e70d39c0c3a98ac209f78b12bd8ccb63178	"{""0"": 391, ""1"": 391}"	"{""0"": 622, ""1"": 160}"	0.0175988394767045	0.8367331624031067	YES		outputs/paper1_data_refresh_20260710/PAPER1_7MODEL_PREDICTION_MANIFEST.tsv
DLST-MDA	DLST-native	strict_cold	21	formal_runs/dlst_native_fixedfinal_fullmetric_20260623/05_runs/DLST-native/strict_cold/seed_21/predictions.tsv	1278	f39c8c00a8ea9b3af4969fb4266a698de8af20a11c4099758a462ea5dd9459bb	"{""0"": 639, ""1"": 639}"	"{""0"": 857, ""1"": 421}"	0.00713850883767	0.9610273838043212	YES		outputs/paper1_data_refresh_20260710/PAPER1_7MODEL_PREDICTION_MANIFEST.tsv
DLST-MDA	DLST-native	strict_cold	22	formal_runs/dlst_native_fixedfinal_fullmetric_20260623/05_runs/DLST-native/strict_cold/seed_22/predictions.tsv	778	e01c3d38e2d357e93342ab560d6190a781980062296503aaa3b0d0363748da81	"{""0"": 389, ""1"": 389}"	"{""0"": 559, ""1"": 219}"	0.0161562375724315	0.9478005170822144	YES		outputs/paper1_data_refresh_20260710/PAPER1_7MODEL_PREDICTION_MANIFEST.tsv
DLST-MDA	DLST-native	strict_cold	23	formal_runs/dlst_native_fixedfinal_fullmetric_20260623/05_runs/DLST-native/strict_cold/seed_23/predictions.tsv	924	4424131ff797b14971f187038ec4d3b06400fe0a106ee84ecf94a490ae33dc29	"{""0"": 462, ""1"": 462}"	"{""0"": 783, ""1"": 141}"	0.0151820024475455	0.927716076374054	YES		outputs/paper1_data_refresh_20260710/PAPER1_7MODEL_PREDICTION_MANIFEST.tsv
DLST-MDA	DLST-native	strict_cold	24	formal_runs/dlst_native_fixedfinal_fullmetric_20260623/05_runs/DLST-native/strict_cold/seed_24/predictions.tsv	584	bbb9a35ba9d89e5080cf80c78c9a76d1c42080534538bfa9723444e7c444ce01	"{""0"": 292, ""1"": 292}"	"{""0"": 464, ""1"": 120}"	0.0077641350217163	0.8982699513435364	YES		outputs/paper1_data_refresh_20260710/PAPER1_7MODEL_PREDICTION_MANIFEST.tsv
DLST-MDA	DLST-native	scaffold_cold	0	formal_runs/dlst_native_fixedfinal_fullmetric_20260623/05_runs/DLST-native/scaffold_cold/seed_0/predictions.tsv	3120	d4e9d54a9f0fd56fdf611e6f8a892706799621d4125397e65e4c99fe7dd2402f	"{""0"": 1560, ""1"": 1560}"	"{""0"": 2400, ""1"": 720}"	0.003679814748466	0.8657158017158508	YES		outputs/paper1_data_refresh_20260710/PAPER1_7MODEL_PREDICTION_MANIFEST.tsv
DLST-MDA	DLST-native	scaffold_cold	1	formal_runs/dlst_native_fixedfinal_fullmetric_20260623/05_runs/DLST-native/scaffold_cold/seed_1/predictions.tsv	4350	ef91b75e866b6fa314c41c340776189fd64d1ca583ed8117e928e634ddb90099	"{""0"": 2175, ""1"": 2175}"	"{""0"": 3524, ""1"": 826}"	0.0194956082850694	0.8257341980934143	YES		outputs/paper1_data_refresh_20260710/PAPER1_7MODEL_PREDICTION_MANIFEST.tsv
DLST-MDA	DLST-native	scaffold_cold	2	formal_runs/dlst_native_fixedfinal_fullmetric_20260623/05_runs/DLST-native/scaffold_cold/seed_2/predictions.tsv	2346	39b20f8eaa47ecefc2a92ede9fd31472a91e80bcc0f04a1679fb5f765692a021	"{""0"": 1173, ""1"": 1173}"	"{""0"": 2278, ""1"": 68}"	0.0023001483641564	0.7858931422233582	YES		outputs/paper1_data_refresh_20260710/PAPER1_7MODEL_PREDICTION_MANIFEST.tsv
DLST-MDA	DLST-native	scaffold_cold	3	formal_runs/dlst_native_fixedfinal_fullmetric_20260623/05_runs/DLST-native/scaffold_cold/seed_3/predictions.tsv	2474	bf0d1a0c07a748de5a126580b20f59214caa2d794c8555444770d97ec35e790c	"{""0"": 1237, ""1"": 1237}"	"{""0"": 1912, ""1"": 562}"	0.0111589785665273	0.9520277976989746	YES		outputs/paper1_data_refresh_20260710/PAPER1_7MODEL_PREDICTION_MANIFEST.tsv
DLST-MDA	DLST-native	scaffold_cold	4	formal_runs/dlst_native_fixedfinal_fullmetric_20260623/05_runs/DLST-native/scaffold_cold/seed_4/predictions.tsv	4986	6951d3bde52c9ec81c7626000161a758fc8181230b0af48bbbc69218a67e1363	"{""0"": 2493, ""1"": 2493}"	"{""0"": 4163, ""1"": 823}"	0.0115083269774913	0.8636139631271362	YES		outputs/paper1_data_refresh_20260710/PAPER1_7MODEL_PREDICTION_MANIFEST.tsv
DLST-MDA	DLST-native	scaffold_cold	5	formal_runs/dlst_native_fixedfinal_fullmetric_20260623/05_runs/DLST-native/scaffold_cold/seed_5/predictions.tsv	6308	25705899cbf5b45197dc8bb842072311445e97a4447607ad74620bcb24776b02	"{""0"": 3154, ""1"": 3154}"	"{""0"": 5897, ""1"": 411}"	0.002915148390457	0.7618452310562134	YES		outputs/paper1_data_refresh_20260710/PAPER1_7MODEL_PREDICTION_MANIFEST.tsv
DLST-MDA	DLST-native	scaffold_cold	6	formal_runs/dlst_native_fixedfinal_fullmetric_20260623/05_runs/DLST-native/scaffold_cold/seed_6/predictions.tsv	2794	3fe0e0fc6205b4538354926cdb9501d2041b0067a7f04d1d5ef9922b8a8b638b	"{""0"": 1397, ""1"": 1397}"	"{""0"": 2625, ""1"": 169}"	0.0120370732620358	0.8787978291511536	YES		outputs/paper1_data_refresh_20260710/PAPER1_7MODEL_PREDICTION_MANIFEST.tsv
DLST-MDA	DLST-native	scaffold_cold	7	formal_runs/dlst_native_fixedfinal_fullmetric_20260623/05_runs/DLST-native/scaffold_cold/seed_7/predictions.tsv	3870	47bfa48b35fda3abfb66aae2635cde92f929a0b2973280584c8d7e9cfb4f28dc	"{""0"": 1935, ""1"": 1935}"	"{""0"": 3135, ""1"": 735}"	0.0080318422988057	0.9752495288848876	YES		outputs/paper1_data_refresh_20260710/PAPER1_7MODEL_PREDICTION_MANIFEST.tsv
DLST-MDA	DLST-native	scaffold_cold	8	formal_runs/dlst_native_fixedfinal_fullmetric_20260623/05_runs/DLST-native/scaffold_cold/seed_8/predictions.tsv	3736	03fa4e87e6e140c2cedeb6a82dbb339e090fe760ef01fdad6bd09f82f21130c6	"{""0"": 1868, ""1"": 1868}"	"{""0"": 2952, ""1"": 784}"	0.0107041597366333	0.851191520690918	YES		outputs/paper1_data_refresh_20260710/PAPER1_7MODEL_PREDICTION_MANIFEST.tsv
DLST-MDA	DLST-native	scaffold_cold	9	formal_runs/dlst_native_fixedfinal_fullmetric_20260623/05_runs/DLST-native/scaffold_cold/seed_9/predictions.tsv	4064	5ec4e41eec38868ff9508ded38a7632f5870cec1e658f017ba13a1d7aec54a27	"{""0"": 2032, ""1"": 2032}"	"{""0"": 3523, ""1"": 541}"	0.0039127152413129	0.9265846610069276	YES		outputs/paper1_data_refresh_20260710/PAPER1_7MODEL_PREDICTION_MANIFEST.tsv
DLST-MDA	DLST-native	scaffold_cold	10	formal_runs/dlst_native_fixedfinal_fullmetric_20260623/05_runs/DLST-native/scaffold_cold/seed_10/predictions.tsv	4902	9cc96a2c2cab887622fdab6ca52cf8f4eccebded52cf7d8329fa8862be8b131f	"{""0"": 2451, ""1"": 2451}"	"{""0"": 3698, ""1"": 1204}"	0.0039155655540525	0.7855072021484375	YES		outputs/paper1_data_refresh_20260710/PAPER1_7MODEL_PREDICTION_MANIFEST.tsv
DLST-MDA	DLST-native	scaffold_cold	11	formal_runs/dlst_native_fixedfinal_fullmetric_20260623/05_runs/DLST-native/scaffold_cold/seed_11/predictions.tsv	4002	24e658b43d7a7889768b4b90762d20dafad377a0994f1d9adebfd1c310c0ef9f	"{""0"": 2001, ""1"": 2001}"	"{""0"": 3194, ""1"": 808}"	0.0017122420249506	0.9526638388633728	YES		outputs/paper1_data_refresh_20260710/PAPER1_7MODEL_PREDICTION_MANIFEST.tsv
DLST-MDA	DLST-native	scaffold_cold	12	formal_runs/dlst_native_fixedfinal_fullmetric_20260623/05_runs/DLST-native/scaffold_cold/seed_12/predictions.tsv	3674	3764b8cb5a30a95c502011574ea914d179a794d89e45619eba19d5cf5aa5097f	"{""0"": 1837, ""1"": 1837}"	"{""0"": 3320, ""1"": 354}"	0.0118645029142498	0.8181542754173279	YES		outputs/paper1_data_refresh_20260710/PAPER1_7MODEL_PREDICTION_MANIFEST.tsv
DLST-MDA	DLST-native	scaffold_cold	13	formal_runs/dlst_native_fixedfinal_fullmetric_20260623/05_runs/DLST-native/scaffold_cold/seed_13/predictions.tsv	5144	f83a608454ddf83b75a1048a0a09ac2879b0c400fc4ebb652b47b4b50de8a872	"{""0"": 2572, ""1"": 2572}"	"{""0"": 4661, ""1"": 483}"	0.0039699347689747	0.7897452116012573	YES		outputs/paper1_data_refresh_20260710/PAPER1_7MODEL_PREDICTION_MANIFEST.tsv
DLST-MDA	DLST-native	scaffold_cold	14	formal_runs/dlst_native_fixedfinal_fullmetric_20260623/05_runs/DLST-native/scaffold_cold/seed_14/predictions.tsv	2398	a3d8e0c329340d9c69c431609e35915eefa7d442e830b36a70c77637677e7402	"{""0"": 1199, ""1"": 1199}"	"{""0"": 1395, ""1"": 1003}"	0.0074322097934782	0.8559388518333435	YES		outputs/paper1_data_refresh_20260710/PAPER1_7MODEL_PREDICTION_MANIFEST.tsv
DLST-MDA	DLST-native	scaffold_cold	15	formal_runs/dlst_native_fixedfinal_fullmetric_20260623/05_runs/DLST-native/scaffold_cold/seed_15/predictions.tsv	1302	6a4bbfdac3b2ebe71c34aa546a40c2240d52314f61a1db498f53c95caa2edb8e	"{""0"": 651, ""1"": 651}"	"{""0"": 1236, ""1"": 66}"	0.0073000751435756	0.6763206124305725	YES		outputs/paper1_data_refresh_20260710/PAPER1_7MODEL_PREDICTION_MANIFEST.tsv
DLST-MDA	DLST-native	scaffold_cold	16	formal_runs/dlst_native_fixedfinal_fullmetric_20260623/05_runs/DLST-native/scaffold_cold/seed_16/predictions.tsv	2560	3e278d48aec6edec85a13c11f761da642a5daed0df137a9ba7cdbcea3a1f57f0	"{""0"": 1280, ""1"": 1280}"	"{""0"": 1732, ""1"": 828}"	0.0131456712260842	0.9550097584724426	YES		outputs/paper1_data_refresh_20260710/PAPER1_7MODEL_PREDICTION_MANIFEST.tsv
DLST-MDA	DLST-native	scaffold_cold	17	formal_runs/dlst_native_fixedfinal_fullmetric_20260623/05_runs/DLST-native/scaffold_cold/seed_17/predictions.tsv	2894	8f78053dcf301e0dc97223252943d12e08df4b09f411cd86546c0f37e5a4448c	"{""0"": 1447, ""1"": 1447}"	"{""0"": 2691, ""1"": 203}"	0.0032045145053416	0.8159847259521484	YES		outputs/paper1_data_refresh_20260710/PAPER1_7MODEL_PREDICTION_MANIFEST.tsv
DLST-MDA	DLST-native	scaffold_cold	18	formal_runs/dlst_native_fixedfinal_fullmetric_20260623/05_runs/DLST-native/scaffold_cold/seed_18/predictions.tsv	3808	16ab606f8fb539bb07ea08f7c0241f4a9db7cbf4f55a040c85e1d4622dbac6fa	"{""0"": 1904, ""1"": 1904}"	"{""0"": 3101, ""1"": 707}"	0.0068913805298507	0.9471393823623656	YES		outputs/paper1_data_refresh_20260710/PAPER1_7MODEL_PREDICTION_MANIFEST.tsv
DLST-MDA	DLST-native	scaffold_cold	19	formal_runs/dlst_native_fixedfinal_fullmetric_20260623/05_runs/DLST-native/scaffold_cold/seed_19/predictions.tsv	4016	9bceb011a26a66271a963ae046dec42026c831ad9e67ae41d7d1cde559f0dbe9	"{""0"": 2008, ""1"": 2008}"	"{""0"": 3670, ""1"": 346}"	0.0063799149356782	0.9505574703216552	YES		outputs/paper1_data_refresh_20260710/PAPER1_7MODEL_PREDICTION_MANIFEST.tsv
DLST-MDA	DLST-native	scaffold_cold	20	formal_runs/dlst_native_fixedfinal_fullmetric_20260623/05_runs/DLST-native/scaffold_cold/seed_20/predictions.tsv	3690	5ae566fd84f422a636ec9643f97c6cf4fd3ac8ce246ebdaf204593b562eda80c	"{""0"": 1845, ""1"": 1845}"	"{""0"": 2895, ""1"": 795}"	0.0089795496314764	0.9250917434692384	YES		outputs/paper1_data_refresh_20260710/PAPER1_7MODEL_PREDICTION_MANIFEST.tsv
DLST-MDA	DLST-native	scaffold_cold	21	formal_runs/dlst_native_fixedfinal_fullmetric_20260623/05_runs/DLST-native/scaffold_cold/seed_21/predictions.tsv	2306	44d168d5794d2edebcd7691caf128d4560c1b12617b5275aa11eadd78680828c	"{""0"": 1153, ""1"": 1153}"	"{""0"": 2047, ""1"": 259}"	0.0035378322936594	0.9180559515953064	YES		outputs/paper1_data_refresh_20260710/PAPER1_7MODEL_PREDICTION_MANIFEST.tsv
DLST-MDA	DLST-native	scaffold_cold	22	formal_runs/dlst_native_fixedfinal_fullmetric_20260623/05_runs/DLST-native/scaffold_cold/seed_22/predictions.tsv	2570	9141635d0667532909294dd0a3d604440af2f6332e0a29dabff655b4f0614aaa	"{""0"": 1285, ""1"": 1285}"	"{""0"": 2436, ""1"": 134}"	0.0020863395184278	0.8105748295783997	YES		outputs/paper1_data_refresh_20260710/PAPER1_7MODEL_PREDICTION_MANIFEST.tsv
DLST-MDA	DLST-native	scaffold_cold	23	formal_runs/dlst_native_fixedfinal_fullmetric_20260623/05_runs/DLST-native/scaffold_cold/seed_23/predictions.tsv	4118	d2d90021df5cf3adbf01b9140e27c90ec2298f628625705d1c30d72047cc5141	"{""0"": 2059, ""1"": 2059}"	"{""0"": 3777, ""1"": 341}"	0.0069361054338514	0.8069441914558411	YES		outputs/paper1_data_refresh_20260710/PAPER1_7MODEL_PREDICTION_MANIFEST.tsv
DLST-MDA	DLST-native	scaffold_cold	24	formal_runs/dlst_native_fixedfinal_fullmetric_20260623/05_runs/DLST-native/scaffold_cold/seed_24/predictions.tsv	3330	8a499d012dd20bc4cbccef740678767fb5f45fbc7c645e5a7b5dd3a2b8b4df2d	"{""0"": 1665, ""1"": 1665}"	"{""0"": 2429, ""1"": 901}"	0.0145149175077676	0.7882247567176819	YES		outputs/paper1_data_refresh_20260710/PAPER1_7MODEL_PREDICTION_MANIFEST.tsv
MPHGNN	native	random	0	formal_runs/native_mda_audit_20260601/MPHGNN_STRICT_FORMAL_GUARD_20260614/strict_full25_clean/random/seed_00/result/B-dataset/audit_adapted_fixedtest_random_seed0/audit_predictions/MPHGNN_STRICT_random_seed0_predictions.tsv	2156	5d362e140433b4980f7ec6ba17dbd90cf2bb54b332c5fcb831f174ca2057a584	"{""0"": 1078, ""1"": 1078}"	"{""0"": 982, ""1"": 1174}"	0.0013015132863074	0.9999386072158812	YES	AUC mapped to AUROC; no loss	outputs/paper1_data_refresh_20260710/PAPER1_7MODEL_PREDICTION_MANIFEST.tsv
MPHGNN	native	random	1	formal_runs/native_mda_audit_20260601/MPHGNN_STRICT_FORMAL_GUARD_20260614/strict_full25_clean/random/seed_01/result/B-dataset/audit_adapted_fixedtest_random_seed1/audit_predictions/MPHGNN_STRICT_random_seed1_predictions.tsv	2156	52290e130d3a2bd9a30ccf22ba4a4477270e31d1840500fca1945df6e8b32b2e	"{""0"": 1078, ""1"": 1078}"	"{""0"": 1040, ""1"": 1116}"	0.0006626733811572	0.9999152421951294	YES	AUC mapped to AUROC; no loss	outputs/paper1_data_refresh_20260710/PAPER1_7MODEL_PREDICTION_MANIFEST.tsv
MPHGNN	native	random	2	formal_runs/native_mda_audit_20260601/MPHGNN_STRICT_FORMAL_GUARD_20260614/strict_full25_clean/random/seed_02/result/B-dataset/audit_adapted_fixedtest_random_seed2/audit_predictions/MPHGNN_STRICT_random_seed2_predictions.tsv	2156	0958cea6c006156643b16c71d1fc91a929403bed93c7309fee083f64bc52b62e	"{""0"": 1078, ""1"": 1078}"	"{""0"": 1038, ""1"": 1118}"	0.0008203134057112	0.999946355819702	YES	AUC mapped to AUROC; no loss	outputs/paper1_data_refresh_20260710/PAPER1_7MODEL_PREDICTION_MANIFEST.tsv
MPHGNN	native	random	3	formal_runs/native_mda_audit_20260601/MPHGNN_STRICT_FORMAL_GUARD_20260614/strict_full25_clean/random/seed_03/result/B-dataset/audit_adapted_fixedtest_random_seed3/audit_predictions/MPHGNN_STRICT_random_seed3_predictions.tsv	2156	67b19637c8ed5096acaff50680445c54d0d4e7de595baf97739710902aa4f15e	"{""0"": 1078, ""1"": 1078}"	"{""0"": 1027, ""1"": 1129}"	0.0007518077036365	0.999958872795105	YES	AUC mapped to AUROC; no loss	outputs/paper1_data_refresh_20260710/PAPER1_7MODEL_PREDICTION_MANIFEST.tsv
MPHGNN	native	random	4	formal_runs/native_mda_audit_20260601/MPHGNN_STRICT_FORMAL_GUARD_20260614/strict_full25_clean/random/seed_04/result/B-dataset/audit_adapted_fixedtest_random_seed4/audit_predictions/MPHGNN_STRICT_random_seed4_predictions.tsv	2156	e9228ab4a6c3828adb7fccaff4b5a829eb646f1e4771003f42de998c210c660d	"{""0"": 1078, ""1"": 1078}"	"{""0"": 1084, ""1"": 1072}"	0.0006380094564519	0.9999173879623412	YES	AUC mapped to AUROC; no loss	outputs/paper1_data_refresh_20260710/PAPER1_7MODEL_PREDICTION_MANIFEST.tsv
MPHGNN	native	random	5	formal_runs/native_mda_audit_20260601/MPHGNN_STRICT_FORMAL_GUARD_20260614/strict_full25_clean/random/seed_05/result/B-dataset/audit_adapted_fixedtest_random_seed5/audit_predictions/MPHGNN_STRICT_random_seed5_predictions.tsv	2156	d257debfa0752c13db4d6f74c60ed325539fca2f59a3b9e1448640e64ea54d82	"{""0"": 1078, ""1"": 1078}"	"{""0"": 1109, ""1"": 1047}"	0.0004775291890837	0.999794900417328	YES	AUC mapped to AUROC; no loss	outputs/paper1_data_refresh_20260710/PAPER1_7MODEL_PREDICTION_MANIFEST.tsv
MPHGNN	native	random	6	formal_runs/native_mda_audit_20260601/MPHGNN_STRICT_FORMAL_GUARD_20260614/strict_full25_clean/random/seed_06/result/B-dataset/audit_adapted_fixedtest_random_seed6/audit_predictions/MPHGNN_STRICT_random_seed6_predictions.tsv	2156	639ee81f8d00afed28715693c6d48b7ef50bcddffa0bbc6502e7c7534f4293e2	"{""0"": 1078, ""1"": 1078}"	"{""0"": 1205, ""1"": 951}"	0.0004714133683592	0.9998157620429992	YES	AUC mapped to AUROC; no loss	outputs/paper1_data_refresh_20260710/PAPER1_7MODEL_PREDICTION_MANIFEST.tsv
MPHGNN	native	random	7	formal_runs/native_mda_audit_20260601/MPHGNN_STRICT_FORMAL_GUARD_20260614/strict_full25_clean/random/seed_07/result/B-dataset/audit_adapted_fixedtest_random_seed7/audit_predictions/MPHGNN_STRICT_random_seed7_predictions.tsv	2156	155dc58fc2d6dd48e098850a71539d0dcc76d78806fccd58ae43fdc21f2dc634	"{""0"": 1078, ""1"": 1078}"	"{""0"": 1013, ""1"": 1143}"	0.0007917812326923	0.9999768733978271	YES	AUC mapped to AUROC; no loss	outputs/paper1_data_refresh_20260710/PAPER1_7MODEL_PREDICTION_MANIFEST.tsv
MPHGNN	native	random	8	formal_runs/native_mda_audit_20260601/MPHGNN_STRICT_FORMAL_GUARD_20260614/strict_full25_clean/random/seed_08/result/B-dataset/audit_adapted_fixedtest_random_seed8/audit_predictions/MPHGNN_STRICT_random_seed8_predictions.tsv	2156	64033a163e603c36e4dedcc52f9ad3d053642f0b7743e0b79249f0d8eef192d5	"{""0"": 1078, ""1"": 1078}"	"{""0"": 1130, ""1"": 1026}"	0.0007224366418085	0.9998106360435486	YES	AUC mapped to AUROC; no loss	outputs/paper1_data_refresh_20260710/PAPER1_7MODEL_PREDICTION_MANIFEST.tsv
MPHGNN	native	random	9	formal_runs/native_mda_audit_20260601/MPHGNN_STRICT_FORMAL_GUARD_20260614/strict_full25_clean/random/seed_09/result/B-dataset/audit_adapted_fixedtest_random_seed9/audit_predictions/MPHGNN_STRICT_random_seed9_predictions.tsv	2156	30227e2c812148edf41db6dc0864a3f5a7dc5a7f7f485bb2e281bc08e375397d	"{""0"": 1078, ""1"": 1078}"	"{""0"": 1071, ""1"": 1085}"	0.0010036310413852	0.9998852014541626	YES	AUC mapped to AUROC; no loss	outputs/paper1_data_refresh_20260710/PAPER1_7MODEL_PREDICTION_MANIFEST.tsv
MPHGNN	native	random	10	formal_runs/native_mda_audit_20260601/MPHGNN_STRICT_FORMAL_GUARD_20260614/strict_full25_clean/random/seed_10/result/B-dataset/audit_adapted_fixedtest_random_seed10/audit_predictions/MPHGNN_STRICT_random_seed10_predictions.tsv	2156	1dc0a9cdf4ab108c16de26580a787e7b36461970a1568615884ea8e1badfc37f	"{""0"": 1078, ""1"": 1078}"	"{""0"": 1073, ""1"": 1083}"	0.0007582981488667	0.9997445940971376	YES	AUC mapped to AUROC; no loss	outputs/paper1_data_refresh_20260710/PAPER1_7MODEL_PREDICTION_MANIFEST.tsv
MPHGNN	native	random	11	formal_runs/native_mda_audit_20260601/MPHGNN_STRICT_FORMAL_GUARD_20260614/strict_full25_clean/random/seed_11/result/B-dataset/audit_adapted_fixedtest_random_seed11/audit_predictions/MPHGNN_STRICT_random_seed11_predictions.tsv	2156	36f96af976367f5ee325c3b10a7887a85514f48fc8a86cfc9ad41625ecfc5047	"{""0"": 1078, ""1"": 1078}"	"{""0"": 1026, ""1"": 1130}"	0.0018315884517505	0.9998456239700316	YES	AUC mapped to AUROC; no loss	outputs/paper1_data_refresh_20260710/PAPER1_7MODEL_PREDICTION_MANIFEST.tsv
MPHGNN	native	random	12	formal_runs/native_mda_audit_20260601/MPHGNN_STRICT_FORMAL_GUARD_20260614/strict_full25_clean/random/seed_12/result/B-dataset/audit_adapted_fixedtest_random_seed12/audit_predictions/MPHGNN_STRICT_random_seed12_predictions.tsv	2156	621a123a91e1a2b2c8a5481f85656ebd76cc963e2c625e483ded9d597a4035ca	"{""0"": 1078, ""1"": 1078}"	"{""0"": 999, ""1"": 1157}"	0.0019472101703286	0.9999635219573976	YES	AUC mapped to AUROC; no loss	outputs/paper1_data_refresh_20260710/PAPER1_7MODEL_PREDICTION_MANIFEST.tsv
MPHGNN	native	random	13	formal_runs/native_mda_audit_20260601/MPHGNN_STRICT_FORMAL_GUARD_20260614/strict_full25_clean/random/seed_13/result/B-dataset/audit_adapted_fixedtest_random_seed13/audit_predictions/MPHGNN_STRICT_random_seed13_predictions.tsv	2156	03f19d4432e472c205c2a3cc917ff40011f8e80fbad383795a12535e35c49ace	"{""0"": 1078, ""1"": 1078}"	"{""0"": 1120, ""1"": 1036}"	0.0008740662015043	0.9996834993362428	YES	AUC mapped to AUROC; no loss	outputs/paper1_data_refresh_20260710/PAPER1_7MODEL_PREDICTION_MANIFEST.tsv
MPHGNN	native	random	14	formal_runs/native_mda_audit_20260601/MPHGNN_STRICT_FORMAL_GUARD_20260614/strict_full25_clean/random/seed_14/result/B-dataset/audit_adapted_fixedtest_random_seed14/audit_predictions/MPHGNN_STRICT_random_seed14_predictions.tsv	2156	e10901f1105038059e29f35d9db358cfa6966bbcaf9b676572e32f1d610710e7	"{""0"": 1078, ""1"": 1078}"	"{""0"": 1037, ""1"": 1119}"	0.0007060737698338	0.9999839067459106	YES	AUC mapped to AUROC; no loss	outputs/paper1_data_refresh_20260710/PAPER1_7MODEL_PREDICTION_MANIFEST.tsv
MPHGNN	native	random	15	formal_runs/native_mda_audit_20260601/MPHGNN_STRICT_FORMAL_GUARD_20260614/strict_full25_clean/random/seed_15/result/B-dataset/audit_adapted_fixedtest_random_seed15/audit_predictions/MPHGNN_STRICT_random_seed15_predictions.tsv	2156	d4c80729b8e18f1858634dd2b8678fa537b1690081eebf717fe67f85e606ac65	"{""0"": 1078, ""1"": 1078}"	"{""0"": 1161, ""1"": 995}"	0.0005718801403418	0.9997108578681946	YES	AUC mapped to AUROC; no loss	outputs/paper1_data_refresh_20260710/PAPER1_7MODEL_PREDICTION_MANIFEST.tsv
MPHGNN	native	random	16	formal_runs/native_mda_audit_20260601/MPHGNN_STRICT_FORMAL_GUARD_20260614/strict_full25_clean/random/seed_16/result/B-dataset/audit_adapted_fixedtest_random_seed16/audit_predictions/MPHGNN_STRICT_random_seed16_predictions.tsv	2156	db5623e47c1e47c0be0c5a56358f2edae5002c54e749f90c6f41c646902f63d7	"{""0"": 1078, ""1"": 1078}"	"{""0"": 1034, ""1"": 1122}"	0.0008100986015051	0.999968647956848	YES	AUC mapped to AUROC; no loss	outputs/paper1_data_refresh_20260710/PAPER1_7MODEL_PREDICTION_MANIFEST.tsv
MPHGNN	native	random	17	formal_runs/native_mda_audit_20260601/MPHGNN_STRICT_FORMAL_GUARD_20260614/strict_full25_clean/random/seed_17/result/B-dataset/audit_adapted_fixedtest_random_seed17/audit_predictions/MPHGNN_STRICT_random_seed17_predictions.tsv	2156	eec4fa399e8a6020bda581bd9cab59a2ea7997624969195519991fbd732d684b	"{""0"": 1078, ""1"": 1078}"	"{""0"": 1042, ""1"": 1114}"	0.0012176735326647	0.9999734163284302	YES	AUC mapped to AUROC; no loss	outputs/paper1_data_refresh_20260710/PAPER1_7MODEL_PREDICTION_MANIFEST.tsv
MPHGNN	native	random	18	formal_runs/native_mda_audit_20260601/MPHGNN_STRICT_FORMAL_GUARD_20260614/strict_full25_clean/random/seed_18/result/B-dataset/audit_adapted_fixedtest_random_seed18/audit_predictions/MPHGNN_STRICT_random_seed18_predictions.tsv	2156	7441eaf360adc124bcca481ad928a5c78b91b7477ef2ac0cbab95a8476a7b13d	"{""0"": 1078, ""1"": 1078}"	"{""0"": 892, ""1"": 1264}"	0.0023445785045623	0.9999935626983644	YES	AUC mapped to AUROC; no loss	outputs/paper1_data_refresh_20260710/PAPER1_7MODEL_PREDICTION_MANIFEST.tsv
MPHGNN	native	random	19	formal_runs/native_mda_audit_20260601/MPHGNN_STRICT_FORMAL_GUARD_20260614/strict_full25_clean/random/seed_19/result/B-dataset/audit_adapted_fixedtest_random_seed19/audit_predictions/MPHGNN_STRICT_random_seed19_predictions.tsv	2156	1e118987355783212c82b63d9004f95d53c9980c4bd87018ebe4d796106163b2	"{""0"": 1078, ""1"": 1078}"	"{""0"": 1005, ""1"": 1151}"	0.0011810817522928	0.9999756813049316	YES	AUC mapped to AUROC; no loss	outputs/paper1_data_refresh_20260710/PAPER1_7MODEL_PREDICTION_MANIFEST.tsv
MPHGNN	native	random	20	formal_runs/native_mda_audit_20260601/MPHGNN_STRICT_FORMAL_GUARD_20260614/strict_full25_clean/random/seed_20/result/B-dataset/audit_adapted_fixedtest_random_seed20/audit_predictions/MPHGNN_STRICT_random_seed20_predictions.tsv	2156	6ff3f3be7c95bafc7d86185dbb3fe1a438a32131cf7fe09efc800a44747aab65	"{""0"": 1078, ""1"": 1078}"	"{""0"": 1125, ""1"": 1031}"	0.0006237478810362	0.9998283386230468	YES	AUC mapped to AUROC; no loss	outputs/paper1_data_refresh_20260710/PAPER1_7MODEL_PREDICTION_MANIFEST.tsv
MPHGNN	native	random	21	formal_runs/native_mda_audit_20260601/MPHGNN_STRICT_FORMAL_GUARD_20260614/strict_full25_clean/random/seed_21/result/B-dataset/audit_adapted_fixedtest_random_seed21/audit_predictions/MPHGNN_STRICT_random_seed21_predictions.tsv	2156	175fc035f11d43f40f253353fc77bf0e861a758d59f9365df9bd73c97863792e	"{""0"": 1078, ""1"": 1078}"	"{""0"": 1103, ""1"": 1053}"	0.0010358296567574	0.9999334812164308	YES	AUC mapped to AUROC; no loss	outputs/paper1_data_refresh_20260710/PAPER1_7MODEL_PREDICTION_MANIFEST.tsv
MPHGNN	native	random	22	formal_runs/native_mda_audit_20260601/MPHGNN_STRICT_FORMAL_GUARD_20260614/strict_full25_clean/random/seed_22/result/B-dataset/audit_adapted_fixedtest_random_seed22/audit_predictions/MPHGNN_STRICT_random_seed22_predictions.tsv	2156	39a3eff65b63ec010678bed381358c6c5151242515b153ff6cd7c16867fb01fc	"{""0"": 1078, ""1"": 1078}"	"{""0"": 1115, ""1"": 1041}"	0.001514152623713	0.9996217489242554	YES	AUC mapped to AUROC; no loss	outputs/paper1_data_refresh_20260710/PAPER1_7MODEL_PREDICTION_MANIFEST.tsv
MPHGNN	native	random	23	formal_runs/native_mda_audit_20260601/MPHGNN_STRICT_FORMAL_GUARD_20260614/strict_full25_clean/random/seed_23/result/B-dataset/audit_adapted_fixedtest_random_seed23/audit_predictions/MPHGNN_STRICT_random_seed23_predictions.tsv	2156	9d8606fdc426e3d71a8c99a8bfe4da14a3357289f288c1fb3464da393c5f5b23	"{""0"": 1078, ""1"": 1078}"	"{""0"": 1034, ""1"": 1122}"	0.0022096680477261	0.9998873472213744	YES	AUC mapped to AUROC; no loss	outputs/paper1_data_refresh_20260710/PAPER1_7MODEL_PREDICTION_MANIFEST.tsv
MPHGNN	native	random	24	formal_runs/native_mda_audit_20260601/MPHGNN_STRICT_FORMAL_GUARD_20260614/strict_full25_clean/random/seed_24/result/B-dataset/audit_adapted_fixedtest_random_seed24/audit_predictions/MPHGNN_STRICT_random_seed24_predictions.tsv	2156	e1ee859c807391cfb6848464325c8c829cbfecd4ea1be10c19ebb2bad577c32d	"{""0"": 1078, ""1"": 1078}"	"{""0"": 1121, ""1"": 1035}"	0.0005931798368692	0.9996716976165771	YES	AUC mapped to AUROC; no loss	outputs/paper1_data_refresh_20260710/PAPER1_7MODEL_PREDICTION_MANIFEST.tsv
MPHGNN	native	mirna_cold	0	formal_runs/native_mda_audit_20260601/MPHGNN_STRICT_FORMAL_GUARD_20260614/strict_full25_clean/mirna_cold/seed_00/result/B-dataset/audit_adapted_fixedtest_mirna_cold_seed0/audit_predictions/MPHGNN_STRICT_mirna_cold_seed0_predictions.tsv	2160	64cefa9f24c4b9549544b42e559bab46e0072c51979b516780abf7c4bc20736e	"{""0"": 1080, ""1"": 1080}"	"{""0"": 1936, ""1"": 224}"	0.0002491021004971	0.8874848484992981	YES	AUC mapped to AUROC; no loss	outputs/paper1_data_refresh_20260710/PAPER1_7MODEL_PREDICTION_MANIFEST.tsv
MPHGNN	native	mirna_cold	1	formal_runs/native_mda_audit_20260601/MPHGNN_STRICT_FORMAL_GUARD_20260614/strict_full25_clean/mirna_cold/seed_01/result/B-dataset/audit_adapted_fixedtest_mirna_cold_seed1/audit_predictions/MPHGNN_STRICT_mirna_cold_seed1_predictions.tsv	2160	5ee051135c3f463a143a63ed1b15736de75695f5c49367afa13998e51820f5a1	"{""0"": 1080, ""1"": 1080}"	"{""0"": 1813, ""1"": 347}"	0.0001020891722873	0.9373071789741516	YES	AUC mapped to AUROC; no loss	outputs/paper1_data_refresh_20260710/PAPER1_7MODEL_PREDICTION_MANIFEST.tsv
MPHGNN	native	mirna_cold	2	formal_runs/native_mda_audit_20260601/MPHGNN_STRICT_FORMAL_GUARD_20260614/strict_full25_clean/mirna_cold/seed_02/result/B-dataset/audit_adapted_fixedtest_mirna_cold_seed2/audit_predictions/MPHGNN_STRICT_mirna_cold_seed2_predictions.tsv	2160	d5c2d37537c7af415f12f091513300288b124daa40c5ba3b3b7aed248baebe51	"{""0"": 1080, ""1"": 1080}"	"{""0"": 2070, ""1"": 90}"	8.062608685577288e-05	0.7197989821434021	YES	AUC mapped to AUROC; no loss	outputs/paper1_data_refresh_20260710/PAPER1_7MODEL_PREDICTION_MANIFEST.tsv
MPHGNN	native	mirna_cold	3	formal_runs/native_mda_audit_20260601/MPHGNN_STRICT_FORMAL_GUARD_20260614/strict_full25_clean/mirna_cold/seed_03/result/B-dataset/audit_adapted_fixedtest_mirna_cold_seed3/audit_predictions/MPHGNN_STRICT_mirna_cold_seed3_predictions.tsv	2160	b09d712f0be91a1e06cc2e0fbe517e4b1485f874acd31bab0c557c73906d7ae0	"{""0"": 1080, ""1"": 1080}"	"{""0"": 2076, ""1"": 84}"	8.780089410720393e-05	0.7471653819084167	YES	AUC mapped to AUROC; no loss	outputs/paper1_data_refresh_20260710/PAPER1_7MODEL_PREDICTION_MANIFEST.tsv
MPHGNN	native	mirna_cold	4	formal_runs/native_mda_audit_20260601/MPHGNN_STRICT_FORMAL_GUARD_20260614/strict_full25_clean/mirna_cold/seed_04/result/B-dataset/audit_adapted_fixedtest_mirna_cold_seed4/audit_predictions/MPHGNN_STRICT_mirna_cold_seed4_predictions.tsv	2160	d5be4d66204d9c00358d6eaa855b7c7fa2a2c5c1d294cb4aaaedd7d5b6e209da	"{""0"": 1080, ""1"": 1080}"	"{""0"": 2087, ""1"": 73}"	4.8825644626049325e-05	0.6625655293464661	YES	AUC mapped to AUROC; no loss	outputs/paper1_data_refresh_20260710/PAPER1_7MODEL_PREDICTION_MANIFEST.tsv
MPHGNN	native	mirna_cold	5	formal_runs/native_mda_audit_20260601/MPHGNN_STRICT_FORMAL_GUARD_20260614/strict_full25_clean/mirna_cold/seed_05/result/B-dataset/audit_adapted_fixedtest_mirna_cold_seed5/audit_predictions/MPHGNN_STRICT_mirna_cold_seed5_predictions.tsv	2160	d077ce3bd705af03504ea194a8e65b20ac06e4210e5c76b43e498ad6cb5fbcdd	"{""0"": 1080, ""1"": 1080}"	"{""0"": 2095, ""1"": 65}"	0.00010891976126	0.7245899438858032	YES	AUC mapped to AUROC; no loss	outputs/paper1_data_refresh_20260710/PAPER1_7MODEL_PREDICTION_MANIFEST.tsv
MPHGNN	native	mirna_cold	6	formal_runs/native_mda_audit_20260601/MPHGNN_STRICT_FORMAL_GUARD_20260614/strict_full25_clean/mirna_cold/seed_06/result/B-dataset/audit_adapted_fixedtest_mirna_cold_seed6/audit_predictions/MPHGNN_STRICT_mirna_cold_seed6_predictions.tsv	2160	e3fcb676188b4dd0391a198c1e750d04fe007d3ff457694458a63ac194657909	"{""0"": 1080, ""1"": 1080}"	"{""0"": 1932, ""1"": 228}"	0.0001037645270116	0.8593416810035706	YES	AUC mapped to AUROC; no loss	outputs/paper1_data_refresh_20260710/PAPER1_7MODEL_PREDICTION_MANIFEST.tsv
MPHGNN	native	mirna_cold	7	formal_runs/native_mda_audit_20260601/MPHGNN_STRICT_FORMAL_GUARD_20260614/strict_full25_clean/mirna_cold/seed_07/result/B-dataset/audit_adapted_fixedtest_mirna_cold_seed7/audit_predictions/MPHGNN_STRICT_mirna_cold_seed7_predictions.tsv	2160	b8d9a2df1b1d114bfa95d853bcb36b65a06f154151a559cce1f43697cd343803	"{""0"": 1080, ""1"": 1080}"	"{""0"": 2159, ""1"": 1}"	3.704968185047619e-05	0.5221878886222839	YES	AUC mapped to AUROC; no loss	outputs/paper1_data_refresh_20260710/PAPER1_7MODEL_PREDICTION_MANIFEST.tsv
MPHGNN	native	mirna_cold	8	formal_runs/native_mda_audit_20260601/MPHGNN_STRICT_FORMAL_GUARD_20260614/strict_full25_clean/mirna_cold/seed_08/result/B-dataset/audit_adapted_fixedtest_mirna_cold_seed8/audit_predictions/MPHGNN_STRICT_mirna_cold_seed8_predictions.tsv	2160	2d68fb7bff289cd603ff3b99f4c465f0834e56f5fab1bb9b6a97a38389c511b8	"{""0"": 1080, ""1"": 1080}"	"{""0"": 2081, ""1"": 79}"	6.133201532065868e-05	0.7229214310646057	YES	AUC mapped to AUROC; no loss	outputs/paper1_data_refresh_20260710/PAPER1_7MODEL_PREDICTION_MANIFEST.tsv
MPHGNN	native	mirna_cold	9	formal_runs/native_mda_audit_20260601/MPHGNN_STRICT_FORMAL_GUARD_20260614/strict_full25_clean/mirna_cold/seed_09/result/B-dataset/audit_adapted_fixedtest_mirna_cold_seed9/audit_predictions/MPHGNN_STRICT_mirna_cold_seed9_predictions.tsv	2160	34e2879c468f1e89215dede128301eb4fc6ec5f14a125f451982aa3816052bc0	"{""0"": 1080, ""1"": 1080}"	"{""0"": 2158, ""1"": 2}"	0.0001163758715847	0.5166870355606079	YES	AUC mapped to AUROC; no loss	outputs/paper1_data_refresh_20260710/PAPER1_7MODEL_PREDICTION_MANIFEST.tsv
MPHGNN	native	mirna_cold	10	formal_runs/native_mda_audit_20260601/MPHGNN_STRICT_FORMAL_GUARD_20260614/strict_full25_clean/mirna_cold/seed_10/result/B-dataset/audit_adapted_fixedtest_mirna_cold_seed10/audit_predictions/MPHGNN_STRICT_mirna_cold_seed10_predictions.tsv	2160	226adb8ac31e994cb9343d790b28af11037061a37dafbab022e6c7e2e4c47383	"{""0"": 1080, ""1"": 1080}"	"{""0"": 2076, ""1"": 84}"	0.0001094386461772	0.7494267821311951	YES	AUC mapped to AUROC; no loss	outputs/paper1_data_refresh_20260710/PAPER1_7MODEL_PREDICTION_MANIFEST.tsv
MPHGNN	native	mirna_cold	11	formal_runs/native_mda_audit_20260601/MPHGNN_STRICT_FORMAL_GUARD_20260614/strict_full25_clean/mirna_cold/seed_11/result/B-dataset/audit_adapted_fixedtest_mirna_cold_seed11/audit_predictions/MPHGNN_STRICT_mirna_cold_seed11_predictions.tsv	2160	39cc6cbe918d664dd8e7718907d67e42bda3e140bb2398dc773c5c08cbe6b681	"{""0"": 1080, ""1"": 1080}"	"{""0"": 2010, ""1"": 150}"	0.0002197337016696	0.840908944606781	YES	AUC mapped to AUROC; no loss	outputs/paper1_data_refresh_20260710/PAPER1_7MODEL_PREDICTION_MANIFEST.tsv
MPHGNN	native	mirna_cold	12	formal_runs/native_mda_audit_20260601/MPHGNN_STRICT_FORMAL_GUARD_20260614/strict_full25_clean/mirna_cold/seed_12/result/B-dataset/audit_adapted_fixedtest_mirna_cold_seed12/audit_predictions/MPHGNN_STRICT_mirna_cold_seed12_predictions.tsv	2160	7a2d4efa912a464dd0bb479e5b392fae9dac976dd2bba3a95b58b5d7e4e9f1f8	"{""0"": 1080, ""1"": 1080}"	"{""0"": 2097, ""1"": 63}"	9.364288416691124e-05	0.6238555908203125	YES	AUC mapped to AUROC; no loss	outputs/paper1_data_refresh_20260710/PAPER1_7MODEL_PREDICTION_MANIFEST.tsv
MPHGNN	native	mirna_cold	13	formal_runs/native_mda_audit_20260601/MPHGNN_STRICT_FORMAL_GUARD_20260614/strict_full25_clean/mirna_cold/seed_13/result/B-dataset/audit_adapted_fixedtest_mirna_cold_seed13/audit_predictions/MPHGNN_STRICT_mirna_cold_seed13_predictions.tsv	2160	6a11a7466e1bde7f79538d7824660688bf060a9936821e402c9300e61788275a	"{""0"": 1080, ""1"": 1080}"	"{""0"": 2081, ""1"": 79}"	6.525888602482155e-05	0.6815265417098999	YES	AUC mapped to AUROC; no loss	outputs/paper1_data_refresh_20260710/PAPER1_7MODEL_PREDICTION_MANIFEST.tsv
MPHGNN	native	mirna_cold	14	formal_runs/native_mda_audit_20260601/MPHGNN_STRICT_FORMAL_GUARD_20260614/strict_full25_clean/mirna_cold/seed_14/result/B-dataset/audit_adapted_fixedtest_mirna_cold_seed14/audit_predictions/MPHGNN_STRICT_mirna_cold_seed14_predictions.tsv	2160	ef5f0edfd8ca1fbf9d98f6aa9d191f23e17c2b1735398d238fb0c36358931757	"{""0"": 1080, ""1"": 1080}"	"{""0"": 2092, ""1"": 68}"	7.03320256434381e-05	0.6618748307228088	YES	AUC mapped to AUROC; no loss	outputs/paper1_data_refresh_20260710/PAPER1_7MODEL_PREDICTION_MANIFEST.tsv
MPHGNN	native	mirna_cold	15	formal_runs/native_mda_audit_20260601/MPHGNN_STRICT_FORMAL_GUARD_20260614/strict_full25_clean/mirna_cold/seed_15/result/B-dataset/audit_adapted_fixedtest_mirna_cold_seed15/audit_predictions/MPHGNN_STRICT_mirna_cold_seed15_predictions.tsv	2160	21981e5f4974e6e0fcb36cadaf29ce3932e642bc9e589eca804c9ff01161678d	"{""0"": 1080, ""1"": 1080}"	"{""0"": 1875, ""1"": 285}"	0.0001441796775907	0.899961531162262	YES	AUC mapped to AUROC; no loss	outputs/paper1_data_refresh_20260710/PAPER1_7MODEL_PREDICTION_MANIFEST.tsv
MPHGNN	native	mirna_cold	16	formal_runs/native_mda_audit_20260601/MPHGNN_STRICT_FORMAL_GUARD_20260614/strict_full25_clean/mirna_cold/seed_16/result/B-dataset/audit_adapted_fixedtest_mirna_cold_seed16/audit_predictions/MPHGNN_STRICT_mirna_cold_seed16_predictions.tsv	2160	f21408a81989061205274fbedf7508ccc169a7c92c5f8d859da105d1a15abec7	"{""0"": 1080, ""1"": 1080}"	"{""0"": 2160}"	7.541472587035969e-05	0.4611599743366241	YES	AUC mapped to AUROC; no loss	outputs/paper1_data_refresh_20260710/PAPER1_7MODEL_PREDICTION_MANIFEST.tsv
MPHGNN	native	mirna_cold	17	formal_runs/native_mda_audit_20260601/MPHGNN_STRICT_FORMAL_GUARD_20260614/strict_full25_clean/mirna_cold/seed_17/result/B-dataset/audit_adapted_fixedtest_mirna_cold_seed17/audit_predictions/MPHGNN_STRICT_mirna_cold_seed17_predictions.tsv	2160	f16f0da3b05c5cd5136fd815dc7eff11fa210c2818aa1a1951e5d122dfa9c9b8	"{""0"": 1080, ""1"": 1080}"	"{""0"": 2051, ""1"": 109}"	0.0001138282896135	0.7759929299354553	YES	AUC mapped to AUROC; no loss	outputs/paper1_data_refresh_20260710/PAPER1_7MODEL_PREDICTION_MANIFEST.tsv
MPHGNN	native	mirna_cold	18	formal_runs/native_mda_audit_20260601/MPHGNN_STRICT_FORMAL_GUARD_20260614/strict_full25_clean/mirna_cold/seed_18/result/B-dataset/audit_adapted_fixedtest_mirna_cold_seed18/audit_predictions/MPHGNN_STRICT_mirna_cold_seed18_predictions.tsv	2160	0936b16f6afa116a2a0d9eb0fc80885376fdbbe5fcc181aca8f68b6f90871525	"{""0"": 1080, ""1"": 1080}"	"{""0"": 2073, ""1"": 87}"	9.907381172524764e-05	0.7888723015785217	YES	AUC mapped to AUROC; no loss	outputs/paper1_data_refresh_20260710/PAPER1_7MODEL_PREDICTION_MANIFEST.tsv
MPHGNN	native	mirna_cold	19	formal_runs/native_mda_audit_20260601/MPHGNN_STRICT_FORMAL_GUARD_20260614/strict_full25_clean/mirna_cold/seed_19/result/B-dataset/audit_adapted_fixedtest_mirna_cold_seed19/audit_predictions/MPHGNN_STRICT_mirna_cold_seed19_predictions.tsv	2160	9d6867dc454c5260c7a6ae7d592dbb057a32744099a08fefc60ee856b79a9e4e	"{""0"": 1080, ""1"": 1080}"	"{""0"": 2159, ""1"": 1}"	3.3709631679812446e-05	0.5057229995727539	YES	AUC mapped to AUROC; no loss	outputs/paper1_data_refresh_20260710/PAPER1_7MODEL_PREDICTION_MANIFEST.tsv
MPHGNN	native	mirna_cold	20	formal_runs/native_mda_audit_20260601/MPHGNN_STRICT_FORMAL_GUARD_20260614/strict_full25_clean/mirna_cold/seed_20/result/B-dataset/audit_adapted_fixedtest_mirna_cold_seed20/audit_predictions/MPHGNN_STRICT_mirna_cold_seed20_predictions.tsv	2160	9541dfdaddc723e2d181fe3b9a1b33ed10bd8117f0008eeed36a6de3059180a3	"{""0"": 1080, ""1"": 1080}"	"{""0"": 2118, ""1"": 42}"	6.912447133800015e-05	0.6801548600196838	YES	AUC mapped to AUROC; no loss	outputs/paper1_data_refresh_20260710/PAPER1_7MODEL_PREDICTION_MANIFEST.tsv
MPHGNN	native	mirna_cold	21	formal_runs/native_mda_audit_20260601/MPHGNN_STRICT_FORMAL_GUARD_20260614/strict_full25_clean/mirna_cold/seed_21/result/B-dataset/audit_adapted_fixedtest_mirna_cold_seed21/audit_predictions/MPHGNN_STRICT_mirna_cold_seed21_predictions.tsv	2160	e596d81cb6586e3cec4e9801b7d9708dd0687411156035d26584871f3eb7dcbf	"{""0"": 1080, ""1"": 1080}"	"{""0"": 1800, ""1"": 360}"	0.0001553860493004	0.9472755193710328	YES	AUC mapped to AUROC; no loss	outputs/paper1_data_refresh_20260710/PAPER1_7MODEL_PREDICTION_MANIFEST.tsv
MPHGNN	native	mirna_cold	22	formal_runs/native_mda_audit_20260601/MPHGNN_STRICT_FORMAL_GUARD_20260614/strict_full25_clean/mirna_cold/seed_22/result/B-dataset/audit_adapted_fixedtest_mirna_cold_seed22/audit_predictions/MPHGNN_STRICT_mirna_cold_seed22_predictions.tsv	2160	abac7bdd4c836318ecb9f7324c1ace3b9e181adc628b99a7346ad23294b82b9e	"{""0"": 1080, ""1"": 1080}"	"{""0"": 2154, ""1"": 6}"	7.692741201026365e-05	0.6116572022438049	YES	AUC mapped to AUROC; no loss	outputs/paper1_data_refresh_20260710/PAPER1_7MODEL_PREDICTION_MANIFEST.tsv
MPHGNN	native	mirna_cold	23	formal_runs/native_mda_audit_20260601/MPHGNN_STRICT_FORMAL_GUARD_20260614/strict_full25_clean/mirna_cold/seed_23/result/B-dataset/audit_adapted_fixedtest_mirna_cold_seed23/audit_predictions/MPHGNN_STRICT_mirna_cold_seed23_predictions.tsv	2160	a97ad8b8ba7e943bf4f39e4232215adb0aa1358d557b0804a401ce0f9342a8ed	"{""0"": 1080, ""1"": 1080}"	"{""0"": 2155, ""1"": 5}"	9.05252090888098e-05	0.6664888858795166	YES	AUC mapped to AUROC; no loss	outputs/paper1_data_refresh_20260710/PAPER1_7MODEL_PREDICTION_MANIFEST.tsv
MPHGNN	native	mirna_cold	24	formal_runs/native_mda_audit_20260601/MPHGNN_STRICT_FORMAL_GUARD_20260614/strict_full25_clean/mirna_cold/seed_24/result/B-dataset/audit_adapted_fixedtest_mirna_cold_seed24/audit_predictions/MPHGNN_STRICT_mirna_cold_seed24_predictions.tsv	2160	cb446798f0facefb2a0e59a230e9f84921d6a060f385f582dc41e2b142212a3e	"{""0"": 1080, ""1"": 1080}"	"{""0"": 1931, ""1"": 229}"	0.0001524689869256	0.9188074469566344	YES	AUC mapped to AUROC; no loss	outputs/paper1_data_refresh_20260710/PAPER1_7MODEL_PREDICTION_MANIFEST.tsv
MPHGNN	native	drug_cold	0	formal_runs/native_mda_audit_20260601/MPHGNN_STRICT_FORMAL_GUARD_20260614/strict_full25_clean/drug_cold/seed_00/result/B-dataset/audit_adapted_fixedtest_drug_cold_seed0/audit_predictions/MPHGNN_STRICT_drug_cold_seed0_predictions.tsv	1672	927a99bd7ba97bf276b8b77ccb6b014c33540de358a62ce7475039418a2c237f	"{""0"": 836, ""1"": 836}"	"{""0"": 1614, ""1"": 58}"	0.0002049797476502	0.947780191898346	YES	AUC mapped to AUROC; no loss	outputs/paper1_data_refresh_20260710/PAPER1_7MODEL_PREDICTION_MANIFEST.tsv
MPHGNN	native	drug_cold	1	formal_runs/native_mda_audit_20260601/MPHGNN_STRICT_FORMAL_GUARD_20260614/strict_full25_clean/drug_cold/seed_01/result/B-dataset/audit_adapted_fixedtest_drug_cold_seed1/audit_predictions/MPHGNN_STRICT_drug_cold_seed1_predictions.tsv	1672	def2a5aa21ff418c8815c5a4b0f51b0627e1c21e94681437d850d6243970546f	"{""0"": 836, ""1"": 836}"	"{""0"": 1610, ""1"": 62}"	0.000163323857123	0.9538108110427856	YES	AUC mapped to AUROC; no loss	outputs/paper1_data_refresh_20260710/PAPER1_7MODEL_PREDICTION_MANIFEST.tsv
MPHGNN	native	drug_cold	2	formal_runs/native_mda_audit_20260601/MPHGNN_STRICT_FORMAL_GUARD_20260614/strict_full25_clean/drug_cold/seed_02/result/B-dataset/audit_adapted_fixedtest_drug_cold_seed2/audit_predictions/MPHGNN_STRICT_drug_cold_seed2_predictions.tsv	1672	92ddc80d358b7f348024b380a912ae25b22a44f55ea048a0ba7803525d7a9e25	"{""0"": 836, ""1"": 836}"	"{""0"": 1631, ""1"": 41}"	0.0002292951976414	0.949001967906952	YES	AUC mapped to AUROC; no loss	outputs/paper1_data_refresh_20260710/PAPER1_7MODEL_PREDICTION_MANIFEST.tsv
MPHGNN	native	drug_cold	3	formal_runs/native_mda_audit_20260601/MPHGNN_STRICT_FORMAL_GUARD_20260614/strict_full25_clean/drug_cold/seed_03/result/B-dataset/audit_adapted_fixedtest_drug_cold_seed3/audit_predictions/MPHGNN_STRICT_drug_cold_seed3_predictions.tsv	1672	2112955cd12d01cc02857d4676fce0c8d3e8eeb15bdf79693797b4f61f62fba2	"{""0"": 836, ""1"": 836}"	"{""0"": 1636, ""1"": 36}"	0.000469270569738	0.9674431085586548	YES	AUC mapped to AUROC; no loss	outputs/paper1_data_refresh_20260710/PAPER1_7MODEL_PREDICTION_MANIFEST.tsv
MPHGNN	native	drug_cold	4	formal_runs/native_mda_audit_20260601/MPHGNN_STRICT_FORMAL_GUARD_20260614/strict_full25_clean/drug_cold/seed_04/result/B-dataset/audit_adapted_fixedtest_drug_cold_seed4/audit_predictions/MPHGNN_STRICT_drug_cold_seed4_predictions.tsv	1672	7e6d542fceb1315743c708cd5c45d06b0d878bda83b5cdfc774997b1c8e8e711	"{""0"": 836, ""1"": 836}"	"{""0"": 1626, ""1"": 46}"	0.0005561251891776	0.9773698449134828	YES	AUC mapped to AUROC; no loss	outputs/paper1_data_refresh_20260710/PAPER1_7MODEL_PREDICTION_MANIFEST.tsv
MPHGNN	native	drug_cold	5	formal_runs/native_mda_audit_20260601/MPHGNN_STRICT_FORMAL_GUARD_20260614/strict_full25_clean/drug_cold/seed_05/result/B-dataset/audit_adapted_fixedtest_drug_cold_seed5/audit_predictions/MPHGNN_STRICT_drug_cold_seed5_predictions.tsv	1672	2cc9da4f99f4fe7b842290acb3e677d3212826ea2ad5232630e20a5caa153cd5	"{""0"": 836, ""1"": 836}"	"{""0"": 1645, ""1"": 27}"	0.0001147734656115	0.8734081983566284	YES	AUC mapped to AUROC; no loss	outputs/paper1_data_refresh_20260710/PAPER1_7MODEL_PREDICTION_MANIFEST.tsv
MPHGNN	native	drug_cold	6	formal_runs/native_mda_audit_20260601/MPHGNN_STRICT_FORMAL_GUARD_20260614/strict_full25_clean/drug_cold/seed_06/result/B-dataset/audit_adapted_fixedtest_drug_cold_seed6/audit_predictions/MPHGNN_STRICT_drug_cold_seed6_predictions.tsv	1672	d01f3c5a8dc241c67b0c461459e23608248abfd4eae6df3a9d07661674af64ce	"{""0"": 836, ""1"": 836}"	"{""0"": 1640, ""1"": 32}"	0.0001613259810255	0.9060326814651488	YES	AUC mapped to AUROC; no loss	outputs/paper1_data_refresh_20260710/PAPER1_7MODEL_PREDICTION_MANIFEST.tsv
MPHGNN	native	drug_cold	7	formal_runs/native_mda_audit_20260601/MPHGNN_STRICT_FORMAL_GUARD_20260614/strict_full25_clean/drug_cold/seed_07/result/B-dataset/audit_adapted_fixedtest_drug_cold_seed7/audit_predictions/MPHGNN_STRICT_drug_cold_seed7_predictions.tsv	1672	13ded8e087521f3f652a6f9594aaf4489a5fbc7e875016fe7d62d0fceaf248ff	"{""0"": 836, ""1"": 836}"	"{""0"": 1621, ""1"": 51}"	0.0001446471869712	0.9458587169647216	YES	AUC mapped to AUROC; no loss	outputs/paper1_data_refresh_20260710/PAPER1_7MODEL_PREDICTION_MANIFEST.tsv
MPHGNN	native	drug_cold	8	formal_runs/native_mda_audit_20260601/MPHGNN_STRICT_FORMAL_GUARD_20260614/strict_full25_clean/drug_cold/seed_08/result/B-dataset/audit_adapted_fixedtest_drug_cold_seed8/audit_predictions/MPHGNN_STRICT_drug_cold_seed8_predictions.tsv	1672	ba11ee7eee15bbae681421717322ea062585677258fa5181f2af5bc566f2869e	"{""0"": 836, ""1"": 836}"	"{""0"": 1633, ""1"": 39}"	0.0006553045823238	0.941311776638031	YES	AUC mapped to AUROC; no loss	outputs/paper1_data_refresh_20260710/PAPER1_7MODEL_PREDICTION_MANIFEST.tsv
MPHGNN	native	drug_cold	9	formal_runs/native_mda_audit_20260601/MPHGNN_STRICT_FORMAL_GUARD_20260614/strict_full25_clean/drug_cold/seed_09/result/B-dataset/audit_adapted_fixedtest_drug_cold_seed9/audit_predictions/MPHGNN_STRICT_drug_cold_seed9_predictions.tsv	1672	2f57077933e340c585bde52897f9efcba5d96974c5d29db18b0c7ef2af398f38	"{""0"": 836, ""1"": 836}"	"{""0"": 1647, ""1"": 25}"	0.000186261095223	0.8503181338310242	YES	AUC mapped to AUROC; no loss	outputs/paper1_data_refresh_20260710/PAPER1_7MODEL_PREDICTION_MANIFEST.tsv
MPHGNN	native	drug_cold	10	formal_runs/native_mda_audit_20260601/MPHGNN_STRICT_FORMAL_GUARD_20260614/strict_full25_clean/drug_cold/seed_10/result/B-dataset/audit_adapted_fixedtest_drug_cold_seed10/audit_predictions/MPHGNN_STRICT_drug_cold_seed10_predictions.tsv	1672	157d7b2942a4ff875862a48b08e4d56152742b8b5ec5df08bb0211236c5db3e0	"{""0"": 836, ""1"": 836}"	"{""0"": 1620, ""1"": 52}"	0.0003501216997392	0.9403142929077148	YES	AUC mapped to AUROC; no loss	outputs/paper1_data_refresh_20260710/PAPER1_7MODEL_PREDICTION_MANIFEST.tsv
MPHGNN	native	drug_cold	11	formal_runs/native_mda_audit_20260601/MPHGNN_STRICT_FORMAL_GUARD_20260614/strict_full25_clean/drug_cold/seed_11/result/B-dataset/audit_adapted_fixedtest_drug_cold_seed11/audit_predictions/MPHGNN_STRICT_drug_cold_seed11_predictions.tsv	1672	ba388bbb2e0a8823388f8052da9544a81922b77fce2165adbd2e27b282f2f208	"{""0"": 836, ""1"": 836}"	"{""0"": 1627, ""1"": 45}"	0.0002512847422622	0.9423841238021852	YES	AUC mapped to AUROC; no loss	outputs/paper1_data_refresh_20260710/PAPER1_7MODEL_PREDICTION_MANIFEST.tsv
MPHGNN	native	drug_cold	12	formal_runs/native_mda_audit_20260601/MPHGNN_STRICT_FORMAL_GUARD_20260614/strict_full25_clean/drug_cold/seed_12/result/B-dataset/audit_adapted_fixedtest_drug_cold_seed12/audit_predictions/MPHGNN_STRICT_drug_cold_seed12_predictions.tsv	1672	a8e326f3c26c781238e079fe006f97d8db068a7d2f955171e2e5f97db5c99415	"{""0"": 836, ""1"": 836}"	"{""0"": 1628, ""1"": 44}"	5.555156531045213e-05	0.938435971736908	YES	AUC mapped to AUROC; no loss	outputs/paper1_data_refresh_20260710/PAPER1_7MODEL_PREDICTION_MANIFEST.tsv
MPHGNN	native	drug_cold	13	formal_runs/native_mda_audit_20260601/MPHGNN_STRICT_FORMAL_GUARD_20260614/strict_full25_clean/drug_cold/seed_13/result/B-dataset/audit_adapted_fixedtest_drug_cold_seed13/audit_predictions/MPHGNN_STRICT_drug_cold_seed13_predictions.tsv	1672	83ca63ccdb942f02514b71ab25ffc929466f78c7ec0b2e38e2f2e941629b1604	"{""0"": 836, ""1"": 836}"	"{""0"": 1610, ""1"": 62}"	0.0001927897246787	0.964358687400818	YES	AUC mapped to AUROC; no loss	outputs/paper1_data_refresh_20260710/PAPER1_7MODEL_PREDICTION_MANIFEST.tsv
MPHGNN	native	drug_cold	14	formal_runs/native_mda_audit_20260601/MPHGNN_STRICT_FORMAL_GUARD_20260614/strict_full25_clean/drug_cold/seed_14/result/B-dataset/audit_adapted_fixedtest_drug_cold_seed14/audit_predictions/MPHGNN_STRICT_drug_cold_seed14_predictions.tsv	1672	b684a6d73f719279d145d759151507f4d0565d1e6e5982f8f3bd5fddce53411c	"{""0"": 836, ""1"": 836}"	"{""0"": 1625, ""1"": 47}"	0.0004267373587936	0.9492263197898864	YES	AUC mapped to AUROC; no loss	outputs/paper1_data_refresh_20260710/PAPER1_7MODEL_PREDICTION_MANIFEST.tsv
MPHGNN	native	drug_cold	15	formal_runs/native_mda_audit_20260601/MPHGNN_STRICT_FORMAL_GUARD_20260614/strict_full25_clean/drug_cold/seed_15/result/B-dataset/audit_adapted_fixedtest_drug_cold_seed15/audit_predictions/MPHGNN_STRICT_drug_cold_seed15_predictions.tsv	1672	8a91a639667c0f266c179817f642ddc914dc3457df74333d85eda3b2799992a3	"{""0"": 836, ""1"": 836}"	"{""0"": 1618, ""1"": 54}"	0.0001846181403379	0.961256980895996	YES	AUC mapped to AUROC; no loss	outputs/paper1_data_refresh_20260710/PAPER1_7MODEL_PREDICTION_MANIFEST.tsv
MPHGNN	native	drug_cold	16	formal_runs/native_mda_audit_20260601/MPHGNN_STRICT_FORMAL_GUARD_20260614/strict_full25_clean/drug_cold/seed_16/result/B-dataset/audit_adapted_fixedtest_drug_cold_seed16/audit_predictions/MPHGNN_STRICT_drug_cold_seed16_predictions.tsv	1672	0bf8ba226b794664060b318c42d233faca3e28a1b4fba11f2e98bbd3429ef736	"{""0"": 836, ""1"": 836}"	"{""0"": 1584, ""1"": 88}"	0.000332512310706	0.9892665147781372	YES	AUC mapped to AUROC; no loss	outputs/paper1_data_refresh_20260710/PAPER1_7MODEL_PREDICTION_MANIFEST.tsv
MPHGNN	native	drug_cold	17	formal_runs/native_mda_audit_20260601/MPHGNN_STRICT_FORMAL_GUARD_20260614/strict_full25_clean/drug_cold/seed_17/result/B-dataset/audit_adapted_fixedtest_drug_cold_seed17/audit_predictions/MPHGNN_STRICT_drug_cold_seed17_predictions.tsv	1672	de72b35195c4f590cfa6928978617e8a6d222cbcd99ed16195a982866d98e71d	"{""0"": 836, ""1"": 836}"	"{""0"": 1624, ""1"": 48}"	7.678661495447159e-05	0.935758888721466	YES	AUC mapped to AUROC; no loss	outputs/paper1_data_refresh_20260710/PAPER1_7MODEL_PREDICTION_MANIFEST.tsv
MPHGNN	native	drug_cold	18	formal_runs/native_mda_audit_20260601/MPHGNN_STRICT_FORMAL_GUARD_20260614/strict_full25_clean/drug_cold/seed_18/result/B-dataset/audit_adapted_fixedtest_drug_cold_seed18/audit_predictions/MPHGNN_STRICT_drug_cold_seed18_predictions.tsv	1672	f86c5cb1d0b14e98bc8cad121803a69081e57ac464849a08520ad0724724e0a2	"{""0"": 836, ""1"": 836}"	"{""0"": 1608, ""1"": 64}"	0.0001757950230967	0.981916069984436	YES	AUC mapped to AUROC; no loss	outputs/paper1_data_refresh_20260710/PAPER1_7MODEL_PREDICTION_MANIFEST.tsv
MPHGNN	native	drug_cold	19	formal_runs/native_mda_audit_20260601/MPHGNN_STRICT_FORMAL_GUARD_20260614/strict_full25_clean/drug_cold/seed_19/result/B-dataset/audit_adapted_fixedtest_drug_cold_seed19/audit_predictions/MPHGNN_STRICT_drug_cold_seed19_predictions.tsv	1672	852fd6f7af30eddbcb5aefc8fce843bc14890957db7bec6a3d6fb7d6dd5c13ce	"{""0"": 836, ""1"": 836}"	"{""0"": 1622, ""1"": 50}"	0.0002108904736815	0.959106147289276	YES	AUC mapped to AUROC; no loss	outputs/paper1_data_refresh_20260710/PAPER1_7MODEL_PREDICTION_MANIFEST.tsv
MPHGNN	native	drug_cold	20	formal_runs/native_mda_audit_20260601/MPHGNN_STRICT_FORMAL_GUARD_20260614/strict_full25_clean/drug_cold/seed_20/result/B-dataset/audit_adapted_fixedtest_drug_cold_seed20/audit_predictions/MPHGNN_STRICT_drug_cold_seed20_predictions.tsv	1672	1879383816d738c8fb13e87d7a7661374757962cb5dff56a640aabd170e061be	"{""0"": 836, ""1"": 836}"	"{""0"": 1638, ""1"": 34}"	0.0001679034176049	0.9335554242134094	YES	AUC mapped to AUROC; no loss	outputs/paper1_data_refresh_20260710/PAPER1_7MODEL_PREDICTION_MANIFEST.tsv
MPHGNN	native	drug_cold	21	formal_runs/native_mda_audit_20260601/MPHGNN_STRICT_FORMAL_GUARD_20260614/strict_full25_clean/drug_cold/seed_21/result/B-dataset/audit_adapted_fixedtest_drug_cold_seed21/audit_predictions/MPHGNN_STRICT_drug_cold_seed21_predictions.tsv	1672	a05c0343fe382fa9e9eb7a2fb70095894701c5e554ad5376dc632e706e8463a8	"{""0"": 836, ""1"": 836}"	"{""0"": 1626, ""1"": 46}"	0.0003202103252988	0.9574586153030396	YES	AUC mapped to AUROC; no loss	outputs/paper1_data_refresh_20260710/PAPER1_7MODEL_PREDICTION_MANIFEST.tsv
MPHGNN	native	drug_cold	22	formal_runs/native_mda_audit_20260601/MPHGNN_STRICT_FORMAL_GUARD_20260614/strict_full25_clean/drug_cold/seed_22/result/B-dataset/audit_adapted_fixedtest_drug_cold_seed22/audit_predictions/MPHGNN_STRICT_drug_cold_seed22_predictions.tsv	1672	4deb0031be1caf741f6d663730016678a4bb9e9fb649c377e6a8c9ae80fbceb6	"{""0"": 836, ""1"": 836}"	"{""0"": 1629, ""1"": 43}"	0.0003321571275591	0.9474453330039978	YES	AUC mapped to AUROC; no loss	outputs/paper1_data_refresh_20260710/PAPER1_7MODEL_PREDICTION_MANIFEST.tsv
MPHGNN	native	drug_cold	23	formal_runs/native_mda_audit_20260601/MPHGNN_STRICT_FORMAL_GUARD_20260614/strict_full25_clean/drug_cold/seed_23/result/B-dataset/audit_adapted_fixedtest_drug_cold_seed23/audit_predictions/MPHGNN_STRICT_drug_cold_seed23_predictions.tsv	1672	3de224deebefce0d5152cbb93f70b374b2576b11b3a9702fffb5df0499507d2a	"{""0"": 836, ""1"": 836}"	"{""0"": 1612, ""1"": 60}"	0.0002330032002646	0.9741554856300354	YES	AUC mapped to AUROC; no loss	outputs/paper1_data_refresh_20260710/PAPER1_7MODEL_PREDICTION_MANIFEST.tsv
MPHGNN	native	drug_cold	24	formal_runs/native_mda_audit_20260601/MPHGNN_STRICT_FORMAL_GUARD_20260614/strict_full25_clean/drug_cold/seed_24/result/B-dataset/audit_adapted_fixedtest_drug_cold_seed24/audit_predictions/MPHGNN_STRICT_drug_cold_seed24_predictions.tsv	1672	4562aeb56cfce874bc1f4d944ca0e965fcb03b84fe5fa75bf6167b868ac73795	"{""0"": 836, ""1"": 836}"	"{""0"": 1631, ""1"": 41}"	0.0003877007984556	0.9363213777542114	YES	AUC mapped to AUROC; no loss	outputs/paper1_data_refresh_20260710/PAPER1_7MODEL_PREDICTION_MANIFEST.tsv
MPHGNN	native	strict_cold	0	formal_runs/native_mda_audit_20260601/MPHGNN_STRICT_FORMAL_GUARD_20260614/strict_full25_clean/strict_cold/seed_00/result/B-dataset/audit_adapted_fixedtest_strict_cold_seed0/audit_predictions/MPHGNN_STRICT_strict_cold_seed0_predictions.tsv	676	9e028ca33e2a89d48acc644284871b0c795f537a372e35313ea1c7dd930194f8	"{""0"": 338, ""1"": 338}"	"{""0"": 676}"	0.0002836788189597	0.0021030267234891	YES	AUC mapped to AUROC; no loss	outputs/paper1_data_refresh_20260710/PAPER1_7MODEL_PREDICTION_MANIFEST.tsv
MPHGNN	native	strict_cold	1	formal_runs/native_mda_audit_20260601/MPHGNN_STRICT_FORMAL_GUARD_20260614/strict_full25_clean/strict_cold/seed_01/result/B-dataset/audit_adapted_fixedtest_strict_cold_seed1/audit_predictions/MPHGNN_STRICT_strict_cold_seed1_predictions.tsv	676	1e2d72a2da0600b891266d27b19ea57ddeff553f81481701c5c0b17766c9e91a	"{""0"": 338, ""1"": 338}"	"{""0"": 676}"	0.0002394525072304	0.0012868635822087	YES	AUC mapped to AUROC; no loss	outputs/paper1_data_refresh_20260710/PAPER1_7MODEL_PREDICTION_MANIFEST.tsv
MPHGNN	native	strict_cold	2	formal_runs/native_mda_audit_20260601/MPHGNN_STRICT_FORMAL_GUARD_20260614/strict_full25_clean/strict_cold/seed_02/result/B-dataset/audit_adapted_fixedtest_strict_cold_seed2/audit_predictions/MPHGNN_STRICT_strict_cold_seed2_predictions.tsv	676	f8db9061e545a7d33cde1d77010eedbb8355747c14f15d140828e125c27ae514	"{""0"": 338, ""1"": 338}"	"{""0"": 676}"	0.0003262742829974	0.0020190994255244	YES	AUC mapped to AUROC; no loss	outputs/paper1_data_refresh_20260710/PAPER1_7MODEL_PREDICTION_MANIFEST.tsv
MPHGNN	native	strict_cold	3	formal_runs/native_mda_audit_20260601/MPHGNN_STRICT_FORMAL_GUARD_20260614/strict_full25_clean/strict_cold/seed_03/result/B-dataset/audit_adapted_fixedtest_strict_cold_seed3/audit_predictions/MPHGNN_STRICT_strict_cold_seed3_predictions.tsv	676	08df3cb74c321c2514eace83bc82fce3cfc0e85044d6cacf5a23d45180c69466	"{""0"": 338, ""1"": 338}"	"{""0"": 676}"	0.0002127671905327	0.002139224903658	YES	AUC mapped to AUROC; no loss	outputs/paper1_data_refresh_20260710/PAPER1_7MODEL_PREDICTION_MANIFEST.tsv
MPHGNN	native	strict_cold	4	formal_runs/native_mda_audit_20260601/MPHGNN_STRICT_FORMAL_GUARD_20260614/strict_full25_clean/strict_cold/seed_04/result/B-dataset/audit_adapted_fixedtest_strict_cold_seed4/audit_predictions/MPHGNN_STRICT_strict_cold_seed4_predictions.tsv	676	22602b84300ecf5128e0ba68f9fb8174b5bc0b33521e68e9a221daff30578704	"{""0"": 338, ""1"": 338}"	"{""0"": 676}"	0.0002842183457687	0.0020179776474833	YES	AUC mapped to AUROC; no loss	outputs/paper1_data_refresh_20260710/PAPER1_7MODEL_PREDICTION_MANIFEST.tsv
MPHGNN	native	strict_cold	5	formal_runs/native_mda_audit_20260601/MPHGNN_STRICT_FORMAL_GUARD_20260614/strict_full25_clean/strict_cold/seed_05/result/B-dataset/audit_adapted_fixedtest_strict_cold_seed5/audit_predictions/MPHGNN_STRICT_strict_cold_seed5_predictions.tsv	676	4c143261c7ea10223b060cdb00a8583fa7be1b8e71859270036377baf2ef070f	"{""0"": 338, ""1"": 338}"	"{""0"": 676}"	0.00025996597833	0.002926101675257	YES	AUC mapped to AUROC; no loss	outputs/paper1_data_refresh_20260710/PAPER1_7MODEL_PREDICTION_MANIFEST.tsv
MPHGNN	native	strict_cold	6	formal_runs/native_mda_audit_20260601/MPHGNN_STRICT_FORMAL_GUARD_20260614/strict_full25_clean/strict_cold/seed_06/result/B-dataset/audit_adapted_fixedtest_strict_cold_seed6/audit_predictions/MPHGNN_STRICT_strict_cold_seed6_predictions.tsv	676	abcc0f2a89453e65b615370ab231feb102b5d28bd07949704895f3b5fbf5fd35	"{""0"": 338, ""1"": 338}"	"{""0"": 676}"	0.000119878546684	0.001464593806304	YES	AUC mapped to AUROC; no loss	outputs/paper1_data_refresh_20260710/PAPER1_7MODEL_PREDICTION_MANIFEST.tsv
MPHGNN	native	strict_cold	7	formal_runs/native_mda_audit_20260601/MPHGNN_STRICT_FORMAL_GUARD_20260614/strict_full25_clean/strict_cold/seed_07/result/B-dataset/audit_adapted_fixedtest_strict_cold_seed7/audit_predictions/MPHGNN_STRICT_strict_cold_seed7_predictions.tsv	676	402e3785305854b57c3d3bb9877a217071f69c1513ca919847851ae5eb5c4cc9	"{""0"": 338, ""1"": 338}"	"{""0"": 676}"	3.4584350942168385e-05	0.0012275676708668	YES	AUC mapped to AUROC; no loss	outputs/paper1_data_refresh_20260710/PAPER1_7MODEL_PREDICTION_MANIFEST.tsv
MPHGNN	native	strict_cold	8	formal_runs/native_mda_audit_20260601/MPHGNN_STRICT_FORMAL_GUARD_20260614/strict_full25_clean/strict_cold/seed_08/result/B-dataset/audit_adapted_fixedtest_strict_cold_seed8/audit_predictions/MPHGNN_STRICT_strict_cold_seed8_predictions.tsv	676	c457af1edf7c6dc71efa1edefeb592a5f9ce03a3b813e3c3da68d236b2863367	"{""0"": 338, ""1"": 338}"	"{""0"": 676}"	0.000172917949385	0.0020272298716008	YES	AUC mapped to AUROC; no loss	outputs/paper1_data_refresh_20260710/PAPER1_7MODEL_PREDICTION_MANIFEST.tsv
MPHGNN	native	strict_cold	9	formal_runs/native_mda_audit_20260601/MPHGNN_STRICT_FORMAL_GUARD_20260614/strict_full25_clean/strict_cold/seed_09/result/B-dataset/audit_adapted_fixedtest_strict_cold_seed9/audit_predictions/MPHGNN_STRICT_strict_cold_seed9_predictions.tsv	676	3dbfa75e2f390819088e0399f69e9ee9b2a48367fa66c55237b43fa0ae670c11	"{""0"": 338, ""1"": 338}"	"{""0"": 676}"	0.0001321726012974	0.0017234093975275	YES	AUC mapped to AUROC; no loss	outputs/paper1_data_refresh_20260710/PAPER1_7MODEL_PREDICTION_MANIFEST.tsv
MPHGNN	native	strict_cold	10	formal_runs/native_mda_audit_20260601/MPHGNN_STRICT_FORMAL_GUARD_20260614/strict_full25_clean/strict_cold/seed_10/result/B-dataset/audit_adapted_fixedtest_strict_cold_seed10/audit_predictions/MPHGNN_STRICT_strict_cold_seed10_predictions.tsv	676	8164aaa8250140c12734b9c6d61b80258c03d6014e0eefaa86b267abc102e17d	"{""0"": 338, ""1"": 338}"	"{""0"": 676}"	0.0002334768651053	0.0014994235243648	YES	AUC mapped to AUROC; no loss	outputs/paper1_data_refresh_20260710/PAPER1_7MODEL_PREDICTION_MANIFEST.tsv
MPHGNN	native	strict_cold	11	formal_runs/native_mda_audit_20260601/MPHGNN_STRICT_FORMAL_GUARD_20260614/strict_full25_clean/strict_cold/seed_11/result/B-dataset/audit_adapted_fixedtest_strict_cold_seed11/audit_predictions/MPHGNN_STRICT_strict_cold_seed11_predictions.tsv	676	643cae127cbbf27bb1c316f1a9ca203a258e0098aae17e432b7403c568ed433c	"{""0"": 338, ""1"": 338}"	"{""0"": 676}"	0.0001722698798403	0.0024730276782065	YES	AUC mapped to AUROC; no loss	outputs/paper1_data_refresh_20260710/PAPER1_7MODEL_PREDICTION_MANIFEST.tsv
MPHGNN	native	strict_cold	12	formal_runs/native_mda_audit_20260601/MPHGNN_STRICT_FORMAL_GUARD_20260614/strict_full25_clean/strict_cold/seed_12/result/B-dataset/audit_adapted_fixedtest_strict_cold_seed12/audit_predictions/MPHGNN_STRICT_strict_cold_seed12_predictions.tsv	676	b2e86827da7a873aae357cd25221bde9f037291e87a72a01a073585de36e4186	"{""0"": 338, ""1"": 338}"	"{""0"": 676}"	0.0001545182894915	0.0016414523124694	YES	AUC mapped to AUROC; no loss	outputs/paper1_data_refresh_20260710/PAPER1_7MODEL_PREDICTION_MANIFEST.tsv
MPHGNN	native	strict_cold	13	formal_runs/native_mda_audit_20260601/MPHGNN_STRICT_FORMAL_GUARD_20260614/strict_full25_clean/strict_cold/seed_13/result/B-dataset/audit_adapted_fixedtest_strict_cold_seed13/audit_predictions/MPHGNN_STRICT_strict_cold_seed13_predictions.tsv	676	3dc1cc24a93dda4bd1908a6ccd00d6444c7423252f53de5c7db12df0d1624dde	"{""0"": 338, ""1"": 338}"	"{""0"": 676}"	0.0002126479666912	0.002319753402844	YES	AUC mapped to AUROC; no loss	outputs/paper1_data_refresh_20260710/PAPER1_7MODEL_PREDICTION_MANIFEST.tsv
MPHGNN	native	strict_cold	14	formal_runs/native_mda_audit_20260601/MPHGNN_STRICT_FORMAL_GUARD_20260614/strict_full25_clean/strict_cold/seed_14/result/B-dataset/audit_adapted_fixedtest_strict_cold_seed14/audit_predictions/MPHGNN_STRICT_strict_cold_seed14_predictions.tsv	676	7534277d34bb4df2552a82815373bb1ee4d8c3594178015f246620bb4ba36645	"{""0"": 338, ""1"": 338}"	"{""0"": 676}"	0.0001829153479775	0.0019115126924589	YES	AUC mapped to AUROC; no loss	outputs/paper1_data_refresh_20260710/PAPER1_7MODEL_PREDICTION_MANIFEST.tsv
MPHGNN	native	strict_cold	15	formal_runs/native_mda_audit_20260601/MPHGNN_STRICT_FORMAL_GUARD_20260614/strict_full25_clean/strict_cold/seed_15/result/B-dataset/audit_adapted_fixedtest_strict_cold_seed15/audit_predictions/MPHGNN_STRICT_strict_cold_seed15_predictions.tsv	676	8c86ebbc6576ffe9da9e4e8b4901819e5deac359020719da377e141313fee6df	"{""0"": 338, ""1"": 338}"	"{""0"": 676}"	0.0003649075515568	0.0020534426439553	YES	AUC mapped to AUROC; no loss	outputs/paper1_data_refresh_20260710/PAPER1_7MODEL_PREDICTION_MANIFEST.tsv
MPHGNN	native	strict_cold	16	formal_runs/native_mda_audit_20260601/MPHGNN_STRICT_FORMAL_GUARD_20260614/strict_full25_clean/strict_cold/seed_16/result/B-dataset/audit_adapted_fixedtest_strict_cold_seed16/audit_predictions/MPHGNN_STRICT_strict_cold_seed16_predictions.tsv	676	efcd66ce3b33edd2ca47211f2691e058d4d763873d908f6a8cf68f58d4623cb1	"{""0"": 338, ""1"": 338}"	"{""0"": 676}"	0.0001216665405081	0.0016408085357397	YES	AUC mapped to AUROC; no loss	outputs/paper1_data_refresh_20260710/PAPER1_7MODEL_PREDICTION_MANIFEST.tsv
MPHGNN	native	strict_cold	17	formal_runs/native_mda_audit_20260601/MPHGNN_STRICT_FORMAL_GUARD_20260614/strict_full25_clean/strict_cold/seed_17/result/B-dataset/audit_adapted_fixedtest_strict_cold_seed17/audit_predictions/MPHGNN_STRICT_strict_cold_seed17_predictions.tsv	676	090389f31447507e9a13efbd3cae846b745e7430d127cba81a1cefeb73df5a1a	"{""0"": 338, ""1"": 338}"	"{""0"": 676}"	0.0001618442911421	0.0033908418845385	YES	AUC mapped to AUROC; no loss	outputs/paper1_data_refresh_20260710/PAPER1_7MODEL_PREDICTION_MANIFEST.tsv
MPHGNN	native	strict_cold	18	formal_runs/native_mda_audit_20260601/MPHGNN_STRICT_FORMAL_GUARD_20260614/strict_full25_clean/strict_cold/seed_18/result/B-dataset/audit_adapted_fixedtest_strict_cold_seed18/audit_predictions/MPHGNN_STRICT_strict_cold_seed18_predictions.tsv	676	a44147c594a5816fb6d81406bca51cb8663a650f9a445d9f4025a8e1717eaff4	"{""0"": 338, ""1"": 338}"	"{""0"": 676}"	0.0001196580124087	0.0011223220499232	YES	AUC mapped to AUROC; no loss	outputs/paper1_data_refresh_20260710/PAPER1_7MODEL_PREDICTION_MANIFEST.tsv
MPHGNN	native	strict_cold	19	formal_runs/native_mda_audit_20260601/MPHGNN_STRICT_FORMAL_GUARD_20260614/strict_full25_clean/strict_cold/seed_19/result/B-dataset/audit_adapted_fixedtest_strict_cold_seed19/audit_predictions/MPHGNN_STRICT_strict_cold_seed19_predictions.tsv	676	e1f7d81cd0e07e9b3687faabf0fdf8ad84560a424dcfbf17da58c1b926ff50a4	"{""0"": 338, ""1"": 338}"	"{""0"": 676}"	9.122940537054092e-05	0.0013347225030884	YES	AUC mapped to AUROC; no loss	outputs/paper1_data_refresh_20260710/PAPER1_7MODEL_PREDICTION_MANIFEST.tsv
MPHGNN	native	strict_cold	20	formal_runs/native_mda_audit_20260601/MPHGNN_STRICT_FORMAL_GUARD_20260614/strict_full25_clean/strict_cold/seed_20/result/B-dataset/audit_adapted_fixedtest_strict_cold_seed20/audit_predictions/MPHGNN_STRICT_strict_cold_seed20_predictions.tsv	676	abf7c04e17add6ddcd72351c7dd12ca6c239ae1c1fe2118a15f8945d73b87295	"{""0"": 338, ""1"": 338}"	"{""0"": 676}"	0.000151003623614	0.0010420513572171	YES	AUC mapped to AUROC; no loss	outputs/paper1_data_refresh_20260710/PAPER1_7MODEL_PREDICTION_MANIFEST.tsv
MPHGNN	native	strict_cold	21	formal_runs/native_mda_audit_20260601/MPHGNN_STRICT_FORMAL_GUARD_20260614/strict_full25_clean/strict_cold/seed_21/result/B-dataset/audit_adapted_fixedtest_strict_cold_seed21/audit_predictions/MPHGNN_STRICT_strict_cold_seed21_predictions.tsv	676	f6883c0b8f0b273b5211fd776e6a92ef4b1b651f0de7b5eab86f545c1ef40131	"{""0"": 338, ""1"": 338}"	"{""0"": 676}"	0.000218346962356	0.0019088109256699	YES	AUC mapped to AUROC; no loss	outputs/paper1_data_refresh_20260710/PAPER1_7MODEL_PREDICTION_MANIFEST.tsv
MPHGNN	native	strict_cold	22	formal_runs/native_mda_audit_20260601/MPHGNN_STRICT_FORMAL_GUARD_20260614/strict_full25_clean/strict_cold/seed_22/result/B-dataset/audit_adapted_fixedtest_strict_cold_seed22/audit_predictions/MPHGNN_STRICT_strict_cold_seed22_predictions.tsv	676	912340ee9baf05047ffa339744da139d0eaa15629c17362a236a21c803bc0d58	"{""0"": 338, ""1"": 338}"	"{""0"": 676}"	0.0003614203305914	0.0020748204551637	YES	AUC mapped to AUROC; no loss	outputs/paper1_data_refresh_20260710/PAPER1_7MODEL_PREDICTION_MANIFEST.tsv
MPHGNN	native	strict_cold	23	formal_runs/native_mda_audit_20260601/MPHGNN_STRICT_FORMAL_GUARD_20260614/strict_full25_clean/strict_cold/seed_23/result/B-dataset/audit_adapted_fixedtest_strict_cold_seed23/audit_predictions/MPHGNN_STRICT_strict_cold_seed23_predictions.tsv	676	5d566a700822e2ccccfa4e77d0ae62f844e51ae2f8eae57fb92a3081d2d69712	"{""0"": 338, ""1"": 338}"	"{""0"": 676}"	0.0001572415349073	0.0028151040896773	YES	AUC mapped to AUROC; no loss	outputs/paper1_data_refresh_20260710/PAPER1_7MODEL_PREDICTION_MANIFEST.tsv
MPHGNN	native	strict_cold	24	formal_runs/native_mda_audit_20260601/MPHGNN_STRICT_FORMAL_GUARD_20260614/strict_full25_clean/strict_cold/seed_24/result/B-dataset/audit_adapted_fixedtest_strict_cold_seed24/audit_predictions/MPHGNN_STRICT_strict_cold_seed24_predictions.tsv	676	555d3985cb0c862b762494bc40769eefb20be6094eadc65385dd13d7df0c476a	"{""0"": 338, ""1"": 338}"	"{""0"": 676}"	0.0002832926111295	0.0024345046840608	YES	AUC mapped to AUROC; no loss	outputs/paper1_data_refresh_20260710/PAPER1_7MODEL_PREDICTION_MANIFEST.tsv
MPHGNN	native	scaffold_cold	0	formal_runs/native_mda_audit_20260601/MPHGNN_STRICT_FORMAL_GUARD_20260614/strict_full25_clean/scaffold_cold/seed_00/result/B-dataset/audit_adapted_fixedtest_scaffold_cold_seed0/audit_predictions/MPHGNN_STRICT_scaffold_cold_seed0_predictions.tsv	900	43bf64d00996a4caa9bd6d54390659c282ca784235e890bb761c0acc1c8de40f	"{""0"": 450, ""1"": 450}"	"{""0"": 880, ""1"": 20}"	0.0005218364531174	0.7832666039466858	YES	AUC mapped to AUROC; no loss	outputs/paper1_data_refresh_20260710/PAPER1_7MODEL_PREDICTION_MANIFEST.tsv
MPHGNN	native	scaffold_cold	1	formal_runs/native_mda_audit_20260601/MPHGNN_STRICT_FORMAL_GUARD_20260614/strict_full25_clean/scaffold_cold/seed_01/result/B-dataset/audit_adapted_fixedtest_scaffold_cold_seed1/audit_predictions/MPHGNN_STRICT_scaffold_cold_seed1_predictions.tsv	900	6689ebd906540166242b3c0a8874c10700f36b2200d60135d24e73bc4d163624	"{""0"": 450, ""1"": 450}"	"{""0"": 871, ""1"": 29}"	0.0010056007886305	0.8343811631202698	YES	AUC mapped to AUROC; no loss	outputs/paper1_data_refresh_20260710/PAPER1_7MODEL_PREDICTION_MANIFEST.tsv
MPHGNN	native	scaffold_cold	2	formal_runs/native_mda_audit_20260601/MPHGNN_STRICT_FORMAL_GUARD_20260614/strict_full25_clean/scaffold_cold/seed_02/result/B-dataset/audit_adapted_fixedtest_scaffold_cold_seed2/audit_predictions/MPHGNN_STRICT_scaffold_cold_seed2_predictions.tsv	900	6f8faf0548345c1a0ad9eb3f8d30ac910a7f3c5604c72df9d5d46a0fddc349bd	"{""0"": 450, ""1"": 450}"	"{""0"": 876, ""1"": 24}"	0.0014221111778169	0.8782751560211182	YES	AUC mapped to AUROC; no loss	outputs/paper1_data_refresh_20260710/PAPER1_7MODEL_PREDICTION_MANIFEST.tsv
MPHGNN	native	scaffold_cold	3	formal_runs/native_mda_audit_20260601/MPHGNN_STRICT_FORMAL_GUARD_20260614/strict_full25_clean/scaffold_cold/seed_03/result/B-dataset/audit_adapted_fixedtest_scaffold_cold_seed3/audit_predictions/MPHGNN_STRICT_scaffold_cold_seed3_predictions.tsv	900	a4bdb21300cd490e28c615ed53a30016459e7772567becbcbc1b48d0a229de03	"{""0"": 450, ""1"": 450}"	"{""0"": 875, ""1"": 25}"	0.0013000792823731	0.9173957705497742	YES	AUC mapped to AUROC; no loss	outputs/paper1_data_refresh_20260710/PAPER1_7MODEL_PREDICTION_MANIFEST.tsv
MPHGNN	native	scaffold_cold	4	formal_runs/native_mda_audit_20260601/MPHGNN_STRICT_FORMAL_GUARD_20260614/strict_full25_clean/scaffold_cold/seed_04/result/B-dataset/audit_adapted_fixedtest_scaffold_cold_seed4/audit_predictions/MPHGNN_STRICT_scaffold_cold_seed4_predictions.tsv	900	3dbfce9684df5be2ee23e84a28bf3532076c2622cbd3e6712be5cc51bc159199	"{""0"": 450, ""1"": 450}"	"{""0"": 866, ""1"": 34}"	0.0017647073836997	0.8990344405174255	YES	AUC mapped to AUROC; no loss	outputs/paper1_data_refresh_20260710/PAPER1_7MODEL_PREDICTION_MANIFEST.tsv
MPHGNN	native	scaffold_cold	5	formal_runs/native_mda_audit_20260601/MPHGNN_STRICT_FORMAL_GUARD_20260614/strict_full25_clean/scaffold_cold/seed_05/result/B-dataset/audit_adapted_fixedtest_scaffold_cold_seed5/audit_predictions/MPHGNN_STRICT_scaffold_cold_seed5_predictions.tsv	900	9312463d607cb9854a4a3a7d71b96ccb58a4b73d7f1ae506cfb3df4d59c432df	"{""0"": 450, ""1"": 450}"	"{""0"": 859, ""1"": 41}"	0.0006944073829799	0.935390293598175	YES	AUC mapped to AUROC; no loss	outputs/paper1_data_refresh_20260710/PAPER1_7MODEL_PREDICTION_MANIFEST.tsv
MPHGNN	native	scaffold_cold	6	formal_runs/native_mda_audit_20260601/MPHGNN_STRICT_FORMAL_GUARD_20260614/strict_full25_clean/scaffold_cold/seed_06/result/B-dataset/audit_adapted_fixedtest_scaffold_cold_seed6/audit_predictions/MPHGNN_STRICT_scaffold_cold_seed6_predictions.tsv	900	a82201f5384c154e98761aa453cf2d3e286e2c9226a261c290b456a12b08b708	"{""0"": 450, ""1"": 450}"	"{""0"": 872, ""1"": 28}"	0.0007842414197511	0.9244788289070128	YES	AUC mapped to AUROC; no loss	outputs/paper1_data_refresh_20260710/PAPER1_7MODEL_PREDICTION_MANIFEST.tsv
MPHGNN	native	scaffold_cold	7	formal_runs/native_mda_audit_20260601/MPHGNN_STRICT_FORMAL_GUARD_20260614/strict_full25_clean/scaffold_cold/seed_07/result/B-dataset/audit_adapted_fixedtest_scaffold_cold_seed7/audit_predictions/MPHGNN_STRICT_scaffold_cold_seed7_predictions.tsv	900	90c8c29f1c686d4933280ba4d211d4329eedbdf51713019035f948d4c940778a	"{""0"": 450, ""1"": 450}"	"{""0"": 879, ""1"": 21}"	0.0004025980597361	0.9223281741142272	YES	AUC mapped to AUROC; no loss	outputs/paper1_data_refresh_20260710/PAPER1_7MODEL_PREDICTION_MANIFEST.tsv
MPHGNN	native	scaffold_cold	8	formal_runs/native_mda_audit_20260601/MPHGNN_STRICT_FORMAL_GUARD_20260614/strict_full25_clean/scaffold_cold/seed_08/result/B-dataset/audit_adapted_fixedtest_scaffold_cold_seed8/audit_predictions/MPHGNN_STRICT_scaffold_cold_seed8_predictions.tsv	900	b204ef2607e59f8dcabe6dae6388ba224b6d1c6d580732ebf25455840cb37eb6	"{""0"": 450, ""1"": 450}"	"{""0"": 878, ""1"": 22}"	0.0014008631696924	0.787728488445282	YES	AUC mapped to AUROC; no loss	outputs/paper1_data_refresh_20260710/PAPER1_7MODEL_PREDICTION_MANIFEST.tsv
MPHGNN	native	scaffold_cold	9	formal_runs/native_mda_audit_20260601/MPHGNN_STRICT_FORMAL_GUARD_20260614/strict_full25_clean/scaffold_cold/seed_09/result/B-dataset/audit_adapted_fixedtest_scaffold_cold_seed9/audit_predictions/MPHGNN_STRICT_scaffold_cold_seed9_predictions.tsv	900	8d3eb056971dd8be8ab8abccdfedfd498d7fdca3fb28455fd9eedc67e47cb42e	"{""0"": 450, ""1"": 450}"	"{""0"": 863, ""1"": 37}"	0.0009592871065251	0.949735462665558	YES	AUC mapped to AUROC; no loss	outputs/paper1_data_refresh_20260710/PAPER1_7MODEL_PREDICTION_MANIFEST.tsv
MPHGNN	native	scaffold_cold	10	formal_runs/native_mda_audit_20260601/MPHGNN_STRICT_FORMAL_GUARD_20260614/strict_full25_clean/scaffold_cold/seed_10/result/B-dataset/audit_adapted_fixedtest_scaffold_cold_seed10/audit_predictions/MPHGNN_STRICT_scaffold_cold_seed10_predictions.tsv	900	254642566ed3cee94f1d97d45f7984bb9c1716b47fc8d337cbaf3fb699717b08	"{""0"": 450, ""1"": 450}"	"{""0"": 866, ""1"": 34}"	0.0006341759581118	0.945117712020874	YES	AUC mapped to AUROC; no loss	outputs/paper1_data_refresh_20260710/PAPER1_7MODEL_PREDICTION_MANIFEST.tsv
MPHGNN	native	scaffold_cold	11	formal_runs/native_mda_audit_20260601/MPHGNN_STRICT_FORMAL_GUARD_20260614/strict_full25_clean/scaffold_cold/seed_11/result/B-dataset/audit_adapted_fixedtest_scaffold_cold_seed11/audit_predictions/MPHGNN_STRICT_scaffold_cold_seed11_predictions.tsv	900	015a678b2e9d50e2f717eafe01a3a057e18b856c776ff2337d63bc6e56a7bf2a	"{""0"": 450, ""1"": 450}"	"{""0"": 870, ""1"": 30}"	0.0014370551798492	0.8288723826408386	YES	AUC mapped to AUROC; no loss	outputs/paper1_data_refresh_20260710/PAPER1_7MODEL_PREDICTION_MANIFEST.tsv
MPHGNN	native	scaffold_cold	12	formal_runs/native_mda_audit_20260601/MPHGNN_STRICT_FORMAL_GUARD_20260614/strict_full25_clean/scaffold_cold/seed_12/result/B-dataset/audit_adapted_fixedtest_scaffold_cold_seed12/audit_predictions/MPHGNN_STRICT_scaffold_cold_seed12_predictions.tsv	900	d850cd60d0ba0d89c812891dac3f4eecc79519dce8953b578356c1253d90eb29	"{""0"": 450, ""1"": 450}"	"{""0"": 877, ""1"": 23}"	0.000931094691623	0.8585121631622314	YES	AUC mapped to AUROC; no loss	outputs/paper1_data_refresh_20260710/PAPER1_7MODEL_PREDICTION_MANIFEST.tsv
MPHGNN	native	scaffold_cold	13	formal_runs/native_mda_audit_20260601/MPHGNN_STRICT_FORMAL_GUARD_20260614/strict_full25_clean/scaffold_cold/seed_13/result/B-dataset/audit_adapted_fixedtest_scaffold_cold_seed13/audit_predictions/MPHGNN_STRICT_scaffold_cold_seed13_predictions.tsv	900	b8b64b8006165cb22127b360ead054d8fba384c71e7f57e46e9e5313a9cc7342	"{""0"": 450, ""1"": 450}"	"{""0"": 871, ""1"": 29}"	0.0004214000946376	0.8803680539131165	YES	AUC mapped to AUROC; no loss	outputs/paper1_data_refresh_20260710/PAPER1_7MODEL_PREDICTION_MANIFEST.tsv
MPHGNN	native	scaffold_cold	14	formal_runs/native_mda_audit_20260601/MPHGNN_STRICT_FORMAL_GUARD_20260614/strict_full25_clean/scaffold_cold/seed_14/result/B-dataset/audit_adapted_fixedtest_scaffold_cold_seed14/audit_predictions/MPHGNN_STRICT_scaffold_cold_seed14_predictions.tsv	900	3a3a8f3d8a4e70f68cc4e847c7f2fdf15f7fd96d3b2c20c6a663fd4f11671332	"{""0"": 450, ""1"": 450}"	"{""0"": 877, ""1"": 23}"	0.0012017573462799	0.791738748550415	YES	AUC mapped to AUROC; no loss	outputs/paper1_data_refresh_20260710/PAPER1_7MODEL_PREDICTION_MANIFEST.tsv
MPHGNN	native	scaffold_cold	15	formal_runs/native_mda_audit_20260601/MPHGNN_STRICT_FORMAL_GUARD_20260614/strict_full25_clean/scaffold_cold/seed_15/result/B-dataset/audit_adapted_fixedtest_scaffold_cold_seed15/audit_predictions/MPHGNN_STRICT_scaffold_cold_seed15_predictions.tsv	900	42ce674138e41c9954281234a4460faf38b1d3bc8f04e8ba10006285ce3b8218	"{""0"": 450, ""1"": 450}"	"{""0"": 872, ""1"": 28}"	0.0006589093827642	0.8720517158508301	YES	AUC mapped to AUROC; no loss	outputs/paper1_data_refresh_20260710/PAPER1_7MODEL_PREDICTION_MANIFEST.tsv
MPHGNN	native	scaffold_cold	16	formal_runs/native_mda_audit_20260601/MPHGNN_STRICT_FORMAL_GUARD_20260614/strict_full25_clean/scaffold_cold/seed_16/result/B-dataset/audit_adapted_fixedtest_scaffold_cold_seed16/audit_predictions/MPHGNN_STRICT_scaffold_cold_seed16_predictions.tsv	900	7172d4f7f1dcca108ee9fb0498a44665361e3249d6a6b85a2ac98f550d550cd0	"{""0"": 450, ""1"": 450}"	"{""0"": 866, ""1"": 34}"	0.0019935464952141	0.9007557034492492	YES	AUC mapped to AUROC; no loss	outputs/paper1_data_refresh_20260710/PAPER1_7MODEL_PREDICTION_MANIFEST.tsv
MPHGNN	native	scaffold_cold	17	formal_runs/native_mda_audit_20260601/MPHGNN_STRICT_FORMAL_GUARD_20260614/strict_full25_clean/scaffold_cold/seed_17/result/B-dataset/audit_adapted_fixedtest_scaffold_cold_seed17/audit_predictions/MPHGNN_STRICT_scaffold_cold_seed17_predictions.tsv	900	f949618e828e5a4aff417861a31454bdffd8185a2564b959daa3d2dc0fa85abd	"{""0"": 450, ""1"": 450}"	"{""0"": 873, ""1"": 27}"	0.0008152254740707	0.8034380078315735	YES	AUC mapped to AUROC; no loss	outputs/paper1_data_refresh_20260710/PAPER1_7MODEL_PREDICTION_MANIFEST.tsv
MPHGNN	native	scaffold_cold	18	formal_runs/native_mda_audit_20260601/MPHGNN_STRICT_FORMAL_GUARD_20260614/strict_full25_clean/scaffold_cold/seed_18/result/B-dataset/audit_adapted_fixedtest_scaffold_cold_seed18/audit_predictions/MPHGNN_STRICT_scaffold_cold_seed18_predictions.tsv	900	dc2881eb94aa396bdda3fc377b05ba3de4a3423ee7a23856fe909673d3dd668f	"{""0"": 450, ""1"": 450}"	"{""0"": 861, ""1"": 39}"	0.0004991131136193	0.9607090950012208	YES	AUC mapped to AUROC; no loss	outputs/paper1_data_refresh_20260710/PAPER1_7MODEL_PREDICTION_MANIFEST.tsv
MPHGNN	native	scaffold_cold	19	formal_runs/native_mda_audit_20260601/MPHGNN_STRICT_FORMAL_GUARD_20260614/strict_full25_clean/scaffold_cold/seed_19/result/B-dataset/audit_adapted_fixedtest_scaffold_cold_seed19/audit_predictions/MPHGNN_STRICT_scaffold_cold_seed19_predictions.tsv	900	ecc4a9b6213310bce90913da1ccb18509f8498bf2b45676993b29d986b4d0e83	"{""0"": 450, ""1"": 450}"	"{""0"": 871, ""1"": 29}"	0.0017414295580238	0.94613116979599	YES	AUC mapped to AUROC; no loss	outputs/paper1_data_refresh_20260710/PAPER1_7MODEL_PREDICTION_MANIFEST.tsv
MPHGNN	native	scaffold_cold	20	formal_runs/native_mda_audit_20260601/MPHGNN_STRICT_FORMAL_GUARD_20260614/strict_full25_clean/scaffold_cold/seed_20/result/B-dataset/audit_adapted_fixedtest_scaffold_cold_seed20/audit_predictions/MPHGNN_STRICT_scaffold_cold_seed20_predictions.tsv	900	b883653cd9b79209668d18ddfbb60d2ad6bdc486aea700647408328807080c1d	"{""0"": 450, ""1"": 450}"	"{""0"": 866, ""1"": 34}"	0.0011072092456743	0.952302634716034	YES	AUC mapped to AUROC; no loss	outputs/paper1_data_refresh_20260710/PAPER1_7MODEL_PREDICTION_MANIFEST.tsv
MPHGNN	native	scaffold_cold	21	formal_runs/native_mda_audit_20260601/MPHGNN_STRICT_FORMAL_GUARD_20260614/strict_full25_clean/scaffold_cold/seed_21/result/B-dataset/audit_adapted_fixedtest_scaffold_cold_seed21/audit_predictions/MPHGNN_STRICT_scaffold_cold_seed21_predictions.tsv	900	e5edeec665e6c9d8d60b5b4d2f0feafe6ab07fa1c94f4717de3d597f04a52256	"{""0"": 450, ""1"": 450}"	"{""0"": 867, ""1"": 33}"	0.0008944004075601	0.9319286942481996	YES	AUC mapped to AUROC; no loss	outputs/paper1_data_refresh_20260710/PAPER1_7MODEL_PREDICTION_MANIFEST.tsv
MPHGNN	native	scaffold_cold	22	formal_runs/native_mda_audit_20260601/MPHGNN_STRICT_FORMAL_GUARD_20260614/strict_full25_clean/scaffold_cold/seed_22/result/B-dataset/audit_adapted_fixedtest_scaffold_cold_seed22/audit_predictions/MPHGNN_STRICT_scaffold_cold_seed22_predictions.tsv	900	d387c720fbc65ab1eb04867dd46f30c7a9bfca7430265399fe827bf8e7312614	"{""0"": 450, ""1"": 450}"	"{""0"": 865, ""1"": 35}"	0.0020601509604603	0.8793995380401611	YES	AUC mapped to AUROC; no loss	outputs/paper1_data_refresh_20260710/PAPER1_7MODEL_PREDICTION_MANIFEST.tsv
MPHGNN	native	scaffold_cold	23	formal_runs/native_mda_audit_20260601/MPHGNN_STRICT_FORMAL_GUARD_20260614/strict_full25_clean/scaffold_cold/seed_23/result/B-dataset/audit_adapted_fixedtest_scaffold_cold_seed23/audit_predictions/MPHGNN_STRICT_scaffold_cold_seed23_predictions.tsv	900	622c8d2d85639d7d83b8ec73a3b95976bf46742dc81596b8cd44470e759c0ae1	"{""0"": 450, ""1"": 450}"	"{""0"": 858, ""1"": 42}"	0.0023042359389364	0.9772810339927672	YES	AUC mapped to AUROC; no loss	outputs/paper1_data_refresh_20260710/PAPER1_7MODEL_PREDICTION_MANIFEST.tsv
MPHGNN	native	scaffold_cold	24	formal_runs/native_mda_audit_20260601/MPHGNN_STRICT_FORMAL_GUARD_20260614/strict_full25_clean/scaffold_cold/seed_24/result/B-dataset/audit_adapted_fixedtest_scaffold_cold_seed24/audit_predictions/MPHGNN_STRICT_scaffold_cold_seed24_predictions.tsv	900	a0097ba078f9f6a25b9641ec962fe3d8eb85c1e3bab2ce9814b216c2677dac4b	"{""0"": 450, ""1"": 450}"	"{""0"": 877, ""1"": 23}"	0.0006092009716667	0.7662603855133057	YES	AUC mapped to AUROC; no loss	outputs/paper1_data_refresh_20260710/PAPER1_7MODEL_PREDICTION_MANIFEST.tsv
PLMF-MDA	MDR	drug_cold	0	formal_runs/full_metric_rerun_20260615/plmf_standardized_repair_20260619/05_runs/MDR/drug_cold/seed_0/predictions.tsv	2944	785e0513c9ff9d0da5e8192c7667fdf88f9514001c878197c51eea7bd0182ba7	"{""0"": 1472, ""1"": 1472}"	"{""0"": 2251, ""1"": 693}"	1.1774050108215306e-05	0.9989401698112488	YES		outputs/paper1_data_refresh_20260710/PAPER1_7MODEL_PREDICTION_MANIFEST.tsv
PLMF-MDA	MDR	drug_cold	1	formal_runs/full_metric_rerun_20260615/plmf_standardized_repair_20260619/05_runs/MDR/drug_cold/seed_1/predictions.tsv	2166	ab887c51d0233336899b13ef05afd08308cf9994c12981d5c7658bddfb55c92b	"{""0"": 1083, ""1"": 1083}"	"{""0"": 1635, ""1"": 531}"	4.7763683141965885e-06	0.9856685400009156	YES		outputs/paper1_data_refresh_20260710/PAPER1_7MODEL_PREDICTION_MANIFEST.tsv
PLMF-MDA	MDR	drug_cold	10	formal_runs/full_metric_rerun_20260615/plmf_standardized_repair_20260619/05_runs/MDR/drug_cold/seed_10/predictions.tsv	2548	732cae6882e471b4adf556d65df567566dd4507c28d16eb6fdf57ccee515fea5	"{""0"": 1274, ""1"": 1274}"	"{""0"": 1847, ""1"": 701}"	9.979173228202852e-06	0.9964283108711244	YES		outputs/paper1_data_refresh_20260710/PAPER1_7MODEL_PREDICTION_MANIFEST.tsv
PLMF-MDA	MDR	drug_cold	11	formal_runs/full_metric_rerun_20260615/plmf_standardized_repair_20260619/05_runs/MDR/drug_cold/seed_11/predictions.tsv	2170	955b0f43c60366d50e07ee2458b9cfd25fc63e53acb72ea012832cbbecf6525c	"{""0"": 1085, ""1"": 1085}"	"{""0"": 1451, ""1"": 719}"	7.693181942158844e-06	0.9824110865592957	YES		outputs/paper1_data_refresh_20260710/PAPER1_7MODEL_PREDICTION_MANIFEST.tsv
PLMF-MDA	MDR	drug_cold	12	formal_runs/full_metric_rerun_20260615/plmf_standardized_repair_20260619/05_runs/MDR/drug_cold/seed_12/predictions.tsv	2176	4edf6ded86decd44a74e0ff44859d44810a465986dfd6afe5dd9dd34ee48416a	"{""0"": 1088, ""1"": 1088}"	"{""0"": 1611, ""1"": 565}"	0.0001077494234777	0.9884238839149476	YES		outputs/paper1_data_refresh_20260710/PAPER1_7MODEL_PREDICTION_MANIFEST.tsv
PLMF-MDA	MDR	drug_cold	13	formal_runs/full_metric_rerun_20260615/plmf_standardized_repair_20260619/05_runs/MDR/drug_cold/seed_13/predictions.tsv	2190	bd5ab797406b2445bdb174736aa2e74ed879cbd536c56f7508d8035eecf44ae7	"{""0"": 1095, ""1"": 1095}"	"{""0"": 1635, ""1"": 555}"	9.299132943851872e-05	0.9933009147644044	YES		outputs/paper1_data_refresh_20260710/PAPER1_7MODEL_PREDICTION_MANIFEST.tsv
PLMF-MDA	MDR	drug_cold	14	formal_runs/full_metric_rerun_20260615/plmf_standardized_repair_20260619/05_runs/MDR/drug_cold/seed_14/predictions.tsv	2960	f751c9a6df5cbab170eb6ca4a0d6ef27d42910c59b7ea843859e0b5d6686dc75	"{""0"": 1480, ""1"": 1480}"	"{""0"": 2483, ""1"": 477}"	1.443553264834918e-05	0.9973942041397096	YES		outputs/paper1_data_refresh_20260710/PAPER1_7MODEL_PREDICTION_MANIFEST.tsv
PLMF-MDA	MDR	drug_cold	15	formal_runs/full_metric_rerun_20260615/plmf_standardized_repair_20260619/05_runs/MDR/drug_cold/seed_15/predictions.tsv	2320	f17b16ee03b4a0af9615bd80f25ae02ed3459bcbb2d414f03c9baa55c2f74a76	"{""0"": 1160, ""1"": 1160}"	"{""0"": 1808, ""1"": 512}"	1.1726850971172098e-05	0.9843565821647644	YES		outputs/paper1_data_refresh_20260710/PAPER1_7MODEL_PREDICTION_MANIFEST.tsv
PLMF-MDA	MDR	drug_cold	16	formal_runs/full_metric_rerun_20260615/plmf_standardized_repair_20260619/05_runs/MDR/drug_cold/seed_16/predictions.tsv	2464	4f3d97b56707b740c804f6d6f169e5df0668ea0623e8b4d7081c65bfffbb649b	"{""0"": 1232, ""1"": 1232}"	"{""0"": 2217, ""1"": 247}"	5.861215686309152e-05	0.9888525009155272	YES		outputs/paper1_data_refresh_20260710/PAPER1_7MODEL_PREDICTION_MANIFEST.tsv
PLMF-MDA	MDR	drug_cold	17	formal_runs/full_metric_rerun_20260615/plmf_standardized_repair_20260619/05_runs/MDR/drug_cold/seed_17/predictions.tsv	2164	dc878975a5a02a4830eb4f0788d05ed22ddfd768626f4ad36a2f7fc4a4ccba04	"{""0"": 1082, ""1"": 1082}"	"{""0"": 1618, ""1"": 546}"	6.043901976227062e-06	0.995686411857605	YES		outputs/paper1_data_refresh_20260710/PAPER1_7MODEL_PREDICTION_MANIFEST.tsv
PLMF-MDA	MDR	drug_cold	18	formal_runs/full_metric_rerun_20260615/plmf_standardized_repair_20260619/05_runs/MDR/drug_cold/seed_18/predictions.tsv	2288	c4136ae1a4921a32739951c76cbbb77c6fc4bd18bdaf63c8864be6d0a6884128	"{""0"": 1144, ""1"": 1144}"	"{""0"": 2166, ""1"": 122}"	3.24720203934703e-05	0.991899847984314	YES		outputs/paper1_data_refresh_20260710/PAPER1_7MODEL_PREDICTION_MANIFEST.tsv
PLMF-MDA	MDR	drug_cold	19	formal_runs/full_metric_rerun_20260615/plmf_standardized_repair_20260619/05_runs/MDR/drug_cold/seed_19/predictions.tsv	2994	2184f31cf26286d0f193f886244cdbc8e8ad5a658fd09707a4d0f0dc85a94b4f	"{""0"": 1497, ""1"": 1497}"	"{""0"": 2130, ""1"": 864}"	8.780819371168036e-06	0.998199462890625	YES		outputs/paper1_data_refresh_20260710/PAPER1_7MODEL_PREDICTION_MANIFEST.tsv
PLMF-MDA	MDR	drug_cold	2	formal_runs/full_metric_rerun_20260615/plmf_standardized_repair_20260619/05_runs/MDR/drug_cold/seed_2/predictions.tsv	2554	3939de2885e76608beecde3c3572a7f9cdaaa303fa66ff9cefc9828da3fbd92a	"{""0"": 1277, ""1"": 1277}"	"{""0"": 1814, ""1"": 740}"	2.7484859401738504e-06	0.993808925151825	YES		outputs/paper1_data_refresh_20260710/PAPER1_7MODEL_PREDICTION_MANIFEST.tsv
PLMF-MDA	MDR	drug_cold	20	formal_runs/full_metric_rerun_20260615/plmf_standardized_repair_20260619/05_runs/MDR/drug_cold/seed_20/predictions.tsv	2614	a6988fa895dee42860f27362847b9112b615522ec2af3e1741bc2d3935252209	"{""0"": 1307, ""1"": 1307}"	"{""0"": 2320, ""1"": 294}"	2.424306694592815e-05	0.9974272847175598	YES		outputs/paper1_data_refresh_20260710/PAPER1_7MODEL_PREDICTION_MANIFEST.tsv
PLMF-MDA	MDR	drug_cold	21	formal_runs/full_metric_rerun_20260615/plmf_standardized_repair_20260619/05_runs/MDR/drug_cold/seed_21/predictions.tsv	2924	4e4276309052f78fde77b4ced857356b3fc52254e91d98dc315d5e11e87676ae	"{""0"": 1462, ""1"": 1462}"	"{""0"": 2498, ""1"": 426}"	3.019734685949516e-05	0.984058439731598	YES		outputs/paper1_data_refresh_20260710/PAPER1_7MODEL_PREDICTION_MANIFEST.tsv
PLMF-MDA	MDR	drug_cold	22	formal_runs/full_metric_rerun_20260615/plmf_standardized_repair_20260619/05_runs/MDR/drug_cold/seed_22/predictions.tsv	2390	f25c7b233793a0c2c8703cb683a6c76363c28141f8318b7bfa9b28c03c06d384	"{""0"": 1195, ""1"": 1195}"	"{""0"": 2078, ""1"": 312}"	1.5586303561576642e-05	0.9946185350418092	YES		outputs/paper1_data_refresh_20260710/PAPER1_7MODEL_PREDICTION_MANIFEST.tsv
PLMF-MDA	MDR	drug_cold	23	formal_runs/full_metric_rerun_20260615/plmf_standardized_repair_20260619/05_runs/MDR/drug_cold/seed_23/predictions.tsv	2442	8fac9b2d62b35f1ad39d7c825925db231dec24917b9035cc90341c6d15fe6d08	"{""0"": 1221, ""1"": 1221}"	"{""0"": 1858, ""1"": 584}"	0.0001470155257266	0.9851654767990112	YES		outputs/paper1_data_refresh_20260710/PAPER1_7MODEL_PREDICTION_MANIFEST.tsv
PLMF-MDA	MDR	drug_cold	24	formal_runs/full_metric_rerun_20260615/plmf_standardized_repair_20260619/05_runs/MDR/drug_cold/seed_24/predictions.tsv	2198	b318f0573a9be93e46ff220f9d9cc6e3e3dcf3d6b013a9e4ae73c5a373d8bf68	"{""0"": 1099, ""1"": 1099}"	"{""0"": 1392, ""1"": 806}"	2.541780486353673e-05	0.9967329502105712	YES		outputs/paper1_data_refresh_20260710/PAPER1_7MODEL_PREDICTION_MANIFEST.tsv
PLMF-MDA	MDR	drug_cold	3	formal_runs/full_metric_rerun_20260615/plmf_standardized_repair_20260619/05_runs/MDR/drug_cold/seed_3/predictions.tsv	2300	a4cd678bb4b913591b8817440e60ed434ca52edd8733903b96b29455bf5cc637	"{""0"": 1150, ""1"": 1150}"	"{""0"": 1935, ""1"": 365}"	9.676217814558186e-06	0.9986922144889832	YES		outputs/paper1_data_refresh_20260710/PAPER1_7MODEL_PREDICTION_MANIFEST.tsv
PLMF-MDA	MDR	drug_cold	4	formal_runs/full_metric_rerun_20260615/plmf_standardized_repair_20260619/05_runs/MDR/drug_cold/seed_4/predictions.tsv	2322	fee63f7fb3610bf2578195bbde7fc582fb01a6d7ee66b03cdee559f58faa88ed	"{""0"": 1161, ""1"": 1161}"	"{""0"": 1833, ""1"": 489}"	7.805213681422174e-05	0.992302417755127	YES		outputs/paper1_data_refresh_20260710/PAPER1_7MODEL_PREDICTION_MANIFEST.tsv
PLMF-MDA	MDR	drug_cold	5	formal_runs/full_metric_rerun_20260615/plmf_standardized_repair_20260619/05_runs/MDR/drug_cold/seed_5/predictions.tsv	2276	512683f925a40ef33996edc60c52d6a0c6203667ab31b86feb551ab4e7b31c3d	"{""0"": 1138, ""1"": 1138}"	"{""0"": 1756, ""1"": 520}"	0.0001596751535544	0.9975505471229552	YES		outputs/paper1_data_refresh_20260710/PAPER1_7MODEL_PREDICTION_MANIFEST.tsv
PLMF-MDA	MDR	drug_cold	6	formal_runs/full_metric_rerun_20260615/plmf_standardized_repair_20260619/05_runs/MDR/drug_cold/seed_6/predictions.tsv	2586	ddedef7ea79a21edd59c92c4f7aaecf42d342e364e5c0d43ef29f7c6c69a2bed	"{""0"": 1293, ""1"": 1293}"	"{""0"": 1954, ""1"": 632}"	1.430637712473981e-05	0.9991565942764282	YES		outputs/paper1_data_refresh_20260710/PAPER1_7MODEL_PREDICTION_MANIFEST.tsv
PLMF-MDA	MDR	drug_cold	7	formal_runs/full_metric_rerun_20260615/plmf_standardized_repair_20260619/05_runs/MDR/drug_cold/seed_7/predictions.tsv	2260	9b682309d38b581671027762265ab72c2bae49c085698d0352b1999e64b2ab9c	"{""0"": 1130, ""1"": 1130}"	"{""0"": 1470, ""1"": 790}"	0.0002184233744628	0.996324360370636	YES		outputs/paper1_data_refresh_20260710/PAPER1_7MODEL_PREDICTION_MANIFEST.tsv
PLMF-MDA	MDR	drug_cold	8	formal_runs/full_metric_rerun_20260615/plmf_standardized_repair_20260619/05_runs/MDR/drug_cold/seed_8/predictions.tsv	2250	4c2456df783883067e6e08936201a50b25b363083abb50ba98c8305a70a25f02	"{""0"": 1125, ""1"": 1125}"	"{""0"": 1922, ""1"": 328}"	1.767242792993784e-05	0.9986110925674438	YES		outputs/paper1_data_refresh_20260710/PAPER1_7MODEL_PREDICTION_MANIFEST.tsv
PLMF-MDA	MDR	drug_cold	9	formal_runs/full_metric_rerun_20260615/plmf_standardized_repair_20260619/05_runs/MDR/drug_cold/seed_9/predictions.tsv	2580	608afc85c79d06ce775be9473495378c11f4e4664f72d3eca9caa04e3df4a5f2	"{""0"": 1290, ""1"": 1290}"	"{""0"": 2172, ""1"": 408}"	7.075056782923639e-05	0.9881539940834044	YES		outputs/paper1_data_refresh_20260710/PAPER1_7MODEL_PREDICTION_MANIFEST.tsv
PLMF-MDA	MDR	mirna_cold	0	formal_runs/full_metric_rerun_20260615/plmf_standardized_repair_20260619/05_runs/MDR/mirna_cold/seed_0/predictions.tsv	2172	747dae5de3b42bdc71cbb04c3bd7e03cdcf5a6fc52eed29779e28c22818f38cb	"{""0"": 1086, ""1"": 1086}"	"{""0"": 1128, ""1"": 1044}"	1.3530994692700917e-05	0.9983206391334534	YES		outputs/paper1_data_refresh_20260710/PAPER1_7MODEL_PREDICTION_MANIFEST.tsv
PLMF-MDA	MDR	mirna_cold	1	formal_runs/full_metric_rerun_20260615/plmf_standardized_repair_20260619/05_runs/MDR/mirna_cold/seed_1/predictions.tsv	2168	f83abf58b6fa84e3da18b9152bb2591d5b5a7e73bcda61aba7e901cd775141b5	"{""0"": 1084, ""1"": 1084}"	"{""0"": 1056, ""1"": 1112}"	1.4606121112592518e-05	0.9996055960655212	YES		outputs/paper1_data_refresh_20260710/PAPER1_7MODEL_PREDICTION_MANIFEST.tsv
PLMF-MDA	MDR	mirna_cold	10	formal_runs/full_metric_rerun_20260615/plmf_standardized_repair_20260619/05_runs/MDR/mirna_cold/seed_10/predictions.tsv	2176	c4423842c0ff83f556b4ed8c414e8fdd6d8d5d47a71b20e3e432c17f892df239	"{""0"": 1088, ""1"": 1088}"	"{""0"": 1083, ""1"": 1093}"	5.258218152448535e-06	0.9974794983863832	YES		outputs/paper1_data_refresh_20260710/PAPER1_7MODEL_PREDICTION_MANIFEST.tsv
PLMF-MDA	MDR	mirna_cold	11	formal_runs/full_metric_rerun_20260615/plmf_standardized_repair_20260619/05_runs/MDR/mirna_cold/seed_11/predictions.tsv	2170	ce5f63092ead4c85245824899a88c16d534e15f275be1bb267a05c8966e2d60a	"{""0"": 1085, ""1"": 1085}"	"{""0"": 1081, ""1"": 1089}"	4.569982593238819e-06	0.9973374009132384	YES		outputs/paper1_data_refresh_20260710/PAPER1_7MODEL_PREDICTION_MANIFEST.tsv
PLMF-MDA	MDR	mirna_cold	12	formal_runs/full_metric_rerun_20260615/plmf_standardized_repair_20260619/05_runs/MDR/mirna_cold/seed_12/predictions.tsv	2168	8194b208fecabd51336eff76d1616fe2e7df2a051c863d4829171fed841914a7	"{""0"": 1084, ""1"": 1084}"	"{""0"": 1092, ""1"": 1076}"	2.220716123702005e-05	0.9986056685447692	YES		outputs/paper1_data_refresh_20260710/PAPER1_7MODEL_PREDICTION_MANIFEST.tsv
PLMF-MDA	MDR	mirna_cold	13	formal_runs/full_metric_rerun_20260615/plmf_standardized_repair_20260619/05_runs/MDR/mirna_cold/seed_13/predictions.tsv	2176	8f5ef4ce93af8a79ccdfe7092444e9ff26d76246da26cad7bb4c290e714ea6df	"{""0"": 1088, ""1"": 1088}"	"{""0"": 1046, ""1"": 1130}"	9.495717677054928e-06	0.9995174407958984	YES		outputs/paper1_data_refresh_20260710/PAPER1_7MODEL_PREDICTION_MANIFEST.tsv
PLMF-MDA	MDR	mirna_cold	14	formal_runs/full_metric_rerun_20260615/plmf_standardized_repair_20260619/05_runs/MDR/mirna_cold/seed_14/predictions.tsv	2164	f38821625a2d37d50638a80b39f1f0288079166cd796d03a4a15d23f664ee233	"{""0"": 1082, ""1"": 1082}"	"{""0"": 1045, ""1"": 1119}"	5.338497066986747e-05	0.999020218849182	YES		outputs/paper1_data_refresh_20260710/PAPER1_7MODEL_PREDICTION_MANIFEST.tsv
PLMF-MDA	MDR	mirna_cold	15	formal_runs/full_metric_rerun_20260615/plmf_standardized_repair_20260619/05_runs/MDR/mirna_cold/seed_15/predictions.tsv	2170	ad7ca89ecb62d69b53a7ca1bee55971857884f67241eabc9a30f0958498a69fb	"{""0"": 1085, ""1"": 1085}"	"{""0"": 1001, ""1"": 1169}"	2.7237649646849604e-06	0.9992732405662536	YES		outputs/paper1_data_refresh_20260710/PAPER1_7MODEL_PREDICTION_MANIFEST.tsv
PLMF-MDA	MDR	mirna_cold	16	formal_runs/full_metric_rerun_20260615/plmf_standardized_repair_20260619/05_runs/MDR/mirna_cold/seed_16/predictions.tsv	2172	9b087bd763ad7a19bf13a62317711de2d9173ac3793105c730c9381e5839bb2d	"{""0"": 1086, ""1"": 1086}"	"{""0"": 1031, ""1"": 1141}"	1.008062008622801e-05	0.9988252520561218	YES		outputs/paper1_data_refresh_20260710/PAPER1_7MODEL_PREDICTION_MANIFEST.tsv
PLMF-MDA	MDR	mirna_cold	17	formal_runs/full_metric_rerun_20260615/plmf_standardized_repair_20260619/05_runs/MDR/mirna_cold/seed_17/predictions.tsv	2164	fc15f4767d26fd1798cc561097f12b4cd107900b2936e0c356950f1fd2249127	"{""0"": 1082, ""1"": 1082}"	"{""0"": 1106, ""1"": 1058}"	5.482833785208641e-06	0.9984312653541564	YES		outputs/paper1_data_refresh_20260710/PAPER1_7MODEL_PREDICTION_MANIFEST.tsv
PLMF-MDA	MDR	mirna_cold	18	formal_runs/full_metric_rerun_20260615/plmf_standardized_repair_20260619/05_runs/MDR/mirna_cold/seed_18/predictions.tsv	2176	70a51cf80f68e073be24699faddb5ec2648a631e391b98b5539cc753eaddbc68	"{""0"": 1088, ""1"": 1088}"	"{""0"": 1003, ""1"": 1173}"	4.171622549620224e-06	0.9997702240943908	YES		outputs/paper1_data_refresh_20260710/PAPER1_7MODEL_PREDICTION_MANIFEST.tsv
PLMF-MDA	MDR	mirna_cold	19	formal_runs/full_metric_rerun_20260615/plmf_standardized_repair_20260619/05_runs/MDR/mirna_cold/seed_19/predictions.tsv	2164	28cd794d7b8e01c422c817276a527195524d4600572a8d61b007cb82c71820df	"{""0"": 1082, ""1"": 1082}"	"{""0"": 996, ""1"": 1168}"	1.2701486411970109e-05	0.9987603425979614	YES		outputs/paper1_data_refresh_20260710/PAPER1_7MODEL_PREDICTION_MANIFEST.tsv
PLMF-MDA	MDR	mirna_cold	2	formal_runs/full_metric_rerun_20260615/plmf_standardized_repair_20260619/05_runs/MDR/mirna_cold/seed_2/predictions.tsv	2170	0012824d70301b4d8ccdb58ad95f1e0f429723259f46e1fbf132e746f3731f1b	"{""0"": 1085, ""1"": 1085}"	"{""0"": 971, ""1"": 1199}"	2.220432179456111e-05	0.9992732405662536	YES		outputs/paper1_data_refresh_20260710/PAPER1_7MODEL_PREDICTION_MANIFEST.tsv
PLMF-MDA	MDR	mirna_cold	20	formal_runs/full_metric_rerun_20260615/plmf_standardized_repair_20260619/05_runs/MDR/mirna_cold/seed_20/predictions.tsv	2164	31b19a6281a894b2d48c1406710d8ab8005540cc5ed34dfe6e2bd055cfbf7806	"{""0"": 1082, ""1"": 1082}"	"{""0"": 1068, ""1"": 1096}"	1.7832293451647274e-05	0.9995649456977844	YES		outputs/paper1_data_refresh_20260710/PAPER1_7MODEL_PREDICTION_MANIFEST.tsv
PLMF-MDA	MDR	mirna_cold	21	formal_runs/full_metric_rerun_20260615/plmf_standardized_repair_20260619/05_runs/MDR/mirna_cold/seed_21/predictions.tsv	2172	772ffd6e46b64af31e10c2b6cae92a978d553a97570571f882aede2d552bc974	"{""0"": 1086, ""1"": 1086}"	"{""0"": 1150, ""1"": 1022}"	2.5159737560898066e-05	0.9972649812698364	YES		outputs/paper1_data_refresh_20260710/PAPER1_7MODEL_PREDICTION_MANIFEST.tsv
PLMF-MDA	MDR	mirna_cold	22	formal_runs/full_metric_rerun_20260615/plmf_standardized_repair_20260619/05_runs/MDR/mirna_cold/seed_22/predictions.tsv	2164	a7164a30e353c9fbc4315c69f218328c0958f7909a4c8fbab82314d040a907d7	"{""0"": 1082, ""1"": 1082}"	"{""0"": 1003, ""1"": 1161}"	3.5762499464908615e-05	0.9995514750480652	YES		outputs/paper1_data_refresh_20260710/PAPER1_7MODEL_PREDICTION_MANIFEST.tsv
PLMF-MDA	MDR	mirna_cold	23	formal_runs/full_metric_rerun_20260615/plmf_standardized_repair_20260619/05_runs/MDR/mirna_cold/seed_23/predictions.tsv	2202	544166f06777c76d856962655b2f7fda871230d248909cf43e077d389f2c5c80	"{""0"": 1101, ""1"": 1101}"	"{""0"": 1122, ""1"": 1080}"	3.4017455618595704e-05	0.9988635778427124	YES		outputs/paper1_data_refresh_20260710/PAPER1_7MODEL_PREDICTION_MANIFEST.tsv
PLMF-MDA	MDR	mirna_cold	24	formal_runs/full_metric_rerun_20260615/plmf_standardized_repair_20260619/05_runs/MDR/mirna_cold/seed_24/predictions.tsv	2164	bd27114701aae1dcd7126d3f33d59579217d287e9bbc88fc7a33c236068db1f9	"{""0"": 1082, ""1"": 1082}"	"{""0"": 1047, ""1"": 1117}"	9.30300957406871e-05	0.998372495174408	YES		outputs/paper1_data_refresh_20260710/PAPER1_7MODEL_PREDICTION_MANIFEST.tsv
PLMF-MDA	MDR	mirna_cold	3	formal_runs/full_metric_rerun_20260615/plmf_standardized_repair_20260619/05_runs/MDR/mirna_cold/seed_3/predictions.tsv	2186	79c5b858bfd4fdb90ac49d61ad87534b22b9a71e95dd84a0e8712c540b4cb352	"{""0"": 1093, ""1"": 1093}"	"{""0"": 1002, ""1"": 1184}"	4.862098649027757e-06	0.9997645020484924	YES		outputs/paper1_data_refresh_20260710/PAPER1_7MODEL_PREDICTION_MANIFEST.tsv
PLMF-MDA	MDR	mirna_cold	4	formal_runs/full_metric_rerun_20260615/plmf_standardized_repair_20260619/05_runs/MDR/mirna_cold/seed_4/predictions.tsv	2170	5452091a230ba19526d5448c00aa394ec73b7a16da1aff5b2adc51d40dad981a	"{""0"": 1085, ""1"": 1085}"	"{""0"": 977, ""1"": 1193}"	5.0965008995262906e-05	0.9993878602981568	YES		outputs/paper1_data_refresh_20260710/PAPER1_7MODEL_PREDICTION_MANIFEST.tsv
PLMF-MDA	MDR	mirna_cold	5	formal_runs/full_metric_rerun_20260615/plmf_standardized_repair_20260619/05_runs/MDR/mirna_cold/seed_5/predictions.tsv	2164	d92177cb6480438dcbe24fcc64157f37a94cfeff44bc3f555bc655a2d5f7f6f5	"{""0"": 1082, ""1"": 1082}"	"{""0"": 1058, ""1"": 1106}"	7.926878606667742e-05	0.9975305199623108	YES		outputs/paper1_data_refresh_20260710/PAPER1_7MODEL_PREDICTION_MANIFEST.tsv
PLMF-MDA	MDR	mirna_cold	6	formal_runs/full_metric_rerun_20260615/plmf_standardized_repair_20260619/05_runs/MDR/mirna_cold/seed_6/predictions.tsv	2166	b8449cbbf0c1b4df0bb71914467d71004e0c42fad59c50f550b2857c7baa3611	"{""0"": 1083, ""1"": 1083}"	"{""0"": 1018, ""1"": 1148}"	6.200229108799249e-06	0.9992895126342772	YES		outputs/paper1_data_refresh_20260710/PAPER1_7MODEL_PREDICTION_MANIFEST.tsv
PLMF-MDA	MDR	mirna_cold	7	formal_runs/full_metric_rerun_20260615/plmf_standardized_repair_20260619/05_runs/MDR/mirna_cold/seed_7/predictions.tsv	2178	f2bd0655d65db49311ec974f6b9559108175076a99e2579a2010ff7e0f0220aa	"{""0"": 1089, ""1"": 1089}"	"{""0"": 1032, ""1"": 1146}"	2.50432799475675e-06	0.9967249035835266	YES		outputs/paper1_data_refresh_20260710/PAPER1_7MODEL_PREDICTION_MANIFEST.tsv
PLMF-MDA	MDR	mirna_cold	8	formal_runs/full_metric_rerun_20260615/plmf_standardized_repair_20260619/05_runs/MDR/mirna_cold/seed_8/predictions.tsv	2172	197581ba131626c3a32801290c8eb2fc002370f83910c6ac904d231030f593ed	"{""0"": 1086, ""1"": 1086}"	"{""0"": 1030, ""1"": 1142}"	1.5139612514758484e-05	0.9995297193527222	YES		outputs/paper1_data_refresh_20260710/PAPER1_7MODEL_PREDICTION_MANIFEST.tsv
PLMF-MDA	MDR	mirna_cold	9	formal_runs/full_metric_rerun_20260615/plmf_standardized_repair_20260619/05_runs/MDR/mirna_cold/seed_9/predictions.tsv	2178	bc8c8bf3cadff0dabd8e3412c6f6529dd216f6fd09bfe48ce508da87b95dd421	"{""0"": 1089, ""1"": 1089}"	"{""0"": 1081, ""1"": 1097}"	1.1813282441153207e-07	0.9970644116401672	YES		outputs/paper1_data_refresh_20260710/PAPER1_7MODEL_PREDICTION_MANIFEST.tsv
PLMF-MDA	MDR	random	0	formal_runs/full_metric_rerun_20260615/plmf_standardized_repair_20260619/05_runs/MDR/random/seed_0/predictions.tsv	2164	c634ea9fd426f5ebe9945b0f801cfe3d6308b93fcc583b9af64fa0ba4a1184dd	"{""0"": 1082, ""1"": 1082}"	"{""0"": 1023, ""1"": 1141}"	2.407417014183011e-05	0.9998332262039183	YES		outputs/paper1_data_refresh_20260710/PAPER1_7MODEL_PREDICTION_MANIFEST.tsv
PLMF-MDA	MDR	random	1	formal_runs/full_metric_rerun_20260615/plmf_standardized_repair_20260619/05_runs/MDR/random/seed_1/predictions.tsv	2164	b1c3d7747f19845d058e5e78bea327cbf7f178c88ade5b0b03660d659179995c	"{""0"": 1082, ""1"": 1082}"	"{""0"": 980, ""1"": 1184}"	2.368404420849401e-05	0.9999322891235352	YES		outputs/paper1_data_refresh_20260710/PAPER1_7MODEL_PREDICTION_MANIFEST.tsv
PLMF-MDA	MDR	random	10	formal_runs/full_metric_rerun_20260615/plmf_standardized_repair_20260619/05_runs/MDR/random/seed_10/predictions.tsv	2164	e71c2f28a48a27ff75a60e0db3222689050993cd4b820961d0fc2c122a55ce85	"{""0"": 1082, ""1"": 1082}"	"{""0"": 929, ""1"": 1235}"	4.4340478780213743e-05	0.9991831183433532	YES		outputs/paper1_data_refresh_20260710/PAPER1_7MODEL_PREDICTION_MANIFEST.tsv
PLMF-MDA	MDR	random	11	formal_runs/full_metric_rerun_20260615/plmf_standardized_repair_20260619/05_runs/MDR/random/seed_11/predictions.tsv	2164	e5a8fdc4e2bbc90eedfe8963cfdf6dae3524706778e3a0da14b5b1f5bf700272	"{""0"": 1082, ""1"": 1082}"	"{""0"": 1113, ""1"": 1051}"	5.678658681063098e-07	0.999847173690796	YES		outputs/paper1_data_refresh_20260710/PAPER1_7MODEL_PREDICTION_MANIFEST.tsv
PLMF-MDA	MDR	random	12	formal_runs/full_metric_rerun_20260615/plmf_standardized_repair_20260619/05_runs/MDR/random/seed_12/predictions.tsv	2164	d4a4c406ac190d60ed1aaea76aa35cb8612a72f920dc52ae5812d7a8f9bf5ab0	"{""0"": 1082, ""1"": 1082}"	"{""0"": 1042, ""1"": 1122}"	5.6777433201204985e-05	0.9997960925102234	YES		outputs/paper1_data_refresh_20260710/PAPER1_7MODEL_PREDICTION_MANIFEST.tsv
PLMF-MDA	MDR	random	13	formal_runs/full_metric_rerun_20260615/plmf_standardized_repair_20260619/05_runs/MDR/random/seed_13/predictions.tsv	2164	5805779cf7df68ac45d8a1b5949bda7da9dad18f329a0e4a1be927a2a004e232	"{""0"": 1082, ""1"": 1082}"	"{""0"": 920, ""1"": 1244}"	2.802553353831172e-05	0.9997631907463074	YES		outputs/paper1_data_refresh_20260710/PAPER1_7MODEL_PREDICTION_MANIFEST.tsv
PLMF-MDA	MDR	random	14	formal_runs/full_metric_rerun_20260615/plmf_standardized_repair_20260619/05_runs/MDR/random/seed_14/predictions.tsv	2164	fa1bf99f3d192c3d7d08e9cfd3d7fb5ca2ed942bdbc8d25c2a91f2ca99368096	"{""0"": 1082, ""1"": 1082}"	"{""0"": 1132, ""1"": 1032}"	8.369504939764738e-06	0.9974542260169984	YES		outputs/paper1_data_refresh_20260710/PAPER1_7MODEL_PREDICTION_MANIFEST.tsv
PLMF-MDA	MDR	random	15	formal_runs/full_metric_rerun_20260615/plmf_standardized_repair_20260619/05_runs/MDR/random/seed_15/predictions.tsv	2164	1bc8608ef6de73dfd4915f1fd0ffca4891f4e70b02737e90c05901872d4a71ed	"{""0"": 1082, ""1"": 1082}"	"{""0"": 989, ""1"": 1175}"	6.165698323457036e-06	0.9994602799415588	YES		outputs/paper1_data_refresh_20260710/PAPER1_7MODEL_PREDICTION_MANIFEST.tsv
PLMF-MDA	MDR	random	16	formal_runs/full_metric_rerun_20260615/plmf_standardized_repair_20260619/05_runs/MDR/random/seed_16/predictions.tsv	2164	4987e595493915a7dbdf5339effe184d06e057e7fd53e33131b5b2799917ac85	"{""0"": 1082, ""1"": 1082}"	"{""0"": 1005, ""1"": 1159}"	2.4847469831001945e-05	0.9981465339660645	YES		outputs/paper1_data_refresh_20260710/PAPER1_7MODEL_PREDICTION_MANIFEST.tsv
PLMF-MDA	MDR	random	17	formal_runs/full_metric_rerun_20260615/plmf_standardized_repair_20260619/05_runs/MDR/random/seed_17/predictions.tsv	2164	3cf0f36f31967c0888ffd1023c8ebc721a822295b17cd819d038fb15efcb3372	"{""0"": 1082, ""1"": 1082}"	"{""0"": 884, ""1"": 1280}"	3.620292045525275e-05	0.9992501139640808	YES		outputs/paper1_data_refresh_20260710/PAPER1_7MODEL_PREDICTION_MANIFEST.tsv
PLMF-MDA	MDR	random	18	formal_runs/full_metric_rerun_20260615/plmf_standardized_repair_20260619/05_runs/MDR/random/seed_18/predictions.tsv	2164	406676921f4fa2ee1a0ec73f58bafdc189cd99133a5a819bddc7b3e07ccfa662	"{""0"": 1082, ""1"": 1082}"	"{""0"": 1114, ""1"": 1050}"	1.3797919564240146e-05	0.9996787309646606	YES		outputs/paper1_data_refresh_20260710/PAPER1_7MODEL_PREDICTION_MANIFEST.tsv
PLMF-MDA	MDR	random	19	formal_runs/full_metric_rerun_20260615/plmf_standardized_repair_20260619/05_runs/MDR/random/seed_19/predictions.tsv	2164	340f7145e6c96e01d1eca58ecdd49d32648c1c07a1dbb1480f18e84ffbf743d5	"{""0"": 1082, ""1"": 1082}"	"{""0"": 936, ""1"": 1228}"	5.694715946447104e-05	0.9991233944892884	YES		outputs/paper1_data_refresh_20260710/PAPER1_7MODEL_PREDICTION_MANIFEST.tsv
PLMF-MDA	MDR	random	2	formal_runs/full_metric_rerun_20260615/plmf_standardized_repair_20260619/05_runs/MDR/random/seed_2/predictions.tsv	2164	0544dbc0fa8028377adcec33155b4f31ce9f35d822f1bfb6f83cddfd58d4108f	"{""0"": 1082, ""1"": 1082}"	"{""0"": 1001, ""1"": 1163}"	2.9452423405018635e-05	0.9995123147964478	YES		outputs/paper1_data_refresh_20260710/PAPER1_7MODEL_PREDICTION_MANIFEST.tsv
PLMF-MDA	MDR	random	20	formal_runs/full_metric_rerun_20260615/plmf_standardized_repair_20260619/05_runs/MDR/random/seed_20/predictions.tsv	2164	1c02488336ba2ab7184b5410e4b61a80c6165b00c81dd127ee17698448d88653	"{""0"": 1082, ""1"": 1082}"	"{""0"": 1027, ""1"": 1137}"	6.0802667576354e-05	0.9983150959014891	YES		outputs/paper1_data_refresh_20260710/PAPER1_7MODEL_PREDICTION_MANIFEST.tsv
PLMF-MDA	MDR	random	21	formal_runs/full_metric_rerun_20260615/plmf_standardized_repair_20260619/05_runs/MDR/random/seed_21/predictions.tsv	2164	10ce1db422a54a1bb2f9021590f0981db10194d00a6880cdb6b402fd1a32867f	"{""0"": 1082, ""1"": 1082}"	"{""0"": 1062, ""1"": 1102}"	3.68350742974144e-06	0.9985985159873962	YES		outputs/paper1_data_refresh_20260710/PAPER1_7MODEL_PREDICTION_MANIFEST.tsv
PLMF-MDA	MDR	random	22	formal_runs/full_metric_rerun_20260615/plmf_standardized_repair_20260619/05_runs/MDR/random/seed_22/predictions.tsv	2164	e69d46bc335e97dc1487b1201517be0bc1f536bc571434593bf3f16d7f73d8f8	"{""0"": 1082, ""1"": 1082}"	"{""0"": 1060, ""1"": 1104}"	3.7105214687471744e-06	0.9992766976356506	YES		outputs/paper1_data_refresh_20260710/PAPER1_7MODEL_PREDICTION_MANIFEST.tsv
PLMF-MDA	MDR	random	23	formal_runs/full_metric_rerun_20260615/plmf_standardized_repair_20260619/05_runs/MDR/random/seed_23/predictions.tsv	2164	4a97354ac698e6acad9f57d27f5998cfcd39e25d7391f5ea710b04ab5b94af85	"{""0"": 1082, ""1"": 1082}"	"{""0"": 958, ""1"": 1206}"	6.394335741788382e-06	0.999076008796692	YES		outputs/paper1_data_refresh_20260710/PAPER1_7MODEL_PREDICTION_MANIFEST.tsv
PLMF-MDA	MDR	random	24	formal_runs/full_metric_rerun_20260615/plmf_standardized_repair_20260619/05_runs/MDR/random/seed_24/predictions.tsv	2164	b5a71085b651ca67c64f23a57a0181b28a06ddbb6ccebc19a11abd96796d5ae2	"{""0"": 1082, ""1"": 1082}"	"{""0"": 1014, ""1"": 1150}"	9.025849976751488e-06	0.9980586171150208	YES		outputs/paper1_data_refresh_20260710/PAPER1_7MODEL_PREDICTION_MANIFEST.tsv
PLMF-MDA	MDR	random	3	formal_runs/full_metric_rerun_20260615/plmf_standardized_repair_20260619/05_runs/MDR/random/seed_3/predictions.tsv	2164	961fb82cf3aa0bc41d26c72c2d4067f65bc68a417a498cb33a9320aef70fa960	"{""0"": 1082, ""1"": 1082}"	"{""0"": 1067, ""1"": 1097}"	2.653935553098563e-06	0.999601662158966	YES		outputs/paper1_data_refresh_20260710/PAPER1_7MODEL_PREDICTION_MANIFEST.tsv
PLMF-MDA	MDR	random	4	formal_runs/full_metric_rerun_20260615/plmf_standardized_repair_20260619/05_runs/MDR/random/seed_4/predictions.tsv	2164	5dbb113417e425b35f8ce07a7ca74d1f9a844d66d4d899a202772472aeaa4a5d	"{""0"": 1082, ""1"": 1082}"	"{""0"": 1052, ""1"": 1112}"	1.4963161447667517e-05	0.9967952370643616	YES		outputs/paper1_data_refresh_20260710/PAPER1_7MODEL_PREDICTION_MANIFEST.tsv
PLMF-MDA	MDR	random	5	formal_runs/full_metric_rerun_20260615/plmf_standardized_repair_20260619/05_runs/MDR/random/seed_5/predictions.tsv	2164	77d6005897b6157393e2c3b50e74283c8a625b108282595d9c4c91b2df17b598	"{""0"": 1082, ""1"": 1082}"	"{""0"": 1019, ""1"": 1145}"	3.209262285963632e-05	0.9995168447494508	YES		outputs/paper1_data_refresh_20260710/PAPER1_7MODEL_PREDICTION_MANIFEST.tsv
PLMF-MDA	MDR	random	6	formal_runs/full_metric_rerun_20260615/plmf_standardized_repair_20260619/05_runs/MDR/random/seed_6/predictions.tsv	2164	d419be6a065d291f1a1fa3cf443615695eb36d784eb939f42cd08afcb471866d	"{""0"": 1082, ""1"": 1082}"	"{""0"": 1017, ""1"": 1147}"	1.9422588593442924e-05	0.9989909529685974	YES		outputs/paper1_data_refresh_20260710/PAPER1_7MODEL_PREDICTION_MANIFEST.tsv
PLMF-MDA	MDR	random	7	formal_runs/full_metric_rerun_20260615/plmf_standardized_repair_20260619/05_runs/MDR/random/seed_7/predictions.tsv	2164	aa6678a33e48c71b03ec32ffd88c3677199f13d1f431682936ab9877c0045611	"{""0"": 1082, ""1"": 1082}"	"{""0"": 1009, ""1"": 1155}"	3.825336170848459e-05	0.9924410581588744	YES		outputs/paper1_data_refresh_20260710/PAPER1_7MODEL_PREDICTION_MANIFEST.tsv
PLMF-MDA	MDR	random	8	formal_runs/full_metric_rerun_20260615/plmf_standardized_repair_20260619/05_runs/MDR/random/seed_8/predictions.tsv	2164	b3a9ea43f8344959d9175439bf84bb2749e669e5aa8f153064aa35d204681ef6	"{""0"": 1082, ""1"": 1082}"	"{""0"": 1074, ""1"": 1090}"	1.7195638065459207e-05	0.9995599389076232	YES		outputs/paper1_data_refresh_20260710/PAPER1_7MODEL_PREDICTION_MANIFEST.tsv
PLMF-MDA	MDR	random	9	formal_runs/full_metric_rerun_20260615/plmf_standardized_repair_20260619/05_runs/MDR/random/seed_9/predictions.tsv	2164	5331335ee126eb7704ef34231475b1f2d599d6ba1d8718d8e39adb6533104f83	"{""0"": 1082, ""1"": 1082}"	"{""0"": 1004, ""1"": 1160}"	2.923396323240013e-06	0.9990150928497314	YES		outputs/paper1_data_refresh_20260710/PAPER1_7MODEL_PREDICTION_MANIFEST.tsv
PLMF-MDA	MDR	scaffold_cold	0	formal_runs/full_metric_rerun_20260615/plmf_standardized_repair_20260619/05_runs/MDR/scaffold_cold/seed_0/predictions.tsv	2314	41f0e00edfe087a8be280b1c29f7ea5260f14db0d903138c4428dbff72d5dee2	"{""0"": 1157, ""1"": 1157}"	"{""0"": 1567, ""1"": 747}"	0.0002054657961707	0.9925289750099182	YES		outputs/paper1_data_refresh_20260710/PAPER1_7MODEL_PREDICTION_MANIFEST.tsv
PLMF-MDA	MDR	scaffold_cold	1	formal_runs/full_metric_rerun_20260615/plmf_standardized_repair_20260619/05_runs/MDR/scaffold_cold/seed_1/predictions.tsv	2236	48e5252d5c0886847a340b6a8fdb5971497a4c78a4293b01b2347ab596baebf2	"{""0"": 1118, ""1"": 1118}"	"{""0"": 1558, ""1"": 678}"	0.0011706092627719	0.9805396795272828	YES		outputs/paper1_data_refresh_20260710/PAPER1_7MODEL_PREDICTION_MANIFEST.tsv
PLMF-MDA	MDR	scaffold_cold	10	formal_runs/full_metric_rerun_20260615/plmf_standardized_repair_20260619/05_runs/MDR/scaffold_cold/seed_10/predictions.tsv	2346	8d57cd178600b0eb6698816806016c4059e9eaef4223736b9198540d67c4f41a	"{""0"": 1173, ""1"": 1173}"	"{""0"": 1866, ""1"": 480}"	6.461019802372903e-05	0.9932825565338136	YES		outputs/paper1_data_refresh_20260710/PAPER1_7MODEL_PREDICTION_MANIFEST.tsv
PLMF-MDA	MDR	scaffold_cold	11	formal_runs/full_metric_rerun_20260615/plmf_standardized_repair_20260619/05_runs/MDR/scaffold_cold/seed_11/predictions.tsv	2192	2e14c1279e3b699f64560d90ef7e25959de7a1a5d8eede80adef8e02779008cc	"{""0"": 1096, ""1"": 1096}"	"{""0"": 1813, ""1"": 379}"	2.0586086975527e-05	0.9947403073310852	YES		outputs/paper1_data_refresh_20260710/PAPER1_7MODEL_PREDICTION_MANIFEST.tsv
PLMF-MDA	MDR	scaffold_cold	12	formal_runs/full_metric_rerun_20260615/plmf_standardized_repair_20260619/05_runs/MDR/scaffold_cold/seed_12/predictions.tsv	2268	ce7aa80a9f4f3f0321eea82761e4d705c2be62fa22b4e4c0f261df2cb6979842	"{""0"": 1134, ""1"": 1134}"	"{""0"": 2013, ""1"": 255}"	8.140381396515295e-05	0.9956133365631104	YES		outputs/paper1_data_refresh_20260710/PAPER1_7MODEL_PREDICTION_MANIFEST.tsv
PLMF-MDA	MDR	scaffold_cold	13	formal_runs/full_metric_rerun_20260615/plmf_standardized_repair_20260619/05_runs/MDR/scaffold_cold/seed_13/predictions.tsv	2484	c12655385a2f9154753f8ce10f283455bcc2fb91b8dadb85cca16dc901758b6a	"{""0"": 1242, ""1"": 1242}"	"{""0"": 1337, ""1"": 1147}"	6.893521640449762e-05	0.998450756072998	YES		outputs/paper1_data_refresh_20260710/PAPER1_7MODEL_PREDICTION_MANIFEST.tsv
PLMF-MDA	MDR	scaffold_cold	14	formal_runs/full_metric_rerun_20260615/plmf_standardized_repair_20260619/05_runs/MDR/scaffold_cold/seed_14/predictions.tsv	2626	a86c79d75ef927d23df4b21b80f59157ffd7a2c8effa671e903eaf4147f96422	"{""0"": 1313, ""1"": 1313}"	"{""0"": 2336, ""1"": 290}"	1.8414981468595213e-06	0.9770281314849854	YES		outputs/paper1_data_refresh_20260710/PAPER1_7MODEL_PREDICTION_MANIFEST.tsv
PLMF-MDA	MDR	scaffold_cold	15	formal_runs/full_metric_rerun_20260615/plmf_standardized_repair_20260619/05_runs/MDR/scaffold_cold/seed_15/predictions.tsv	2670	8733a5b76687bc08257aee4a315438df8694f7db34a933efabe12a71ac289412	"{""0"": 1335, ""1"": 1335}"	"{""0"": 1880, ""1"": 790}"	0.0001920811046147	0.9864495396614076	YES		outputs/paper1_data_refresh_20260710/PAPER1_7MODEL_PREDICTION_MANIFEST.tsv
PLMF-MDA	MDR	scaffold_cold	16	formal_runs/full_metric_rerun_20260615/plmf_standardized_repair_20260619/05_runs/MDR/scaffold_cold/seed_16/predictions.tsv	3020	10319cb8c7bf04ad233c5b0d954313f276b6c8a2f612d08a75ef0bc912ff269c	"{""0"": 1510, ""1"": 1510}"	"{""0"": 2205, ""1"": 815}"	7.654093678866047e-07	0.998393714427948	YES		outputs/paper1_data_refresh_20260710/PAPER1_7MODEL_PREDICTION_MANIFEST.tsv
PLMF-MDA	MDR	scaffold_cold	17	formal_runs/full_metric_rerun_20260615/plmf_standardized_repair_20260619/05_runs/MDR/scaffold_cold/seed_17/predictions.tsv	2386	e26b65c7a5e517c600d2ca6f2f266cd8caba737b5ea95adc90010b6adbfb7264	"{""0"": 1193, ""1"": 1193}"	"{""0"": 1966, ""1"": 420}"	0.0001265515456907	0.9903005361557008	YES		outputs/paper1_data_refresh_20260710/PAPER1_7MODEL_PREDICTION_MANIFEST.tsv
PLMF-MDA	MDR	scaffold_cold	18	formal_runs/full_metric_rerun_20260615/plmf_standardized_repair_20260619/05_runs/MDR/scaffold_cold/seed_18/predictions.tsv	2940	3342b97023c829126252b3b6a50b9f12e3ee39d5881aca4b5f0d261f0472812c	"{""0"": 1470, ""1"": 1470}"	"{""0"": 1755, ""1"": 1185}"	0.000874578487128	0.9979363679885864	YES		outputs/paper1_data_refresh_20260710/PAPER1_7MODEL_PREDICTION_MANIFEST.tsv
PLMF-MDA	MDR	scaffold_cold	19	formal_runs/full_metric_rerun_20260615/plmf_standardized_repair_20260619/05_runs/MDR/scaffold_cold/seed_19/predictions.tsv	2238	baab827b623ec8a0dc77d745d50ab4ccb244c0792b121802d752facc8fd00922	"{""0"": 1119, ""1"": 1119}"	"{""0"": 1641, ""1"": 597}"	1.199941380036762e-05	0.980709433555603	YES		outputs/paper1_data_refresh_20260710/PAPER1_7MODEL_PREDICTION_MANIFEST.tsv
PLMF-MDA	MDR	scaffold_cold	2	formal_runs/full_metric_rerun_20260615/plmf_standardized_repair_20260619/05_runs/MDR/scaffold_cold/seed_2/predictions.tsv	2208	9f307b13bd427412d0290717314c21703e0f4d8254914ec7242534aba8333283	"{""0"": 1104, ""1"": 1104}"	"{""0"": 1652, ""1"": 556}"	3.390626807231456e-05	0.9989684820175172	YES		outputs/paper1_data_refresh_20260710/PAPER1_7MODEL_PREDICTION_MANIFEST.tsv
PLMF-MDA	MDR	scaffold_cold	20	formal_runs/full_metric_rerun_20260615/plmf_standardized_repair_20260619/05_runs/MDR/scaffold_cold/seed_20/predictions.tsv	2182	3d46ff3b0ae1f17a6e7588e82f2cccd7fc62cfd2ee315b900a6cf04a2c383045	"{""0"": 1091, ""1"": 1091}"	"{""0"": 1897, ""1"": 285}"	4.903472017758759e-06	0.9344716668128968	YES		outputs/paper1_data_refresh_20260710/PAPER1_7MODEL_PREDICTION_MANIFEST.tsv
PLMF-MDA	MDR	scaffold_cold	21	formal_runs/full_metric_rerun_20260615/plmf_standardized_repair_20260619/05_runs/MDR/scaffold_cold/seed_21/predictions.tsv	2588	8415eb19d9970293d7fc524623bbfb6873c772f9bd7bbb883f9b3f8fc1238414	"{""0"": 1294, ""1"": 1294}"	"{""0"": 2249, ""1"": 339}"	0.0002713413268793	0.9981826543807985	YES		outputs/paper1_data_refresh_20260710/PAPER1_7MODEL_PREDICTION_MANIFEST.tsv
PLMF-MDA	MDR	scaffold_cold	22	formal_runs/full_metric_rerun_20260615/plmf_standardized_repair_20260619/05_runs/MDR/scaffold_cold/seed_22/predictions.tsv	2388	4ea4d856791874d265231eecf13e8d0065ddaba87c6accedd85b32f7618d2952	"{""0"": 1194, ""1"": 1194}"	"{""0"": 2045, ""1"": 343}"	4.338568396633491e-05	0.9966478943824768	YES		outputs/paper1_data_refresh_20260710/PAPER1_7MODEL_PREDICTION_MANIFEST.tsv
PLMF-MDA	MDR	scaffold_cold	23	formal_runs/full_metric_rerun_20260615/plmf_standardized_repair_20260619/05_runs/MDR/scaffold_cold/seed_23/predictions.tsv	2694	1b04138cc41cb8c963646652bcae19941462c43ce6d3c2623fd98583229512e5	"{""0"": 1347, ""1"": 1347}"	"{""0"": 1987, ""1"": 707}"	0.0002573980309534	0.9889531135559082	YES		outputs/paper1_data_refresh_20260710/PAPER1_7MODEL_PREDICTION_MANIFEST.tsv
PLMF-MDA	MDR	scaffold_cold	24	formal_runs/full_metric_rerun_20260615/plmf_standardized_repair_20260619/05_runs/MDR/scaffold_cold/seed_24/predictions.tsv	2166	6650e3e574ab629220770ad0c48d13cac0bdd5cf4a5d4711ee023e66535b7211	"{""0"": 1083, ""1"": 1083}"	"{""0"": 1612, ""1"": 554}"	8.223114491556771e-06	0.9940203428268432	YES		outputs/paper1_data_refresh_20260710/PAPER1_7MODEL_PREDICTION_MANIFEST.tsv
PLMF-MDA	MDR	scaffold_cold	3	formal_runs/full_metric_rerun_20260615/plmf_standardized_repair_20260619/05_runs/MDR/scaffold_cold/seed_3/predictions.tsv	2770	b1ddc13ab3e2cb334a95aedeac735fe7e8dee34398d6d06451cdaf593bd71434	"{""0"": 1385, ""1"": 1385}"	"{""0"": 2265, ""1"": 505}"	3.139453212952503e-07	0.9936299920082092	YES		outputs/paper1_data_refresh_20260710/PAPER1_7MODEL_PREDICTION_MANIFEST.tsv
PLMF-MDA	MDR	scaffold_cold	4	formal_runs/full_metric_rerun_20260615/plmf_standardized_repair_20260619/05_runs/MDR/scaffold_cold/seed_4/predictions.tsv	2250	078c051761f36fc7e6df85e069405803392482682153924b0615a04e79a0790e	"{""0"": 1125, ""1"": 1125}"	"{""0"": 1825, ""1"": 425}"	2.4708499495318392e-06	0.9989995360374452	YES		outputs/paper1_data_refresh_20260710/PAPER1_7MODEL_PREDICTION_MANIFEST.tsv
PLMF-MDA	MDR	scaffold_cold	5	formal_runs/full_metric_rerun_20260615/plmf_standardized_repair_20260619/05_runs/MDR/scaffold_cold/seed_5/predictions.tsv	2886	0a2e2c5884306fa7d3a9184689f74cdeb5e68286b6abfc79c807b89c55b28dd7	"{""0"": 1443, ""1"": 1443}"	"{""0"": 1686, ""1"": 1200}"	5.77091850573197e-05	0.998388409614563	YES		outputs/paper1_data_refresh_20260710/PAPER1_7MODEL_PREDICTION_MANIFEST.tsv
PLMF-MDA	MDR	scaffold_cold	6	formal_runs/full_metric_rerun_20260615/plmf_standardized_repair_20260619/05_runs/MDR/scaffold_cold/seed_6/predictions.tsv	2172	5db1b5583eef814d40cad4167f24ae6eafd337817e486cbda40893c76ecf2aff	"{""0"": 1086, ""1"": 1086}"	"{""0"": 1490, ""1"": 682}"	0.0014220685698091	0.9942328333854676	YES		outputs/paper1_data_refresh_20260710/PAPER1_7MODEL_PREDICTION_MANIFEST.tsv
PLMF-MDA	MDR	scaffold_cold	7	formal_runs/full_metric_rerun_20260615/plmf_standardized_repair_20260619/05_runs/MDR/scaffold_cold/seed_7/predictions.tsv	2208	ecf83755e48a450c11b9d03714ad5f335f0e76707b222cda2418747f082d2c13	"{""0"": 1104, ""1"": 1104}"	"{""0"": 1375, ""1"": 833}"	5.99073464400135e-05	0.9977310299873352	YES		outputs/paper1_data_refresh_20260710/PAPER1_7MODEL_PREDICTION_MANIFEST.tsv
PLMF-MDA	MDR	scaffold_cold	8	formal_runs/full_metric_rerun_20260615/plmf_standardized_repair_20260619/05_runs/MDR/scaffold_cold/seed_8/predictions.tsv	2602	547a153d98f0ce095b9cb6bc6d77ce869ad966ba0400ba6201c22dea912ba33a	"{""0"": 1301, ""1"": 1301}"	"{""0"": 2045, ""1"": 557}"	4.016188904643059e-05	0.9898988604545592	YES		outputs/paper1_data_refresh_20260710/PAPER1_7MODEL_PREDICTION_MANIFEST.tsv
PLMF-MDA	MDR	scaffold_cold	9	formal_runs/full_metric_rerun_20260615/plmf_standardized_repair_20260619/05_runs/MDR/scaffold_cold/seed_9/predictions.tsv	2904	8de9efbd2eb9ea411ab312f39cdbf95e329c4d09024a11220e1a9aa2e980ede5	"{""0"": 1452, ""1"": 1452}"	"{""0"": 2138, ""1"": 766}"	5.236299784883158e-06	0.9998573064804076	YES		outputs/paper1_data_refresh_20260710/PAPER1_7MODEL_PREDICTION_MANIFEST.tsv
PLMF-MDA	MDR	strict_cold	0	formal_runs/full_metric_rerun_20260615/plmf_standardized_repair_20260619/05_runs/MDR/strict_cold/seed_0/predictions.tsv	2168	abc692d9208c22218ab05132feb88d2a1cfaabef6bcff2c0957600f7e5dac7fb	"{""0"": 1084, ""1"": 1084}"	"{""0"": 953, ""1"": 1215}"	1.4146918374535744e-06	0.9999808073043824	YES		outputs/paper1_data_refresh_20260710/PAPER1_7MODEL_PREDICTION_MANIFEST.tsv
PLMF-MDA	MDR	strict_cold	1	formal_runs/full_metric_rerun_20260615/plmf_standardized_repair_20260619/05_runs/MDR/strict_cold/seed_1/predictions.tsv	2174	0ffa3dc398ac52d3632fbe0b1aca0b238115d00e8dbaaed1dc64556f2903e588	"{""0"": 1087, ""1"": 1087}"	"{""0"": 1416, ""1"": 758}"	1.3534004210669082e-06	0.999914288520813	YES		outputs/paper1_data_refresh_20260710/PAPER1_7MODEL_PREDICTION_MANIFEST.tsv
PLMF-MDA	MDR	strict_cold	10	formal_runs/full_metric_rerun_20260615/plmf_standardized_repair_20260619/05_runs/MDR/strict_cold/seed_10/predictions.tsv	2168	e254cce0078da227ad9bc9ec9f07b3bd91bec6141931f077024bba82287705ed	"{""0"": 1084, ""1"": 1084}"	"{""0"": 1882, ""1"": 286}"	8.245864435707517e-09	0.9996968507766724	YES		outputs/paper1_data_refresh_20260710/PAPER1_7MODEL_PREDICTION_MANIFEST.tsv
PLMF-MDA	MDR	strict_cold	11	formal_runs/full_metric_rerun_20260615/plmf_standardized_repair_20260619/05_runs/MDR/strict_cold/seed_11/predictions.tsv	2176	d585e543a55ad14633ed82daefbcdb0f1f2c04943c719cd8e6037e88475c6c3b	"{""0"": 1088, ""1"": 1088}"	"{""0"": 1319, ""1"": 857}"	1.3898016959501549e-06	0.9999833106994628	YES		outputs/paper1_data_refresh_20260710/PAPER1_7MODEL_PREDICTION_MANIFEST.tsv
PLMF-MDA	MDR	strict_cold	12	formal_runs/full_metric_rerun_20260615/plmf_standardized_repair_20260619/05_runs/MDR/strict_cold/seed_12/predictions.tsv	2176	5d4e2800c0b9818c8cfe2de386a13f6f2262fdb36bba237d100e33252003e969	"{""0"": 1088, ""1"": 1088}"	"{""0"": 1464, ""1"": 712}"	1.0853796972298824e-08	0.9999574422836304	YES		outputs/paper1_data_refresh_20260710/PAPER1_7MODEL_PREDICTION_MANIFEST.tsv
PLMF-MDA	MDR	strict_cold	13	formal_runs/full_metric_rerun_20260615/plmf_standardized_repair_20260619/05_runs/MDR/strict_cold/seed_13/predictions.tsv	2176	31e9d536c31cc3d96a0805e2986f135c2bfb46aef6cea0f345fbc751030d15f0	"{""0"": 1088, ""1"": 1088}"	"{""0"": 1109, ""1"": 1067}"	9.401998681823898e-07	0.99999737739563	YES		outputs/paper1_data_refresh_20260710/PAPER1_7MODEL_PREDICTION_MANIFEST.tsv
PLMF-MDA	MDR	strict_cold	14	formal_runs/full_metric_rerun_20260615/plmf_standardized_repair_20260619/05_runs/MDR/strict_cold/seed_14/predictions.tsv	2186	15484a5cfd454a90b8b4083aed616048b6d22fba3e2763f7be1b4f72108a77eb	"{""0"": 1093, ""1"": 1093}"	"{""0"": 1132, ""1"": 1054}"	1.6977299992504411e-06	0.9999959468841552	YES		outputs/paper1_data_refresh_20260710/PAPER1_7MODEL_PREDICTION_MANIFEST.tsv
PLMF-MDA	MDR	strict_cold	15	formal_runs/full_metric_rerun_20260615/plmf_standardized_repair_20260619/05_runs/MDR/strict_cold/seed_15/predictions.tsv	2168	66e045b83cde803f288dd7b970662bd8e709ecce88f6341e3e3c7bf59a5109d1	"{""0"": 1084, ""1"": 1084}"	"{""0"": 1313, ""1"": 855}"	3.079187749222001e-08	0.9999828338623048	YES		outputs/paper1_data_refresh_20260710/PAPER1_7MODEL_PREDICTION_MANIFEST.tsv
PLMF-MDA	MDR	strict_cold	16	formal_runs/full_metric_rerun_20260615/plmf_standardized_repair_20260619/05_runs/MDR/strict_cold/seed_16/predictions.tsv	2176	7203ba516db0c0a9541a99826b5a9b13ea89db110f94940ef2d792a0dc0bd9dd	"{""0"": 1088, ""1"": 1088}"	"{""0"": 1224, ""1"": 952}"	3.755440403097055e-08	0.9999549388885498	YES		outputs/paper1_data_refresh_20260710/PAPER1_7MODEL_PREDICTION_MANIFEST.tsv
PLMF-MDA	MDR	strict_cold	17	formal_runs/full_metric_rerun_20260615/plmf_standardized_repair_20260619/05_runs/MDR/strict_cold/seed_17/predictions.tsv	2188	87104574bdada9199535972299e847199f3fa0c20d5115bdcbe046c715b4ba1c	"{""0"": 1094, ""1"": 1094}"	"{""0"": 1783, ""1"": 405}"	4.947381948561258e-10	0.9998774528503418	YES		outputs/paper1_data_refresh_20260710/PAPER1_7MODEL_PREDICTION_MANIFEST.tsv
PLMF-MDA	MDR	strict_cold	18	formal_runs/full_metric_rerun_20260615/plmf_standardized_repair_20260619/05_runs/MDR/strict_cold/seed_18/predictions.tsv	2180	7f23a2f51a4e4f2e8256306fe339971b8b5104825e40637a904ab23756572ec2	"{""0"": 1090, ""1"": 1090}"	"{""0"": 1091, ""1"": 1089}"	7.09429670564532e-08	0.9999797344207764	YES		outputs/paper1_data_refresh_20260710/PAPER1_7MODEL_PREDICTION_MANIFEST.tsv
PLMF-MDA	MDR	strict_cold	19	formal_runs/full_metric_rerun_20260615/plmf_standardized_repair_20260619/05_runs/MDR/strict_cold/seed_19/predictions.tsv	2164	91e55bb7e982e26574a45f82c9aa784af43820294958e279bd3cfff86b0dac59	"{""0"": 1082, ""1"": 1082}"	"{""0"": 1480, ""1"": 684}"	3.237761170282738e-09	0.9999815225601196	YES		outputs/paper1_data_refresh_20260710/PAPER1_7MODEL_PREDICTION_MANIFEST.tsv
PLMF-MDA	MDR	strict_cold	2	formal_runs/full_metric_rerun_20260615/plmf_standardized_repair_20260619/05_runs/MDR/strict_cold/seed_2/predictions.tsv	2168	62ec71a88b13cb9dd0446ad108ac63f291ee3b101366178c630d8b15c845a82d	"{""0"": 1084, ""1"": 1084}"	"{""0"": 1172, ""1"": 996}"	1.1534935673296332e-08	0.9999932050704956	YES		outputs/paper1_data_refresh_20260710/PAPER1_7MODEL_PREDICTION_MANIFEST.tsv
PLMF-MDA	MDR	strict_cold	20	formal_runs/full_metric_rerun_20260615/plmf_standardized_repair_20260619/05_runs/MDR/strict_cold/seed_20/predictions.tsv	2186	24364fa6ad019ec68df4e1533d1668cc91386bc2c33993df622985a42b051164	"{""0"": 1093, ""1"": 1093}"	"{""0"": 1567, ""1"": 619}"	1.1940359172513126e-06	0.9999946355819702	YES		outputs/paper1_data_refresh_20260710/PAPER1_7MODEL_PREDICTION_MANIFEST.tsv
PLMF-MDA	MDR	strict_cold	21	formal_runs/full_metric_rerun_20260615/plmf_standardized_repair_20260619/05_runs/MDR/strict_cold/seed_21/predictions.tsv	2178	8250f890c519d96b86f5b57c1850d61b428117de290a1aa0b00d1fa90db6419a	"{""0"": 1089, ""1"": 1089}"	"{""0"": 1390, ""1"": 788}"	2.592667556200468e-07	0.9999938011169434	YES		outputs/paper1_data_refresh_20260710/PAPER1_7MODEL_PREDICTION_MANIFEST.tsv
PLMF-MDA	MDR	strict_cold	22	formal_runs/full_metric_rerun_20260615/plmf_standardized_repair_20260619/05_runs/MDR/strict_cold/seed_22/predictions.tsv	2166	5bb82f173aa7020f8e83f11f78a53437c34f128d253b78cc4627d0651630a24b	"{""0"": 1083, ""1"": 1083}"	"{""0"": 1350, ""1"": 816}"	1.4232447220763332e-08	0.9999796152114868	YES		outputs/paper1_data_refresh_20260710/PAPER1_7MODEL_PREDICTION_MANIFEST.tsv
PLMF-MDA	MDR	strict_cold	23	formal_runs/full_metric_rerun_20260615/plmf_standardized_repair_20260619/05_runs/MDR/strict_cold/seed_23/predictions.tsv	2164	19436fab4f94b4c6ab0fdbdb758835dcdabc2df0f07085ea2806ac8b90cfb59c	"{""0"": 1082, ""1"": 1082}"	"{""0"": 1351, ""1"": 813}"	7.015985374891898e-07	0.999995231628418	YES		outputs/paper1_data_refresh_20260710/PAPER1_7MODEL_PREDICTION_MANIFEST.tsv
PLMF-MDA	MDR	strict_cold	24	formal_runs/full_metric_rerun_20260615/plmf_standardized_repair_20260619/05_runs/MDR/strict_cold/seed_24/predictions.tsv	2184	0caa5ff162c95003add8ff1fc0b66f23d46db12fcd55601f5db232e7d80cb7b2	"{""0"": 1092, ""1"": 1092}"	"{""0"": 1514, ""1"": 670}"	1.3740619806412724e-06	0.9999232292175292	YES		outputs/paper1_data_refresh_20260710/PAPER1_7MODEL_PREDICTION_MANIFEST.tsv
PLMF-MDA	MDR	strict_cold	3	formal_runs/full_metric_rerun_20260615/plmf_standardized_repair_20260619/05_runs/MDR/strict_cold/seed_3/predictions.tsv	2166	3a7c7c54cead3682277190401141998e77567e82010e6622ae3dad487d8f9f6c	"{""0"": 1083, ""1"": 1083}"	"{""0"": 1370, ""1"": 796}"	8.299291032187739e-09	0.9997052550315856	YES		outputs/paper1_data_refresh_20260710/PAPER1_7MODEL_PREDICTION_MANIFEST.tsv
PLMF-MDA	MDR	strict_cold	4	formal_runs/full_metric_rerun_20260615/plmf_standardized_repair_20260619/05_runs/MDR/strict_cold/seed_4/predictions.tsv	2164	0c1a73a7653ba4c93743dc4741e76ffec07bc583f470098be54cda8cabe8a563	"{""0"": 1082, ""1"": 1082}"	"{""0"": 1248, ""1"": 916}"	5.440760446617787e-07	0.9999988079071044	YES		outputs/paper1_data_refresh_20260710/PAPER1_7MODEL_PREDICTION_MANIFEST.tsv
PLMF-MDA	MDR	strict_cold	5	formal_runs/full_metric_rerun_20260615/plmf_standardized_repair_20260619/05_runs/MDR/strict_cold/seed_5/predictions.tsv	2164	3c19fff972da547391d1d67ee1f7ec82c74d28c6abed30367183dbf2171978a4	"{""0"": 1082, ""1"": 1082}"	"{""0"": 1339, ""1"": 825}"	1.316555398034325e-07	0.99998939037323	YES		outputs/paper1_data_refresh_20260710/PAPER1_7MODEL_PREDICTION_MANIFEST.tsv
PLMF-MDA	MDR	strict_cold	6	formal_runs/full_metric_rerun_20260615/plmf_standardized_repair_20260619/05_runs/MDR/strict_cold/seed_6/predictions.tsv	2172	23005f61f2875a7d77832db5f445625fdce3c788102784bb172f66702f8acf67	"{""0"": 1086, ""1"": 1086}"	"{""0"": 1699, ""1"": 473}"	4.289695141324046e-07	0.9997546076774596	YES		outputs/paper1_data_refresh_20260710/PAPER1_7MODEL_PREDICTION_MANIFEST.tsv
PLMF-MDA	MDR	strict_cold	7	formal_runs/full_metric_rerun_20260615/plmf_standardized_repair_20260619/05_runs/MDR/strict_cold/seed_7/predictions.tsv	2168	407f29746fa674bb93e6907521a6532105c764ce970187b0d79be9cb7dfc161c	"{""0"": 1084, ""1"": 1084}"	"{""0"": 1050, ""1"": 1118}"	2.6631996163928303e-08	0.9999961853027344	YES		outputs/paper1_data_refresh_20260710/PAPER1_7MODEL_PREDICTION_MANIFEST.tsv
PLMF-MDA	MDR	strict_cold	8	formal_runs/full_metric_rerun_20260615/plmf_standardized_repair_20260619/05_runs/MDR/strict_cold/seed_8/predictions.tsv	2190	753ef6bd6227ffe9402f53d35183fea24a875d1c59ac3fd3e42f47b099103906	"{""0"": 1095, ""1"": 1095}"	"{""0"": 1090, ""1"": 1100}"	1.1161654356328654e-06	0.9999986886978148	YES		outputs/paper1_data_refresh_20260710/PAPER1_7MODEL_PREDICTION_MANIFEST.tsv
PLMF-MDA	MDR	strict_cold	9	formal_runs/full_metric_rerun_20260615/plmf_standardized_repair_20260619/05_runs/MDR/strict_cold/seed_9/predictions.tsv	2176	0e80718ed2465ce86650451ba07b495aba9761c1a048e2b3590146786da4bc0c	"{""0"": 1088, ""1"": 1088}"	"{""0"": 1088, ""1"": 1088}"	1.2780510871834851e-08	0.9999932050704956	YES		outputs/paper1_data_refresh_20260710/PAPER1_7MODEL_PREDICTION_MANIFEST.tsv
PLMF-MDA	MDS	drug_cold	0	formal_runs/full_metric_rerun_20260615/plmf_standardized_repair_20260619/05_runs/MDS/drug_cold/seed_0/predictions.tsv	2030	dc8c3d9c51df4cba4b969b646c61fcbe2c1a13d054d5edeeea2e6bbae5f5dcad	"{""0"": 1015, ""1"": 1015}"	"{""0"": 1304, ""1"": 726}"	0.0008274730062112	0.9887726902961732	YES		outputs/paper1_data_refresh_20260710/PAPER1_7MODEL_PREDICTION_MANIFEST.tsv
PLMF-MDA	MDS	drug_cold	1	formal_runs/full_metric_rerun_20260615/plmf_standardized_repair_20260619/05_runs/MDS/drug_cold/seed_1/predictions.tsv	2974	14f07f794570b288ccdf4fd8a8bc43a9afc5a571baa007fee396cf377e3f6323	"{""0"": 1487, ""1"": 1487}"	"{""0"": 2531, ""1"": 443}"	2.5601915695006028e-05	0.9960588216781616	YES		outputs/paper1_data_refresh_20260710/PAPER1_7MODEL_PREDICTION_MANIFEST.tsv
PLMF-MDA	MDS	drug_cold	10	formal_runs/full_metric_rerun_20260615/plmf_standardized_repair_20260619/05_runs/MDS/drug_cold/seed_10/predictions.tsv	2284	604a9891ec0995e71c8c641996ffb9e387ee296786200ac0cafcdf02f2a2a40b	"{""0"": 1142, ""1"": 1142}"	"{""0"": 1532, ""1"": 752}"	0.000470726576168	0.9868130683898926	YES		outputs/paper1_data_refresh_20260710/PAPER1_7MODEL_PREDICTION_MANIFEST.tsv
PLMF-MDA	MDS	drug_cold	11	formal_runs/full_metric_rerun_20260615/plmf_standardized_repair_20260619/05_runs/MDS/drug_cold/seed_11/predictions.tsv	2292	a0af9ccb7c80ad57194b88aecfe7ea92512a3c44728311c6f7308d2b6198d6b1	"{""0"": 1146, ""1"": 1146}"	"{""0"": 1917, ""1"": 375}"	4.442491990630515e-05	0.9898158311843872	YES		outputs/paper1_data_refresh_20260710/PAPER1_7MODEL_PREDICTION_MANIFEST.tsv
PLMF-MDA	MDS	drug_cold	12	formal_runs/full_metric_rerun_20260615/plmf_standardized_repair_20260619/05_runs/MDS/drug_cold/seed_12/predictions.tsv	2132	b0e05d3a30c761d863130453ee3bf54c7ac4cbf4059d4e506ec10389d390b95b	"{""0"": 1066, ""1"": 1066}"	"{""0"": 1772, ""1"": 360}"	0.0001549102598801	0.9693489074707032	YES		outputs/paper1_data_refresh_20260710/PAPER1_7MODEL_PREDICTION_MANIFEST.tsv
PLMF-MDA	MDS	drug_cold	13	formal_runs/full_metric_rerun_20260615/plmf_standardized_repair_20260619/05_runs/MDS/drug_cold/seed_13/predictions.tsv	2280	b6770e6eb9acb2eac8f0a508a75f8a3e75674fbfe8a9ea02ddd92e9d58eb4c73	"{""0"": 1140, ""1"": 1140}"	"{""0"": 1602, ""1"": 678}"	0.0036614532582461	0.997785210609436	YES		outputs/paper1_data_refresh_20260710/PAPER1_7MODEL_PREDICTION_MANIFEST.tsv
PLMF-MDA	MDS	drug_cold	14	formal_runs/full_metric_rerun_20260615/plmf_standardized_repair_20260619/05_runs/MDS/drug_cold/seed_14/predictions.tsv	2160	1f7b8ffcd25715de4b9aa730044f7de85e65957ee98d7c7b91c96d16f365e80a	"{""0"": 1080, ""1"": 1080}"	"{""0"": 1678, ""1"": 482}"	0.000148960010847	0.994086980819702	YES		outputs/paper1_data_refresh_20260710/PAPER1_7MODEL_PREDICTION_MANIFEST.tsv
PLMF-MDA	MDS	drug_cold	15	formal_runs/full_metric_rerun_20260615/plmf_standardized_repair_20260619/05_runs/MDS/drug_cold/seed_15/predictions.tsv	2120	f32b2afae932709014c0910c561a7e07cfdc709ed67ea75ab62974fb627ef9c6	"{""0"": 1060, ""1"": 1060}"	"{""0"": 1795, ""1"": 325}"	0.000514197803568	0.9833127856254578	YES		outputs/paper1_data_refresh_20260710/PAPER1_7MODEL_PREDICTION_MANIFEST.tsv
PLMF-MDA	MDS	drug_cold	16	formal_runs/full_metric_rerun_20260615/plmf_standardized_repair_20260619/05_runs/MDS/drug_cold/seed_16/predictions.tsv	2088	2ca990d16e7e79d37541f6830fdf9bd41e0f8897406eef577d87f5f72834b622	"{""0"": 1044, ""1"": 1044}"	"{""0"": 1340, ""1"": 748}"	0.0002507551398593	0.9956654906272888	YES		outputs/paper1_data_refresh_20260710/PAPER1_7MODEL_PREDICTION_MANIFEST.tsv
PLMF-MDA	MDS	drug_cold	17	formal_runs/full_metric_rerun_20260615/plmf_standardized_repair_20260619/05_runs/MDS/drug_cold/seed_17/predictions.tsv	2052	9751b4271f20b24f370f0750a7e2a75a80e4fc7914558097a97e8fd547fc1901	"{""0"": 1026, ""1"": 1026}"	"{""0"": 1832, ""1"": 220}"	0.0002197343274019	0.9926255345344543	YES		outputs/paper1_data_refresh_20260710/PAPER1_7MODEL_PREDICTION_MANIFEST.tsv
PLMF-MDA	MDS	drug_cold	18	formal_runs/full_metric_rerun_20260615/plmf_standardized_repair_20260619/05_runs/MDS/drug_cold/seed_18/predictions.tsv	2078	1255a99adfe56eda911b992ebcbdd7b8f37551d6153e88a298a49cce7a8da1b1	"{""0"": 1039, ""1"": 1039}"	"{""0"": 1612, ""1"": 466}"	0.0002368878631386	0.9996935129165648	YES		outputs/paper1_data_refresh_20260710/PAPER1_7MODEL_PREDICTION_MANIFEST.tsv
PLMF-MDA	MDS	drug_cold	19	formal_runs/full_metric_rerun_20260615/plmf_standardized_repair_20260619/05_runs/MDS/drug_cold/seed_19/predictions.tsv	2062	c2313c607c93024327356d0c9e713144a93e5ca089e425b05ffba5ff5ac90535	"{""0"": 1031, ""1"": 1031}"	"{""0"": 2021, ""1"": 41}"	0.0010515763424336	0.8163923621177673	YES		outputs/paper1_data_refresh_20260710/PAPER1_7MODEL_PREDICTION_MANIFEST.tsv
PLMF-MDA	MDS	drug_cold	2	formal_runs/full_metric_rerun_20260615/plmf_standardized_repair_20260619/05_runs/MDS/drug_cold/seed_2/predictions.tsv	2178	f33b71e518302ffbfe7240f91a8b872355e01be10f4070f0547312e038fff717	"{""0"": 1089, ""1"": 1089}"	"{""0"": 1844, ""1"": 334}"	0.000137708717375	0.9950802326202391	YES		outputs/paper1_data_refresh_20260710/PAPER1_7MODEL_PREDICTION_MANIFEST.tsv
PLMF-MDA	MDS	drug_cold	20	formal_runs/full_metric_rerun_20260615/plmf_standardized_repair_20260619/05_runs/MDS/drug_cold/seed_20/predictions.tsv	2076	af5f8837122ecde5d860bda1d1ca5b19c2d743a55ed25ba3c68f49eea63607d4	"{""0"": 1038, ""1"": 1038}"	"{""0"": 1493, ""1"": 583}"	0.0005030715255998	0.9977353811264038	YES		outputs/paper1_data_refresh_20260710/PAPER1_7MODEL_PREDICTION_MANIFEST.tsv
PLMF-MDA	MDS	drug_cold	21	formal_runs/full_metric_rerun_20260615/plmf_standardized_repair_20260619/05_runs/MDS/drug_cold/seed_21/predictions.tsv	2032	2d29072ee280a89a9b9aee03a4e31cc49607dd6e71b1ce7a12b36d7c51de4aa0	"{""0"": 1016, ""1"": 1016}"	"{""0"": 1749, ""1"": 283}"	0.0001551578898215	0.9768490195274352	YES		outputs/paper1_data_refresh_20260710/PAPER1_7MODEL_PREDICTION_MANIFEST.tsv
PLMF-MDA	MDS	drug_cold	22	formal_runs/full_metric_rerun_20260615/plmf_standardized_repair_20260619/05_runs/MDS/drug_cold/seed_22/predictions.tsv	2080	86e8f54f06b9e429a1f7d16c1bd72714be7ce6ab283dd996a08a82dee5209deb	"{""0"": 1040, ""1"": 1040}"	"{""0"": 1862, ""1"": 218}"	0.0004043698718305	0.9694284796714784	YES		outputs/paper1_data_refresh_20260710/PAPER1_7MODEL_PREDICTION_MANIFEST.tsv
PLMF-MDA	MDS	drug_cold	23	formal_runs/full_metric_rerun_20260615/plmf_standardized_repair_20260619/05_runs/MDS/drug_cold/seed_23/predictions.tsv	2484	e1a524a6f77572277b681a64c3a5775e17dbb955471c8f66cb479af2fa4262ff	"{""0"": 1242, ""1"": 1242}"	"{""0"": 1696, ""1"": 788}"	2.5732895664987158e-05	0.9957270622253418	YES		outputs/paper1_data_refresh_20260710/PAPER1_7MODEL_PREDICTION_MANIFEST.tsv
PLMF-MDA	MDS	drug_cold	24	formal_runs/full_metric_rerun_20260615/plmf_standardized_repair_20260619/05_runs/MDS/drug_cold/seed_24/predictions.tsv	2044	3b934bc115f843e9164b4c6af1f8878251ba4610063237e6c56cfe6dc5453bb8	"{""0"": 1022, ""1"": 1022}"	"{""0"": 1921, ""1"": 123}"	0.0006755295908078	0.9888222217559814	YES		outputs/paper1_data_refresh_20260710/PAPER1_7MODEL_PREDICTION_MANIFEST.tsv
PLMF-MDA	MDS	drug_cold	3	formal_runs/full_metric_rerun_20260615/plmf_standardized_repair_20260619/05_runs/MDS/drug_cold/seed_3/predictions.tsv	2224	930bc583db55ba24cdc84a6c5f8d16f1db5a54fc62cda6ab94423c5fbb602398	"{""0"": 1112, ""1"": 1112}"	"{""0"": 1728, ""1"": 496}"	0.0023509939201176	0.9945353269577026	YES		outputs/paper1_data_refresh_20260710/PAPER1_7MODEL_PREDICTION_MANIFEST.tsv
PLMF-MDA	MDS	drug_cold	4	formal_runs/full_metric_rerun_20260615/plmf_standardized_repair_20260619/05_runs/MDS/drug_cold/seed_4/predictions.tsv	2438	6d5ee22e0d5426cd9371fd1e4b18df635593da65775d855f8edd1e51ab37cc55	"{""0"": 1219, ""1"": 1219}"	"{""0"": 1973, ""1"": 465}"	0.0003504885244183	0.999660849571228	YES		outputs/paper1_data_refresh_20260710/PAPER1_7MODEL_PREDICTION_MANIFEST.tsv
PLMF-MDA	MDS	drug_cold	5	formal_runs/full_metric_rerun_20260615/plmf_standardized_repair_20260619/05_runs/MDS/drug_cold/seed_5/predictions.tsv	2066	3c0121147beb371f6a9ec2318e03e5c9afc07242f636b5ff1be77653bc49ed6c	"{""0"": 1033, ""1"": 1033}"	"{""0"": 1500, ""1"": 566}"	0.0003289503220003	0.99751079082489	YES		outputs/paper1_data_refresh_20260710/PAPER1_7MODEL_PREDICTION_MANIFEST.tsv
PLMF-MDA	MDS	drug_cold	6	formal_runs/full_metric_rerun_20260615/plmf_standardized_repair_20260619/05_runs/MDS/drug_cold/seed_6/predictions.tsv	2686	f6578726fa177334ad141a4e598707044223f6f93bd0423e3760282404307aa2	"{""0"": 1343, ""1"": 1343}"	"{""0"": 1635, ""1"": 1051}"	0.0001689829077804	0.9986556768417358	YES		outputs/paper1_data_refresh_20260710/PAPER1_7MODEL_PREDICTION_MANIFEST.tsv
PLMF-MDA	MDS	drug_cold	7	formal_runs/full_metric_rerun_20260615/plmf_standardized_repair_20260619/05_runs/MDS/drug_cold/seed_7/predictions.tsv	2750	cea9db14ea20372075b3fb874966a939065ec8c700a958f3b406be7957c258b8	"{""0"": 1375, ""1"": 1375}"	"{""0"": 2329, ""1"": 421}"	0.0001609974278835	0.9991334080696106	YES		outputs/paper1_data_refresh_20260710/PAPER1_7MODEL_PREDICTION_MANIFEST.tsv
PLMF-MDA	MDS	drug_cold	8	formal_runs/full_metric_rerun_20260615/plmf_standardized_repair_20260619/05_runs/MDS/drug_cold/seed_8/predictions.tsv	2292	7bb5934e7ac1408f2005b208b6b787a99f9643271f3d3b2d3a1c992a887832f1	"{""0"": 1146, ""1"": 1146}"	"{""0"": 1796, ""1"": 496}"	0.0025846813805401	0.9947351217269896	YES		outputs/paper1_data_refresh_20260710/PAPER1_7MODEL_PREDICTION_MANIFEST.tsv
PLMF-MDA	MDS	drug_cold	9	formal_runs/full_metric_rerun_20260615/plmf_standardized_repair_20260619/05_runs/MDS/drug_cold/seed_9/predictions.tsv	2330	d8d2164cc617b6aa12f4050ee53eabf1d32ff37489d26643be4d3b033ad0325d	"{""0"": 1165, ""1"": 1165}"	"{""0"": 1787, ""1"": 543}"	0.0013446874218061	0.9881738424301147	YES		outputs/paper1_data_refresh_20260710/PAPER1_7MODEL_PREDICTION_MANIFEST.tsv
PLMF-MDA	MDS	mirna_cold	0	formal_runs/full_metric_rerun_20260615/plmf_standardized_repair_20260619/05_runs/MDS/mirna_cold/seed_0/predictions.tsv	2024	48db8a4f36dfaf462218a04373f331f58612bc29c1ed78fa285952c2dfa18f25	"{""0"": 1012, ""1"": 1012}"	"{""0"": 928, ""1"": 1096}"	0.0001227758184541	0.9987366795539856	YES		outputs/paper1_data_refresh_20260710/PAPER1_7MODEL_PREDICTION_MANIFEST.tsv
PLMF-MDA	MDS	mirna_cold	1	formal_runs/full_metric_rerun_20260615/plmf_standardized_repair_20260619/05_runs/MDS/mirna_cold/seed_1/predictions.tsv	2024	c323b2c34ff723029c6cd255617f0df6febf5e2941bface29725e6ff856cfca3	"{""0"": 1012, ""1"": 1012}"	"{""0"": 901, ""1"": 1123}"	8.554138912586495e-05	0.999530553817749	YES		outputs/paper1_data_refresh_20260710/PAPER1_7MODEL_PREDICTION_MANIFEST.tsv
PLMF-MDA	MDS	mirna_cold	10	formal_runs/full_metric_rerun_20260615/plmf_standardized_repair_20260619/05_runs/MDS/mirna_cold/seed_10/predictions.tsv	2024	a3bef6a6f6e52f1f4071190e3ccb5fea99d082a60371890d539ca513602f65e9	"{""0"": 1012, ""1"": 1012}"	"{""0"": 990, ""1"": 1034}"	0.0001029536724672	0.998960256576538	YES		outputs/paper1_data_refresh_20260710/PAPER1_7MODEL_PREDICTION_MANIFEST.tsv
PLMF-MDA	MDS	mirna_cold	11	formal_runs/full_metric_rerun_20260615/plmf_standardized_repair_20260619/05_runs/MDS/mirna_cold/seed_11/predictions.tsv	2028	530c3f698aa5bf55519ab3fbf911b32d34f2a73714e78089cbe024d441ad8198	"{""0"": 1014, ""1"": 1014}"	"{""0"": 1016, ""1"": 1012}"	0.000200254478841	0.998318076133728	YES		outputs/paper1_data_refresh_20260710/PAPER1_7MODEL_PREDICTION_MANIFEST.tsv
PLMF-MDA	MDS	mirna_cold	12	formal_runs/full_metric_rerun_20260615/plmf_standardized_repair_20260619/05_runs/MDS/mirna_cold/seed_12/predictions.tsv	2026	330fa29c652e061acad69bf131f13c9d2f7e0e3bc7f88fbae953859d03f23240	"{""0"": 1013, ""1"": 1013}"	"{""0"": 918, ""1"": 1108}"	0.0001782588951755	0.9958317875862122	YES		outputs/paper1_data_refresh_20260710/PAPER1_7MODEL_PREDICTION_MANIFEST.tsv
PLMF-MDA	MDS	mirna_cold	13	formal_runs/full_metric_rerun_20260615/plmf_standardized_repair_20260619/05_runs/MDS/mirna_cold/seed_13/predictions.tsv	2022	a00a8c5d397f7312479776b69fe7b8952d79dbb9e44a67c10bffff6ad09bd3d4	"{""0"": 1011, ""1"": 1011}"	"{""0"": 1028, ""1"": 994}"	9.09966474864632e-05	0.9989733695983888	YES		outputs/paper1_data_refresh_20260710/PAPER1_7MODEL_PREDICTION_MANIFEST.tsv
PLMF-MDA	MDS	mirna_cold	14	formal_runs/full_metric_rerun_20260615/plmf_standardized_repair_20260619/05_runs/MDS/mirna_cold/seed_14/predictions.tsv	2034	bac42d37a916a016f267ba8b3548974d361f47e8a88220836d518d375fddbbcf	"{""0"": 1017, ""1"": 1017}"	"{""0"": 1028, ""1"": 1006}"	0.0006336868391372	0.9987549781799316	YES		outputs/paper1_data_refresh_20260710/PAPER1_7MODEL_PREDICTION_MANIFEST.tsv
PLMF-MDA	MDS	mirna_cold	15	formal_runs/full_metric_rerun_20260615/plmf_standardized_repair_20260619/05_runs/MDS/mirna_cold/seed_15/predictions.tsv	2036	7ad2cd93048c764a3aec08cdda811465f79418a8231e0c77c3f314e415a840d5	"{""0"": 1018, ""1"": 1018}"	"{""0"": 1015, ""1"": 1021}"	5.925124423811212e-05	0.9995583891868592	YES		outputs/paper1_data_refresh_20260710/PAPER1_7MODEL_PREDICTION_MANIFEST.tsv
PLMF-MDA	MDS	mirna_cold	16	formal_runs/full_metric_rerun_20260615/plmf_standardized_repair_20260619/05_runs/MDS/mirna_cold/seed_16/predictions.tsv	2022	d9100a9f313645154efef7cc8d5ad9af674b00bb3e4a08c4704ff8e6dd8ce466	"{""0"": 1011, ""1"": 1011}"	"{""0"": 902, ""1"": 1120}"	2.6338342649978586e-05	0.9994401335716248	YES		outputs/paper1_data_refresh_20260710/PAPER1_7MODEL_PREDICTION_MANIFEST.tsv
PLMF-MDA	MDS	mirna_cold	17	formal_runs/full_metric_rerun_20260615/plmf_standardized_repair_20260619/05_runs/MDS/mirna_cold/seed_17/predictions.tsv	2028	ea378fc77222ab89015dc0c6911f5ec8b06ba380747473a58c5f97371cd6d956	"{""0"": 1014, ""1"": 1014}"	"{""0"": 912, ""1"": 1116}"	6.253981700865552e-05	0.9996998310089112	YES		outputs/paper1_data_refresh_20260710/PAPER1_7MODEL_PREDICTION_MANIFEST.tsv
PLMF-MDA	MDS	mirna_cold	18	formal_runs/full_metric_rerun_20260615/plmf_standardized_repair_20260619/05_runs/MDS/mirna_cold/seed_18/predictions.tsv	2022	7620230eb43bf3f3cdd99c8ff820f6addc61342e8d38e21889316749d10992ec	"{""0"": 1011, ""1"": 1011}"	"{""0"": 1043, ""1"": 979}"	2.229169331258163e-05	0.9938522577285768	YES		outputs/paper1_data_refresh_20260710/PAPER1_7MODEL_PREDICTION_MANIFEST.tsv
PLMF-MDA	MDS	mirna_cold	19	formal_runs/full_metric_rerun_20260615/plmf_standardized_repair_20260619/05_runs/MDS/mirna_cold/seed_19/predictions.tsv	2026	989d636839ce42cba809b2406fb74bb1f62057e3ee26ca67ffd781d9e597e54b	"{""0"": 1013, ""1"": 1013}"	"{""0"": 1081, ""1"": 945}"	0.0007437666645273	0.9981081485748292	YES		outputs/paper1_data_refresh_20260710/PAPER1_7MODEL_PREDICTION_MANIFEST.tsv
PLMF-MDA	MDS	mirna_cold	2	formal_runs/full_metric_rerun_20260615/plmf_standardized_repair_20260619/05_runs/MDS/mirna_cold/seed_2/predictions.tsv	2022	9d775133f2f7d080359465b66bb9136010af93d1f2ca3dcb94658cdf506353dc	"{""0"": 1011, ""1"": 1011}"	"{""0"": 868, ""1"": 1154}"	0.0003619682101998	0.9991855025291444	YES		outputs/paper1_data_refresh_20260710/PAPER1_7MODEL_PREDICTION_MANIFEST.tsv
PLMF-MDA	MDS	mirna_cold	20	formal_runs/full_metric_rerun_20260615/plmf_standardized_repair_20260619/05_runs/MDS/mirna_cold/seed_20/predictions.tsv	2022	d415eba8a143f9ad71e045f9ea71a29ef5cd39b8d098c2828f0b9ce7ecb80ae2	"{""0"": 1011, ""1"": 1011}"	"{""0"": 969, ""1"": 1053}"	0.0001786940410966	0.9994733929634094	YES		outputs/paper1_data_refresh_20260710/PAPER1_7MODEL_PREDICTION_MANIFEST.tsv
PLMF-MDA	MDS	mirna_cold	21	formal_runs/full_metric_rerun_20260615/plmf_standardized_repair_20260619/05_runs/MDS/mirna_cold/seed_21/predictions.tsv	2026	0fd1bcfeaf380670959c60fded2b6474085907388c5d4d48ae6a130e431ce554	"{""0"": 1013, ""1"": 1013}"	"{""0"": 980, ""1"": 1046}"	4.152179462835193e-05	0.9996559619903564	YES		outputs/paper1_data_refresh_20260710/PAPER1_7MODEL_PREDICTION_MANIFEST.tsv
PLMF-MDA	MDS	mirna_cold	22	formal_runs/full_metric_rerun_20260615/plmf_standardized_repair_20260619/05_runs/MDS/mirna_cold/seed_22/predictions.tsv	2026	8a6ce1ba2c29d47c5029e690dc304d6df3d9eecddb6bc83322f99206b8068a8a	"{""0"": 1013, ""1"": 1013}"	"{""0"": 1041, ""1"": 985}"	2.1091755115776323e-05	0.9994115829467772	YES		outputs/paper1_data_refresh_20260710/PAPER1_7MODEL_PREDICTION_MANIFEST.tsv
PLMF-MDA	MDS	mirna_cold	23	formal_runs/full_metric_rerun_20260615/plmf_standardized_repair_20260619/05_runs/MDS/mirna_cold/seed_23/predictions.tsv	2024	54eb8439f2b97a0c168539daf3606fec5665c4419b394a3debd715bf4f641542	"{""0"": 1012, ""1"": 1012}"	"{""0"": 935, ""1"": 1089}"	0.0005032662302255	0.995549201965332	YES		outputs/paper1_data_refresh_20260710/PAPER1_7MODEL_PREDICTION_MANIFEST.tsv
PLMF-MDA	MDS	mirna_cold	24	formal_runs/full_metric_rerun_20260615/plmf_standardized_repair_20260619/05_runs/MDS/mirna_cold/seed_24/predictions.tsv	2028	c17aa3aeac266190dd39e6ef5086734f96d7d28f21f81a38a1f2efaa53c27133	"{""0"": 1014, ""1"": 1014}"	"{""0"": 1080, ""1"": 948}"	0.0001333588297711	0.9927783608436584	YES		outputs/paper1_data_refresh_20260710/PAPER1_7MODEL_PREDICTION_MANIFEST.tsv
PLMF-MDA	MDS	mirna_cold	3	formal_runs/full_metric_rerun_20260615/plmf_standardized_repair_20260619/05_runs/MDS/mirna_cold/seed_3/predictions.tsv	2022	06d2a89a139bc6d67e7cff95f97fe4df25df05cae4cd9058f77bdad736174d03	"{""0"": 1011, ""1"": 1011}"	"{""0"": 975, ""1"": 1047}"	0.0007732714875601	0.9934884309768676	YES		outputs/paper1_data_refresh_20260710/PAPER1_7MODEL_PREDICTION_MANIFEST.tsv
PLMF-MDA	MDS	mirna_cold	4	formal_runs/full_metric_rerun_20260615/plmf_standardized_repair_20260619/05_runs/MDS/mirna_cold/seed_4/predictions.tsv	2038	337b620117697b07fe7a6fafe4f7ec200c1c386282334db7ab9d5de0f1df47e7	"{""0"": 1019, ""1"": 1019}"	"{""0"": 919, ""1"": 1119}"	0.0002447486622259	0.9992190599441528	YES		outputs/paper1_data_refresh_20260710/PAPER1_7MODEL_PREDICTION_MANIFEST.tsv
PLMF-MDA	MDS	mirna_cold	5	formal_runs/full_metric_rerun_20260615/plmf_standardized_repair_20260619/05_runs/MDS/mirna_cold/seed_5/predictions.tsv	2022	460972b89ca3ab01f6bb64c6a87aad5bb01d8e226b3181009a293608853ab8ba	"{""0"": 1011, ""1"": 1011}"	"{""0"": 980, ""1"": 1042}"	0.00026159605477	0.9971290230751038	YES		outputs/paper1_data_refresh_20260710/PAPER1_7MODEL_PREDICTION_MANIFEST.tsv
PLMF-MDA	MDS	mirna_cold	6	formal_runs/full_metric_rerun_20260615/plmf_standardized_repair_20260619/05_runs/MDS/mirna_cold/seed_6/predictions.tsv	2038	2125e8e3425439a456273416732473603053632c7ee209ae3dc09adbc350e91e	"{""0"": 1019, ""1"": 1019}"	"{""0"": 946, ""1"": 1092}"	9.266088454751298e-05	0.998487114906311	YES		outputs/paper1_data_refresh_20260710/PAPER1_7MODEL_PREDICTION_MANIFEST.tsv
PLMF-MDA	MDS	mirna_cold	7	formal_runs/full_metric_rerun_20260615/plmf_standardized_repair_20260619/05_runs/MDS/mirna_cold/seed_7/predictions.tsv	2026	cd26f5baf211f16b060ce6772ded5fae2f3676fd662a3baae6b2b5cd40543166	"{""0"": 1013, ""1"": 1013}"	"{""0"": 880, ""1"": 1146}"	0.0002319029881618	0.9984185695648192	YES		outputs/paper1_data_refresh_20260710/PAPER1_7MODEL_PREDICTION_MANIFEST.tsv
PLMF-MDA	MDS	mirna_cold	8	formal_runs/full_metric_rerun_20260615/plmf_standardized_repair_20260619/05_runs/MDS/mirna_cold/seed_8/predictions.tsv	2032	00365e9ce52b09f0f3834404aa3ef0d276293ba1da2e54575bfcb5841eb392b1	"{""0"": 1016, ""1"": 1016}"	"{""0"": 965, ""1"": 1067}"	0.0005358093767426	0.999158263206482	YES		outputs/paper1_data_refresh_20260710/PAPER1_7MODEL_PREDICTION_MANIFEST.tsv
PLMF-MDA	MDS	mirna_cold	9	formal_runs/full_metric_rerun_20260615/plmf_standardized_repair_20260619/05_runs/MDS/mirna_cold/seed_9/predictions.tsv	2022	7851b87b07ff20ae156767cac2dc806af43b4a377b8f6ce33fb827bb1fc5d0af	"{""0"": 1011, ""1"": 1011}"	"{""0"": 840, ""1"": 1182}"	0.0007667003665119	0.9992693066596984	YES		outputs/paper1_data_refresh_20260710/PAPER1_7MODEL_PREDICTION_MANIFEST.tsv
PLMF-MDA	MDS	random	0	formal_runs/full_metric_rerun_20260615/plmf_standardized_repair_20260619/05_runs/MDS/random/seed_0/predictions.tsv	2022	80ab5a22110a190c5e588c280b80b5fdb514f117798682c05062b27910c8eb93	"{""0"": 1011, ""1"": 1011}"	"{""0"": 916, ""1"": 1106}"	0.000136920105433	0.9999101161956788	YES		outputs/paper1_data_refresh_20260710/PAPER1_7MODEL_PREDICTION_MANIFEST.tsv
PLMF-MDA	MDS	random	1	formal_runs/full_metric_rerun_20260615/plmf_standardized_repair_20260619/05_runs/MDS/random/seed_1/predictions.tsv	2022	f88253ecfe334bfca25c9ac40f641b88c2d531f3d3930781c709c94cd154407e	"{""0"": 1011, ""1"": 1011}"	"{""0"": 953, ""1"": 1069}"	0.0006372574716806	0.9999096393585204	YES		outputs/paper1_data_refresh_20260710/PAPER1_7MODEL_PREDICTION_MANIFEST.tsv
PLMF-MDA	MDS	random	10	formal_runs/full_metric_rerun_20260615/plmf_standardized_repair_20260619/05_runs/MDS/random/seed_10/predictions.tsv	2022	15e48fb724cd48138a83586343256c22a002f10ed7a3086bb393d16d8e3d549a	"{""0"": 1011, ""1"": 1011}"	"{""0"": 856, ""1"": 1166}"	0.0001852900313679	0.9981325268745422	YES		outputs/paper1_data_refresh_20260710/PAPER1_7MODEL_PREDICTION_MANIFEST.tsv
PLMF-MDA	MDS	random	11	formal_runs/full_metric_rerun_20260615/plmf_standardized_repair_20260619/05_runs/MDS/random/seed_11/predictions.tsv	2022	5c2a97a5ebea50cd4f6b825b48629efabbb93457693ce590b2d6e879d8ea590b	"{""0"": 1011, ""1"": 1011}"	"{""0"": 995, ""1"": 1027}"	7.392036059172824e-05	0.9988130331039428	YES		outputs/paper1_data_refresh_20260710/PAPER1_7MODEL_PREDICTION_MANIFEST.tsv
PLMF-MDA	MDS	random	12	formal_runs/full_metric_rerun_20260615/plmf_standardized_repair_20260619/05_runs/MDS/random/seed_12/predictions.tsv	2022	fa077a4c802b8916fe9cd52a9b5358de7a5635bc4e6aedc7989c222c29b8ccd8	"{""0"": 1011, ""1"": 1011}"	"{""0"": 932, ""1"": 1090}"	0.0002209027006756	0.9994472861289978	YES		outputs/paper1_data_refresh_20260710/PAPER1_7MODEL_PREDICTION_MANIFEST.tsv
PLMF-MDA	MDS	random	13	formal_runs/full_metric_rerun_20260615/plmf_standardized_repair_20260619/05_runs/MDS/random/seed_13/predictions.tsv	2022	17fbb832b37442501042cdddff1244c2d9d4c8cc2181ffe2c8ae360ee56bd589	"{""0"": 1011, ""1"": 1011}"	"{""0"": 971, ""1"": 1051}"	0.0006477880524471	0.9992530941963196	YES		outputs/paper1_data_refresh_20260710/PAPER1_7MODEL_PREDICTION_MANIFEST.tsv
PLMF-MDA	MDS	random	14	formal_runs/full_metric_rerun_20260615/plmf_standardized_repair_20260619/05_runs/MDS/random/seed_14/predictions.tsv	2022	9f8f17dff06ecfcf5a4530c4bf69806bcab55982ef9528bf6e208adbcc602dbd	"{""0"": 1011, ""1"": 1011}"	"{""0"": 939, ""1"": 1083}"	3.978287350037135e-05	0.9990715980529784	YES		outputs/paper1_data_refresh_20260710/PAPER1_7MODEL_PREDICTION_MANIFEST.tsv
PLMF-MDA	MDS	random	15	formal_runs/full_metric_rerun_20260615/plmf_standardized_repair_20260619/05_runs/MDS/random/seed_15/predictions.tsv	2022	eb4f9dc586f0b7e751f81098ef18301b1255c2d7aca242a76794d8cd7c699849	"{""0"": 1011, ""1"": 1011}"	"{""0"": 1007, ""1"": 1015}"	0.0001001821074169	0.998914361000061	YES		outputs/paper1_data_refresh_20260710/PAPER1_7MODEL_PREDICTION_MANIFEST.tsv
PLMF-MDA	MDS	random	16	formal_runs/full_metric_rerun_20260615/plmf_standardized_repair_20260619/05_runs/MDS/random/seed_16/predictions.tsv	2022	21ab00b3ad2424d4f0e83bf794a605dfa6d2a00e12fe5225597fa00c65fa7804	"{""0"": 1011, ""1"": 1011}"	"{""0"": 1015, ""1"": 1007}"	4.108941357117146e-05	0.9991934895515442	YES		outputs/paper1_data_refresh_20260710/PAPER1_7MODEL_PREDICTION_MANIFEST.tsv
PLMF-MDA	MDS	random	17	formal_runs/full_metric_rerun_20260615/plmf_standardized_repair_20260619/05_runs/MDS/random/seed_17/predictions.tsv	2022	16d4675b918fe5d2bdfd417c7124d6852c8d21855ee7fab66995000140d3302d	"{""0"": 1011, ""1"": 1011}"	"{""0"": 951, ""1"": 1071}"	0.0002000374806812	0.9985010623931884	YES		outputs/paper1_data_refresh_20260710/PAPER1_7MODEL_PREDICTION_MANIFEST.tsv
PLMF-MDA	MDS	random	18	formal_runs/full_metric_rerun_20260615/plmf_standardized_repair_20260619/05_runs/MDS/random/seed_18/predictions.tsv	2022	ff21054343115347589b5d4fc10d3cccac20f23b3de3fb9432ef243deee7a696	"{""0"": 1011, ""1"": 1011}"	"{""0"": 883, ""1"": 1139}"	0.000365989137208	0.9996685981750488	YES		outputs/paper1_data_refresh_20260710/PAPER1_7MODEL_PREDICTION_MANIFEST.tsv
PLMF-MDA	MDS	random	19	formal_runs/full_metric_rerun_20260615/plmf_standardized_repair_20260619/05_runs/MDS/random/seed_19/predictions.tsv	2022	8d582000d657afd45c8852b8d35462d46821fd60b068e2d76b81c4ba66a5bc9c	"{""0"": 1011, ""1"": 1011}"	"{""0"": 907, ""1"": 1115}"	8.660628373036161e-05	0.9994632601737976	YES		outputs/paper1_data_refresh_20260710/PAPER1_7MODEL_PREDICTION_MANIFEST.tsv
PLMF-MDA	MDS	random	2	formal_runs/full_metric_rerun_20260615/plmf_standardized_repair_20260619/05_runs/MDS/random/seed_2/predictions.tsv	2022	ac1f45d99f18456ba81d0fddfee58bce340622e264167237504d5f6ffa51ca1c	"{""0"": 1011, ""1"": 1011}"	"{""0"": 937, ""1"": 1085}"	7.108613499440253e-05	0.999531865119934	YES		outputs/paper1_data_refresh_20260710/PAPER1_7MODEL_PREDICTION_MANIFEST.tsv
PLMF-MDA	MDS	random	20	formal_runs/full_metric_rerun_20260615/plmf_standardized_repair_20260619/05_runs/MDS/random/seed_20/predictions.tsv	2022	a49fe6cb4d9714737edc4c82896f516c3d6d9f5ce1d15fef9ffb91a1092bf94e	"{""0"": 1011, ""1"": 1011}"	"{""0"": 891, ""1"": 1131}"	0.000357990298653	0.99884295463562	YES		outputs/paper1_data_refresh_20260710/PAPER1_7MODEL_PREDICTION_MANIFEST.tsv
PLMF-MDA	MDS	random	21	formal_runs/full_metric_rerun_20260615/plmf_standardized_repair_20260619/05_runs/MDS/random/seed_21/predictions.tsv	2022	e6491f1aedfa670e57881086ec5a8e38fab1c9e73c917393380cea81e0aa3069	"{""0"": 1011, ""1"": 1011}"	"{""0"": 1003, ""1"": 1019}"	0.0001405069051543	0.9993222951889038	YES		outputs/paper1_data_refresh_20260710/PAPER1_7MODEL_PREDICTION_MANIFEST.tsv
PLMF-MDA	MDS	random	22	formal_runs/full_metric_rerun_20260615/plmf_standardized_repair_20260619/05_runs/MDS/random/seed_22/predictions.tsv	2022	7404d9e90ef2350d9802d88823b823249aa45e9d8addcbb8d9d3ca6b00227dfc	"{""0"": 1011, ""1"": 1011}"	"{""0"": 975, ""1"": 1047}"	5.617130227619782e-05	0.9995310306549072	YES		outputs/paper1_data_refresh_20260710/PAPER1_7MODEL_PREDICTION_MANIFEST.tsv
PLMF-MDA	MDS	random	23	formal_runs/full_metric_rerun_20260615/plmf_standardized_repair_20260619/05_runs/MDS/random/seed_23/predictions.tsv	2022	9a2a439114c91b960a97aa931bc88e9d74c950d92d9b07901f0bf7129fa57d8c	"{""0"": 1011, ""1"": 1011}"	"{""0"": 879, ""1"": 1143}"	0.000341490318533	0.999768316745758	YES		outputs/paper1_data_refresh_20260710/PAPER1_7MODEL_PREDICTION_MANIFEST.tsv
PLMF-MDA	MDS	random	24	formal_runs/full_metric_rerun_20260615/plmf_standardized_repair_20260619/05_runs/MDS/random/seed_24/predictions.tsv	2022	d3b17fe5ba138e43e98cea387e013ceefd6855299e7bb82e97f19fca31f2d8d2	"{""0"": 1011, ""1"": 1011}"	"{""0"": 972, ""1"": 1050}"	6.111587572377175e-05	0.999795377254486	YES		outputs/paper1_data_refresh_20260710/PAPER1_7MODEL_PREDICTION_MANIFEST.tsv
PLMF-MDA	MDS	random	3	formal_runs/full_metric_rerun_20260615/plmf_standardized_repair_20260619/05_runs/MDS/random/seed_3/predictions.tsv	2022	ab327ff1ebfe56f7a44984cdde0584c58aa003c211da2a0444a08250482181c8	"{""0"": 1011, ""1"": 1011}"	"{""0"": 868, ""1"": 1154}"	0.0005481776897795	0.999106228351593	YES		outputs/paper1_data_refresh_20260710/PAPER1_7MODEL_PREDICTION_MANIFEST.tsv
PLMF-MDA	MDS	random	4	formal_runs/full_metric_rerun_20260615/plmf_standardized_repair_20260619/05_runs/MDS/random/seed_4/predictions.tsv	2022	03f328b62a8b095eec4e84bde0a3d435bcf3299225208e5701d3cbab416159cb	"{""0"": 1011, ""1"": 1011}"	"{""0"": 992, ""1"": 1030}"	0.0001446855312678	0.9983262419700624	YES		outputs/paper1_data_refresh_20260710/PAPER1_7MODEL_PREDICTION_MANIFEST.tsv
PLMF-MDA	MDS	random	5	formal_runs/full_metric_rerun_20260615/plmf_standardized_repair_20260619/05_runs/MDS/random/seed_5/predictions.tsv	2022	eb71fc8be8cb58a697a74423e00e95c3183e13d223fe8def4fd847359302a141	"{""0"": 1011, ""1"": 1011}"	"{""0"": 931, ""1"": 1091}"	0.0003177791950292	0.9989450573921204	YES		outputs/paper1_data_refresh_20260710/PAPER1_7MODEL_PREDICTION_MANIFEST.tsv
PLMF-MDA	MDS	random	6	formal_runs/full_metric_rerun_20260615/plmf_standardized_repair_20260619/05_runs/MDS/random/seed_6/predictions.tsv	2022	e033d748149edb2d724aea0af36c283d8ed07a7072ecb727bf64428be7252ff8	"{""0"": 1011, ""1"": 1011}"	"{""0"": 920, ""1"": 1102}"	0.0001116904604714	0.9999079704284668	YES		outputs/paper1_data_refresh_20260710/PAPER1_7MODEL_PREDICTION_MANIFEST.tsv
PLMF-MDA	MDS	random	7	formal_runs/full_metric_rerun_20260615/plmf_standardized_repair_20260619/05_runs/MDS/random/seed_7/predictions.tsv	2022	3c0445134f734a8f71f9413e75d2ddc19464650ab07badbe65b441efc49e898b	"{""0"": 1011, ""1"": 1011}"	"{""0"": 951, ""1"": 1071}"	0.0006960790487937	0.9972238540649414	YES		outputs/paper1_data_refresh_20260710/PAPER1_7MODEL_PREDICTION_MANIFEST.tsv
PLMF-MDA	MDS	random	8	formal_runs/full_metric_rerun_20260615/plmf_standardized_repair_20260619/05_runs/MDS/random/seed_8/predictions.tsv	2022	b15c0a84f1c7637159332af64eec9d9b4683233583381cf19db20db77a84e278	"{""0"": 1011, ""1"": 1011}"	"{""0"": 973, ""1"": 1049}"	0.0002536821411922	0.9973547458648682	YES		outputs/paper1_data_refresh_20260710/PAPER1_7MODEL_PREDICTION_MANIFEST.tsv
PLMF-MDA	MDS	random	9	formal_runs/full_metric_rerun_20260615/plmf_standardized_repair_20260619/05_runs/MDS/random/seed_9/predictions.tsv	2022	d6dca6aab2b3f6447a3fc690d831d41fd496ed79e63b76a33ba1e093d4230a59	"{""0"": 1011, ""1"": 1011}"	"{""0"": 869, ""1"": 1153}"	0.0006893267272971	0.9981945157051086	YES		outputs/paper1_data_refresh_20260710/PAPER1_7MODEL_PREDICTION_MANIFEST.tsv
PLMF-MDA	MDS	scaffold_cold	0	formal_runs/full_metric_rerun_20260615/plmf_standardized_repair_20260619/05_runs/MDS/scaffold_cold/seed_0/predictions.tsv	2792	bac19ae6b4138191e02da9a9aa7b2fbaa965169fb40b0ddc9af71108bd77649b	"{""0"": 1396, ""1"": 1396}"	"{""0"": 2537, ""1"": 255}"	0.0002488699101377	0.9932448267936708	YES		outputs/paper1_data_refresh_20260710/PAPER1_7MODEL_PREDICTION_MANIFEST.tsv
PLMF-MDA	MDS	scaffold_cold	1	formal_runs/full_metric_rerun_20260615/plmf_standardized_repair_20260619/05_runs/MDS/scaffold_cold/seed_1/predictions.tsv	2902	f82626c30f63d77faf026d2af1c9b14a2343df482b9029195229f1a6850ba242	"{""0"": 1451, ""1"": 1451}"	"{""0"": 2247, ""1"": 655}"	0.0010597858345136	0.9962273836135864	YES		outputs/paper1_data_refresh_20260710/PAPER1_7MODEL_PREDICTION_MANIFEST.tsv
PLMF-MDA	MDS	scaffold_cold	10	formal_runs/full_metric_rerun_20260615/plmf_standardized_repair_20260619/05_runs/MDS/scaffold_cold/seed_10/predictions.tsv	2432	5bcbf8b19f90c77c57bec009bf574f1aaedfdf6827ef81203a8a675b844fdb87	"{""0"": 1216, ""1"": 1216}"	"{""0"": 1789, ""1"": 643}"	0.0001306436606682	0.997266173362732	YES		outputs/paper1_data_refresh_20260710/PAPER1_7MODEL_PREDICTION_MANIFEST.tsv
PLMF-MDA	MDS	scaffold_cold	11	formal_runs/full_metric_rerun_20260615/plmf_standardized_repair_20260619/05_runs/MDS/scaffold_cold/seed_11/predictions.tsv	2352	429efb03de0f1014ad4df209286fad3c0dc8baba90d7813f0db03b8f03552973	"{""0"": 1176, ""1"": 1176}"	"{""0"": 2184, ""1"": 168}"	0.0002718638861551	0.9797412157058716	YES		outputs/paper1_data_refresh_20260710/PAPER1_7MODEL_PREDICTION_MANIFEST.tsv
PLMF-MDA	MDS	scaffold_cold	12	formal_runs/full_metric_rerun_20260615/plmf_standardized_repair_20260619/05_runs/MDS/scaffold_cold/seed_12/predictions.tsv	2032	14f819c51de5fdb87a42c6803ea78f06e5943ef8f9bd93e36a5a73a4fecdfb47	"{""0"": 1016, ""1"": 1016}"	"{""0"": 1513, ""1"": 519}"	0.0013563714455813	0.9977871179580688	YES		outputs/paper1_data_refresh_20260710/PAPER1_7MODEL_PREDICTION_MANIFEST.tsv
PLMF-MDA	MDS	scaffold_cold	13	formal_runs/full_metric_rerun_20260615/plmf_standardized_repair_20260619/05_runs/MDS/scaffold_cold/seed_13/predictions.tsv	2594	283c4ad220938c7a2de02c8323852c9c6d29e0f294f75570d5c86995809ccde6	"{""0"": 1297, ""1"": 1297}"	"{""0"": 1991, ""1"": 603}"	0.0001278099807677	0.9989429116249084	YES		outputs/paper1_data_refresh_20260710/PAPER1_7MODEL_PREDICTION_MANIFEST.tsv
PLMF-MDA	MDS	scaffold_cold	14	formal_runs/full_metric_rerun_20260615/plmf_standardized_repair_20260619/05_runs/MDS/scaffold_cold/seed_14/predictions.tsv	2034	b286242de31c4150ec40dd7b27a151b3e3caec64674def090a586eb1e256fcd7	"{""0"": 1017, ""1"": 1017}"	"{""0"": 1380, ""1"": 654}"	0.0012968340888619	0.982504665851593	YES		outputs/paper1_data_refresh_20260710/PAPER1_7MODEL_PREDICTION_MANIFEST.tsv
PLMF-MDA	MDS	scaffold_cold	15	formal_runs/full_metric_rerun_20260615/plmf_standardized_repair_20260619/05_runs/MDS/scaffold_cold/seed_15/predictions.tsv	2676	726c16b31b35664ea63f5920933835fca70f4c14842112184e03b624d321338e	"{""0"": 1338, ""1"": 1338}"	"{""0"": 2043, ""1"": 633}"	7.920017378637567e-05	0.9987372756004332	YES		outputs/paper1_data_refresh_20260710/PAPER1_7MODEL_PREDICTION_MANIFEST.tsv
PLMF-MDA	MDS	scaffold_cold	16	formal_runs/full_metric_rerun_20260615/plmf_standardized_repair_20260619/05_runs/MDS/scaffold_cold/seed_16/predictions.tsv	2332	704858ac64f12665c7fb152d22272875ff56fcbf52e2c64d448313871f183dde	"{""0"": 1166, ""1"": 1166}"	"{""0"": 1640, ""1"": 692}"	0.0027625781949609	0.9629340767860411	YES		outputs/paper1_data_refresh_20260710/PAPER1_7MODEL_PREDICTION_MANIFEST.tsv
PLMF-MDA	MDS	scaffold_cold	17	formal_runs/full_metric_rerun_20260615/plmf_standardized_repair_20260619/05_runs/MDS/scaffold_cold/seed_17/predictions.tsv	2042	d828047d7199adb7da5048a3487b0ae6c9af8439366f69af930a04e39a81547c	"{""0"": 1021, ""1"": 1021}"	"{""0"": 1707, ""1"": 335}"	0.0007233462529256	0.9957388639450072	YES		outputs/paper1_data_refresh_20260710/PAPER1_7MODEL_PREDICTION_MANIFEST.tsv
PLMF-MDA	MDS	scaffold_cold	18	formal_runs/full_metric_rerun_20260615/plmf_standardized_repair_20260619/05_runs/MDS/scaffold_cold/seed_18/predictions.tsv	2654	3e3697057bf0c017a39fb3606529d8334d67852fb8c77db0473c63f9f58e1a66	"{""0"": 1327, ""1"": 1327}"	"{""0"": 1979, ""1"": 675}"	4.4076063204556704e-05	0.9917369484901428	YES		outputs/paper1_data_refresh_20260710/PAPER1_7MODEL_PREDICTION_MANIFEST.tsv
PLMF-MDA	MDS	scaffold_cold	19	formal_runs/full_metric_rerun_20260615/plmf_standardized_repair_20260619/05_runs/MDS/scaffold_cold/seed_19/predictions.tsv	2402	b31f374f46490658596322a841bd6b0fa55558c51f498b333a423f58013cb42c	"{""0"": 1201, ""1"": 1201}"	"{""0"": 1789, ""1"": 613}"	0.0009938948787748	0.981685221195221	YES		outputs/paper1_data_refresh_20260710/PAPER1_7MODEL_PREDICTION_MANIFEST.tsv
PLMF-MDA	MDS	scaffold_cold	2	formal_runs/full_metric_rerun_20260615/plmf_standardized_repair_20260619/05_runs/MDS/scaffold_cold/seed_2/predictions.tsv	2308	5727d001d873735ec09696c57ec195e812e7ffcb6af7d46fd91c16f3e31cdd1a	"{""0"": 1154, ""1"": 1154}"	"{""0"": 1979, ""1"": 329}"	0.0001251438079634	0.9563332200050354	YES		outputs/paper1_data_refresh_20260710/PAPER1_7MODEL_PREDICTION_MANIFEST.tsv
PLMF-MDA	MDS	scaffold_cold	20	formal_runs/full_metric_rerun_20260615/plmf_standardized_repair_20260619/05_runs/MDS/scaffold_cold/seed_20/predictions.tsv	2344	08ced3f1198b74d2ccf5910d0420ad7239cc8e1f4ce706463df05a4ac882b66f	"{""0"": 1172, ""1"": 1172}"	"{""0"": 2226, ""1"": 118}"	0.0004101353988517	0.9946540594100952	YES		outputs/paper1_data_refresh_20260710/PAPER1_7MODEL_PREDICTION_MANIFEST.tsv
PLMF-MDA	MDS	scaffold_cold	21	formal_runs/full_metric_rerun_20260615/plmf_standardized_repair_20260619/05_runs/MDS/scaffold_cold/seed_21/predictions.tsv	2076	6380408272dd2c41fc7bc3d7a3b7a8c631549b368658e9c3e4134b40ec37c4b0	"{""0"": 1038, ""1"": 1038}"	"{""0"": 1563, ""1"": 513}"	0.0026922300457954	0.9987632036209106	YES		outputs/paper1_data_refresh_20260710/PAPER1_7MODEL_PREDICTION_MANIFEST.tsv
PLMF-MDA	MDS	scaffold_cold	22	formal_runs/full_metric_rerun_20260615/plmf_standardized_repair_20260619/05_runs/MDS/scaffold_cold/seed_22/predictions.tsv	2028	663b2f641df354617e6b13ef696607ee0d250800e5b2eb2c7ee2b77738f6b3e0	"{""0"": 1014, ""1"": 1014}"	"{""0"": 1639, ""1"": 389}"	0.0001992006145883	0.9916452765464784	YES		outputs/paper1_data_refresh_20260710/PAPER1_7MODEL_PREDICTION_MANIFEST.tsv
PLMF-MDA	MDS	scaffold_cold	23	formal_runs/full_metric_rerun_20260615/plmf_standardized_repair_20260619/05_runs/MDS/scaffold_cold/seed_23/predictions.tsv	2434	b60f2b78296de6754d1ec02ccee11a0618a8c4270b5b19855f33c777e0919578	"{""0"": 1217, ""1"": 1217}"	"{""0"": 1897, ""1"": 537}"	0.0003593130095396	0.9868600964546204	YES		outputs/paper1_data_refresh_20260710/PAPER1_7MODEL_PREDICTION_MANIFEST.tsv
PLMF-MDA	MDS	scaffold_cold	24	formal_runs/full_metric_rerun_20260615/plmf_standardized_repair_20260619/05_runs/MDS/scaffold_cold/seed_24/predictions.tsv	2174	dd805d6703c7278cdf63ba80ef21a94b780a131c3090bf11992de3bc261f6564	"{""0"": 1087, ""1"": 1087}"	"{""0"": 1515, ""1"": 659}"	0.0012476536212489	0.9995259046554564	YES		outputs/paper1_data_refresh_20260710/PAPER1_7MODEL_PREDICTION_MANIFEST.tsv
PLMF-MDA	MDS	scaffold_cold	3	formal_runs/full_metric_rerun_20260615/plmf_standardized_repair_20260619/05_runs/MDS/scaffold_cold/seed_3/predictions.tsv	2100	b66c93fc985ec5ccb348cddd32f3bb6f268661cbc9e9823b7dd3023cdd49965d	"{""0"": 1050, ""1"": 1050}"	"{""0"": 1770, ""1"": 330}"	0.0018623229116201	0.9688913226127625	YES		outputs/paper1_data_refresh_20260710/PAPER1_7MODEL_PREDICTION_MANIFEST.tsv
PLMF-MDA	MDS	scaffold_cold	4	formal_runs/full_metric_rerun_20260615/plmf_standardized_repair_20260619/05_runs/MDS/scaffold_cold/seed_4/predictions.tsv	2060	1c3d413d2648cd1345293f68eb7faf1af6968d97889e2de63322b855f009c8e6	"{""0"": 1030, ""1"": 1030}"	"{""0"": 1760, ""1"": 300}"	0.0001489291898906	0.996385931968689	YES		outputs/paper1_data_refresh_20260710/PAPER1_7MODEL_PREDICTION_MANIFEST.tsv
PLMF-MDA	MDS	scaffold_cold	5	formal_runs/full_metric_rerun_20260615/plmf_standardized_repair_20260619/05_runs/MDS/scaffold_cold/seed_5/predictions.tsv	2304	45d3e0531a01ef3f92e5dc8c282f2f5fa3119cc82e4cbedf8cd88b4c4cafec2c	"{""0"": 1152, ""1"": 1152}"	"{""0"": 1823, ""1"": 481}"	0.0009263719548471	0.9848554730415344	YES		outputs/paper1_data_refresh_20260710/PAPER1_7MODEL_PREDICTION_MANIFEST.tsv
PLMF-MDA	MDS	scaffold_cold	6	formal_runs/full_metric_rerun_20260615/plmf_standardized_repair_20260619/05_runs/MDS/scaffold_cold/seed_6/predictions.tsv	2650	e63ef15fdc876817fa093195d1616fcbb04b39cf96e4d6b2af29229a8a6cdb6e	"{""0"": 1325, ""1"": 1325}"	"{""0"": 2362, ""1"": 288}"	0.0004523287934716	0.9959914088249208	YES		outputs/paper1_data_refresh_20260710/PAPER1_7MODEL_PREDICTION_MANIFEST.tsv
PLMF-MDA	MDS	scaffold_cold	7	formal_runs/full_metric_rerun_20260615/plmf_standardized_repair_20260619/05_runs/MDS/scaffold_cold/seed_7/predictions.tsv	2146	18e1ac67e32734b85456d01ce2e4978ad37be7290f883388f2c2e07b61960c6c	"{""0"": 1073, ""1"": 1073}"	"{""0"": 1717, ""1"": 429}"	0.0020394721068441	0.9973516464233398	YES		outputs/paper1_data_refresh_20260710/PAPER1_7MODEL_PREDICTION_MANIFEST.tsv
PLMF-MDA	MDS	scaffold_cold	8	formal_runs/full_metric_rerun_20260615/plmf_standardized_repair_20260619/05_runs/MDS/scaffold_cold/seed_8/predictions.tsv	2052	579bae406ec89b1678dd3e9c043e332f8469bc609e182d8bd46863e02161fe0a	"{""0"": 1026, ""1"": 1026}"	"{""0"": 1839, ""1"": 213}"	0.0003439135034568	0.9965259432792664	YES		outputs/paper1_data_refresh_20260710/PAPER1_7MODEL_PREDICTION_MANIFEST.tsv
PLMF-MDA	MDS	scaffold_cold	9	formal_runs/full_metric_rerun_20260615/plmf_standardized_repair_20260619/05_runs/MDS/scaffold_cold/seed_9/predictions.tsv	2446	f667a8ee4f339b08b2c1641e94a3cd55bbbbeddb6c6b8b75bc4bebc42f55044c	"{""0"": 1223, ""1"": 1223}"	"{""0"": 1911, ""1"": 535}"	0.0003055079141631	0.9986781477928162	YES		outputs/paper1_data_refresh_20260710/PAPER1_7MODEL_PREDICTION_MANIFEST.tsv
PLMF-MDA	MDS	strict_cold	0	formal_runs/full_metric_rerun_20260615/plmf_standardized_repair_20260619/05_runs/MDS/strict_cold/seed_0/predictions.tsv	2030	a33443d55fb677c90fceb498dd320fa126e6c6a4d16d9f9f37c6d0a97eb211a8	"{""0"": 1015, ""1"": 1015}"	"{""0"": 1322, ""1"": 708}"	9.368136488774326e-06	0.9999901056289672	YES		outputs/paper1_data_refresh_20260710/PAPER1_7MODEL_PREDICTION_MANIFEST.tsv
PLMF-MDA	MDS	strict_cold	1	formal_runs/full_metric_rerun_20260615/plmf_standardized_repair_20260619/05_runs/MDS/strict_cold/seed_1/predictions.tsv	2028	0b1e642805679d679ca562a1405e9facebf77a7c0cefd5faa8b76ae04c5ddaa2	"{""0"": 1014, ""1"": 1014}"	"{""0"": 1018, ""1"": 1010}"	4.699313933542726e-07	0.9999984502792358	YES		outputs/paper1_data_refresh_20260710/PAPER1_7MODEL_PREDICTION_MANIFEST.tsv
PLMF-MDA	MDS	strict_cold	10	formal_runs/full_metric_rerun_20260615/plmf_standardized_repair_20260619/05_runs/MDS/strict_cold/seed_10/predictions.tsv	2028	866346deb21264f0886d7e8ef21865d62077ac7f945a081958ef749206625110	"{""0"": 1014, ""1"": 1014}"	"{""0"": 1142, ""1"": 886}"	9.35913521971088e-06	0.9999600648880004	YES		outputs/paper1_data_refresh_20260710/PAPER1_7MODEL_PREDICTION_MANIFEST.tsv
PLMF-MDA	MDS	strict_cold	11	formal_runs/full_metric_rerun_20260615/plmf_standardized_repair_20260619/05_runs/MDS/strict_cold/seed_11/predictions.tsv	2024	6634899f102193a05302b8ff034b2ef4bece0458fc916ad7e7a9523fc30a5f5b	"{""0"": 1012, ""1"": 1012}"	"{""0"": 1232, ""1"": 792}"	3.161373456350703e-07	1.0	YES		outputs/paper1_data_refresh_20260710/PAPER1_7MODEL_PREDICTION_MANIFEST.tsv
PLMF-MDA	MDS	strict_cold	12	formal_runs/full_metric_rerun_20260615/plmf_standardized_repair_20260619/05_runs/MDS/strict_cold/seed_12/predictions.tsv	2034	80eea99a1338526b67f92b7b74b5e1ca3011199a86cee23195568a395bbcf9bb	"{""0"": 1017, ""1"": 1017}"	"{""0"": 1022, ""1"": 1012}"	7.944608660181984e-05	0.9999949932098388	YES		outputs/paper1_data_refresh_20260710/PAPER1_7MODEL_PREDICTION_MANIFEST.tsv
PLMF-MDA	MDS	strict_cold	13	formal_runs/full_metric_rerun_20260615/plmf_standardized_repair_20260619/05_runs/MDS/strict_cold/seed_13/predictions.tsv	2052	b8f6dc623ffaaa0bc322ad71417cc9f7520c587c1900e53c459aaf97548b7bf6	"{""0"": 1026, ""1"": 1026}"	"{""0"": 862, ""1"": 1190}"	1.111405981646385e-05	0.9999706745147704	YES		outputs/paper1_data_refresh_20260710/PAPER1_7MODEL_PREDICTION_MANIFEST.tsv
PLMF-MDA	MDS	strict_cold	14	formal_runs/full_metric_rerun_20260615/plmf_standardized_repair_20260619/05_runs/MDS/strict_cold/seed_14/predictions.tsv	2024	a7a5e740598af7932fef086fc65994a9c0d4e979c79ba31d5feba1d50993d99d	"{""0"": 1012, ""1"": 1012}"	"{""0"": 945, ""1"": 1079}"	2.953174544018111e-06	0.9999994039535522	YES		outputs/paper1_data_refresh_20260710/PAPER1_7MODEL_PREDICTION_MANIFEST.tsv
PLMF-MDA	MDS	strict_cold	15	formal_runs/full_metric_rerun_20260615/plmf_standardized_repair_20260619/05_runs/MDS/strict_cold/seed_15/predictions.tsv	2022	2ebbecc9802e54c8d377747efc6134a979f814a8a669ce198805022539a2d8e5	"{""0"": 1011, ""1"": 1011}"	"{""0"": 1536, ""1"": 486}"	1.0094800927618053e-05	0.9998123049736024	YES		outputs/paper1_data_refresh_20260710/PAPER1_7MODEL_PREDICTION_MANIFEST.tsv
PLMF-MDA	MDS	strict_cold	16	formal_runs/full_metric_rerun_20260615/plmf_standardized_repair_20260619/05_runs/MDS/strict_cold/seed_16/predictions.tsv	2026	7682d6fb729a78093773779db26f1d30c4bdfd06071c69f2a55a59f7e6994185	"{""0"": 1013, ""1"": 1013}"	"{""0"": 894, ""1"": 1132}"	1.280060928365856e-06	0.9999908208847046	YES		outputs/paper1_data_refresh_20260710/PAPER1_7MODEL_PREDICTION_MANIFEST.tsv
PLMF-MDA	MDS	strict_cold	17	formal_runs/full_metric_rerun_20260615/plmf_standardized_repair_20260619/05_runs/MDS/strict_cold/seed_17/predictions.tsv	2034	ce7b6b0823df00070d6fc461d7d2575a6637458eeda48b4f48f7c86b8fff5545	"{""0"": 1017, ""1"": 1017}"	"{""0"": 1135, ""1"": 899}"	1.2464553947211243e-05	0.9996249675750732	YES		outputs/paper1_data_refresh_20260710/PAPER1_7MODEL_PREDICTION_MANIFEST.tsv
PLMF-MDA	MDS	strict_cold	18	formal_runs/full_metric_rerun_20260615/plmf_standardized_repair_20260619/05_runs/MDS/strict_cold/seed_18/predictions.tsv	2024	7aea1f7633ef50e21de8dfea4b540e92070a20ac6648a6ea67d6f3e56ef8e5db	"{""0"": 1012, ""1"": 1012}"	"{""0"": 1232, ""1"": 792}"	1.7642372540649376e-06	0.9998456239700316	YES		outputs/paper1_data_refresh_20260710/PAPER1_7MODEL_PREDICTION_MANIFEST.tsv
PLMF-MDA	MDS	strict_cold	19	formal_runs/full_metric_rerun_20260615/plmf_standardized_repair_20260619/05_runs/MDS/strict_cold/seed_19/predictions.tsv	2040	bb470fe0cf829f48a7e358159b46522c77dfcfbcc432382bf1876309fe16607b	"{""0"": 1020, ""1"": 1020}"	"{""0"": 1032, ""1"": 1008}"	5.774667806690559e-05	0.9999721050262452	YES		outputs/paper1_data_refresh_20260710/PAPER1_7MODEL_PREDICTION_MANIFEST.tsv
PLMF-MDA	MDS	strict_cold	2	formal_runs/full_metric_rerun_20260615/plmf_standardized_repair_20260619/05_runs/MDS/strict_cold/seed_2/predictions.tsv	2044	acb4e0f889bbdad1ae18682d2cd4662a739f28732beacb10a604c61d2180590d	"{""0"": 1022, ""1"": 1022}"	"{""0"": 1190, ""1"": 854}"	3.063344820475322e-06	0.9999831914901732	YES		outputs/paper1_data_refresh_20260710/PAPER1_7MODEL_PREDICTION_MANIFEST.tsv
PLMF-MDA	MDS	strict_cold	20	formal_runs/full_metric_rerun_20260615/plmf_standardized_repair_20260619/05_runs/MDS/strict_cold/seed_20/predictions.tsv	2028	f41441ab86aa7017b483c1f5769eaca68995e155e854649e4b90908c80648b95	"{""0"": 1014, ""1"": 1014}"	"{""0"": 842, ""1"": 1186}"	6.074905627428961e-07	0.999995231628418	YES		outputs/paper1_data_refresh_20260710/PAPER1_7MODEL_PREDICTION_MANIFEST.tsv
PLMF-MDA	MDS	strict_cold	21	formal_runs/full_metric_rerun_20260615/plmf_standardized_repair_20260619/05_runs/MDS/strict_cold/seed_21/predictions.tsv	2036	24f34c2eecff9d1b9dfd49d244ac96366da4db55079dc8aa50bc67affb8d1c95	"{""0"": 1018, ""1"": 1018}"	"{""0"": 1074, ""1"": 962}"	1.0507839078854886e-06	0.9999997615814208	YES		outputs/paper1_data_refresh_20260710/PAPER1_7MODEL_PREDICTION_MANIFEST.tsv
PLMF-MDA	MDS	strict_cold	22	formal_runs/full_metric_rerun_20260615/plmf_standardized_repair_20260619/05_runs/MDS/strict_cold/seed_22/predictions.tsv	2044	cb84850cbdaea342c5d200e7dcdcdcff4692fa4ef32511491686d3c4e035d9f0	"{""0"": 1022, ""1"": 1022}"	"{""0"": 822, ""1"": 1222}"	1.1516622180351987e-06	0.9999854564666748	YES		outputs/paper1_data_refresh_20260710/PAPER1_7MODEL_PREDICTION_MANIFEST.tsv
PLMF-MDA	MDS	strict_cold	23	formal_runs/full_metric_rerun_20260615/plmf_standardized_repair_20260619/05_runs/MDS/strict_cold/seed_23/predictions.tsv	2022	a2595f900b35a5b729acc3fccd241bfc156b226b89045094bbf1a3403f80ec12	"{""0"": 1011, ""1"": 1011}"	"{""0"": 1334, ""1"": 688}"	1.3038496717854289e-06	0.9999940395355223	YES		outputs/paper1_data_refresh_20260710/PAPER1_7MODEL_PREDICTION_MANIFEST.tsv
PLMF-MDA	MDS	strict_cold	24	formal_runs/full_metric_rerun_20260615/plmf_standardized_repair_20260619/05_runs/MDS/strict_cold/seed_24/predictions.tsv	2028	f3f48073a47bf5557099e4bf0c3d32e7f4cbead7112e68e7867094079705d2f6	"{""0"": 1014, ""1"": 1014}"	"{""0"": 932, ""1"": 1096}"	2.5421468308195472e-05	0.999974489212036	YES		outputs/paper1_data_refresh_20260710/PAPER1_7MODEL_PREDICTION_MANIFEST.tsv
PLMF-MDA	MDS	strict_cold	3	formal_runs/full_metric_rerun_20260615/plmf_standardized_repair_20260619/05_runs/MDS/strict_cold/seed_3/predictions.tsv	2022	f790285aa242f95cb038aed55f6c0dd97a390aff04552ec42f69052cbdbfcafb	"{""0"": 1011, ""1"": 1011}"	"{""0"": 771, ""1"": 1251}"	1.862467615865171e-05	0.999985694885254	YES		outputs/paper1_data_refresh_20260710/PAPER1_7MODEL_PREDICTION_MANIFEST.tsv
PLMF-MDA	MDS	strict_cold	4	formal_runs/full_metric_rerun_20260615/plmf_standardized_repair_20260619/05_runs/MDS/strict_cold/seed_4/predictions.tsv	2038	85501260d6db7123c4e51f6d7ad5ae3e53d7949eb7ca4651583c18cce5810430	"{""0"": 1019, ""1"": 1019}"	"{""0"": 1352, ""1"": 686}"	4.1502396925352514e-05	0.999910831451416	YES		outputs/paper1_data_refresh_20260710/PAPER1_7MODEL_PREDICTION_MANIFEST.tsv
PLMF-MDA	MDS	strict_cold	5	formal_runs/full_metric_rerun_20260615/plmf_standardized_repair_20260619/05_runs/MDS/strict_cold/seed_5/predictions.tsv	2030	c71b829d7148d64fb39351189380b9cab1641b86e9d638f33caf454c3d538df6	"{""0"": 1015, ""1"": 1015}"	"{""0"": 1169, ""1"": 861}"	2.4137778382282704e-05	0.999996542930603	YES		outputs/paper1_data_refresh_20260710/PAPER1_7MODEL_PREDICTION_MANIFEST.tsv
PLMF-MDA	MDS	strict_cold	6	formal_runs/full_metric_rerun_20260615/plmf_standardized_repair_20260619/05_runs/MDS/strict_cold/seed_6/predictions.tsv	2022	688592332e581c25c036d60d55b076b9f4c1bc904dcfe432b60f0f34861e339c	"{""0"": 1011, ""1"": 1011}"	"{""0"": 1292, ""1"": 730}"	3.767314922242804e-07	0.9999958276748656	YES		outputs/paper1_data_refresh_20260710/PAPER1_7MODEL_PREDICTION_MANIFEST.tsv
PLMF-MDA	MDS	strict_cold	7	formal_runs/full_metric_rerun_20260615/plmf_standardized_repair_20260619/05_runs/MDS/strict_cold/seed_7/predictions.tsv	2024	1dbfef3c6234d3d592afd4d4e7557d7a6dc9f00b36e699468c1a97de930857f6	"{""0"": 1012, ""1"": 1012}"	"{""0"": 1278, ""1"": 746}"	7.723274757154286e-05	0.999996781349182	YES		outputs/paper1_data_refresh_20260710/PAPER1_7MODEL_PREDICTION_MANIFEST.tsv
PLMF-MDA	MDS	strict_cold	8	formal_runs/full_metric_rerun_20260615/plmf_standardized_repair_20260619/05_runs/MDS/strict_cold/seed_8/predictions.tsv	2038	274f86a8be3adab9545f7aa2563128b453c4fd37f4576752982a770e2c1cc64a	"{""0"": 1019, ""1"": 1019}"	"{""0"": 1054, ""1"": 984}"	4.349577011453221e-06	0.9999958276748656	YES		outputs/paper1_data_refresh_20260710/PAPER1_7MODEL_PREDICTION_MANIFEST.tsv
PLMF-MDA	MDS	strict_cold	9	formal_runs/full_metric_rerun_20260615/plmf_standardized_repair_20260619/05_runs/MDS/strict_cold/seed_9/predictions.tsv	2024	707806e0e6039f83ed43755d7f5d6f7559fe907988df7804d5ed5884ffadad6b	"{""0"": 1012, ""1"": 1012}"	"{""0"": 1313, ""1"": 711}"	6.821203896834049e-06	0.9999245405197144	YES		outputs/paper1_data_refresh_20260710/PAPER1_7MODEL_PREDICTION_MANIFEST.tsv
MGCNA	native	drug_cold	0	formal_runs/mgcna_corrected_fast_full125_fixedfinal_20260629/formal_125runs/drug_cold/seed_0/predictions.tsv	1354	e2b90e7714292db63b9a167c9ce72b3e3cb195d509c20ae17d2f18d8438f45e8	"{""0"": 677, ""1"": 677}"	"{""0"": 1333, ""1"": 21}"	2.2565396218254814e-09	0.7674524188041687	YES		outputs/paper1_data_refresh_20260710/PAPER1_7MODEL_PREDICTION_MANIFEST.tsv
MGCNA	native	drug_cold	1	formal_runs/mgcna_corrected_fast_full125_fixedfinal_20260629/formal_125runs/drug_cold/seed_1/predictions.tsv	5304	909bc2983afdd2b1247a72dbd76629a6ea56d7b34714e27d150c930085465437	"{""0"": 2652, ""1"": 2652}"	"{""0"": 5099, ""1"": 205}"	3.4601685001098314e-16	0.99748957157135	YES		outputs/paper1_data_refresh_20260710/PAPER1_7MODEL_PREDICTION_MANIFEST.tsv
MGCNA	native	drug_cold	10	formal_runs/mgcna_corrected_fast_full125_fixedfinal_20260629/formal_125runs/drug_cold/seed_10/predictions.tsv	6198	b39ddc7ccb49f3e954fb9d4a7b73afd7acadafe176ff125ffa0ec789b704b21b	"{""0"": 3099, ""1"": 3099}"	"{""0"": 5864, ""1"": 334}"	6.608358608592436e-13	0.999024510383606	YES		outputs/paper1_data_refresh_20260710/PAPER1_7MODEL_PREDICTION_MANIFEST.tsv
MGCNA	native	drug_cold	11	formal_runs/mgcna_corrected_fast_full125_fixedfinal_20260629/formal_125runs/drug_cold/seed_11/predictions.tsv	1656	38e57a88b7abdc67f86dc70588176d29c8203b17423e60586e87c91d358e8ebb	"{""0"": 828, ""1"": 828}"	"{""0"": 1561, ""1"": 95}"	6.188132905399213e-12	0.9314134120941162	YES		outputs/paper1_data_refresh_20260710/PAPER1_7MODEL_PREDICTION_MANIFEST.tsv
MGCNA	native	drug_cold	12	formal_runs/mgcna_corrected_fast_full125_fixedfinal_20260629/formal_125runs/drug_cold/seed_12/predictions.tsv	5582	c496854a4603172746946c7ddae1efd65d686b3b51ab86c56fa115f22ae19703	"{""0"": 2791, ""1"": 2791}"	"{""0"": 5342, ""1"": 240}"	4.2668358429809317e-11	0.9337714910507202	YES		outputs/paper1_data_refresh_20260710/PAPER1_7MODEL_PREDICTION_MANIFEST.tsv
MGCNA	native	drug_cold	13	formal_runs/mgcna_corrected_fast_full125_fixedfinal_20260629/formal_125runs/drug_cold/seed_13/predictions.tsv	3098	d44d0050aad7c17c826440a02a04e0bb64c349aa732dee452e181efef4d2a31f	"{""0"": 1549, ""1"": 1549}"	"{""0"": 2913, ""1"": 185}"	8.75341299444443e-10	0.99146968126297	YES		outputs/paper1_data_refresh_20260710/PAPER1_7MODEL_PREDICTION_MANIFEST.tsv
MGCNA	native	drug_cold	14	formal_runs/mgcna_corrected_fast_full125_fixedfinal_20260629/formal_125runs/drug_cold/seed_14/predictions.tsv	2674	a2903b2a0e75cc2a4ec6600b2cf572e99b6c20fdac2446c20aaea69425a41f7a	"{""0"": 1337, ""1"": 1337}"	"{""0"": 2313, ""1"": 361}"	6.751990459796797e-12	0.9993367791175842	YES		outputs/paper1_data_refresh_20260710/PAPER1_7MODEL_PREDICTION_MANIFEST.tsv
MGCNA	native	drug_cold	15	formal_runs/mgcna_corrected_fast_full125_fixedfinal_20260629/formal_125runs/drug_cold/seed_15/predictions.tsv	2992	a076e4244b6c4b9cdc432598e2fd34c8063681274fa4f44e0450c322a19061f8	"{""0"": 1496, ""1"": 1496}"	"{""0"": 2683, ""1"": 309}"	2.7782524544828213e-11	0.999935507774353	YES		outputs/paper1_data_refresh_20260710/PAPER1_7MODEL_PREDICTION_MANIFEST.tsv
MGCNA	native	drug_cold	16	formal_runs/mgcna_corrected_fast_full125_fixedfinal_20260629/formal_125runs/drug_cold/seed_16/predictions.tsv	3492	838865389d4c9dd66e4bc4d9d4bb4f9ab0eb4e62dd960ca79cc78cf34bc720dd	"{""0"": 1746, ""1"": 1746}"	"{""0"": 3133, ""1"": 359}"	7.585684196672465e-14	0.9994282126426696	YES		outputs/paper1_data_refresh_20260710/PAPER1_7MODEL_PREDICTION_MANIFEST.tsv
MGCNA	native	drug_cold	17	formal_runs/mgcna_corrected_fast_full125_fixedfinal_20260629/formal_125runs/drug_cold/seed_17/predictions.tsv	3838	a52c5716fa9a63f2104fd7be330ef06c8def26ca79e65cde6b71d24338ca76b7	"{""0"": 1919, ""1"": 1919}"	"{""0"": 3652, ""1"": 186}"	1.1472117743618893e-12	0.9993504881858823	YES		outputs/paper1_data_refresh_20260710/PAPER1_7MODEL_PREDICTION_MANIFEST.tsv
MGCNA	native	drug_cold	18	formal_runs/mgcna_corrected_fast_full125_fixedfinal_20260629/formal_125runs/drug_cold/seed_18/predictions.tsv	3740	dde3e059af46c592bd65ba414ae2840b6f9884a5a9d38e89e7dcc6858ac6cd67	"{""0"": 1870, ""1"": 1870}"	"{""0"": 3512, ""1"": 228}"	6.815717949201034e-15	0.9932663440704343	YES		outputs/paper1_data_refresh_20260710/PAPER1_7MODEL_PREDICTION_MANIFEST.tsv
MGCNA	native	drug_cold	19	formal_runs/mgcna_corrected_fast_full125_fixedfinal_20260629/formal_125runs/drug_cold/seed_19/predictions.tsv	2166	d4bae785fd475c0bba8d1aebdefd8899d9c547cd610e5b3252e284b472f74204	"{""0"": 1083, ""1"": 1083}"	"{""0"": 2096, ""1"": 70}"	3.915431173728834e-11	0.9471226930618286	YES		outputs/paper1_data_refresh_20260710/PAPER1_7MODEL_PREDICTION_MANIFEST.tsv
MGCNA	native	drug_cold	2	formal_runs/mgcna_corrected_fast_full125_fixedfinal_20260629/formal_125runs/drug_cold/seed_2/predictions.tsv	5508	212ace25f6bea234638ed83e72a28850f692a39e795d0b5de9dbfa1e5fba0174	"{""0"": 2754, ""1"": 2754}"	"{""0"": 5275, ""1"": 233}"	5.974146871645658e-11	0.9906497597694396	YES		outputs/paper1_data_refresh_20260710/PAPER1_7MODEL_PREDICTION_MANIFEST.tsv
MGCNA	native	drug_cold	20	formal_runs/mgcna_corrected_fast_full125_fixedfinal_20260629/formal_125runs/drug_cold/seed_20/predictions.tsv	5508	979cdbb145bbdc85940391c6d884aca42189d97dead983cec3b95f62530392bb	"{""0"": 2754, ""1"": 2754}"	"{""0"": 5286, ""1"": 222}"	5.0402902337931535e-12	0.9985072016716005	YES		outputs/paper1_data_refresh_20260710/PAPER1_7MODEL_PREDICTION_MANIFEST.tsv
MGCNA	native	drug_cold	21	formal_runs/mgcna_corrected_fast_full125_fixedfinal_20260629/formal_125runs/drug_cold/seed_21/predictions.tsv	5484	092e7a9558be02766d8a6bcfb0ff89c17525c030df0468905f6c25e5676c4fcd	"{""0"": 2742, ""1"": 2742}"	"{""0"": 5230, ""1"": 254}"	3.6813251286325205e-14	0.9942752718925476	YES		outputs/paper1_data_refresh_20260710/PAPER1_7MODEL_PREDICTION_MANIFEST.tsv
MGCNA	native	drug_cold	22	formal_runs/mgcna_corrected_fast_full125_fixedfinal_20260629/formal_125runs/drug_cold/seed_22/predictions.tsv	5160	5934121ebf00b35b4de1c50765964fd8afe56e95b93442667d230b501ece73d1	"{""0"": 2580, ""1"": 2580}"	"{""0"": 4465, ""1"": 695}"	7.49215267603631e-09	0.9999387264251708	YES		outputs/paper1_data_refresh_20260710/PAPER1_7MODEL_PREDICTION_MANIFEST.tsv
MGCNA	native	drug_cold	23	formal_runs/mgcna_corrected_fast_full125_fixedfinal_20260629/formal_125runs/drug_cold/seed_23/predictions.tsv	3508	91f83c5ba154f0a2a320212bb5c55c9d678f641309f2d84f94ea684eccf63ecb	"{""0"": 1754, ""1"": 1754}"	"{""0"": 3351, ""1"": 157}"	4.112235291869881e-12	1.0	YES		outputs/paper1_data_refresh_20260710/PAPER1_7MODEL_PREDICTION_MANIFEST.tsv
MGCNA	native	drug_cold	24	formal_runs/mgcna_corrected_fast_full125_fixedfinal_20260629/formal_125runs/drug_cold/seed_24/predictions.tsv	2824	c0987d3c41cc675047bbf88884b187af48554752fe26f8c3287e5273c0dace26	"{""0"": 1412, ""1"": 1412}"	"{""0"": 2706, ""1"": 118}"	1.4206809285845917e-13	0.999998927116394	YES		outputs/paper1_data_refresh_20260710/PAPER1_7MODEL_PREDICTION_MANIFEST.tsv
MGCNA	native	drug_cold	3	formal_runs/mgcna_corrected_fast_full125_fixedfinal_20260629/formal_125runs/drug_cold/seed_3/predictions.tsv	2336	b6abaf025e7f8c67b60703d44d6f3e696d6545ac80cb02b29c4a8ee917c0198c	"{""0"": 1168, ""1"": 1168}"	"{""0"": 2189, ""1"": 147}"	4.9968805135303115e-12	0.9038482904434204	YES		outputs/paper1_data_refresh_20260710/PAPER1_7MODEL_PREDICTION_MANIFEST.tsv
MGCNA	native	drug_cold	4	formal_runs/mgcna_corrected_fast_full125_fixedfinal_20260629/formal_125runs/drug_cold/seed_4/predictions.tsv	3034	8578e85fe517540f8f15639d0aa7d5e8a3703fb0757b543a3b89344615c28b06	"{""0"": 1517, ""1"": 1517}"	"{""0"": 2847, ""1"": 187}"	8.6086811290631e-11	0.9908795356750488	YES		outputs/paper1_data_refresh_20260710/PAPER1_7MODEL_PREDICTION_MANIFEST.tsv
MGCNA	native	drug_cold	5	formal_runs/mgcna_corrected_fast_full125_fixedfinal_20260629/formal_125runs/drug_cold/seed_5/predictions.tsv	1996	6400ad846a80863298ad0c6efd39a19ebe7971aa810150c8e966376edbe3bf2a	"{""0"": 998, ""1"": 998}"	"{""0"": 1717, ""1"": 279}"	1.1309898850786482e-10	0.9991326928138732	YES		outputs/paper1_data_refresh_20260710/PAPER1_7MODEL_PREDICTION_MANIFEST.tsv
MGCNA	native	drug_cold	6	formal_runs/mgcna_corrected_fast_full125_fixedfinal_20260629/formal_125runs/drug_cold/seed_6/predictions.tsv	5814	4cc20011200cb6943ac8b6caec6cb4e8246bac32779eb646d12f2d5bd338b115	"{""0"": 2907, ""1"": 2907}"	"{""0"": 5455, ""1"": 359}"	3.869142743589557e-19	0.9999955892562866	YES		outputs/paper1_data_refresh_20260710/PAPER1_7MODEL_PREDICTION_MANIFEST.tsv
MGCNA	native	drug_cold	7	formal_runs/mgcna_corrected_fast_full125_fixedfinal_20260629/formal_125runs/drug_cold/seed_7/predictions.tsv	1362	8db3f0c0846671d29f8db2c08578949f21937a37a9e5d83b45a93fa692b0e4c6	"{""0"": 681, ""1"": 681}"	"{""0"": 1248, ""1"": 114}"	1.1155605328383442e-09	0.968066930770874	YES		outputs/paper1_data_refresh_20260710/PAPER1_7MODEL_PREDICTION_MANIFEST.tsv
MGCNA	native	drug_cold	8	formal_runs/mgcna_corrected_fast_full125_fixedfinal_20260629/formal_125runs/drug_cold/seed_8/predictions.tsv	1624	348e5091c07a79b4ec198d53f489daea3254ceb4ebc397f3dab2467872c8592b	"{""0"": 812, ""1"": 812}"	"{""0"": 1553, ""1"": 71}"	1.312880582027276e-09	0.9991249442100524	YES		outputs/paper1_data_refresh_20260710/PAPER1_7MODEL_PREDICTION_MANIFEST.tsv
MGCNA	native	drug_cold	9	formal_runs/mgcna_corrected_fast_full125_fixedfinal_20260629/formal_125runs/drug_cold/seed_9/predictions.tsv	3198	1cf37bfc38b45ed0b6c70af269ff2424ecb49d96c0307e56fe1891a3a52f4058	"{""0"": 1599, ""1"": 1599}"	"{""0"": 2993, ""1"": 205}"	2.365842303965124e-14	1.0	YES		outputs/paper1_data_refresh_20260710/PAPER1_7MODEL_PREDICTION_MANIFEST.tsv
MGCNA	native	mirna_cold	0	formal_runs/mgcna_corrected_fast_full125_fixedfinal_20260629/formal_125runs/mirna_cold/seed_0/predictions.tsv	3136	30850f968211d55a4163421cbd451a0c02fcdeb1bc3bb8abe4c05661cd1a50f1	"{""0"": 1568, ""1"": 1568}"	"{""0"": 2845, ""1"": 291}"	8.908063136914278e-06	0.8312961459159851	YES		outputs/paper1_data_refresh_20260710/PAPER1_7MODEL_PREDICTION_MANIFEST.tsv
MGCNA	native	mirna_cold	1	formal_runs/mgcna_corrected_fast_full125_fixedfinal_20260629/formal_125runs/mirna_cold/seed_1/predictions.tsv	3220	765bb43161587706263aa392d4b5db68b68f3eefadcefc11cd41a9dac031a6d4	"{""0"": 1610, ""1"": 1610}"	"{""0"": 3050, ""1"": 170}"	4.302892762098054e-07	0.6912006139755249	YES		outputs/paper1_data_refresh_20260710/PAPER1_7MODEL_PREDICTION_MANIFEST.tsv
MGCNA	native	mirna_cold	10	formal_runs/mgcna_corrected_fast_full125_fixedfinal_20260629/formal_125runs/mirna_cold/seed_10/predictions.tsv	3326	92fc2826d694100f01e312d5df0f44b541890ce40976ad884f2d881573350e50	"{""0"": 1663, ""1"": 1663}"	"{""0"": 3121, ""1"": 205}"	1.7688772321888813e-11	0.7867117524147033	YES		outputs/paper1_data_refresh_20260710/PAPER1_7MODEL_PREDICTION_MANIFEST.tsv
MGCNA	native	mirna_cold	11	formal_runs/mgcna_corrected_fast_full125_fixedfinal_20260629/formal_125runs/mirna_cold/seed_11/predictions.tsv	3710	99ea94775f8cc5c63a81721692063d6c609963c72009f2f14e3826d387ca0ff4	"{""0"": 1855, ""1"": 1855}"	"{""0"": 3303, ""1"": 407}"	2.660221252881456e-05	0.9177045822143554	YES		outputs/paper1_data_refresh_20260710/PAPER1_7MODEL_PREDICTION_MANIFEST.tsv
MGCNA	native	mirna_cold	12	formal_runs/mgcna_corrected_fast_full125_fixedfinal_20260629/formal_125runs/mirna_cold/seed_12/predictions.tsv	3342	bf4f7205536d83ebdd53486c6fd9e7bb422576c6d58ee5a1879523a4edf25972	"{""0"": 1671, ""1"": 1671}"	"{""0"": 3175, ""1"": 167}"	1.3786600447929231e-06	0.5596272945404052	YES		outputs/paper1_data_refresh_20260710/PAPER1_7MODEL_PREDICTION_MANIFEST.tsv
MGCNA	native	mirna_cold	13	formal_runs/mgcna_corrected_fast_full125_fixedfinal_20260629/formal_125runs/mirna_cold/seed_13/predictions.tsv	3276	8a64a05e51881d531e944491a2cd0fdc399add3b7be07b1ef9e44f4256fb444f	"{""0"": 1638, ""1"": 1638}"	"{""0"": 2929, ""1"": 347}"	1.1476489447659333e-07	0.8108194470405578	YES		outputs/paper1_data_refresh_20260710/PAPER1_7MODEL_PREDICTION_MANIFEST.tsv
MGCNA	native	mirna_cold	14	formal_runs/mgcna_corrected_fast_full125_fixedfinal_20260629/formal_125runs/mirna_cold/seed_14/predictions.tsv	3436	4d658f4f3f0163393a27f88c58a72476bbf956f1fdc2fced3754f867d1183ed3	"{""0"": 1718, ""1"": 1718}"	"{""0"": 3210, ""1"": 226}"	2.338004456703402e-09	0.8540296554565429	YES		outputs/paper1_data_refresh_20260710/PAPER1_7MODEL_PREDICTION_MANIFEST.tsv
MGCNA	native	mirna_cold	15	formal_runs/mgcna_corrected_fast_full125_fixedfinal_20260629/formal_125runs/mirna_cold/seed_15/predictions.tsv	3440	0b2587d73f8e596e2ea506c86641a20dfefa398e4ba712546ac4e3b61b5f823c	"{""0"": 1720, ""1"": 1720}"	"{""0"": 3440}"	3.315422958394265e-08	0.4950641095638275	YES		outputs/paper1_data_refresh_20260710/PAPER1_7MODEL_PREDICTION_MANIFEST.tsv
MGCNA	native	mirna_cold	16	formal_runs/mgcna_corrected_fast_full125_fixedfinal_20260629/formal_125runs/mirna_cold/seed_16/predictions.tsv	3752	090d89cdabb533b1b9c9da1c5c2056cd7110f934aab74f51926394b4c44a8675	"{""0"": 1876, ""1"": 1876}"	"{""0"": 3368, ""1"": 384}"	9.172326786988094e-10	0.97988760471344	YES		outputs/paper1_data_refresh_20260710/PAPER1_7MODEL_PREDICTION_MANIFEST.tsv
MGCNA	native	mirna_cold	17	formal_runs/mgcna_corrected_fast_full125_fixedfinal_20260629/formal_125runs/mirna_cold/seed_17/predictions.tsv	3464	5d4a443b25ca8ab968964caa57f11fbe93922c45eb86e09c4e240fdcd980cbf8	"{""0"": 1732, ""1"": 1732}"	"{""0"": 3374, ""1"": 90}"	3.121676428463616e-08	0.5566993355751036	YES		outputs/paper1_data_refresh_20260710/PAPER1_7MODEL_PREDICTION_MANIFEST.tsv
MGCNA	native	mirna_cold	18	formal_runs/mgcna_corrected_fast_full125_fixedfinal_20260629/formal_125runs/mirna_cold/seed_18/predictions.tsv	3322	79559b9fe47d43e39ba08e66696c134111fe449bc53077b39c603e4833401895	"{""0"": 1661, ""1"": 1661}"	"{""0"": 3219, ""1"": 103}"	7.791870757500876e-07	0.698474109172821	YES		outputs/paper1_data_refresh_20260710/PAPER1_7MODEL_PREDICTION_MANIFEST.tsv
MGCNA	native	mirna_cold	19	formal_runs/mgcna_corrected_fast_full125_fixedfinal_20260629/formal_125runs/mirna_cold/seed_19/predictions.tsv	3488	0557bad0a8fa653ca3c2d473487b1e63a45eeb917f911b132b0aafb4494a7a83	"{""0"": 1744, ""1"": 1744}"	"{""0"": 2827, ""1"": 661}"	9.841216979111778e-07	0.9936562180519104	YES		outputs/paper1_data_refresh_20260710/PAPER1_7MODEL_PREDICTION_MANIFEST.tsv
MGCNA	native	mirna_cold	2	formal_runs/mgcna_corrected_fast_full125_fixedfinal_20260629/formal_125runs/mirna_cold/seed_2/predictions.tsv	3530	eda30e317f99e8be3428f8b52b763b309a279dd7f8186ee56aa16523f9f78b4a	"{""0"": 1765, ""1"": 1765}"	"{""0"": 3435, ""1"": 95}"	1.5266421016235654e-08	0.626465618610382	YES		outputs/paper1_data_refresh_20260710/PAPER1_7MODEL_PREDICTION_MANIFEST.tsv
MGCNA	native	mirna_cold	20	formal_runs/mgcna_corrected_fast_full125_fixedfinal_20260629/formal_125runs/mirna_cold/seed_20/predictions.tsv	3274	92b3e47ed6e98c0a311037027591b837f7a2c06fd1d9bc78a5edf0833071e5df	"{""0"": 1637, ""1"": 1637}"	"{""0"": 3095, ""1"": 179}"	0.0002171889791497	0.9144823551177979	YES		outputs/paper1_data_refresh_20260710/PAPER1_7MODEL_PREDICTION_MANIFEST.tsv
MGCNA	native	mirna_cold	21	formal_runs/mgcna_corrected_fast_full125_fixedfinal_20260629/formal_125runs/mirna_cold/seed_21/predictions.tsv	3850	adfb1effab8fe0801b9bb81ee22ebef9e2e4ad1c8c73de189bac2bd5dce3e18e	"{""0"": 1925, ""1"": 1925}"	"{""0"": 3538, ""1"": 312}"	9.00856264585137e-11	0.5951929688453674	YES		outputs/paper1_data_refresh_20260710/PAPER1_7MODEL_PREDICTION_MANIFEST.tsv
MGCNA	native	mirna_cold	22	formal_runs/mgcna_corrected_fast_full125_fixedfinal_20260629/formal_125runs/mirna_cold/seed_22/predictions.tsv	3548	637a1b9c44fa6ff0c2071d2818dbc33398d05fe0d0bc5c9e41e68f647a826e82	"{""0"": 1774, ""1"": 1774}"	"{""0"": 3463, ""1"": 85}"	1.1703178426358818e-09	0.7355337738990783	YES		outputs/paper1_data_refresh_20260710/PAPER1_7MODEL_PREDICTION_MANIFEST.tsv
MGCNA	native	mirna_cold	23	formal_runs/mgcna_corrected_fast_full125_fixedfinal_20260629/formal_125runs/mirna_cold/seed_23/predictions.tsv	3512	1c2e1e6719b5269297339dc05ec2a7b89de6fb59abce02f9385909b655f478fa	"{""0"": 1756, ""1"": 1756}"	"{""0"": 3244, ""1"": 268}"	1.1724633708354304e-08	0.619166910648346	YES		outputs/paper1_data_refresh_20260710/PAPER1_7MODEL_PREDICTION_MANIFEST.tsv
MGCNA	native	mirna_cold	24	formal_runs/mgcna_corrected_fast_full125_fixedfinal_20260629/formal_125runs/mirna_cold/seed_24/predictions.tsv	3934	30b96b418023340fab46b0fd9b664fc611748f7356b4bff11c7c225e4aee5b1d	"{""0"": 1967, ""1"": 1967}"	"{""0"": 3628, ""1"": 306}"	1.094365598142133e-09	0.8069631457328796	YES		outputs/paper1_data_refresh_20260710/PAPER1_7MODEL_PREDICTION_MANIFEST.tsv
MGCNA	native	mirna_cold	3	formal_runs/mgcna_corrected_fast_full125_fixedfinal_20260629/formal_125runs/mirna_cold/seed_3/predictions.tsv	3584	952a01e50e5a11e22b451a4a03e652cbdcd65d8d88dfc7ee5840a2c85f89db8a	"{""0"": 1792, ""1"": 1792}"	"{""0"": 3494, ""1"": 90}"	4.537008280180999e-08	0.921785056591034	YES		outputs/paper1_data_refresh_20260710/PAPER1_7MODEL_PREDICTION_MANIFEST.tsv
MGCNA	native	mirna_cold	4	formal_runs/mgcna_corrected_fast_full125_fixedfinal_20260629/formal_125runs/mirna_cold/seed_4/predictions.tsv	3536	7af004cb2b0642833e5665ebb3eace3e9ee726a8454995dafc043de7c808e2ff	"{""0"": 1768, ""1"": 1768}"	"{""0"": 3315, ""1"": 221}"	1.8329934391658757e-05	0.6676973700523376	YES		outputs/paper1_data_refresh_20260710/PAPER1_7MODEL_PREDICTION_MANIFEST.tsv
MGCNA	native	mirna_cold	5	formal_runs/mgcna_corrected_fast_full125_fixedfinal_20260629/formal_125runs/mirna_cold/seed_5/predictions.tsv	3432	e651297a2b3a6e73e25323a6bf0902cc2a6ab1f6adddeee7ed2d06e9338520a2	"{""0"": 1716, ""1"": 1716}"	"{""0"": 2699, ""1"": 733}"	2.2971501039137365e-06	0.942015528678894	YES		outputs/paper1_data_refresh_20260710/PAPER1_7MODEL_PREDICTION_MANIFEST.tsv
MGCNA	native	mirna_cold	6	formal_runs/mgcna_corrected_fast_full125_fixedfinal_20260629/formal_125runs/mirna_cold/seed_6/predictions.tsv	3642	b6bbf84bd8c838755448444456f1e7ee007a6562c354509926b2b9e32ce66f18	"{""0"": 1821, ""1"": 1821}"	"{""0"": 3454, ""1"": 188}"	1.0029375516751315e-05	0.7708868980407714	YES		outputs/paper1_data_refresh_20260710/PAPER1_7MODEL_PREDICTION_MANIFEST.tsv
MGCNA	native	mirna_cold	7	formal_runs/mgcna_corrected_fast_full125_fixedfinal_20260629/formal_125runs/mirna_cold/seed_7/predictions.tsv	3304	ce6cce6cb5a8f1d6500a60fdf3c3656e8055719c347b062956eb3ec60627b74f	"{""0"": 1652, ""1"": 1652}"	"{""0"": 2422, ""1"": 882}"	2.696184253636602e-07	0.9904829263687132	YES		outputs/paper1_data_refresh_20260710/PAPER1_7MODEL_PREDICTION_MANIFEST.tsv
MGCNA	native	mirna_cold	8	formal_runs/mgcna_corrected_fast_full125_fixedfinal_20260629/formal_125runs/mirna_cold/seed_8/predictions.tsv	3550	f65b72d74746ba8641e7b79f819ff9fe35d6d9146bb2e984ae1b1ee91215c0c4	"{""0"": 1775, ""1"": 1775}"	"{""0"": 3373, ""1"": 177}"	1.8751489250234954e-09	0.9646768569946288	YES		outputs/paper1_data_refresh_20260710/PAPER1_7MODEL_PREDICTION_MANIFEST.tsv
MGCNA	native	mirna_cold	9	formal_runs/mgcna_corrected_fast_full125_fixedfinal_20260629/formal_125runs/mirna_cold/seed_9/predictions.tsv	3582	5f89a5c3233b97ef4be9ee9fee344322e6263520d6776b47ec0061f62c3c8dde	"{""0"": 1791, ""1"": 1791}"	"{""0"": 3216, ""1"": 366}"	4.11868796845738e-08	0.8835155963897705	YES		outputs/paper1_data_refresh_20260710/PAPER1_7MODEL_PREDICTION_MANIFEST.tsv
MGCNA	native	random	0	formal_runs/mgcna_corrected_fast_full125_fixedfinal_20260629/formal_125runs/random/seed_0/predictions.tsv	3488	98be55106bec08c6d8652f80493defd9ef32fea3e563ed6c79703cb9508119b5	"{""0"": 1744, ""1"": 1744}"	"{""0"": 2226, ""1"": 1262}"	2.440710665258667e-13	1.0	YES		outputs/paper1_data_refresh_20260710/PAPER1_7MODEL_PREDICTION_MANIFEST.tsv
MGCNA	native	random	1	formal_runs/mgcna_corrected_fast_full125_fixedfinal_20260629/formal_125runs/random/seed_1/predictions.tsv	3488	32b9240d801f71d63a91a2c1f5105fe348f790a2ac023671afe15c9b4c44354e	"{""0"": 1744, ""1"": 1744}"	"{""0"": 2111, ""1"": 1377}"	2.374066112968698e-13	1.0	YES		outputs/paper1_data_refresh_20260710/PAPER1_7MODEL_PREDICTION_MANIFEST.tsv
MGCNA	native	random	10	formal_runs/mgcna_corrected_fast_full125_fixedfinal_20260629/formal_125runs/random/seed_10/predictions.tsv	3488	750e54e44615c86ea0d09ded50f67c7df177edee32990920a22996c5d52e755f	"{""0"": 1744, ""1"": 1744}"	"{""0"": 2132, ""1"": 1356}"	2.7806938973640163e-09	1.0	YES		outputs/paper1_data_refresh_20260710/PAPER1_7MODEL_PREDICTION_MANIFEST.tsv
MGCNA	native	random	11	formal_runs/mgcna_corrected_fast_full125_fixedfinal_20260629/formal_125runs/random/seed_11/predictions.tsv	3488	2a7696d8951905cff3a140b28ceab005c5cb6635790a057ab4b772a0a1fa12de	"{""0"": 1744, ""1"": 1744}"	"{""0"": 2032, ""1"": 1456}"	9.578463502161994e-16	1.0	YES		outputs/paper1_data_refresh_20260710/PAPER1_7MODEL_PREDICTION_MANIFEST.tsv
MGCNA	native	random	12	formal_runs/mgcna_corrected_fast_full125_fixedfinal_20260629/formal_125runs/random/seed_12/predictions.tsv	3488	15bd3fddb5bfd48a4d9011717d5dc3f35a1168141e479a1bbc7ac149492a1e48	"{""0"": 1744, ""1"": 1744}"	"{""0"": 2018, ""1"": 1470}"	5.241344586403045e-15	1.0	YES		outputs/paper1_data_refresh_20260710/PAPER1_7MODEL_PREDICTION_MANIFEST.tsv
MGCNA	native	random	13	formal_runs/mgcna_corrected_fast_full125_fixedfinal_20260629/formal_125runs/random/seed_13/predictions.tsv	3488	7017aaa697d1fb7bf53b575295c7d63442e726366785710810430c718f042176	"{""0"": 1744, ""1"": 1744}"	"{""0"": 2118, ""1"": 1370}"	9.923784884124933e-13	1.0	YES		outputs/paper1_data_refresh_20260710/PAPER1_7MODEL_PREDICTION_MANIFEST.tsv
MGCNA	native	random	14	formal_runs/mgcna_corrected_fast_full125_fixedfinal_20260629/formal_125runs/random/seed_14/predictions.tsv	3488	d7e86f4576e9f8cbe4859246088da60b98b55556310be5d2422fca5c0943a273	"{""0"": 1744, ""1"": 1744}"	"{""0"": 2213, ""1"": 1275}"	3.420796979353353e-15	1.0	YES		outputs/paper1_data_refresh_20260710/PAPER1_7MODEL_PREDICTION_MANIFEST.tsv
MGCNA	native	random	15	formal_runs/mgcna_corrected_fast_full125_fixedfinal_20260629/formal_125runs/random/seed_15/predictions.tsv	3488	1ac197289fa7caafcf2e5ef003a0e7176cd5dcfb110bde8e97881a2851deae20	"{""0"": 1744, ""1"": 1744}"	"{""0"": 2133, ""1"": 1355}"	2.1789447416514784e-12	1.0	YES		outputs/paper1_data_refresh_20260710/PAPER1_7MODEL_PREDICTION_MANIFEST.tsv
MGCNA	native	random	16	formal_runs/mgcna_corrected_fast_full125_fixedfinal_20260629/formal_125runs/random/seed_16/predictions.tsv	3488	231e0a786c936998a4ce6da55f2b80eb39cbd1c0f3a456e78ea555f4a73e2d5f	"{""0"": 1744, ""1"": 1744}"	"{""0"": 2103, ""1"": 1385}"	1.4073255893976011e-09	1.0	YES		outputs/paper1_data_refresh_20260710/PAPER1_7MODEL_PREDICTION_MANIFEST.tsv
MGCNA	native	random	17	formal_runs/mgcna_corrected_fast_full125_fixedfinal_20260629/formal_125runs/random/seed_17/predictions.tsv	3488	b3e8423ef432a1e65a50f471e2061438fd84867553bbfc130a17e9dace0a0f1b	"{""0"": 1744, ""1"": 1744}"	"{""0"": 2217, ""1"": 1271}"	2.332166361071475e-12	1.0	YES		outputs/paper1_data_refresh_20260710/PAPER1_7MODEL_PREDICTION_MANIFEST.tsv
MGCNA	native	random	18	formal_runs/mgcna_corrected_fast_full125_fixedfinal_20260629/formal_125runs/random/seed_18/predictions.tsv	3488	60f4f71f5b9bf0c70a7a5977b35ea516b871364328b5ec8bec1db3de48b1a586	"{""0"": 1744, ""1"": 1744}"	"{""0"": 2196, ""1"": 1292}"	4.9030502151815175e-18	1.0	YES		outputs/paper1_data_refresh_20260710/PAPER1_7MODEL_PREDICTION_MANIFEST.tsv
MGCNA	native	random	19	formal_runs/mgcna_corrected_fast_full125_fixedfinal_20260629/formal_125runs/random/seed_19/predictions.tsv	3488	ed06b0d5116de58f5419c05eff2f3271970535dc109f3ebfede4bc6743512265	"{""0"": 1744, ""1"": 1744}"	"{""0"": 2225, ""1"": 1263}"	3.086509497488813e-15	1.0	YES		outputs/paper1_data_refresh_20260710/PAPER1_7MODEL_PREDICTION_MANIFEST.tsv
MGCNA	native	random	2	formal_runs/mgcna_corrected_fast_full125_fixedfinal_20260629/formal_125runs/random/seed_2/predictions.tsv	3488	4798b2e03411a68a4fa288ce0d3343b289177011ad43abff92edde9fd95cbde9	"{""0"": 1744, ""1"": 1744}"	"{""0"": 2113, ""1"": 1375}"	1.7853687818966254e-21	1.0	YES		outputs/paper1_data_refresh_20260710/PAPER1_7MODEL_PREDICTION_MANIFEST.tsv
MGCNA	native	random	20	formal_runs/mgcna_corrected_fast_full125_fixedfinal_20260629/formal_125runs/random/seed_20/predictions.tsv	3488	c53e6dea38fb585c5a9800bc902a3ba0205c0382d20e830cfc3b3c7a80168eb4	"{""0"": 1744, ""1"": 1744}"	"{""0"": 2114, ""1"": 1374}"	5.591827487819398e-37	1.0	YES		outputs/paper1_data_refresh_20260710/PAPER1_7MODEL_PREDICTION_MANIFEST.tsv
MGCNA	native	random	21	formal_runs/mgcna_corrected_fast_full125_fixedfinal_20260629/formal_125runs/random/seed_21/predictions.tsv	3488	da6520e2734cbe683ee6a51f3105d4906b55389648b3f0ef5783f8e7df43b592	"{""0"": 1744, ""1"": 1744}"	"{""0"": 2133, ""1"": 1355}"	2.4409677838038712e-12	1.0	YES		outputs/paper1_data_refresh_20260710/PAPER1_7MODEL_PREDICTION_MANIFEST.tsv
MGCNA	native	random	22	formal_runs/mgcna_corrected_fast_full125_fixedfinal_20260629/formal_125runs/random/seed_22/predictions.tsv	3488	277b01ac0a29088157ce9082effabb245f17e94f396d4a5adf4f9d3515ac18c2	"{""0"": 1744, ""1"": 1744}"	"{""0"": 2069, ""1"": 1419}"	2.391366117171327e-14	1.0	YES		outputs/paper1_data_refresh_20260710/PAPER1_7MODEL_PREDICTION_MANIFEST.tsv
MGCNA	native	random	23	formal_runs/mgcna_corrected_fast_full125_fixedfinal_20260629/formal_125runs/random/seed_23/predictions.tsv	3488	8eb6e5b3912b6dc3b2181e99feec7e040129ed942dc0e23edc278ed257ccd7e1	"{""0"": 1744, ""1"": 1744}"	"{""0"": 2069, ""1"": 1419}"	9.694577458636798e-18	1.0	YES		outputs/paper1_data_refresh_20260710/PAPER1_7MODEL_PREDICTION_MANIFEST.tsv
MGCNA	native	random	24	formal_runs/mgcna_corrected_fast_full125_fixedfinal_20260629/formal_125runs/random/seed_24/predictions.tsv	3488	3ceabfcb72792b7836168c3044137069d82efaf30fbfc9321534a284a8d791b5	"{""0"": 1744, ""1"": 1744}"	"{""0"": 2114, ""1"": 1374}"	6.066776421509434e-12	1.0	YES		outputs/paper1_data_refresh_20260710/PAPER1_7MODEL_PREDICTION_MANIFEST.tsv
MGCNA	native	random	3	formal_runs/mgcna_corrected_fast_full125_fixedfinal_20260629/formal_125runs/random/seed_3/predictions.tsv	3488	8f6441550a4a9c4acb3cd111d2a0e2d244f94b0806c71f7451e221adcfef5680	"{""0"": 1744, ""1"": 1744}"	"{""0"": 2106, ""1"": 1382}"	1.5072599168775014e-08	1.0	YES		outputs/paper1_data_refresh_20260710/PAPER1_7MODEL_PREDICTION_MANIFEST.tsv
MGCNA	native	random	4	formal_runs/mgcna_corrected_fast_full125_fixedfinal_20260629/formal_125runs/random/seed_4/predictions.tsv	3488	cc94fc36739d99a0b5d7227fcd9044b5d37c43553dca93ef5133f1b09d2152e0	"{""0"": 1744, ""1"": 1744}"	"{""0"": 2124, ""1"": 1364}"	2.672263587711124e-14	1.0	YES		outputs/paper1_data_refresh_20260710/PAPER1_7MODEL_PREDICTION_MANIFEST.tsv
MGCNA	native	random	5	formal_runs/mgcna_corrected_fast_full125_fixedfinal_20260629/formal_125runs/random/seed_5/predictions.tsv	3488	dd0e78af950096ea890d59afd75d62f928f43c195b8d532a12e20eaefabfcc61	"{""0"": 1744, ""1"": 1744}"	"{""0"": 2098, ""1"": 1390}"	1.791927564828218e-19	1.0	YES		outputs/paper1_data_refresh_20260710/PAPER1_7MODEL_PREDICTION_MANIFEST.tsv
MGCNA	native	random	6	formal_runs/mgcna_corrected_fast_full125_fixedfinal_20260629/formal_125runs/random/seed_6/predictions.tsv	3488	a2b6af50de4e62979da3c89f6bbf522a1348331cf1bbe32c8785bdd653e676e5	"{""0"": 1744, ""1"": 1744}"	"{""0"": 2163, ""1"": 1325}"	1.5372763690268618e-14	1.0	YES		outputs/paper1_data_refresh_20260710/PAPER1_7MODEL_PREDICTION_MANIFEST.tsv
MGCNA	native	random	7	formal_runs/mgcna_corrected_fast_full125_fixedfinal_20260629/formal_125runs/random/seed_7/predictions.tsv	3488	b9818746ab2e546e5ecc301d82cc2baf6edacc509565d47d1c4b6564a27d8a38	"{""0"": 1744, ""1"": 1744}"	"{""0"": 2035, ""1"": 1453}"	7.991913405472513e-15	1.0	YES		outputs/paper1_data_refresh_20260710/PAPER1_7MODEL_PREDICTION_MANIFEST.tsv
MGCNA	native	random	8	formal_runs/mgcna_corrected_fast_full125_fixedfinal_20260629/formal_125runs/random/seed_8/predictions.tsv	3488	84c9470087761b35ad214b002c5672330a278013a63dc78932696c1c2fb38562	"{""0"": 1744, ""1"": 1744}"	"{""0"": 2150, ""1"": 1338}"	8.792779333669094e-23	1.0	YES		outputs/paper1_data_refresh_20260710/PAPER1_7MODEL_PREDICTION_MANIFEST.tsv
MGCNA	native	random	9	formal_runs/mgcna_corrected_fast_full125_fixedfinal_20260629/formal_125runs/random/seed_9/predictions.tsv	3488	3aecb0950c53b3065bc3328ea9033143f7075216322b4c421eb42e85bc6bd6e4	"{""0"": 1744, ""1"": 1744}"	"{""0"": 2015, ""1"": 1473}"	6.712174947662775e-15	1.0	YES		outputs/paper1_data_refresh_20260710/PAPER1_7MODEL_PREDICTION_MANIFEST.tsv
MGCNA	native	scaffold_cold	0	formal_runs/mgcna_corrected_fast_full125_fixedfinal_20260629/formal_125runs/scaffold_cold/seed_0/predictions.tsv	5412	9d1617b4b77f6e7cec81de0c6b56bfbd914f539ee35a385cbea68fef4d5d6ab5	"{""0"": 2706, ""1"": 2706}"	"{""0"": 5301, ""1"": 111}"	4.699610839375978e-11	0.9013301730155944	YES		outputs/paper1_data_refresh_20260710/PAPER1_7MODEL_PREDICTION_MANIFEST.tsv
MGCNA	native	scaffold_cold	1	formal_runs/mgcna_corrected_fast_full125_fixedfinal_20260629/formal_125runs/scaffold_cold/seed_1/predictions.tsv	1818	0f07b4bc01c7d8edae29b6645bb52c064ca2de02029329d89ac4d9ae0d646824	"{""0"": 909, ""1"": 909}"	"{""0"": 1707, ""1"": 111}"	1.1089711776917505e-13	0.9999639987945556	YES		outputs/paper1_data_refresh_20260710/PAPER1_7MODEL_PREDICTION_MANIFEST.tsv
MGCNA	native	scaffold_cold	10	formal_runs/mgcna_corrected_fast_full125_fixedfinal_20260629/formal_125runs/scaffold_cold/seed_10/predictions.tsv	3146	df46322c759d6f0c5b116e01e7564b476dfee09805c8ea918fb4225adfbf807c	"{""0"": 1573, ""1"": 1573}"	"{""0"": 2976, ""1"": 170}"	2.4460767799157827e-15	0.999956965446472	YES		outputs/paper1_data_refresh_20260710/PAPER1_7MODEL_PREDICTION_MANIFEST.tsv
MGCNA	native	scaffold_cold	11	formal_runs/mgcna_corrected_fast_full125_fixedfinal_20260629/formal_125runs/scaffold_cold/seed_11/predictions.tsv	2654	5507dfa839984d7e820b21ac32c3613d725bf519d67a5ca8a4dfac17aa9d08b8	"{""0"": 1327, ""1"": 1327}"	"{""0"": 2422, ""1"": 232}"	9.048737779036866e-15	0.9959934949874876	YES		outputs/paper1_data_refresh_20260710/PAPER1_7MODEL_PREDICTION_MANIFEST.tsv
MGCNA	native	scaffold_cold	12	formal_runs/mgcna_corrected_fast_full125_fixedfinal_20260629/formal_125runs/scaffold_cold/seed_12/predictions.tsv	3358	bb919b0711d341563902138cd852410162cdc2e4e5a0fe04e6e0f0f0071bd9f9	"{""0"": 1679, ""1"": 1679}"	"{""0"": 3102, ""1"": 256}"	1.1480754541492999e-10	0.9755910634994506	YES		outputs/paper1_data_refresh_20260710/PAPER1_7MODEL_PREDICTION_MANIFEST.tsv
MGCNA	native	scaffold_cold	13	formal_runs/mgcna_corrected_fast_full125_fixedfinal_20260629/formal_125runs/scaffold_cold/seed_13/predictions.tsv	3058	4116415ea761bd3682b2ee5eebb11c6f1e8d752b2a2d7de07398a5bfba24b452	"{""0"": 1529, ""1"": 1529}"	"{""0"": 2901, ""1"": 157}"	4.339455184076968e-11	0.9999772310256958	YES		outputs/paper1_data_refresh_20260710/PAPER1_7MODEL_PREDICTION_MANIFEST.tsv
MGCNA	native	scaffold_cold	14	formal_runs/mgcna_corrected_fast_full125_fixedfinal_20260629/formal_125runs/scaffold_cold/seed_14/predictions.tsv	2568	71ffb12d83569d6288f291c750ffbee555215fc1bce31eb7680148f7ca8097d8	"{""0"": 1284, ""1"": 1284}"	"{""0"": 2380, ""1"": 188}"	2.961319245375904e-10	0.9969093203544616	YES		outputs/paper1_data_refresh_20260710/PAPER1_7MODEL_PREDICTION_MANIFEST.tsv
MGCNA	native	scaffold_cold	15	formal_runs/mgcna_corrected_fast_full125_fixedfinal_20260629/formal_125runs/scaffold_cold/seed_15/predictions.tsv	5600	7f15dacf2d60e4082c98dcbb03de37ba490a65fee34f6ac63ae428a5ab5b9092	"{""0"": 2800, ""1"": 2800}"	"{""0"": 5299, ""1"": 301}"	3.177091338180169e-18	0.9994975328445433	YES		outputs/paper1_data_refresh_20260710/PAPER1_7MODEL_PREDICTION_MANIFEST.tsv
MGCNA	native	scaffold_cold	16	formal_runs/mgcna_corrected_fast_full125_fixedfinal_20260629/formal_125runs/scaffold_cold/seed_16/predictions.tsv	4262	a23310884f0e0b58c963ec6c8132f806ae56a1ee218fcb6a763722351ab01d11	"{""0"": 2131, ""1"": 2131}"	"{""0"": 3916, ""1"": 346}"	5.148836437126196e-23	0.9998973608016968	YES		outputs/paper1_data_refresh_20260710/PAPER1_7MODEL_PREDICTION_MANIFEST.tsv
MGCNA	native	scaffold_cold	17	formal_runs/mgcna_corrected_fast_full125_fixedfinal_20260629/formal_125runs/scaffold_cold/seed_17/predictions.tsv	1992	81e50361e892f05f01698d55e28e1f7216e0e14326aa16db635dd9da4f57bc8b	"{""0"": 996, ""1"": 996}"	"{""0"": 1808, ""1"": 184}"	5.559663273750354e-16	0.965985894203186	YES		outputs/paper1_data_refresh_20260710/PAPER1_7MODEL_PREDICTION_MANIFEST.tsv
MGCNA	native	scaffold_cold	18	formal_runs/mgcna_corrected_fast_full125_fixedfinal_20260629/formal_125runs/scaffold_cold/seed_18/predictions.tsv	2962	566453e7d4dae664a3528a71896107d25d2f79c00e2c1078772d87f304461ea8	"{""0"": 1481, ""1"": 1481}"	"{""0"": 2850, ""1"": 112}"	1.7821640972866262e-13	0.8381208777427673	YES		outputs/paper1_data_refresh_20260710/PAPER1_7MODEL_PREDICTION_MANIFEST.tsv
MGCNA	native	scaffold_cold	19	formal_runs/mgcna_corrected_fast_full125_fixedfinal_20260629/formal_125runs/scaffold_cold/seed_19/predictions.tsv	1816	f634c4c83d4fbfff0b88af49ab25deaaf2a73fff4f4cae0e3df8308aeed0cef3	"{""0"": 908, ""1"": 908}"	"{""0"": 1665, ""1"": 151}"	6.408425633708248e-06	0.9981355667114256	YES		outputs/paper1_data_refresh_20260710/PAPER1_7MODEL_PREDICTION_MANIFEST.tsv
MGCNA	native	scaffold_cold	2	formal_runs/mgcna_corrected_fast_full125_fixedfinal_20260629/formal_125runs/scaffold_cold/seed_2/predictions.tsv	848	a7208bcc440684722137700762740a94536ecf26b881b707727322972bd59a13	"{""0"": 424, ""1"": 424}"	"{""0"": 717, ""1"": 131}"	4.607991418992263e-11	0.9851438403129577	YES		outputs/paper1_data_refresh_20260710/PAPER1_7MODEL_PREDICTION_MANIFEST.tsv
MGCNA	native	scaffold_cold	20	formal_runs/mgcna_corrected_fast_full125_fixedfinal_20260629/formal_125runs/scaffold_cold/seed_20/predictions.tsv	4650	dc930c21372298a562dbeccb36df1acb43143cbf744dfc14595c7ee98052da3a	"{""0"": 2325, ""1"": 2325}"	"{""0"": 4288, ""1"": 362}"	9.27785765017031e-15	0.9879977703094482	YES		outputs/paper1_data_refresh_20260710/PAPER1_7MODEL_PREDICTION_MANIFEST.tsv
MGCNA	native	scaffold_cold	21	formal_runs/mgcna_corrected_fast_full125_fixedfinal_20260629/formal_125runs/scaffold_cold/seed_21/predictions.tsv	4046	a0dfc99a3e7da75b9c0d6a0639a254ef0ea0932826ae2ad4bbd2c6316248b22c	"{""0"": 2023, ""1"": 2023}"	"{""0"": 3869, ""1"": 177}"	2.0573936998502518e-10	0.9492137432098388	YES		outputs/paper1_data_refresh_20260710/PAPER1_7MODEL_PREDICTION_MANIFEST.tsv
MGCNA	native	scaffold_cold	22	formal_runs/mgcna_corrected_fast_full125_fixedfinal_20260629/formal_125runs/scaffold_cold/seed_22/predictions.tsv	3676	af95f149222a2b2c1b4f5c9c7457bbb4bc5de0cbfd22bfe88b9327678c1fd95d	"{""0"": 1838, ""1"": 1838}"	"{""0"": 3399, ""1"": 277}"	3.517420335853761e-24	1.0	YES		outputs/paper1_data_refresh_20260710/PAPER1_7MODEL_PREDICTION_MANIFEST.tsv
MGCNA	native	scaffold_cold	23	formal_runs/mgcna_corrected_fast_full125_fixedfinal_20260629/formal_125runs/scaffold_cold/seed_23/predictions.tsv	2208	320c9f3f32cd2799116d48f30486d781a076fe6acde1d67c613de9aaf30f7bf7	"{""0"": 1104, ""1"": 1104}"	"{""0"": 2122, ""1"": 86}"	2.959420555836977e-11	0.9748526215553284	YES		outputs/paper1_data_refresh_20260710/PAPER1_7MODEL_PREDICTION_MANIFEST.tsv
MGCNA	native	scaffold_cold	24	formal_runs/mgcna_corrected_fast_full125_fixedfinal_20260629/formal_125runs/scaffold_cold/seed_24/predictions.tsv	2998	03b7c7633ddbff4950ae21ddb4faba93e096d989af01b2de5bdb3a610988d361	"{""0"": 1499, ""1"": 1499}"	"{""0"": 2866, ""1"": 132}"	1.5911794897086358e-19	0.9772162437438964	YES		outputs/paper1_data_refresh_20260710/PAPER1_7MODEL_PREDICTION_MANIFEST.tsv
MGCNA	native	scaffold_cold	3	formal_runs/mgcna_corrected_fast_full125_fixedfinal_20260629/formal_125runs/scaffold_cold/seed_3/predictions.tsv	1714	330fd40f441000346cd441d5522c6eb81cb7ffcd93cc124d4d6cef81661a445c	"{""0"": 857, ""1"": 857}"	"{""0"": 1402, ""1"": 312}"	1.1264023047630187e-10	0.9999998807907104	YES		outputs/paper1_data_refresh_20260710/PAPER1_7MODEL_PREDICTION_MANIFEST.tsv
MGCNA	native	scaffold_cold	4	formal_runs/mgcna_corrected_fast_full125_fixedfinal_20260629/formal_125runs/scaffold_cold/seed_4/predictions.tsv	5548	5d87f415e8f5b6b64b11b996455c69f9435e64cda7e7dd140d93e513b3696a3c	"{""0"": 2774, ""1"": 2774}"	"{""0"": 5208, ""1"": 340}"	1.3148442189006293e-18	1.0	YES		outputs/paper1_data_refresh_20260710/PAPER1_7MODEL_PREDICTION_MANIFEST.tsv
MGCNA	native	scaffold_cold	5	formal_runs/mgcna_corrected_fast_full125_fixedfinal_20260629/formal_125runs/scaffold_cold/seed_5/predictions.tsv	4862	39110b462ce532856f174a8b99bb99412de5f7a9c7fed703d693c47710e9e24d	"{""0"": 2431, ""1"": 2431}"	"{""0"": 4529, ""1"": 333}"	1.2635609789382609e-12	0.9873799085617064	YES		outputs/paper1_data_refresh_20260710/PAPER1_7MODEL_PREDICTION_MANIFEST.tsv
MGCNA	native	scaffold_cold	6	formal_runs/mgcna_corrected_fast_full125_fixedfinal_20260629/formal_125runs/scaffold_cold/seed_6/predictions.tsv	2252	ef71ab10fa76e295dec54cd8ed1bf518134b609bd25fe26c6bc89f0ed392bd4b	"{""0"": 1126, ""1"": 1126}"	"{""0"": 2112, ""1"": 140}"	2.7443240924185375e-07	0.971037983894348	YES		outputs/paper1_data_refresh_20260710/PAPER1_7MODEL_PREDICTION_MANIFEST.tsv
MGCNA	native	scaffold_cold	7	formal_runs/mgcna_corrected_fast_full125_fixedfinal_20260629/formal_125runs/scaffold_cold/seed_7/predictions.tsv	3458	9a1156ffc5427799b6dfd792f60bde4a7318b77a873eb1cbefd5947584f1db2c	"{""0"": 1729, ""1"": 1729}"	"{""0"": 3251, ""1"": 207}"	2.6748324268819094e-15	0.992562711238861	YES		outputs/paper1_data_refresh_20260710/PAPER1_7MODEL_PREDICTION_MANIFEST.tsv
MGCNA	native	scaffold_cold	8	formal_runs/mgcna_corrected_fast_full125_fixedfinal_20260629/formal_125runs/scaffold_cold/seed_8/predictions.tsv	2634	9e996bb9def9adbffb712519fd77081017bf7d7b680d25fbe16dfd2c315feb85	"{""0"": 1317, ""1"": 1317}"	"{""0"": 2512, ""1"": 122}"	2.119593012594296e-16	0.9944538474082946	YES		outputs/paper1_data_refresh_20260710/PAPER1_7MODEL_PREDICTION_MANIFEST.tsv
MGCNA	native	scaffold_cold	9	formal_runs/mgcna_corrected_fast_full125_fixedfinal_20260629/formal_125runs/scaffold_cold/seed_9/predictions.tsv	1688	8136bc9a1d1ae4667075f4c426c8012d069a4b2502704dc7c71d6191513f95ae	"{""0"": 844, ""1"": 844}"	"{""0"": 1522, ""1"": 166}"	2.6742408634761183e-11	0.9764434099197388	YES		outputs/paper1_data_refresh_20260710/PAPER1_7MODEL_PREDICTION_MANIFEST.tsv
MGCNA	native	strict_cold	0	formal_runs/mgcna_corrected_fast_full125_fixedfinal_20260629/formal_125runs/strict_cold/seed_0/predictions.tsv	892	4360e9a617bde890ff2ae8f1a829f0231020ef696b80e716d4ba343307c49026	"{""0"": 446, ""1"": 446}"	"{""0"": 892}"	2.281807246617973e-05	0.0798952281475067	YES		outputs/paper1_data_refresh_20260710/PAPER1_7MODEL_PREDICTION_MANIFEST.tsv
MGCNA	native	strict_cold	1	formal_runs/mgcna_corrected_fast_full125_fixedfinal_20260629/formal_125runs/strict_cold/seed_1/predictions.tsv	496	9c5dc1b9c0bd0b38d3a7d4fdc2cdece20eddf1ee9551ef96df5c05b69428d721	"{""0"": 248, ""1"": 248}"	"{""0"": 496}"	1.32704968791586e-07	0.0025419197045266	YES		outputs/paper1_data_refresh_20260710/PAPER1_7MODEL_PREDICTION_MANIFEST.tsv
MGCNA	native	strict_cold	10	formal_runs/mgcna_corrected_fast_full125_fixedfinal_20260629/formal_125runs/strict_cold/seed_10/predictions.tsv	140	6a0b88a06c84535a21931f46e9c1ab8963a8001f495d77f025f990b5120606de	"{""0"": 70, ""1"": 70}"	"{""0"": 140}"	2.442991899442859e-05	0.0057638962753117	YES		outputs/paper1_data_refresh_20260710/PAPER1_7MODEL_PREDICTION_MANIFEST.tsv
MGCNA	native	strict_cold	11	formal_runs/mgcna_corrected_fast_full125_fixedfinal_20260629/formal_125runs/strict_cold/seed_11/predictions.tsv	952	a95a98bc745c49e966b605f129ee2f459400e133bc26a7b477ad2bbfc46e8d80	"{""0"": 476, ""1"": 476}"	"{""0"": 952}"	9.133516141446307e-05	0.0037008021026849	YES		outputs/paper1_data_refresh_20260710/PAPER1_7MODEL_PREDICTION_MANIFEST.tsv
MGCNA	native	strict_cold	12	formal_runs/mgcna_corrected_fast_full125_fixedfinal_20260629/formal_125runs/strict_cold/seed_12/predictions.tsv	452	43b3a44e34a7eef48eed779ed8dd0db4cab39ebb986b2739c03635652949ada4	"{""0"": 226, ""1"": 226}"	"{""0"": 452}"	5.8770667237695307e-05	0.0056677632965147	YES		outputs/paper1_data_refresh_20260710/PAPER1_7MODEL_PREDICTION_MANIFEST.tsv
MGCNA	native	strict_cold	13	formal_runs/mgcna_corrected_fast_full125_fixedfinal_20260629/formal_125runs/strict_cold/seed_13/predictions.tsv	736	f15a1b621fa7ff0824d15b5d1aabe45592e7030c5d0e95b440a2c7bb36266c40	"{""0"": 368, ""1"": 368}"	"{""0"": 736}"	1.6469896024773337e-07	0.0155786089599132	YES		outputs/paper1_data_refresh_20260710/PAPER1_7MODEL_PREDICTION_MANIFEST.tsv
MGCNA	native	strict_cold	14	formal_runs/mgcna_corrected_fast_full125_fixedfinal_20260629/formal_125runs/strict_cold/seed_14/predictions.tsv	710	a63c918032f899d314f9bf696cce58bf61fecb0d2beda01446b5f4dbb5f549e9	"{""0"": 355, ""1"": 355}"	"{""0"": 710}"	2.371452865190804e-06	0.0128303430974483	YES		outputs/paper1_data_refresh_20260710/PAPER1_7MODEL_PREDICTION_MANIFEST.tsv
MGCNA	native	strict_cold	15	formal_runs/mgcna_corrected_fast_full125_fixedfinal_20260629/formal_125runs/strict_cold/seed_15/predictions.tsv	1402	5a9f3e17385a3151ad9a5b84110c296bf99775b38d4606e5096151e981f78c3d	"{""0"": 701, ""1"": 701}"	"{""0"": 1402}"	4.12492809118703e-05	0.0136650912463665	YES		outputs/paper1_data_refresh_20260710/PAPER1_7MODEL_PREDICTION_MANIFEST.tsv
MGCNA	native	strict_cold	16	formal_runs/mgcna_corrected_fast_full125_fixedfinal_20260629/formal_125runs/strict_cold/seed_16/predictions.tsv	856	0544bec4f4f90c57fa963fdabe5b203dc9bb1a6b54d272edac26b1be44fcf60f	"{""0"": 428, ""1"": 428}"	"{""0"": 856}"	0.0002474455686751	0.0514106564223766	YES		outputs/paper1_data_refresh_20260710/PAPER1_7MODEL_PREDICTION_MANIFEST.tsv
MGCNA	native	strict_cold	17	formal_runs/mgcna_corrected_fast_full125_fixedfinal_20260629/formal_125runs/strict_cold/seed_17/predictions.tsv	272	cb02f2b43017ce61132969dc07bea1789cb33896a731d3cad06599e2289e9bba	"{""0"": 136, ""1"": 136}"	"{""0"": 272}"	0.0019479554612189	0.0029777551535516	YES		outputs/paper1_data_refresh_20260710/PAPER1_7MODEL_PREDICTION_MANIFEST.tsv
MGCNA	native	strict_cold	18	formal_runs/mgcna_corrected_fast_full125_fixedfinal_20260629/formal_125runs/strict_cold/seed_18/predictions.tsv	468	02c920205ec1bb3991b524bef0400cc27a36040c1144da8777ee1458254a6052	"{""0"": 234, ""1"": 234}"	"{""0"": 468}"	0.0001615156215848	0.028805823996663	YES		outputs/paper1_data_refresh_20260710/PAPER1_7MODEL_PREDICTION_MANIFEST.tsv
MGCNA	native	strict_cold	19	formal_runs/mgcna_corrected_fast_full125_fixedfinal_20260629/formal_125runs/strict_cold/seed_19/predictions.tsv	526	889b519dceb82632140e0b9012f0169b1c119840e7f47f55f55d8a262488d235	"{""0"": 263, ""1"": 263}"	"{""0"": 526}"	0.0002246835792902	0.1704114079475402	YES		outputs/paper1_data_refresh_20260710/PAPER1_7MODEL_PREDICTION_MANIFEST.tsv
MGCNA	native	strict_cold	2	formal_runs/mgcna_corrected_fast_full125_fixedfinal_20260629/formal_125runs/strict_cold/seed_2/predictions.tsv	498	f35ed1c3b4d7c52b0ae42bd8c43922e14d8cf29ff5f8bf4666698d1db81b43d7	"{""0"": 249, ""1"": 249}"	"{""0"": 498}"	5.337147740647197e-06	0.0048814010806381	YES		outputs/paper1_data_refresh_20260710/PAPER1_7MODEL_PREDICTION_MANIFEST.tsv
MGCNA	native	strict_cold	20	formal_runs/mgcna_corrected_fast_full125_fixedfinal_20260629/formal_125runs/strict_cold/seed_20/predictions.tsv	782	30a8c0eaf39aa9a24adcbaa86268071ac26b8ded30d5d747343cf2665cc8ef6b	"{""0"": 391, ""1"": 391}"	"{""0"": 782}"	9.206307368003763e-06	0.0119069460779428	YES		outputs/paper1_data_refresh_20260710/PAPER1_7MODEL_PREDICTION_MANIFEST.tsv
MGCNA	native	strict_cold	21	formal_runs/mgcna_corrected_fast_full125_fixedfinal_20260629/formal_125runs/strict_cold/seed_21/predictions.tsv	1278	35f65088eb401c659f52e5720754fd6fe6e645f5317ef9f6ce7c5f3011009adc	"{""0"": 639, ""1"": 639}"	"{""0"": 1278}"	0.000337434845278	0.0245250966399908	YES		outputs/paper1_data_refresh_20260710/PAPER1_7MODEL_PREDICTION_MANIFEST.tsv
MGCNA	native	strict_cold	22	formal_runs/mgcna_corrected_fast_full125_fixedfinal_20260629/formal_125runs/strict_cold/seed_22/predictions.tsv	778	0f812c2b6e05b8d47ff64338d3909856773ad5c9b5e078e8c75ee3e098677909	"{""0"": 389, ""1"": 389}"	"{""0"": 778}"	0.0001730857184156	0.1333128809928894	YES		outputs/paper1_data_refresh_20260710/PAPER1_7MODEL_PREDICTION_MANIFEST.tsv
MGCNA	native	strict_cold	23	formal_runs/mgcna_corrected_fast_full125_fixedfinal_20260629/formal_125runs/strict_cold/seed_23/predictions.tsv	924	94d57fc44487e518a27c0b85516a9d3e9441933c29f2c94fe68a1974eecce0b8	"{""0"": 462, ""1"": 462}"	"{""0"": 924}"	6.575231236638501e-05	0.0075839958153665	YES		outputs/paper1_data_refresh_20260710/PAPER1_7MODEL_PREDICTION_MANIFEST.tsv
MGCNA	native	strict_cold	24	formal_runs/mgcna_corrected_fast_full125_fixedfinal_20260629/formal_125runs/strict_cold/seed_24/predictions.tsv	584	38046f7ab34a915b724aba3bd6ae7325d5f1d058bd4c943e75f4e6bf30f967cf	"{""0"": 292, ""1"": 292}"	"{""0"": 584}"	1.7898200894705951e-06	0.0404560975730419	YES		outputs/paper1_data_refresh_20260710/PAPER1_7MODEL_PREDICTION_MANIFEST.tsv
MGCNA	native	strict_cold	3	formal_runs/mgcna_corrected_fast_full125_fixedfinal_20260629/formal_125runs/strict_cold/seed_3/predictions.tsv	1158	9db78e9429168cd0f0b53e024e6b0beb4ee1bb7d4217e8313ec43ba7534d7c7d	"{""0"": 579, ""1"": 579}"	"{""0"": 1158}"	0.0008167777559719	0.001477779704146	YES		outputs/paper1_data_refresh_20260710/PAPER1_7MODEL_PREDICTION_MANIFEST.tsv
MGCNA	native	strict_cold	4	formal_runs/mgcna_corrected_fast_full125_fixedfinal_20260629/formal_125runs/strict_cold/seed_4/predictions.tsv	884	4a52916f9654672321023030783005e5b8abf18032288e635007e5b8c3c0e9cb	"{""0"": 442, ""1"": 442}"	"{""0"": 884}"	7.480697968276218e-05	0.0008040398824959	YES		outputs/paper1_data_refresh_20260710/PAPER1_7MODEL_PREDICTION_MANIFEST.tsv
MGCNA	native	strict_cold	5	formal_runs/mgcna_corrected_fast_full125_fixedfinal_20260629/formal_125runs/strict_cold/seed_5/predictions.tsv	492	7b9a487ded0bc030945cb67217503370c90e52cc8d95bd17cdf1f9ddd50f6315	"{""0"": 246, ""1"": 246}"	"{""0"": 492}"	0.0001053256637533	0.0032444088719785	YES		outputs/paper1_data_refresh_20260710/PAPER1_7MODEL_PREDICTION_MANIFEST.tsv
MGCNA	native	strict_cold	6	formal_runs/mgcna_corrected_fast_full125_fixedfinal_20260629/formal_125runs/strict_cold/seed_6/predictions.tsv	788	8794e1463a6e708bbc2d39898819385497b462824d7e73aa7c00a1470037ed4e	"{""0"": 394, ""1"": 394}"	"{""0"": 788}"	4.716037801699713e-05	0.0028805304318666	YES		outputs/paper1_data_refresh_20260710/PAPER1_7MODEL_PREDICTION_MANIFEST.tsv
MGCNA	native	strict_cold	7	formal_runs/mgcna_corrected_fast_full125_fixedfinal_20260629/formal_125runs/strict_cold/seed_7/predictions.tsv	374	4569bdd87a96d25aa0630d76ccf11ef420194533fa0bfbc98faa2261e7ec50a3	"{""0"": 187, ""1"": 187}"	"{""0"": 374}"	0.0005244791391305	0.0228728149086236	YES		outputs/paper1_data_refresh_20260710/PAPER1_7MODEL_PREDICTION_MANIFEST.tsv
MGCNA	native	strict_cold	8	formal_runs/mgcna_corrected_fast_full125_fixedfinal_20260629/formal_125runs/strict_cold/seed_8/predictions.tsv	416	6e4ab0ea71c886f9f74534bddd490ca8be2ccb130312029045b8aadbea1493f0	"{""0"": 208, ""1"": 208}"	"{""0"": 416}"	1.847287052214597e-07	0.0093528497964143	YES		outputs/paper1_data_refresh_20260710/PAPER1_7MODEL_PREDICTION_MANIFEST.tsv
MGCNA	native	strict_cold	9	formal_runs/mgcna_corrected_fast_full125_fixedfinal_20260629/formal_125runs/strict_cold/seed_9/predictions.tsv	508	a760d2a6257817bca80cdc311d56458be15bceae6b54267ecf91cfcf0ca60739	"{""0"": 254, ""1"": 254}"	"{""0"": 508}"	0.0002159366558771	0.0591987520456314	YES		outputs/paper1_data_refresh_20260710/PAPER1_7MODEL_PREDICTION_MANIFEST.tsv
