Resource	Platform	Dataset	Metric	top_frac	top_k	n_pairs	n_drugs	n_precursors	Spearman(score, external)	P_spearman	Top_mean	Background_mean	Enrichment_ratio	Empirical_p	source	upstream_source
CellMiner	OSU	MDR	abs_spearman_rho	0.01	94	9307	49	190	0.0319128680091596	0.0020763100181577	0.1758327290504734	0.1462989120118008	1.201873114656453	0.0041991601679664	external_validation/processed/CellMiner/enrichment_multiseed/CellMiner_OSU_seed0_enrichment_summary.csv	formal_runs/table_exports/external_enrichment_final_raw.tsv
CellMiner	OSU	MDR	is_p_lt_0_05	0.01	94	9307	49	190	0.0319128680091596	0.0020763100181577	0.2340425531914893	0.1602019984957559	1.4609215577150847	0.0421915616876624	external_validation/processed/CellMiner/enrichment_multiseed/CellMiner_OSU_seed0_enrichment_summary.csv	formal_runs/table_exports/external_enrichment_final_raw.tsv
CellMiner	OSU	MDR	is_fdr_lt_0_1	0.01	94	9307	49	190	0.0319128680091596	0.0020763100181577	0.0531914893617021	0.0234232298270119	2.2708861994924847	0.0757848430313937	external_validation/processed/CellMiner/enrichment_multiseed/CellMiner_OSU_seed0_enrichment_summary.csv	formal_runs/table_exports/external_enrichment_final_raw.tsv
CellMiner	OSU	MDR	is_fdr_lt_0_05	0.01	94	9307	49	190	0.0319128680091596	0.0020763100181577	0.0319148936170212	0.007091436553132	4.500483558994197	0.030993801239752	external_validation/processed/CellMiner/enrichment_multiseed/CellMiner_OSU_seed0_enrichment_summary.csv	formal_runs/table_exports/external_enrichment_final_raw.tsv
CellMiner	OSU	MDR	abs_spearman_rho	0.05	466	9307	49	190	0.0319128680091596	0.0020763100181577	0.1635650202238938	0.1462989120118008	1.1180193890348291	0.0001999600079984	external_validation/processed/CellMiner/enrichment_multiseed/CellMiner_OSU_seed0_enrichment_summary.csv	formal_runs/table_exports/external_enrichment_final_raw.tsv
CellMiner	OSU	MDR	is_p_lt_0_05	0.05	466	9307	49	190	0.0319128680091596	0.0020763100181577	0.2145922746781116	0.1602019984957559	1.3395105972026724	0.000999800039992	external_validation/processed/CellMiner/enrichment_multiseed/CellMiner_OSU_seed0_enrichment_summary.csv	formal_runs/table_exports/external_enrichment_final_raw.tsv
CellMiner	OSU	MDR	is_fdr_lt_0_1	0.05	466	9307	49	190	0.0319128680091596	0.0020763100181577	0.0472103004291845	0.0234232298270119	2.0155333307083514	0.0015996800639872	external_validation/processed/CellMiner/enrichment_multiseed/CellMiner_OSU_seed0_enrichment_summary.csv	formal_runs/table_exports/external_enrichment_final_raw.tsv
CellMiner	OSU	MDR	is_fdr_lt_0_05	0.05	466	9307	49	190	0.0319128680091596	0.0020763100181577	0.0128755364806866	0.007091436553132	1.815645727662895	0.1105778844231153	external_validation/processed/CellMiner/enrichment_multiseed/CellMiner_OSU_seed0_enrichment_summary.csv	formal_runs/table_exports/external_enrichment_final_raw.tsv
CellMiner	OSU	MDR	abs_spearman_rho	0.1	931	9307	49	190	0.0319128680091596	0.0020763100181577	0.1610815100083018	0.1462989120118008	1.1010437999382292	0.0001999600079984	external_validation/processed/CellMiner/enrichment_multiseed/CellMiner_OSU_seed0_enrichment_summary.csv	formal_runs/table_exports/external_enrichment_final_raw.tsv
CellMiner	OSU	MDR	is_p_lt_0_05	0.1	931	9307	49	190	0.0319128680091596	0.0020763100181577	0.2030075187969924	0.1602019984957559	1.2671971679702272	0.0001999600079984	external_validation/processed/CellMiner/enrichment_multiseed/CellMiner_OSU_seed0_enrichment_summary.csv	formal_runs/table_exports/external_enrichment_final_raw.tsv
CellMiner	OSU	MDR	is_fdr_lt_0_1	0.1	931	9307	49	190	0.0319128680091596	0.0020763100181577	0.0386680988184747	0.0234232298270119	1.6508440169887364	0.0025994801039792	external_validation/processed/CellMiner/enrichment_multiseed/CellMiner_OSU_seed0_enrichment_summary.csv	formal_runs/table_exports/external_enrichment_final_raw.tsv
CellMiner	OSU	MDR	is_fdr_lt_0_05	0.1	931	9307	49	190	0.0319128680091596	0.0020763100181577	0.0128893662728249	0.007091436553132	1.81759593789669	0.0301939612077584	external_validation/processed/CellMiner/enrichment_multiseed/CellMiner_OSU_seed0_enrichment_summary.csv	formal_runs/table_exports/external_enrichment_final_raw.tsv
CellMiner	OSU	MDS	abs_spearman_rho	0.01	101	10094	51	198	0.0156919999786963	0.1149198772633902	0.1670020541272547	0.1454008000944035	1.1485635155984444	0.021995600879824	external_validation/processed/CellMiner/enrichment_multiseed/CellMiner_OSU_seed0_enrichment_summary.csv	formal_runs/table_exports/external_enrichment_final_raw.tsv
CellMiner	OSU	MDS	is_p_lt_0_05	0.01	101	10094	51	198	0.0156919999786963	0.1149198772633902	0.2079207920792079	0.1601941747572815	1.2979297929792977	0.1259748050389922	external_validation/processed/CellMiner/enrichment_multiseed/CellMiner_OSU_seed0_enrichment_summary.csv	formal_runs/table_exports/external_enrichment_final_raw.tsv
CellMiner	OSU	MDS	is_fdr_lt_0_1	0.01	101	10094	51	198	0.0156919999786963	0.1149198772633902	0.0792079207920792	0.0244699821676243	3.236942317713553	0.0027994401119776	external_validation/processed/CellMiner/enrichment_multiseed/CellMiner_OSU_seed0_enrichment_summary.csv	formal_runs/table_exports/external_enrichment_final_raw.tsv
CellMiner	OSU	MDS	is_fdr_lt_0_05	0.01	101	10094	51	198	0.0156919999786963	0.1149198772633902	0.0396039603960396	0.0065385377451951	6.057005700570057	0.0031993601279744	external_validation/processed/CellMiner/enrichment_multiseed/CellMiner_OSU_seed0_enrichment_summary.csv	formal_runs/table_exports/external_enrichment_final_raw.tsv
CellMiner	OSU	MDS	abs_spearman_rho	0.05	505	10094	51	198	0.0156919999786963	0.1149198772633902	0.159484677247068	0.1454008000944035	1.0968624460355128	0.0017996400719856	external_validation/processed/CellMiner/enrichment_multiseed/CellMiner_OSU_seed0_enrichment_summary.csv	formal_runs/table_exports/external_enrichment_final_raw.tsv
CellMiner	OSU	MDS	is_p_lt_0_05	0.05	505	10094	51	198	0.0156919999786963	0.1149198772633902	0.1881188118811881	0.1601941747572815	1.1743174317431742	0.0521895620875824	external_validation/processed/CellMiner/enrichment_multiseed/CellMiner_OSU_seed0_enrichment_summary.csv	formal_runs/table_exports/external_enrichment_final_raw.tsv
CellMiner	OSU	MDS	is_fdr_lt_0_1	0.05	505	10094	51	198	0.0156919999786963	0.1149198772633902	0.0297029702970297	0.0244699821676243	1.213853369142582	0.2649470105978804	external_validation/processed/CellMiner/enrichment_multiseed/CellMiner_OSU_seed0_enrichment_summary.csv	formal_runs/table_exports/external_enrichment_final_raw.tsv
CellMiner	OSU	MDS	is_fdr_lt_0_05	0.05	505	10094	51	198	0.0156919999786963	0.1149198772633902	0.0158415841584158	0.0065385377451951	2.422802280228023	0.0145970805838832	external_validation/processed/CellMiner/enrichment_multiseed/CellMiner_OSU_seed0_enrichment_summary.csv	formal_runs/table_exports/external_enrichment_final_raw.tsv
CellMiner	OSU	MDS	abs_spearman_rho	0.1	1010	10094	51	198	0.0156919999786963	0.1149198772633902	0.159623117942877	0.1454008000944035	1.0978145776312065	0.0001999600079984	external_validation/processed/CellMiner/enrichment_multiseed/CellMiner_OSU_seed0_enrichment_summary.csv	formal_runs/table_exports/external_enrichment_final_raw.tsv
CellMiner	OSU	MDS	is_p_lt_0_05	0.1	1010	10094	51	198	0.0156919999786963	0.1149198772633902	0.198019801980198	0.1601941747572815	1.236123612361236	0.0003999200159968	external_validation/processed/CellMiner/enrichment_multiseed/CellMiner_OSU_seed0_enrichment_summary.csv	formal_runs/table_exports/external_enrichment_final_raw.tsv
CellMiner	OSU	MDS	is_fdr_lt_0_1	0.1	1010	10094	51	198	0.0156919999786963	0.1149198772633902	0.0346534653465346	0.0244699821676243	1.4161622639996794	0.0221955608878224	external_validation/processed/CellMiner/enrichment_multiseed/CellMiner_OSU_seed0_enrichment_summary.csv	formal_runs/table_exports/external_enrichment_final_raw.tsv
CellMiner	OSU	MDS	is_fdr_lt_0_05	0.1	1010	10094	51	198	0.0156919999786963	0.1149198772633902	0.0118811881188118	0.0065385377451951	1.817101710171017	0.0291941611677664	external_validation/processed/CellMiner/enrichment_multiseed/CellMiner_OSU_seed0_enrichment_summary.csv	formal_runs/table_exports/external_enrichment_final_raw.tsv
CellMiner	OSU	MDR	abs_spearman_rho	0.01	94	9307	49	190	0.0284394342433946	0.0060729177059075	0.1871266330265767	0.1462989120118008	1.2790705717037911	0.0003999200159968	external_validation/processed/CellMiner/enrichment_multiseed/CellMiner_OSU_seed10_enrichment_summary.csv	formal_runs/table_exports/external_enrichment_final_raw.tsv
CellMiner	OSU	MDR	is_p_lt_0_05	0.01	94	9307	49	190	0.0284394342433946	0.0060729177059075	0.2446808510638297	0.1602019984957559	1.5273270830657704	0.0217956408718256	external_validation/processed/CellMiner/enrichment_multiseed/CellMiner_OSU_seed10_enrichment_summary.csv	formal_runs/table_exports/external_enrichment_final_raw.tsv
CellMiner	OSU	MDR	is_fdr_lt_0_1	0.01	94	9307	49	190	0.0284394342433946	0.0060729177059075	0.0638297872340425	0.0234232298270119	2.7250634393909814	0.023995200959808	external_validation/processed/CellMiner/enrichment_multiseed/CellMiner_OSU_seed10_enrichment_summary.csv	formal_runs/table_exports/external_enrichment_final_raw.tsv
CellMiner	OSU	MDR	is_fdr_lt_0_05	0.01	94	9307	49	190	0.0284394342433946	0.0060729177059075	0.0319148936170212	0.007091436553132	4.500483558994197	0.0293941211757648	external_validation/processed/CellMiner/enrichment_multiseed/CellMiner_OSU_seed10_enrichment_summary.csv	formal_runs/table_exports/external_enrichment_final_raw.tsv
CellMiner	OSU	MDR	abs_spearman_rho	0.05	466	9307	49	190	0.0284394342433946	0.0060729177059075	0.1656958362974009	0.1462989120118008	1.132584200517058	0.0001999600079984	external_validation/processed/CellMiner/enrichment_multiseed/CellMiner_OSU_seed10_enrichment_summary.csv	formal_runs/table_exports/external_enrichment_final_raw.tsv
CellMiner	OSU	MDR	is_p_lt_0_05	0.05	466	9307	49	190	0.0284394342433946	0.0060729177059075	0.2060085836909871	0.1602019984957559	1.2859301733145654	0.002999400119976	external_validation/processed/CellMiner/enrichment_multiseed/CellMiner_OSU_seed10_enrichment_summary.csv	formal_runs/table_exports/external_enrichment_final_raw.tsv
CellMiner	OSU	MDR	is_fdr_lt_0_1	0.05	466	9307	49	190	0.0284394342433946	0.0060729177059075	0.0493562231759656	0.0234232298270119	2.107148482104185	0.0001999600079984	external_validation/processed/CellMiner/enrichment_multiseed/CellMiner_OSU_seed10_enrichment_summary.csv	formal_runs/table_exports/external_enrichment_final_raw.tsv
CellMiner	OSU	MDR	is_fdr_lt_0_05	0.05	466	9307	49	190	0.0284394342433946	0.0060729177059075	0.0171673819742489	0.007091436553132	2.420860970217193	0.0191961607678464	external_validation/processed/CellMiner/enrichment_multiseed/CellMiner_OSU_seed10_enrichment_summary.csv	formal_runs/table_exports/external_enrichment_final_raw.tsv
CellMiner	OSU	MDR	abs_spearman_rho	0.1	931	9307	49	190	0.0284394342433946	0.0060729177059075	0.1661791838610992	0.1462989120118008	1.1358880361850865	0.0001999600079984	external_validation/processed/CellMiner/enrichment_multiseed/CellMiner_OSU_seed10_enrichment_summary.csv	formal_runs/table_exports/external_enrichment_final_raw.tsv
CellMiner	OSU	MDR	is_p_lt_0_05	0.1	931	9307	49	190	0.0284394342433946	0.0060729177059075	0.2137486573576799	0.1602019984957559	1.3342446371750012	0.0001999600079984	external_validation/processed/CellMiner/enrichment_multiseed/CellMiner_OSU_seed10_enrichment_summary.csv	formal_runs/table_exports/external_enrichment_final_raw.tsv
CellMiner	OSU	MDR	is_fdr_lt_0_1	0.1	931	9307	49	190	0.0284394342433946	0.0060729177059075	0.0429645542427497	0.0234232298270119	1.834271129987485	0.0001999600079984	external_validation/processed/CellMiner/enrichment_multiseed/CellMiner_OSU_seed10_enrichment_summary.csv	formal_runs/table_exports/external_enrichment_final_raw.tsv
CellMiner	OSU	MDR	is_fdr_lt_0_05	0.1	931	9307	49	190	0.0284394342433946	0.0060729177059075	0.0128893662728249	0.007091436553132	1.81759593789669	0.0295940811837632	external_validation/processed/CellMiner/enrichment_multiseed/CellMiner_OSU_seed10_enrichment_summary.csv	formal_runs/table_exports/external_enrichment_final_raw.tsv
CellMiner	OSU	MDS	abs_spearman_rho	0.01	101	10094	51	198	0.0186808134986989	0.0605493337611856	0.1728593831689467	0.1454008000944035	1.188847537680091	0.0051989602079584	external_validation/processed/CellMiner/enrichment_multiseed/CellMiner_OSU_seed10_enrichment_summary.csv	formal_runs/table_exports/external_enrichment_final_raw.tsv
CellMiner	OSU	MDS	is_p_lt_0_05	0.01	101	10094	51	198	0.0186808134986989	0.0605493337611856	0.2277227722772277	0.1601941747572815	1.4215421542154214	0.046990601879624	external_validation/processed/CellMiner/enrichment_multiseed/CellMiner_OSU_seed10_enrichment_summary.csv	formal_runs/table_exports/external_enrichment_final_raw.tsv
CellMiner	OSU	MDS	is_fdr_lt_0_1	0.01	101	10094	51	198	0.0186808134986989	0.0605493337611856	0.0396039603960396	0.0244699821676243	1.6184711588567764	0.241751649670066	external_validation/processed/CellMiner/enrichment_multiseed/CellMiner_OSU_seed10_enrichment_summary.csv	formal_runs/table_exports/external_enrichment_final_raw.tsv
CellMiner	OSU	MDS	is_fdr_lt_0_05	0.01	101	10094	51	198	0.0186808134986989	0.0605493337611856	0.0198019801980198	0.0065385377451951	3.0285028502850286	0.1439712057588482	external_validation/processed/CellMiner/enrichment_multiseed/CellMiner_OSU_seed10_enrichment_summary.csv	formal_runs/table_exports/external_enrichment_final_raw.tsv
CellMiner	OSU	MDS	abs_spearman_rho	0.05	505	10094	51	198	0.0186808134986989	0.0605493337611856	0.1691435758606951	0.1454008000944035	1.163291919651586	0.0001999600079984	external_validation/processed/CellMiner/enrichment_multiseed/CellMiner_OSU_seed10_enrichment_summary.csv	formal_runs/table_exports/external_enrichment_final_raw.tsv
CellMiner	OSU	MDS	is_p_lt_0_05	0.05	505	10094	51	198	0.0186808134986989	0.0605493337611856	0.2237623762376237	0.1601941747572815	1.3968196819681968	0.0001999600079984	external_validation/processed/CellMiner/enrichment_multiseed/CellMiner_OSU_seed10_enrichment_summary.csv	formal_runs/table_exports/external_enrichment_final_raw.tsv
CellMiner	OSU	MDS	is_fdr_lt_0_1	0.05	505	10094	51	198	0.0186808134986989	0.0605493337611856	0.0455445544554455	0.0244699821676243	1.8612418326852929	0.0027994401119776	external_validation/processed/CellMiner/enrichment_multiseed/CellMiner_OSU_seed10_enrichment_summary.csv	formal_runs/table_exports/external_enrichment_final_raw.tsv
CellMiner	OSU	MDS	is_fdr_lt_0_05	0.05	505	10094	51	198	0.0186808134986989	0.0605493337611856	0.0138613861386138	0.0065385377451951	2.11995199519952	0.0495900819836032	external_validation/processed/CellMiner/enrichment_multiseed/CellMiner_OSU_seed10_enrichment_summary.csv	formal_runs/table_exports/external_enrichment_final_raw.tsv
CellMiner	OSU	MDS	abs_spearman_rho	0.1	1010	10094	51	198	0.0186808134986989	0.0605493337611856	0.1646416931172162	0.1454008000944035	1.13233003539403	0.0001999600079984	external_validation/processed/CellMiner/enrichment_multiseed/CellMiner_OSU_seed10_enrichment_summary.csv	formal_runs/table_exports/external_enrichment_final_raw.tsv
CellMiner	OSU	MDS	is_p_lt_0_05	0.1	1010	10094	51	198	0.0186808134986989	0.0605493337611856	0.2138613861386138	0.1601941747572815	1.335013501350135	0.0001999600079984	external_validation/processed/CellMiner/enrichment_multiseed/CellMiner_OSU_seed10_enrichment_summary.csv	formal_runs/table_exports/external_enrichment_final_raw.tsv
CellMiner	OSU	MDS	is_fdr_lt_0_1	0.1	1010	10094	51	198	0.0186808134986989	0.0605493337611856	0.0495049504950495	0.0244699821676243	2.0230889485709707	0.0001999600079984	external_validation/processed/CellMiner/enrichment_multiseed/CellMiner_OSU_seed10_enrichment_summary.csv	formal_runs/table_exports/external_enrichment_final_raw.tsv
CellMiner	OSU	MDS	is_fdr_lt_0_05	0.1	1010	10094	51	198	0.0186808134986989	0.0605493337611856	0.0158415841584158	0.0065385377451951	2.422802280228023	0.0003999200159968	external_validation/processed/CellMiner/enrichment_multiseed/CellMiner_OSU_seed10_enrichment_summary.csv	formal_runs/table_exports/external_enrichment_final_raw.tsv
CellMiner	OSU	MDR	abs_spearman_rho	0.01	94	9307	49	190	0.0345778664233535	0.0008487921249125	0.1798432887820382	0.1462989120118008	1.2292865771109198	0.0013997200559888	external_validation/processed/CellMiner/enrichment_multiseed/CellMiner_OSU_seed11_enrichment_summary.csv	formal_runs/table_exports/external_enrichment_final_raw.tsv
CellMiner	OSU	MDR	is_p_lt_0_05	0.01	94	9307	49	190	0.0345778664233535	0.0008487921249125	0.2127659574468085	0.1602019984957559	1.3281105070137134	0.1017796440711857	external_validation/processed/CellMiner/enrichment_multiseed/CellMiner_OSU_seed11_enrichment_summary.csv	formal_runs/table_exports/external_enrichment_final_raw.tsv
CellMiner	OSU	MDR	is_fdr_lt_0_1	0.01	94	9307	49	190	0.0345778664233535	0.0008487921249125	0.0531914893617021	0.0234232298270119	2.2708861994924847	0.0717856428714257	external_validation/processed/CellMiner/enrichment_multiseed/CellMiner_OSU_seed11_enrichment_summary.csv	formal_runs/table_exports/external_enrichment_final_raw.tsv
CellMiner	OSU	MDR	is_fdr_lt_0_05	0.01	94	9307	49	190	0.0345778664233535	0.0008487921249125	0.0106382978723404	0.007091436553132	1.500161186331399	0.4797040591881624	external_validation/processed/CellMiner/enrichment_multiseed/CellMiner_OSU_seed11_enrichment_summary.csv	formal_runs/table_exports/external_enrichment_final_raw.tsv
CellMiner	OSU	MDR	abs_spearman_rho	0.05	466	9307	49	190	0.0345778664233535	0.0008487921249125	0.1748485327893125	0.1462989120118008	1.19514581745631	0.0001999600079984	external_validation/processed/CellMiner/enrichment_multiseed/CellMiner_OSU_seed11_enrichment_summary.csv	formal_runs/table_exports/external_enrichment_final_raw.tsv
CellMiner	OSU	MDR	is_p_lt_0_05	0.05	466	9307	49	190	0.0345778664233535	0.0008487921249125	0.2253218884120171	0.1602019984957559	1.406486127062806	0.0001999600079984	external_validation/processed/CellMiner/enrichment_multiseed/CellMiner_OSU_seed11_enrichment_summary.csv	formal_runs/table_exports/external_enrichment_final_raw.tsv
CellMiner	OSU	MDR	is_fdr_lt_0_1	0.05	466	9307	49	190	0.0345778664233535	0.0008487921249125	0.0515021459227467	0.0234232298270119	2.19876363350002	0.0001999600079984	external_validation/processed/CellMiner/enrichment_multiseed/CellMiner_OSU_seed11_enrichment_summary.csv	formal_runs/table_exports/external_enrichment_final_raw.tsv
CellMiner	OSU	MDR	is_fdr_lt_0_05	0.05	466	9307	49	190	0.0345778664233535	0.0008487921249125	0.0171673819742489	0.007091436553132	2.420860970217193	0.0175964807038592	external_validation/processed/CellMiner/enrichment_multiseed/CellMiner_OSU_seed11_enrichment_summary.csv	formal_runs/table_exports/external_enrichment_final_raw.tsv
CellMiner	OSU	MDR	abs_spearman_rho	0.1	931	9307	49	190	0.0345778664233535	0.0008487921249125	0.1694204530902572	0.1462989120118008	1.1580431512477092	0.0001999600079984	external_validation/processed/CellMiner/enrichment_multiseed/CellMiner_OSU_seed11_enrichment_summary.csv	formal_runs/table_exports/external_enrichment_final_raw.tsv
CellMiner	OSU	MDR	is_p_lt_0_05	0.1	931	9307	49	190	0.0345778664233535	0.0008487921249125	0.2244897959183673	0.1602019984957559	1.4012921063797752	0.0001999600079984	external_validation/processed/CellMiner/enrichment_multiseed/CellMiner_OSU_seed11_enrichment_summary.csv	formal_runs/table_exports/external_enrichment_final_raw.tsv
CellMiner	OSU	MDR	is_fdr_lt_0_1	0.1	931	9307	49	190	0.0345778664233535	0.0008487921249125	0.0515574650912996	0.0234232298270119	2.201125355984982	0.0001999600079984	external_validation/processed/CellMiner/enrichment_multiseed/CellMiner_OSU_seed11_enrichment_summary.csv	formal_runs/table_exports/external_enrichment_final_raw.tsv
CellMiner	OSU	MDR	is_fdr_lt_0_05	0.1	931	9307	49	190	0.0345778664233535	0.0008487921249125	0.0150375939849624	0.007091436553132	2.1205285942128045	0.00499900019996	external_validation/processed/CellMiner/enrichment_multiseed/CellMiner_OSU_seed11_enrichment_summary.csv	formal_runs/table_exports/external_enrichment_final_raw.tsv
CellMiner	OSU	MDS	abs_spearman_rho	0.01	101	10094	51	198	0.0333837739538046	0.0007949399887421	0.1977745387142763	0.1454008000944035	1.3602025476191908	0.0001999600079984	external_validation/processed/CellMiner/enrichment_multiseed/CellMiner_OSU_seed11_enrichment_summary.csv	formal_runs/table_exports/external_enrichment_final_raw.tsv
CellMiner	OSU	MDS	is_p_lt_0_05	0.01	101	10094	51	198	0.0333837739538046	0.0007949399887421	0.3366336633663366	0.1601941747572815	2.1014101410141013	0.0001999600079984	external_validation/processed/CellMiner/enrichment_multiseed/CellMiner_OSU_seed11_enrichment_summary.csv	formal_runs/table_exports/external_enrichment_final_raw.tsv
CellMiner	OSU	MDS	is_fdr_lt_0_1	0.01	101	10094	51	198	0.0333837739538046	0.0007949399887421	0.0792079207920792	0.0244699821676243	3.236942317713553	0.0027994401119776	external_validation/processed/CellMiner/enrichment_multiseed/CellMiner_OSU_seed11_enrichment_summary.csv	formal_runs/table_exports/external_enrichment_final_raw.tsv
CellMiner	OSU	MDS	is_fdr_lt_0_05	0.01	101	10094	51	198	0.0333837739538046	0.0007949399887421	0.0495049504950495	0.0065385377451951	7.571257125712571	0.0003999200159968	external_validation/processed/CellMiner/enrichment_multiseed/CellMiner_OSU_seed11_enrichment_summary.csv	formal_runs/table_exports/external_enrichment_final_raw.tsv
CellMiner	OSU	MDS	abs_spearman_rho	0.05	505	10094	51	198	0.0333837739538046	0.0007949399887421	0.1732679758247567	0.1454008000944035	1.1916576505236562	0.0001999600079984	external_validation/processed/CellMiner/enrichment_multiseed/CellMiner_OSU_seed11_enrichment_summary.csv	formal_runs/table_exports/external_enrichment_final_raw.tsv
CellMiner	OSU	MDS	is_p_lt_0_05	0.05	505	10094	51	198	0.0333837739538046	0.0007949399887421	0.2396039603960396	0.1601941747572815	1.4957095709570956	0.0001999600079984	external_validation/processed/CellMiner/enrichment_multiseed/CellMiner_OSU_seed11_enrichment_summary.csv	formal_runs/table_exports/external_enrichment_final_raw.tsv
CellMiner	OSU	MDS	is_fdr_lt_0_1	0.05	505	10094	51	198	0.0333837739538046	0.0007949399887421	0.0435643564356435	0.0244699821676243	1.7803182747424535	0.0077984403119376	external_validation/processed/CellMiner/enrichment_multiseed/CellMiner_OSU_seed11_enrichment_summary.csv	formal_runs/table_exports/external_enrichment_final_raw.tsv
CellMiner	OSU	MDS	is_fdr_lt_0_05	0.05	505	10094	51	198	0.0333837739538046	0.0007949399887421	0.0138613861386138	0.0065385377451951	2.11995199519952	0.0441911617676464	external_validation/processed/CellMiner/enrichment_multiseed/CellMiner_OSU_seed11_enrichment_summary.csv	formal_runs/table_exports/external_enrichment_final_raw.tsv
CellMiner	OSU	MDS	abs_spearman_rho	0.1	1010	10094	51	198	0.0333837739538046	0.0007949399887421	0.1634092613522392	0.1454008000944035	1.1238539350962546	0.0001999600079984	external_validation/processed/CellMiner/enrichment_multiseed/CellMiner_OSU_seed11_enrichment_summary.csv	formal_runs/table_exports/external_enrichment_final_raw.tsv
CellMiner	OSU	MDS	is_p_lt_0_05	0.1	1010	10094	51	198	0.0333837739538046	0.0007949399887421	0.2207920792079208	0.1601941747572815	1.378277827782778	0.0001999600079984	external_validation/processed/CellMiner/enrichment_multiseed/CellMiner_OSU_seed11_enrichment_summary.csv	formal_runs/table_exports/external_enrichment_final_raw.tsv
CellMiner	OSU	MDS	is_fdr_lt_0_1	0.1	1010	10094	51	198	0.0333837739538046	0.0007949399887421	0.0376237623762376	0.0244699821676243	1.5375476009139375	0.0047990401919616	external_validation/processed/CellMiner/enrichment_multiseed/CellMiner_OSU_seed11_enrichment_summary.csv	formal_runs/table_exports/external_enrichment_final_raw.tsv
CellMiner	OSU	MDS	is_fdr_lt_0_05	0.1	1010	10094	51	198	0.0333837739538046	0.0007949399887421	0.0108910891089108	0.0065385377451951	1.6656765676567655	0.0675864827034593	external_validation/processed/CellMiner/enrichment_multiseed/CellMiner_OSU_seed11_enrichment_summary.csv	formal_runs/table_exports/external_enrichment_final_raw.tsv
CellMiner	OSU	MDR	abs_spearman_rho	0.01	94	9307	49	190	0.0390053440270141	0.0001672962807782	0.1761369264547665	0.1462989120118008	1.2039524015090346	0.0035992801439712	external_validation/processed/CellMiner/enrichment_multiseed/CellMiner_OSU_seed12_enrichment_summary.csv	formal_runs/table_exports/external_enrichment_final_raw.tsv
CellMiner	OSU	MDR	is_p_lt_0_05	0.01	94	9307	49	190	0.0390053440270141	0.0001672962807782	0.2127659574468085	0.1602019984957559	1.3281105070137134	0.1025794841031793	external_validation/processed/CellMiner/enrichment_multiseed/CellMiner_OSU_seed12_enrichment_summary.csv	formal_runs/table_exports/external_enrichment_final_raw.tsv
CellMiner	OSU	MDR	is_fdr_lt_0_1	0.01	94	9307	49	190	0.0390053440270141	0.0001672962807782	0.0425531914893617	0.0234232298270119	1.816708959593988	0.1805638872225554	external_validation/processed/CellMiner/enrichment_multiseed/CellMiner_OSU_seed12_enrichment_summary.csv	formal_runs/table_exports/external_enrichment_final_raw.tsv
CellMiner	OSU	MDR	is_fdr_lt_0_05	0.01	94	9307	49	190	0.0390053440270141	0.0001672962807782	0.0106382978723404	0.007091436553132	1.500161186331399	0.489502099580084	external_validation/processed/CellMiner/enrichment_multiseed/CellMiner_OSU_seed12_enrichment_summary.csv	formal_runs/table_exports/external_enrichment_final_raw.tsv
CellMiner	OSU	MDR	abs_spearman_rho	0.05	466	9307	49	190	0.0390053440270141	0.0001672962807782	0.1815745462575738	0.1462989120118008	1.2411202773874874	0.0001999600079984	external_validation/processed/CellMiner/enrichment_multiseed/CellMiner_OSU_seed12_enrichment_summary.csv	formal_runs/table_exports/external_enrichment_final_raw.tsv
CellMiner	OSU	MDR	is_p_lt_0_05	0.05	466	9307	49	190	0.0390053440270141	0.0001672962807782	0.2575107296137339	0.1602019984957559	1.6074127166432066	0.0001999600079984	external_validation/processed/CellMiner/enrichment_multiseed/CellMiner_OSU_seed12_enrichment_summary.csv	formal_runs/table_exports/external_enrichment_final_raw.tsv
CellMiner	OSU	MDR	is_fdr_lt_0_1	0.05	466	9307	49	190	0.0390053440270141	0.0001672962807782	0.0686695278969957	0.0234232298270119	2.9316848446666928	0.0001999600079984	external_validation/processed/CellMiner/enrichment_multiseed/CellMiner_OSU_seed12_enrichment_summary.csv	formal_runs/table_exports/external_enrichment_final_raw.tsv
CellMiner	OSU	MDR	is_fdr_lt_0_05	0.05	466	9307	49	190	0.0390053440270141	0.0001672962807782	0.0236051502145922	0.007091436553132	3.328683834048641	0.000999800039992	external_validation/processed/CellMiner/enrichment_multiseed/CellMiner_OSU_seed12_enrichment_summary.csv	formal_runs/table_exports/external_enrichment_final_raw.tsv
CellMiner	OSU	MDR	abs_spearman_rho	0.1	931	9307	49	190	0.0390053440270141	0.0001672962807782	0.1675486531717114	0.1462989120118008	1.145248798283589	0.0001999600079984	external_validation/processed/CellMiner/enrichment_multiseed/CellMiner_OSU_seed12_enrichment_summary.csv	formal_runs/table_exports/external_enrichment_final_raw.tsv
CellMiner	OSU	MDR	is_p_lt_0_05	0.1	931	9307	49	190	0.0390053440270141	0.0001672962807782	0.2234156820622986	0.1602019984957559	1.394587359459298	0.0001999600079984	external_validation/processed/CellMiner/enrichment_multiseed/CellMiner_OSU_seed12_enrichment_summary.csv	formal_runs/table_exports/external_enrichment_final_raw.tsv
CellMiner	OSU	MDR	is_fdr_lt_0_1	0.1	931	9307	49	190	0.0390053440270141	0.0001672962807782	0.0472610096670247	0.0234232298270119	2.0176982429862336	0.0001999600079984	external_validation/processed/CellMiner/enrichment_multiseed/CellMiner_OSU_seed12_enrichment_summary.csv	formal_runs/table_exports/external_enrichment_final_raw.tsv
CellMiner	OSU	MDR	is_fdr_lt_0_05	0.1	931	9307	49	190	0.0390053440270141	0.0001672962807782	0.0150375939849624	0.007091436553132	2.1205285942128045	0.0071985602879424	external_validation/processed/CellMiner/enrichment_multiseed/CellMiner_OSU_seed12_enrichment_summary.csv	formal_runs/table_exports/external_enrichment_final_raw.tsv
CellMiner	OSU	MDS	abs_spearman_rho	0.01	101	10094	51	198	0.0334865517372059	0.0007657584379274	0.1854281682531663	0.1454008000944035	1.2752898755218298	0.0001999600079984	external_validation/processed/CellMiner/enrichment_multiseed/CellMiner_OSU_seed12_enrichment_summary.csv	formal_runs/table_exports/external_enrichment_final_raw.tsv
CellMiner	OSU	MDS	is_p_lt_0_05	0.01	101	10094	51	198	0.0334865517372059	0.0007657584379274	0.2475247524752475	0.1601941747572815	1.545154515451545	0.0147970405918816	external_validation/processed/CellMiner/enrichment_multiseed/CellMiner_OSU_seed12_enrichment_summary.csv	formal_runs/table_exports/external_enrichment_final_raw.tsv
CellMiner	OSU	MDS	is_fdr_lt_0_1	0.01	101	10094	51	198	0.0334865517372059	0.0007657584379274	0.0693069306930693	0.0244699821676243	2.8323245279993587	0.0145970805838832	external_validation/processed/CellMiner/enrichment_multiseed/CellMiner_OSU_seed12_enrichment_summary.csv	formal_runs/table_exports/external_enrichment_final_raw.tsv
CellMiner	OSU	MDS	is_fdr_lt_0_05	0.01	101	10094	51	198	0.0334865517372059	0.0007657584379274	0.0396039603960396	0.0065385377451951	6.057005700570057	0.00499900019996	external_validation/processed/CellMiner/enrichment_multiseed/CellMiner_OSU_seed12_enrichment_summary.csv	formal_runs/table_exports/external_enrichment_final_raw.tsv
CellMiner	OSU	MDS	abs_spearman_rho	0.05	505	10094	51	198	0.0334865517372059	0.0007657584379274	0.178687043093334	0.1454008000944035	1.2289275091837115	0.0001999600079984	external_validation/processed/CellMiner/enrichment_multiseed/CellMiner_OSU_seed12_enrichment_summary.csv	formal_runs/table_exports/external_enrichment_final_raw.tsv
CellMiner	OSU	MDS	is_p_lt_0_05	0.05	505	10094	51	198	0.0334865517372059	0.0007657584379274	0.2653465346534653	0.1601941747572815	1.6564056405640564	0.0001999600079984	external_validation/processed/CellMiner/enrichment_multiseed/CellMiner_OSU_seed12_enrichment_summary.csv	formal_runs/table_exports/external_enrichment_final_raw.tsv
CellMiner	OSU	MDS	is_fdr_lt_0_1	0.05	505	10094	51	198	0.0334865517372059	0.0007657584379274	0.0475247524752475	0.0244699821676243	1.9421653906281315	0.0011997600479904	external_validation/processed/CellMiner/enrichment_multiseed/CellMiner_OSU_seed12_enrichment_summary.csv	formal_runs/table_exports/external_enrichment_final_raw.tsv
CellMiner	OSU	MDS	is_fdr_lt_0_05	0.05	505	10094	51	198	0.0334865517372059	0.0007657584379274	0.0178217821782178	0.0065385377451951	2.7256525652565253	0.005998800239952	external_validation/processed/CellMiner/enrichment_multiseed/CellMiner_OSU_seed12_enrichment_summary.csv	formal_runs/table_exports/external_enrichment_final_raw.tsv
CellMiner	OSU	MDS	abs_spearman_rho	0.1	1010	10094	51	198	0.0334865517372059	0.0007657584379274	0.1644868361208739	0.1454008000944035	1.1312650000142954	0.0001999600079984	external_validation/processed/CellMiner/enrichment_multiseed/CellMiner_OSU_seed12_enrichment_summary.csv	formal_runs/table_exports/external_enrichment_final_raw.tsv
CellMiner	OSU	MDS	is_p_lt_0_05	0.1	1010	10094	51	198	0.0334865517372059	0.0007657584379274	0.2237623762376237	0.1601941747572815	1.3968196819681968	0.0001999600079984	external_validation/processed/CellMiner/enrichment_multiseed/CellMiner_OSU_seed12_enrichment_summary.csv	formal_runs/table_exports/external_enrichment_final_raw.tsv
CellMiner	OSU	MDS	is_fdr_lt_0_1	0.1	1010	10094	51	198	0.0334865517372059	0.0007657584379274	0.0435643564356435	0.0244699821676243	1.7803182747424535	0.0003999200159968	external_validation/processed/CellMiner/enrichment_multiseed/CellMiner_OSU_seed12_enrichment_summary.csv	formal_runs/table_exports/external_enrichment_final_raw.tsv
CellMiner	OSU	MDS	is_fdr_lt_0_05	0.1	1010	10094	51	198	0.0334865517372059	0.0007657584379274	0.0158415841584158	0.0065385377451951	2.422802280228023	0.0011997600479904	external_validation/processed/CellMiner/enrichment_multiseed/CellMiner_OSU_seed12_enrichment_summary.csv	formal_runs/table_exports/external_enrichment_final_raw.tsv
CellMiner	OSU	MDR	abs_spearman_rho	0.01	94	9307	49	190	0.042716358595983	3.751172865759333e-05	0.1752290208734841	0.1462989120118008	1.197746575581845	0.0045990801839632	external_validation/processed/CellMiner/enrichment_multiseed/CellMiner_OSU_seed13_enrichment_summary.csv	formal_runs/table_exports/external_enrichment_final_raw.tsv
CellMiner	OSU	MDR	is_p_lt_0_05	0.01	94	9307	49	190	0.042716358595983	3.751172865759333e-05	0.2553191489361702	0.1602019984957559	1.593732608416456	0.0115976804639072	external_validation/processed/CellMiner/enrichment_multiseed/CellMiner_OSU_seed13_enrichment_summary.csv	formal_runs/table_exports/external_enrichment_final_raw.tsv
CellMiner	OSU	MDR	is_fdr_lt_0_1	0.01	94	9307	49	190	0.042716358595983	3.751172865759333e-05	0.0638297872340425	0.0234232298270119	2.7250634393909814	0.023995200959808	external_validation/processed/CellMiner/enrichment_multiseed/CellMiner_OSU_seed13_enrichment_summary.csv	formal_runs/table_exports/external_enrichment_final_raw.tsv
CellMiner	OSU	MDR	is_fdr_lt_0_05	0.01	94	9307	49	190	0.042716358595983	3.751172865759333e-05	0.0319148936170212	0.007091436553132	4.500483558994197	0.0249950009998	external_validation/processed/CellMiner/enrichment_multiseed/CellMiner_OSU_seed13_enrichment_summary.csv	formal_runs/table_exports/external_enrichment_final_raw.tsv
CellMiner	OSU	MDR	abs_spearman_rho	0.05	466	9307	49	190	0.042716358595983	3.751172865759333e-05	0.1635662602828561	0.1462989120118008	1.1180278652356792	0.0001999600079984	external_validation/processed/CellMiner/enrichment_multiseed/CellMiner_OSU_seed13_enrichment_summary.csv	formal_runs/table_exports/external_enrichment_final_raw.tsv
CellMiner	OSU	MDR	is_p_lt_0_05	0.05	466	9307	49	190	0.042716358595983	3.751172865759333e-05	0.2124463519313304	0.1602019984957559	1.3261154912306454	0.0011997600479904	external_validation/processed/CellMiner/enrichment_multiseed/CellMiner_OSU_seed13_enrichment_summary.csv	formal_runs/table_exports/external_enrichment_final_raw.tsv
CellMiner	OSU	MDR	is_fdr_lt_0_1	0.05	466	9307	49	190	0.042716358595983	3.751172865759333e-05	0.0364806866952789	0.0234232298270119	1.5574575737291805	0.0435912817436512	external_validation/processed/CellMiner/enrichment_multiseed/CellMiner_OSU_seed13_enrichment_summary.csv	formal_runs/table_exports/external_enrichment_final_raw.tsv
CellMiner	OSU	MDR	is_fdr_lt_0_05	0.05	466	9307	49	190	0.042716358595983	3.751172865759333e-05	0.0171673819742489	0.007091436553132	2.420860970217193	0.015996800639872	external_validation/processed/CellMiner/enrichment_multiseed/CellMiner_OSU_seed13_enrichment_summary.csv	formal_runs/table_exports/external_enrichment_final_raw.tsv
CellMiner	OSU	MDR	abs_spearman_rho	0.1	931	9307	49	190	0.042716358595983	3.751172865759333e-05	0.1630313342416759	0.1462989120118008	1.1143714741263793	0.0001999600079984	external_validation/processed/CellMiner/enrichment_multiseed/CellMiner_OSU_seed13_enrichment_summary.csv	formal_runs/table_exports/external_enrichment_final_raw.tsv
CellMiner	OSU	MDR	is_p_lt_0_05	0.1	931	9307	49	190	0.042716358595983	3.751172865759333e-05	0.2137486573576799	0.1602019984957559	1.3342446371750012	0.0001999600079984	external_validation/processed/CellMiner/enrichment_multiseed/CellMiner_OSU_seed13_enrichment_summary.csv	formal_runs/table_exports/external_enrichment_final_raw.tsv
CellMiner	OSU	MDR	is_fdr_lt_0_1	0.1	931	9307	49	190	0.042716358595983	3.751172865759333e-05	0.0429645542427497	0.0234232298270119	1.834271129987485	0.0003999200159968	external_validation/processed/CellMiner/enrichment_multiseed/CellMiner_OSU_seed13_enrichment_summary.csv	formal_runs/table_exports/external_enrichment_final_raw.tsv
CellMiner	OSU	MDR	is_fdr_lt_0_05	0.1	931	9307	49	190	0.042716358595983	3.751172865759333e-05	0.0128893662728249	0.007091436553132	1.81759593789669	0.026994601079784	external_validation/processed/CellMiner/enrichment_multiseed/CellMiner_OSU_seed13_enrichment_summary.csv	formal_runs/table_exports/external_enrichment_final_raw.tsv
CellMiner	OSU	MDS	abs_spearman_rho	0.01	101	10094	51	198	0.0319674365273014	0.0013174265882185	0.1866329591280254	0.1454008000944035	1.2835758744577153	0.0001999600079984	external_validation/processed/CellMiner/enrichment_multiseed/CellMiner_OSU_seed13_enrichment_summary.csv	formal_runs/table_exports/external_enrichment_final_raw.tsv
CellMiner	OSU	MDS	is_p_lt_0_05	0.01	101	10094	51	198	0.0319674365273014	0.0013174265882185	0.2574257425742574	0.1601941747572815	1.6069606960696068	0.0085982803439312	external_validation/processed/CellMiner/enrichment_multiseed/CellMiner_OSU_seed13_enrichment_summary.csv	formal_runs/table_exports/external_enrichment_final_raw.tsv
CellMiner	OSU	MDS	is_fdr_lt_0_1	0.01	101	10094	51	198	0.0319674365273014	0.0013174265882185	0.0792079207920792	0.0244699821676243	3.236942317713553	0.003999200159968	external_validation/processed/CellMiner/enrichment_multiseed/CellMiner_OSU_seed13_enrichment_summary.csv	formal_runs/table_exports/external_enrichment_final_raw.tsv
CellMiner	OSU	MDS	is_fdr_lt_0_05	0.01	101	10094	51	198	0.0319674365273014	0.0013174265882185	0.0396039603960396	0.0065385377451951	6.057005700570057	0.0033993201359728	external_validation/processed/CellMiner/enrichment_multiseed/CellMiner_OSU_seed13_enrichment_summary.csv	formal_runs/table_exports/external_enrichment_final_raw.tsv
CellMiner	OSU	MDS	abs_spearman_rho	0.05	505	10094	51	198	0.0319674365273014	0.0013174265882185	0.1738076531365829	0.1454008000944035	1.1953693034958257	0.0001999600079984	external_validation/processed/CellMiner/enrichment_multiseed/CellMiner_OSU_seed13_enrichment_summary.csv	formal_runs/table_exports/external_enrichment_final_raw.tsv
CellMiner	OSU	MDS	is_p_lt_0_05	0.05	505	10094	51	198	0.0319674365273014	0.0013174265882185	0.2475247524752475	0.1601941747572815	1.545154515451545	0.0001999600079984	external_validation/processed/CellMiner/enrichment_multiseed/CellMiner_OSU_seed13_enrichment_summary.csv	formal_runs/table_exports/external_enrichment_final_raw.tsv
CellMiner	OSU	MDS	is_fdr_lt_0_1	0.05	505	10094	51	198	0.0319674365273014	0.0013174265882185	0.0435643564356435	0.0244699821676243	1.7803182747424535	0.0057988402319536	external_validation/processed/CellMiner/enrichment_multiseed/CellMiner_OSU_seed13_enrichment_summary.csv	formal_runs/table_exports/external_enrichment_final_raw.tsv
CellMiner	OSU	MDS	is_fdr_lt_0_05	0.05	505	10094	51	198	0.0319674365273014	0.0013174265882185	0.0158415841584158	0.0065385377451951	2.422802280228023	0.0183963207358528	external_validation/processed/CellMiner/enrichment_multiseed/CellMiner_OSU_seed13_enrichment_summary.csv	formal_runs/table_exports/external_enrichment_final_raw.tsv
CellMiner	OSU	MDS	abs_spearman_rho	0.1	1010	10094	51	198	0.0319674365273014	0.0013174265882185	0.1664361170687997	0.1454008000944035	1.144671260135699	0.0001999600079984	external_validation/processed/CellMiner/enrichment_multiseed/CellMiner_OSU_seed13_enrichment_summary.csv	formal_runs/table_exports/external_enrichment_final_raw.tsv
CellMiner	OSU	MDS	is_p_lt_0_05	0.1	1010	10094	51	198	0.0319674365273014	0.0013174265882185	0.2267326732673267	0.1601941747572815	1.4153615361536154	0.0001999600079984	external_validation/processed/CellMiner/enrichment_multiseed/CellMiner_OSU_seed13_enrichment_summary.csv	formal_runs/table_exports/external_enrichment_final_raw.tsv
CellMiner	OSU	MDS	is_fdr_lt_0_1	0.1	1010	10094	51	198	0.0319674365273014	0.0013174265882185	0.0425742574257425	0.0244699821676243	1.7398564957710347	0.0003999200159968	external_validation/processed/CellMiner/enrichment_multiseed/CellMiner_OSU_seed13_enrichment_summary.csv	formal_runs/table_exports/external_enrichment_final_raw.tsv
CellMiner	OSU	MDS	is_fdr_lt_0_05	0.1	1010	10094	51	198	0.0319674365273014	0.0013174265882185	0.0158415841584158	0.0065385377451951	2.422802280228023	0.0011997600479904	external_validation/processed/CellMiner/enrichment_multiseed/CellMiner_OSU_seed13_enrichment_summary.csv	formal_runs/table_exports/external_enrichment_final_raw.tsv
CellMiner	OSU	MDR	abs_spearman_rho	0.01	94	9307	49	190	0.0455441859452923	1.1053563540492168e-05	0.1735639929657712	0.1462989120118008	1.1863655756494695	0.0055988802239552	external_validation/processed/CellMiner/enrichment_multiseed/CellMiner_OSU_seed14_enrichment_summary.csv	formal_runs/table_exports/external_enrichment_final_raw.tsv
CellMiner	OSU	MDR	is_p_lt_0_05	0.01	94	9307	49	190	0.0455441859452923	1.1053563540492168e-05	0.2340425531914893	0.1602019984957559	1.4609215577150847	0.0377924415116976	external_validation/processed/CellMiner/enrichment_multiseed/CellMiner_OSU_seed14_enrichment_summary.csv	formal_runs/table_exports/external_enrichment_final_raw.tsv
CellMiner	OSU	MDR	is_fdr_lt_0_1	0.01	94	9307	49	190	0.0455441859452923	1.1053563540492168e-05	0.0319148936170212	0.0234232298270119	1.3625317196954907	0.3807238552289542	external_validation/processed/CellMiner/enrichment_multiseed/CellMiner_OSU_seed14_enrichment_summary.csv	formal_runs/table_exports/external_enrichment_final_raw.tsv
CellMiner	OSU	MDR	is_fdr_lt_0_05	0.01	94	9307	49	190	0.0455441859452923	1.1053563540492168e-05	0.0212765957446808	0.007091436553132	3.000322372662798	0.1371725654869026	external_validation/processed/CellMiner/enrichment_multiseed/CellMiner_OSU_seed14_enrichment_summary.csv	formal_runs/table_exports/external_enrichment_final_raw.tsv
CellMiner	OSU	MDR	abs_spearman_rho	0.05	466	9307	49	190	0.0455441859452923	1.1053563540492168e-05	0.1732243722565421	0.1462989120118008	1.184044159142957	0.0001999600079984	external_validation/processed/CellMiner/enrichment_multiseed/CellMiner_OSU_seed14_enrichment_summary.csv	formal_runs/table_exports/external_enrichment_final_raw.tsv
CellMiner	OSU	MDR	is_p_lt_0_05	0.05	466	9307	49	190	0.0455441859452923	1.1053563540492168e-05	0.2467811158798283	0.1602019984957559	1.540437186783073	0.0001999600079984	external_validation/processed/CellMiner/enrichment_multiseed/CellMiner_OSU_seed14_enrichment_summary.csv	formal_runs/table_exports/external_enrichment_final_raw.tsv
CellMiner	OSU	MDR	is_fdr_lt_0_1	0.05	466	9307	49	190	0.0455441859452923	1.1053563540492168e-05	0.0472103004291845	0.0234232298270119	2.0155333307083514	0.0015996800639872	external_validation/processed/CellMiner/enrichment_multiseed/CellMiner_OSU_seed14_enrichment_summary.csv	formal_runs/table_exports/external_enrichment_final_raw.tsv
CellMiner	OSU	MDR	is_fdr_lt_0_05	0.05	466	9307	49	190	0.0455441859452923	1.1053563540492168e-05	0.0171673819742489	0.007091436553132	2.420860970217193	0.017996400719856	external_validation/processed/CellMiner/enrichment_multiseed/CellMiner_OSU_seed14_enrichment_summary.csv	formal_runs/table_exports/external_enrichment_final_raw.tsv
CellMiner	OSU	MDR	abs_spearman_rho	0.1	931	9307	49	190	0.0455441859452923	1.1053563540492168e-05	0.1667164543716459	0.1462989120118008	1.1395604524946714	0.0001999600079984	external_validation/processed/CellMiner/enrichment_multiseed/CellMiner_OSU_seed14_enrichment_summary.csv	formal_runs/table_exports/external_enrichment_final_raw.tsv
CellMiner	OSU	MDR	is_p_lt_0_05	0.1	931	9307	49	190	0.0455441859452923	1.1053563540492168e-05	0.225563909774436	0.1602019984957559	1.4079968533002525	0.0001999600079984	external_validation/processed/CellMiner/enrichment_multiseed/CellMiner_OSU_seed14_enrichment_summary.csv	formal_runs/table_exports/external_enrichment_final_raw.tsv
CellMiner	OSU	MDR	is_fdr_lt_0_1	0.1	931	9307	49	190	0.0455441859452923	1.1053563540492168e-05	0.0440386680988184	0.0234232298270119	1.880127908237172	0.0001999600079984	external_validation/processed/CellMiner/enrichment_multiseed/CellMiner_OSU_seed14_enrichment_summary.csv	formal_runs/table_exports/external_enrichment_final_raw.tsv
CellMiner	OSU	MDR	is_fdr_lt_0_05	0.1	931	9307	49	190	0.0455441859452923	1.1053563540492168e-05	0.0150375939849624	0.007091436553132	2.1205285942128045	0.006998600279944	external_validation/processed/CellMiner/enrichment_multiseed/CellMiner_OSU_seed14_enrichment_summary.csv	formal_runs/table_exports/external_enrichment_final_raw.tsv
CellMiner	OSU	MDS	abs_spearman_rho	0.01	101	10094	51	198	0.0230468346194673	0.0205849884296298	0.1856092864864152	0.1454008000944035	1.276535523641588	0.0001999600079984	external_validation/processed/CellMiner/enrichment_multiseed/CellMiner_OSU_seed14_enrichment_summary.csv	formal_runs/table_exports/external_enrichment_final_raw.tsv
CellMiner	OSU	MDS	is_p_lt_0_05	0.01	101	10094	51	198	0.0230468346194673	0.0205849884296298	0.297029702970297	0.1601941747572815	1.854185418541854	0.000999800039992	external_validation/processed/CellMiner/enrichment_multiseed/CellMiner_OSU_seed14_enrichment_summary.csv	formal_runs/table_exports/external_enrichment_final_raw.tsv
CellMiner	OSU	MDS	is_fdr_lt_0_1	0.01	101	10094	51	198	0.0230468346194673	0.0205849884296298	0.0693069306930693	0.0244699821676243	2.8323245279993587	0.0125974805038992	external_validation/processed/CellMiner/enrichment_multiseed/CellMiner_OSU_seed14_enrichment_summary.csv	formal_runs/table_exports/external_enrichment_final_raw.tsv
CellMiner	OSU	MDS	is_fdr_lt_0_05	0.01	101	10094	51	198	0.0230468346194673	0.0205849884296298	0.0495049504950495	0.0065385377451951	7.571257125712571	0.000999800039992	external_validation/processed/CellMiner/enrichment_multiseed/CellMiner_OSU_seed14_enrichment_summary.csv	formal_runs/table_exports/external_enrichment_final_raw.tsv
CellMiner	OSU	MDS	abs_spearman_rho	0.05	505	10094	51	198	0.0230468346194673	0.0205849884296298	0.1707972939513563	0.1454008000944035	1.1746654340310632	0.0001999600079984	external_validation/processed/CellMiner/enrichment_multiseed/CellMiner_OSU_seed14_enrichment_summary.csv	formal_runs/table_exports/external_enrichment_final_raw.tsv
CellMiner	OSU	MDS	is_p_lt_0_05	0.05	505	10094	51	198	0.0230468346194673	0.0205849884296298	0.2297029702970297	0.1601941747572815	1.433903390339034	0.0001999600079984	external_validation/processed/CellMiner/enrichment_multiseed/CellMiner_OSU_seed14_enrichment_summary.csv	formal_runs/table_exports/external_enrichment_final_raw.tsv
CellMiner	OSU	MDS	is_fdr_lt_0_1	0.05	505	10094	51	198	0.0230468346194673	0.0205849884296298	0.0396039603960396	0.0244699821676243	1.6184711588567764	0.0191961607678464	external_validation/processed/CellMiner/enrichment_multiseed/CellMiner_OSU_seed14_enrichment_summary.csv	formal_runs/table_exports/external_enrichment_final_raw.tsv
CellMiner	OSU	MDS	is_fdr_lt_0_05	0.05	505	10094	51	198	0.0230468346194673	0.0205849884296298	0.0158415841584158	0.0065385377451951	2.422802280228023	0.0113977204559088	external_validation/processed/CellMiner/enrichment_multiseed/CellMiner_OSU_seed14_enrichment_summary.csv	formal_runs/table_exports/external_enrichment_final_raw.tsv
CellMiner	OSU	MDS	abs_spearman_rho	0.1	1010	10094	51	198	0.0230468346194673	0.0205849884296298	0.164158431864015	0.1454008000944035	1.1290063861920487	0.0001999600079984	external_validation/processed/CellMiner/enrichment_multiseed/CellMiner_OSU_seed14_enrichment_summary.csv	formal_runs/table_exports/external_enrichment_final_raw.tsv
CellMiner	OSU	MDS	is_p_lt_0_05	0.1	1010	10094	51	198	0.0230468346194673	0.0205849884296298	0.2198019801980198	0.1601941747572815	1.372097209720972	0.0001999600079984	external_validation/processed/CellMiner/enrichment_multiseed/CellMiner_OSU_seed14_enrichment_summary.csv	formal_runs/table_exports/external_enrichment_final_raw.tsv
CellMiner	OSU	MDS	is_fdr_lt_0_1	0.1	1010	10094	51	198	0.0230468346194673	0.0205849884296298	0.0376237623762376	0.0244699821676243	1.5375476009139375	0.0055988802239552	external_validation/processed/CellMiner/enrichment_multiseed/CellMiner_OSU_seed14_enrichment_summary.csv	formal_runs/table_exports/external_enrichment_final_raw.tsv
CellMiner	OSU	MDS	is_fdr_lt_0_05	0.1	1010	10094	51	198	0.0230468346194673	0.0205849884296298	0.0128712871287128	0.0065385377451951	1.9685268526852684	0.0135972805438912	external_validation/processed/CellMiner/enrichment_multiseed/CellMiner_OSU_seed14_enrichment_summary.csv	formal_runs/table_exports/external_enrichment_final_raw.tsv
CellMiner	OSU	MDR	abs_spearman_rho	0.01	94	9307	49	190	0.0410256171594056	7.526707489440484e-05	0.1885985032290329	0.1462989120118008	1.289131276750849	0.0001999600079984	external_validation/processed/CellMiner/enrichment_multiseed/CellMiner_OSU_seed15_enrichment_summary.csv	formal_runs/table_exports/external_enrichment_final_raw.tsv
CellMiner	OSU	MDR	is_p_lt_0_05	0.01	94	9307	49	190	0.0410256171594056	7.526707489440484e-05	0.2446808510638297	0.1602019984957559	1.5273270830657704	0.0171965606878624	external_validation/processed/CellMiner/enrichment_multiseed/CellMiner_OSU_seed15_enrichment_summary.csv	formal_runs/table_exports/external_enrichment_final_raw.tsv
CellMiner	OSU	MDR	is_fdr_lt_0_1	0.01	94	9307	49	190	0.0410256171594056	7.526707489440484e-05	0.0531914893617021	0.0234232298270119	2.2708861994924847	0.0717856428714257	external_validation/processed/CellMiner/enrichment_multiseed/CellMiner_OSU_seed15_enrichment_summary.csv	formal_runs/table_exports/external_enrichment_final_raw.tsv
CellMiner	OSU	MDR	is_fdr_lt_0_05	0.01	94	9307	49	190	0.0410256171594056	7.526707489440484e-05	0.0319148936170212	0.007091436553132	4.500483558994197	0.0293941211757648	external_validation/processed/CellMiner/enrichment_multiseed/CellMiner_OSU_seed15_enrichment_summary.csv	formal_runs/table_exports/external_enrichment_final_raw.tsv
CellMiner	OSU	MDR	abs_spearman_rho	0.05	466	9307	49	190	0.0410256171594056	7.526707489440484e-05	0.1757731814921497	0.1462989120118008	1.2014660879909442	0.0001999600079984	external_validation/processed/CellMiner/enrichment_multiseed/CellMiner_OSU_seed15_enrichment_summary.csv	formal_runs/table_exports/external_enrichment_final_raw.tsv
CellMiner	OSU	MDR	is_p_lt_0_05	0.05	466	9307	49	190	0.0410256171594056	7.526707489440484e-05	0.242489270386266	0.1602019984957559	1.5136469748390196	0.0001999600079984	external_validation/processed/CellMiner/enrichment_multiseed/CellMiner_OSU_seed15_enrichment_summary.csv	formal_runs/table_exports/external_enrichment_final_raw.tsv
CellMiner	OSU	MDR	is_fdr_lt_0_1	0.05	466	9307	49	190	0.0410256171594056	7.526707489440484e-05	0.0472103004291845	0.0234232298270119	2.0155333307083514	0.0023995200959808	external_validation/processed/CellMiner/enrichment_multiseed/CellMiner_OSU_seed15_enrichment_summary.csv	formal_runs/table_exports/external_enrichment_final_raw.tsv
CellMiner	OSU	MDR	is_fdr_lt_0_05	0.05	466	9307	49	190	0.0410256171594056	7.526707489440484e-05	0.0214592274678111	0.007091436553132	3.026076212771492	0.001999600079984	external_validation/processed/CellMiner/enrichment_multiseed/CellMiner_OSU_seed15_enrichment_summary.csv	formal_runs/table_exports/external_enrichment_final_raw.tsv
CellMiner	OSU	MDR	abs_spearman_rho	0.1	931	9307	49	190	0.0410256171594056	7.526707489440484e-05	0.1702179313366335	0.1462989120118008	1.1634941709129272	0.0001999600079984	external_validation/processed/CellMiner/enrichment_multiseed/CellMiner_OSU_seed15_enrichment_summary.csv	formal_runs/table_exports/external_enrichment_final_raw.tsv
CellMiner	OSU	MDR	is_p_lt_0_05	0.1	931	9307	49	190	0.0410256171594056	7.526707489440484e-05	0.234156820622986	0.1602019984957559	1.4616348286640717	0.0001999600079984	external_validation/processed/CellMiner/enrichment_multiseed/CellMiner_OSU_seed15_enrichment_summary.csv	formal_runs/table_exports/external_enrichment_final_raw.tsv
CellMiner	OSU	MDR	is_fdr_lt_0_1	0.1	931	9307	49	190	0.0410256171594056	7.526707489440484e-05	0.0461868958109559	0.0234232298270119	1.9718414647365463	0.0001999600079984	external_validation/processed/CellMiner/enrichment_multiseed/CellMiner_OSU_seed15_enrichment_summary.csv	formal_runs/table_exports/external_enrichment_final_raw.tsv
CellMiner	OSU	MDR	is_fdr_lt_0_05	0.1	931	9307	49	190	0.0410256171594056	7.526707489440484e-05	0.0171858216970998	0.007091436553132	2.4234612505289195	0.0003999200159968	external_validation/processed/CellMiner/enrichment_multiseed/CellMiner_OSU_seed15_enrichment_summary.csv	formal_runs/table_exports/external_enrichment_final_raw.tsv
CellMiner	OSU	MDS	abs_spearman_rho	0.01	101	10094	51	198	0.0171636949789333	0.0846481034305447	0.183596965266204	0.1454008000944035	1.2626957014473177	0.0001999600079984	external_validation/processed/CellMiner/enrichment_multiseed/CellMiner_OSU_seed15_enrichment_summary.csv	formal_runs/table_exports/external_enrichment_final_raw.tsv
CellMiner	OSU	MDS	is_p_lt_0_05	0.01	101	10094	51	198	0.0171636949789333	0.0846481034305447	0.2475247524752475	0.1601941747572815	1.545154515451545	0.0115976804639072	external_validation/processed/CellMiner/enrichment_multiseed/CellMiner_OSU_seed15_enrichment_summary.csv	formal_runs/table_exports/external_enrichment_final_raw.tsv
CellMiner	OSU	MDS	is_fdr_lt_0_1	0.01	101	10094	51	198	0.0171636949789333	0.0846481034305447	0.0594059405940594	0.0244699821676243	2.4277067382851643	0.0371925614877024	external_validation/processed/CellMiner/enrichment_multiseed/CellMiner_OSU_seed15_enrichment_summary.csv	formal_runs/table_exports/external_enrichment_final_raw.tsv
CellMiner	OSU	MDS	is_fdr_lt_0_05	0.01	101	10094	51	198	0.0171636949789333	0.0846481034305447	0.0396039603960396	0.0065385377451951	6.057005700570057	0.0035992801439712	external_validation/processed/CellMiner/enrichment_multiseed/CellMiner_OSU_seed15_enrichment_summary.csv	formal_runs/table_exports/external_enrichment_final_raw.tsv
CellMiner	OSU	MDS	abs_spearman_rho	0.05	505	10094	51	198	0.0171636949789333	0.0846481034305447	0.1652899853940015	0.1454008000944035	1.1367886922677506	0.0001999600079984	external_validation/processed/CellMiner/enrichment_multiseed/CellMiner_OSU_seed15_enrichment_summary.csv	formal_runs/table_exports/external_enrichment_final_raw.tsv
CellMiner	OSU	MDS	is_p_lt_0_05	0.05	505	10094	51	198	0.0171636949789333	0.0846481034305447	0.2118811881188118	0.1601941747572815	1.3226522652265225	0.0003999200159968	external_validation/processed/CellMiner/enrichment_multiseed/CellMiner_OSU_seed15_enrichment_summary.csv	formal_runs/table_exports/external_enrichment_final_raw.tsv
CellMiner	OSU	MDS	is_fdr_lt_0_1	0.05	505	10094	51	198	0.0171636949789333	0.0846481034305447	0.0297029702970297	0.0244699821676243	1.213853369142582	0.254749050189962	external_validation/processed/CellMiner/enrichment_multiseed/CellMiner_OSU_seed15_enrichment_summary.csv	formal_runs/table_exports/external_enrichment_final_raw.tsv
CellMiner	OSU	MDS	is_fdr_lt_0_05	0.05	505	10094	51	198	0.0171636949789333	0.0846481034305447	0.0099009900990099	0.0065385377451951	1.5142514251425143	0.2355528894221155	external_validation/processed/CellMiner/enrichment_multiseed/CellMiner_OSU_seed15_enrichment_summary.csv	formal_runs/table_exports/external_enrichment_final_raw.tsv
CellMiner	OSU	MDS	abs_spearman_rho	0.1	1010	10094	51	198	0.0171636949789333	0.0846481034305447	0.1614968777984504	0.1454008000944035	1.1107014383249356	0.0001999600079984	external_validation/processed/CellMiner/enrichment_multiseed/CellMiner_OSU_seed15_enrichment_summary.csv	formal_runs/table_exports/external_enrichment_final_raw.tsv
CellMiner	OSU	MDS	is_p_lt_0_05	0.1	1010	10094	51	198	0.0171636949789333	0.0846481034305447	0.2108910891089108	0.1601941747572815	1.3164716471647164	0.0001999600079984	external_validation/processed/CellMiner/enrichment_multiseed/CellMiner_OSU_seed15_enrichment_summary.csv	formal_runs/table_exports/external_enrichment_final_raw.tsv
CellMiner	OSU	MDS	is_fdr_lt_0_1	0.1	1010	10094	51	198	0.0171636949789333	0.0846481034305447	0.0346534653465346	0.0244699821676243	1.4161622639996794	0.0191961607678464	external_validation/processed/CellMiner/enrichment_multiseed/CellMiner_OSU_seed15_enrichment_summary.csv	formal_runs/table_exports/external_enrichment_final_raw.tsv
CellMiner	OSU	MDS	is_fdr_lt_0_05	0.1	1010	10094	51	198	0.0171636949789333	0.0846481034305447	0.0118811881188118	0.0065385377451951	1.817101710171017	0.0257948410317936	external_validation/processed/CellMiner/enrichment_multiseed/CellMiner_OSU_seed15_enrichment_summary.csv	formal_runs/table_exports/external_enrichment_final_raw.tsv
CellMiner	OSU	MDR	abs_spearman_rho	0.01	94	9307	49	190	0.0475312209737892	4.487002878881673e-06	0.1917733776634316	0.1462989120118008	1.310832562090159	0.0001999600079984	external_validation/processed/CellMiner/enrichment_multiseed/CellMiner_OSU_seed16_enrichment_summary.csv	formal_runs/table_exports/external_enrichment_final_raw.tsv
CellMiner	OSU	MDR	is_p_lt_0_05	0.01	94	9307	49	190	0.0475312209737892	4.487002878881673e-06	0.2872340425531915	0.1602019984957559	1.7929491844685133	0.0017996400719856	external_validation/processed/CellMiner/enrichment_multiseed/CellMiner_OSU_seed16_enrichment_summary.csv	formal_runs/table_exports/external_enrichment_final_raw.tsv
CellMiner	OSU	MDR	is_fdr_lt_0_1	0.01	94	9307	49	190	0.0475312209737892	4.487002878881673e-06	0.0638297872340425	0.0234232298270119	2.7250634393909814	0.0221955608878224	external_validation/processed/CellMiner/enrichment_multiseed/CellMiner_OSU_seed16_enrichment_summary.csv	formal_runs/table_exports/external_enrichment_final_raw.tsv
CellMiner	OSU	MDR	is_fdr_lt_0_05	0.01	94	9307	49	190	0.0475312209737892	4.487002878881673e-06	0.0212765957446808	0.007091436553132	3.000322372662798	0.1387722455508898	external_validation/processed/CellMiner/enrichment_multiseed/CellMiner_OSU_seed16_enrichment_summary.csv	formal_runs/table_exports/external_enrichment_final_raw.tsv
CellMiner	OSU	MDR	abs_spearman_rho	0.05	466	9307	49	190	0.0475312209737892	4.487002878881673e-06	0.1758018249818479	0.1462989120118008	1.201661875432589	0.0001999600079984	external_validation/processed/CellMiner/enrichment_multiseed/CellMiner_OSU_seed16_enrichment_summary.csv	formal_runs/table_exports/external_enrichment_final_raw.tsv
CellMiner	OSU	MDR	is_p_lt_0_05	0.05	466	9307	49	190	0.0475312209737892	4.487002878881673e-06	0.2381974248927038	0.1602019984957559	1.4868567628949665	0.0001999600079984	external_validation/processed/CellMiner/enrichment_multiseed/CellMiner_OSU_seed16_enrichment_summary.csv	formal_runs/table_exports/external_enrichment_final_raw.tsv
CellMiner	OSU	MDR	is_fdr_lt_0_1	0.05	466	9307	49	190	0.0475312209737892	4.487002878881673e-06	0.0493562231759656	0.0234232298270119	2.107148482104185	0.0005998800239952	external_validation/processed/CellMiner/enrichment_multiseed/CellMiner_OSU_seed16_enrichment_summary.csv	formal_runs/table_exports/external_enrichment_final_raw.tsv
CellMiner	OSU	MDR	is_fdr_lt_0_05	0.05	466	9307	49	190	0.0475312209737892	4.487002878881673e-06	0.0150214592274678	0.007091436553132	2.118253348940044	0.045990801839632	external_validation/processed/CellMiner/enrichment_multiseed/CellMiner_OSU_seed16_enrichment_summary.csv	formal_runs/table_exports/external_enrichment_final_raw.tsv
CellMiner	OSU	MDR	abs_spearman_rho	0.1	931	9307	49	190	0.0475312209737892	4.487002878881673e-06	0.1642904824448289	0.1462989120118008	1.1229781560615903	0.0001999600079984	external_validation/processed/CellMiner/enrichment_multiseed/CellMiner_OSU_seed16_enrichment_summary.csv	formal_runs/table_exports/external_enrichment_final_raw.tsv
CellMiner	OSU	MDR	is_p_lt_0_05	0.1	931	9307	49	190	0.0475312209737892	4.487002878881673e-06	0.2105263157894736	0.1602019984957559	1.3141303964135689	0.0001999600079984	external_validation/processed/CellMiner/enrichment_multiseed/CellMiner_OSU_seed16_enrichment_summary.csv	formal_runs/table_exports/external_enrichment_final_raw.tsv
CellMiner	OSU	MDR	is_fdr_lt_0_1	0.1	931	9307	49	190	0.0475312209737892	4.487002878881673e-06	0.0451127819548872	0.0234232298270119	1.925984686486859	0.0003999200159968	external_validation/processed/CellMiner/enrichment_multiseed/CellMiner_OSU_seed16_enrichment_summary.csv	formal_runs/table_exports/external_enrichment_final_raw.tsv
CellMiner	OSU	MDR	is_fdr_lt_0_05	0.1	931	9307	49	190	0.0475312209737892	4.487002878881673e-06	0.0139634801288936	0.007091436553132	1.9690622660547477	0.0103979204159168	external_validation/processed/CellMiner/enrichment_multiseed/CellMiner_OSU_seed16_enrichment_summary.csv	formal_runs/table_exports/external_enrichment_final_raw.tsv
CellMiner	OSU	MDS	abs_spearman_rho	0.01	101	10094	51	198	0.0382515267700617	0.0001210353137464	0.1879019753389609	0.1454008000944035	1.2923035857915703	0.0001999600079984	external_validation/processed/CellMiner/enrichment_multiseed/CellMiner_OSU_seed16_enrichment_summary.csv	formal_runs/table_exports/external_enrichment_final_raw.tsv
CellMiner	OSU	MDS	is_p_lt_0_05	0.01	101	10094	51	198	0.0382515267700617	0.0001210353137464	0.2673267326732673	0.1601941747572815	1.6687668766876689	0.003999200159968	external_validation/processed/CellMiner/enrichment_multiseed/CellMiner_OSU_seed16_enrichment_summary.csv	formal_runs/table_exports/external_enrichment_final_raw.tsv
CellMiner	OSU	MDS	is_fdr_lt_0_1	0.01	101	10094	51	198	0.0382515267700617	0.0001210353137464	0.0594059405940594	0.0244699821676243	2.4277067382851643	0.0345930813837232	external_validation/processed/CellMiner/enrichment_multiseed/CellMiner_OSU_seed16_enrichment_summary.csv	formal_runs/table_exports/external_enrichment_final_raw.tsv
CellMiner	OSU	MDS	is_fdr_lt_0_05	0.01	101	10094	51	198	0.0382515267700617	0.0001210353137464	0.0396039603960396	0.0065385377451951	6.057005700570057	0.0041991601679664	external_validation/processed/CellMiner/enrichment_multiseed/CellMiner_OSU_seed16_enrichment_summary.csv	formal_runs/table_exports/external_enrichment_final_raw.tsv
CellMiner	OSU	MDS	abs_spearman_rho	0.05	505	10094	51	198	0.0382515267700617	0.0001210353137464	0.1709357416148986	0.1454008000944035	1.1756176135476295	0.0001999600079984	external_validation/processed/CellMiner/enrichment_multiseed/CellMiner_OSU_seed16_enrichment_summary.csv	formal_runs/table_exports/external_enrichment_final_raw.tsv
CellMiner	OSU	MDS	is_p_lt_0_05	0.05	505	10094	51	198	0.0382515267700617	0.0001210353137464	0.2336633663366336	0.1601941747572815	1.4586258625862587	0.0001999600079984	external_validation/processed/CellMiner/enrichment_multiseed/CellMiner_OSU_seed16_enrichment_summary.csv	formal_runs/table_exports/external_enrichment_final_raw.tsv
CellMiner	OSU	MDS	is_fdr_lt_0_1	0.05	505	10094	51	198	0.0382515267700617	0.0001210353137464	0.0455445544554455	0.0244699821676243	1.8612418326852929	0.0023995200959808	external_validation/processed/CellMiner/enrichment_multiseed/CellMiner_OSU_seed16_enrichment_summary.csv	formal_runs/table_exports/external_enrichment_final_raw.tsv
CellMiner	OSU	MDS	is_fdr_lt_0_05	0.05	505	10094	51	198	0.0382515267700617	0.0001210353137464	0.0178217821782178	0.0065385377451951	2.7256525652565253	0.0057988402319536	external_validation/processed/CellMiner/enrichment_multiseed/CellMiner_OSU_seed16_enrichment_summary.csv	formal_runs/table_exports/external_enrichment_final_raw.tsv
CellMiner	OSU	MDS	abs_spearman_rho	0.1	1010	10094	51	198	0.0382515267700617	0.0001210353137464	0.1640432019631189	0.1454008000944035	1.128213887795745	0.0001999600079984	external_validation/processed/CellMiner/enrichment_multiseed/CellMiner_OSU_seed16_enrichment_summary.csv	formal_runs/table_exports/external_enrichment_final_raw.tsv
CellMiner	OSU	MDS	is_p_lt_0_05	0.1	1010	10094	51	198	0.0382515267700617	0.0001210353137464	0.2148514851485148	0.1601941747572815	1.341194119411941	0.0001999600079984	external_validation/processed/CellMiner/enrichment_multiseed/CellMiner_OSU_seed16_enrichment_summary.csv	formal_runs/table_exports/external_enrichment_final_raw.tsv
CellMiner	OSU	MDS	is_fdr_lt_0_1	0.1	1010	10094	51	198	0.0382515267700617	0.0001210353137464	0.0396039603960396	0.0244699821676243	1.6184711588567764	0.0013997200559888	external_validation/processed/CellMiner/enrichment_multiseed/CellMiner_OSU_seed16_enrichment_summary.csv	formal_runs/table_exports/external_enrichment_final_raw.tsv
CellMiner	OSU	MDS	is_fdr_lt_0_05	0.1	1010	10094	51	198	0.0382515267700617	0.0001210353137464	0.0138613861386138	0.0065385377451951	2.11995199519952	0.0063987202559488	external_validation/processed/CellMiner/enrichment_multiseed/CellMiner_OSU_seed16_enrichment_summary.csv	formal_runs/table_exports/external_enrichment_final_raw.tsv
CellMiner	OSU	MDR	abs_spearman_rho	0.01	94	9307	49	190	0.0410497690828942	7.45354271070962e-05	0.1757299040787182	0.1462989120118008	1.201170272985649	0.0045990801839632	external_validation/processed/CellMiner/enrichment_multiseed/CellMiner_OSU_seed17_enrichment_summary.csv	formal_runs/table_exports/external_enrichment_final_raw.tsv
CellMiner	OSU	MDR	is_p_lt_0_05	0.01	94	9307	49	190	0.0410497690828942	7.45354271070962e-05	0.2446808510638297	0.1602019984957559	1.5273270830657704	0.0261947610477904	external_validation/processed/CellMiner/enrichment_multiseed/CellMiner_OSU_seed17_enrichment_summary.csv	formal_runs/table_exports/external_enrichment_final_raw.tsv
CellMiner	OSU	MDR	is_fdr_lt_0_1	0.01	94	9307	49	190	0.0410497690828942	7.45354271070962e-05	0.0425531914893617	0.0234232298270119	1.816708959593988	0.1799640071985603	external_validation/processed/CellMiner/enrichment_multiseed/CellMiner_OSU_seed17_enrichment_summary.csv	formal_runs/table_exports/external_enrichment_final_raw.tsv
CellMiner	OSU	MDR	is_fdr_lt_0_05	0.01	94	9307	49	190	0.0410497690828942	7.45354271070962e-05	0.0319148936170212	0.007091436553132	4.500483558994197	0.0267946410717856	external_validation/processed/CellMiner/enrichment_multiseed/CellMiner_OSU_seed17_enrichment_summary.csv	formal_runs/table_exports/external_enrichment_final_raw.tsv
CellMiner	OSU	MDR	abs_spearman_rho	0.05	466	9307	49	190	0.0410497690828942	7.45354271070962e-05	0.1683109083021778	0.1462989120118008	1.1504590566510946	0.0001999600079984	external_validation/processed/CellMiner/enrichment_multiseed/CellMiner_OSU_seed17_enrichment_summary.csv	formal_runs/table_exports/external_enrichment_final_raw.tsv
CellMiner	OSU	MDR	is_p_lt_0_05	0.05	466	9307	49	190	0.0410497690828942	7.45354271070962e-05	0.2124463519313304	0.1602019984957559	1.3261154912306454	0.0017996400719856	external_validation/processed/CellMiner/enrichment_multiseed/CellMiner_OSU_seed17_enrichment_summary.csv	formal_runs/table_exports/external_enrichment_final_raw.tsv
CellMiner	OSU	MDR	is_fdr_lt_0_1	0.05	466	9307	49	190	0.0410497690828942	7.45354271070962e-05	0.0472103004291845	0.0234232298270119	2.0155333307083514	0.0011997600479904	external_validation/processed/CellMiner/enrichment_multiseed/CellMiner_OSU_seed17_enrichment_summary.csv	formal_runs/table_exports/external_enrichment_final_raw.tsv
CellMiner	OSU	MDR	is_fdr_lt_0_05	0.05	466	9307	49	190	0.0410497690828942	7.45354271070962e-05	0.0150214592274678	0.007091436553132	2.118253348940044	0.0411917616476704	external_validation/processed/CellMiner/enrichment_multiseed/CellMiner_OSU_seed17_enrichment_summary.csv	formal_runs/table_exports/external_enrichment_final_raw.tsv
CellMiner	OSU	MDR	abs_spearman_rho	0.1	931	9307	49	190	0.0410497690828942	7.45354271070962e-05	0.1634440903817334	0.1462989120118008	1.117192794766304	0.0001999600079984	external_validation/processed/CellMiner/enrichment_multiseed/CellMiner_OSU_seed17_enrichment_summary.csv	formal_runs/table_exports/external_enrichment_final_raw.tsv
CellMiner	OSU	MDR	is_p_lt_0_05	0.1	931	9307	49	190	0.0410497690828942	7.45354271070962e-05	0.2073039742212674	0.1602019984957559	1.2940161556521368	0.0001999600079984	external_validation/processed/CellMiner/enrichment_multiseed/CellMiner_OSU_seed17_enrichment_summary.csv	formal_runs/table_exports/external_enrichment_final_raw.tsv
CellMiner	OSU	MDR	is_fdr_lt_0_1	0.1	931	9307	49	190	0.0410497690828942	7.45354271070962e-05	0.0418904403866809	0.0234232298270119	1.7884143517377975	0.000999800039992	external_validation/processed/CellMiner/enrichment_multiseed/CellMiner_OSU_seed17_enrichment_summary.csv	formal_runs/table_exports/external_enrichment_final_raw.tsv
CellMiner	OSU	MDR	is_fdr_lt_0_05	0.1	931	9307	49	190	0.0410497690828942	7.45354271070962e-05	0.0150375939849624	0.007091436553132	2.1205285942128045	0.0057988402319536	external_validation/processed/CellMiner/enrichment_multiseed/CellMiner_OSU_seed17_enrichment_summary.csv	formal_runs/table_exports/external_enrichment_final_raw.tsv
CellMiner	OSU	MDS	abs_spearman_rho	0.01	101	10094	51	198	0.0231678678174466	0.019929402500167	0.1757650250243845	0.1454008000944035	1.2088312093899527	0.002999400119976	external_validation/processed/CellMiner/enrichment_multiseed/CellMiner_OSU_seed17_enrichment_summary.csv	formal_runs/table_exports/external_enrichment_final_raw.tsv
CellMiner	OSU	MDS	is_p_lt_0_05	0.01	101	10094	51	198	0.0231678678174466	0.019929402500167	0.2376237623762376	0.1601941747572815	1.4833483348334833	0.02999400119976	external_validation/processed/CellMiner/enrichment_multiseed/CellMiner_OSU_seed17_enrichment_summary.csv	formal_runs/table_exports/external_enrichment_final_raw.tsv
CellMiner	OSU	MDS	is_fdr_lt_0_1	0.01	101	10094	51	198	0.0231678678174466	0.019929402500167	0.0495049504950495	0.0244699821676243	2.0230889485709707	0.0993801239752049	external_validation/processed/CellMiner/enrichment_multiseed/CellMiner_OSU_seed17_enrichment_summary.csv	formal_runs/table_exports/external_enrichment_final_raw.tsv
CellMiner	OSU	MDS	is_fdr_lt_0_05	0.01	101	10094	51	198	0.0231678678174466	0.019929402500167	0.0297029702970297	0.0065385377451951	4.542754275427543	0.0297940411917616	external_validation/processed/CellMiner/enrichment_multiseed/CellMiner_OSU_seed17_enrichment_summary.csv	formal_runs/table_exports/external_enrichment_final_raw.tsv
CellMiner	OSU	MDS	abs_spearman_rho	0.05	505	10094	51	198	0.0231678678174466	0.019929402500167	0.1672865417383456	0.1454008000944035	1.15052009087799	0.0001999600079984	external_validation/processed/CellMiner/enrichment_multiseed/CellMiner_OSU_seed17_enrichment_summary.csv	formal_runs/table_exports/external_enrichment_final_raw.tsv
CellMiner	OSU	MDS	is_p_lt_0_05	0.05	505	10094	51	198	0.0231678678174466	0.019929402500167	0.2277227722772277	0.1601941747572815	1.4215421542154214	0.0003999200159968	external_validation/processed/CellMiner/enrichment_multiseed/CellMiner_OSU_seed17_enrichment_summary.csv	formal_runs/table_exports/external_enrichment_final_raw.tsv
CellMiner	OSU	MDS	is_fdr_lt_0_1	0.05	505	10094	51	198	0.0231678678174466	0.019929402500167	0.0475247524752475	0.0244699821676243	1.9421653906281315	0.0017996400719856	external_validation/processed/CellMiner/enrichment_multiseed/CellMiner_OSU_seed17_enrichment_summary.csv	formal_runs/table_exports/external_enrichment_final_raw.tsv
CellMiner	OSU	MDS	is_fdr_lt_0_05	0.05	505	10094	51	198	0.0231678678174466	0.019929402500167	0.0178217821782178	0.0065385377451951	2.7256525652565253	0.005998800239952	external_validation/processed/CellMiner/enrichment_multiseed/CellMiner_OSU_seed17_enrichment_summary.csv	formal_runs/table_exports/external_enrichment_final_raw.tsv
CellMiner	OSU	MDS	abs_spearman_rho	0.1	1010	10094	51	198	0.0231678678174466	0.019929402500167	0.1602701781742368	0.1454008000944035	1.1022647610616942	0.0001999600079984	external_validation/processed/CellMiner/enrichment_multiseed/CellMiner_OSU_seed17_enrichment_summary.csv	formal_runs/table_exports/external_enrichment_final_raw.tsv
CellMiner	OSU	MDS	is_p_lt_0_05	0.1	1010	10094	51	198	0.0231678678174466	0.019929402500167	0.200990099009901	0.1601941747572815	1.2546654665466546	0.0001999600079984	external_validation/processed/CellMiner/enrichment_multiseed/CellMiner_OSU_seed17_enrichment_summary.csv	formal_runs/table_exports/external_enrichment_final_raw.tsv
CellMiner	OSU	MDS	is_fdr_lt_0_1	0.1	1010	10094	51	198	0.0231678678174466	0.019929402500167	0.0336633663366336	0.0244699821676243	1.37570048502826	0.0321935612877424	external_validation/processed/CellMiner/enrichment_multiseed/CellMiner_OSU_seed17_enrichment_summary.csv	formal_runs/table_exports/external_enrichment_final_raw.tsv
CellMiner	OSU	MDS	is_fdr_lt_0_05	0.1	1010	10094	51	198	0.0231678678174466	0.019929402500167	0.0099009900990099	0.0065385377451951	1.5142514251425143	0.1199760047990401	external_validation/processed/CellMiner/enrichment_multiseed/CellMiner_OSU_seed17_enrichment_summary.csv	formal_runs/table_exports/external_enrichment_final_raw.tsv
CellMiner	OSU	MDR	abs_spearman_rho	0.01	94	9307	49	190	0.046365933806993	7.646249609972522e-06	0.1899180278928681	0.1462989120118008	1.2981506511651222	0.0001999600079984	external_validation/processed/CellMiner/enrichment_multiseed/CellMiner_OSU_seed18_enrichment_summary.csv	formal_runs/table_exports/external_enrichment_final_raw.tsv
CellMiner	OSU	MDR	is_p_lt_0_05	0.01	94	9307	49	190	0.046365933806993	7.646249609972522e-06	0.2659574468085106	0.1602019984957559	1.6601381337671417	0.0037992401519696	external_validation/processed/CellMiner/enrichment_multiseed/CellMiner_OSU_seed18_enrichment_summary.csv	formal_runs/table_exports/external_enrichment_final_raw.tsv
CellMiner	OSU	MDR	is_fdr_lt_0_1	0.01	94	9307	49	190	0.046365933806993	7.646249609972522e-06	0.0744680851063829	0.0234232298270119	3.1792406792894785	0.0061987602479504	external_validation/processed/CellMiner/enrichment_multiseed/CellMiner_OSU_seed18_enrichment_summary.csv	formal_runs/table_exports/external_enrichment_final_raw.tsv
CellMiner	OSU	MDR	is_fdr_lt_0_05	0.01	94	9307	49	190	0.046365933806993	7.646249609972522e-06	0.0425531914893617	0.007091436553132	6.000644745325596	0.0053989202159568	external_validation/processed/CellMiner/enrichment_multiseed/CellMiner_OSU_seed18_enrichment_summary.csv	formal_runs/table_exports/external_enrichment_final_raw.tsv
CellMiner	OSU	MDR	abs_spearman_rho	0.05	466	9307	49	190	0.046365933806993	7.646249609972522e-06	0.1830166554558003	0.1462989120118008	1.2509775564225505	0.0001999600079984	external_validation/processed/CellMiner/enrichment_multiseed/CellMiner_OSU_seed18_enrichment_summary.csv	formal_runs/table_exports/external_enrichment_final_raw.tsv
CellMiner	OSU	MDR	is_p_lt_0_05	0.05	466	9307	49	190	0.046365933806993	7.646249609972522e-06	0.2575107296137339	0.1602019984957559	1.6074127166432066	0.0001999600079984	external_validation/processed/CellMiner/enrichment_multiseed/CellMiner_OSU_seed18_enrichment_summary.csv	formal_runs/table_exports/external_enrichment_final_raw.tsv
CellMiner	OSU	MDR	is_fdr_lt_0_1	0.05	466	9307	49	190	0.046365933806993	7.646249609972522e-06	0.0643776824034334	0.0234232298270119	2.748454541875024	0.0001999600079984	external_validation/processed/CellMiner/enrichment_multiseed/CellMiner_OSU_seed18_enrichment_summary.csv	formal_runs/table_exports/external_enrichment_final_raw.tsv
CellMiner	OSU	MDR	is_fdr_lt_0_05	0.05	466	9307	49	190	0.046365933806993	7.646249609972522e-06	0.01931330472103	0.007091436553132	2.723468591494343	0.0065986802639472	external_validation/processed/CellMiner/enrichment_multiseed/CellMiner_OSU_seed18_enrichment_summary.csv	formal_runs/table_exports/external_enrichment_final_raw.tsv
CellMiner	OSU	MDR	abs_spearman_rho	0.1	931	9307	49	190	0.046365933806993	7.646249609972522e-06	0.1698994925695675	0.1462989120118008	1.161317539776803	0.0001999600079984	external_validation/processed/CellMiner/enrichment_multiseed/CellMiner_OSU_seed18_enrichment_summary.csv	formal_runs/table_exports/external_enrichment_final_raw.tsv
CellMiner	OSU	MDR	is_p_lt_0_05	0.1	931	9307	49	190	0.046365933806993	7.646249609972522e-06	0.2287862513426423	0.1602019984957559	1.4281110940616848	0.0001999600079984	external_validation/processed/CellMiner/enrichment_multiseed/CellMiner_OSU_seed18_enrichment_summary.csv	formal_runs/table_exports/external_enrichment_final_raw.tsv
CellMiner	OSU	MDR	is_fdr_lt_0_1	0.1	931	9307	49	190	0.046365933806993	7.646249609972522e-06	0.0483351235230934	0.0234232298270119	2.0635550212359206	0.0001999600079984	external_validation/processed/CellMiner/enrichment_multiseed/CellMiner_OSU_seed18_enrichment_summary.csv	formal_runs/table_exports/external_enrichment_final_raw.tsv
CellMiner	OSU	MDR	is_fdr_lt_0_05	0.1	931	9307	49	190	0.046365933806993	7.646249609972522e-06	0.0150375939849624	0.007091436553132	2.1205285942128045	0.0045990801839632	external_validation/processed/CellMiner/enrichment_multiseed/CellMiner_OSU_seed18_enrichment_summary.csv	formal_runs/table_exports/external_enrichment_final_raw.tsv
CellMiner	OSU	MDS	abs_spearman_rho	0.01	101	10094	51	198	0.032336507581217	0.0011570538890762	0.1774826267114836	0.1454008000944035	1.2206440858389402	0.0017996400719856	external_validation/processed/CellMiner/enrichment_multiseed/CellMiner_OSU_seed18_enrichment_summary.csv	formal_runs/table_exports/external_enrichment_final_raw.tsv
CellMiner	OSU	MDS	is_p_lt_0_05	0.01	101	10094	51	198	0.032336507581217	0.0011570538890762	0.2475247524752475	0.1601941747572815	1.545154515451545	0.0167966406718656	external_validation/processed/CellMiner/enrichment_multiseed/CellMiner_OSU_seed18_enrichment_summary.csv	formal_runs/table_exports/external_enrichment_final_raw.tsv
CellMiner	OSU	MDS	is_fdr_lt_0_1	0.01	101	10094	51	198	0.032336507581217	0.0011570538890762	0.0594059405940594	0.0244699821676243	2.4277067382851643	0.0383923215356928	external_validation/processed/CellMiner/enrichment_multiseed/CellMiner_OSU_seed18_enrichment_summary.csv	formal_runs/table_exports/external_enrichment_final_raw.tsv
CellMiner	OSU	MDS	is_fdr_lt_0_05	0.01	101	10094	51	198	0.032336507581217	0.0011570538890762	0.0396039603960396	0.0065385377451951	6.057005700570057	0.0027994401119776	external_validation/processed/CellMiner/enrichment_multiseed/CellMiner_OSU_seed18_enrichment_summary.csv	formal_runs/table_exports/external_enrichment_final_raw.tsv
CellMiner	OSU	MDS	abs_spearman_rho	0.05	505	10094	51	198	0.032336507581217	0.0011570538890762	0.169327603695417	0.1454008000944035	1.164557578675487	0.0001999600079984	external_validation/processed/CellMiner/enrichment_multiseed/CellMiner_OSU_seed18_enrichment_summary.csv	formal_runs/table_exports/external_enrichment_final_raw.tsv
CellMiner	OSU	MDS	is_p_lt_0_05	0.05	505	10094	51	198	0.032336507581217	0.0011570538890762	0.2237623762376237	0.1601941747572815	1.3968196819681968	0.0001999600079984	external_validation/processed/CellMiner/enrichment_multiseed/CellMiner_OSU_seed18_enrichment_summary.csv	formal_runs/table_exports/external_enrichment_final_raw.tsv
CellMiner	OSU	MDS	is_fdr_lt_0_1	0.05	505	10094	51	198	0.032336507581217	0.0011570538890762	0.0376237623762376	0.0244699821676243	1.5375476009139375	0.0383923215356928	external_validation/processed/CellMiner/enrichment_multiseed/CellMiner_OSU_seed18_enrichment_summary.csv	formal_runs/table_exports/external_enrichment_final_raw.tsv
CellMiner	OSU	MDS	is_fdr_lt_0_05	0.05	505	10094	51	198	0.032336507581217	0.0011570538890762	0.0198019801980198	0.0065385377451951	3.0285028502850286	0.0015996800639872	external_validation/processed/CellMiner/enrichment_multiseed/CellMiner_OSU_seed18_enrichment_summary.csv	formal_runs/table_exports/external_enrichment_final_raw.tsv
CellMiner	OSU	MDS	abs_spearman_rho	0.1	1010	10094	51	198	0.032336507581217	0.0011570538890762	0.1594650004581976	0.1454008000944035	1.0967271181084477	0.0001999600079984	external_validation/processed/CellMiner/enrichment_multiseed/CellMiner_OSU_seed18_enrichment_summary.csv	formal_runs/table_exports/external_enrichment_final_raw.tsv
CellMiner	OSU	MDS	is_p_lt_0_05	0.1	1010	10094	51	198	0.032336507581217	0.0011570538890762	0.2029702970297029	0.1601941747572815	1.267026702670267	0.0001999600079984	external_validation/processed/CellMiner/enrichment_multiseed/CellMiner_OSU_seed18_enrichment_summary.csv	formal_runs/table_exports/external_enrichment_final_raw.tsv
CellMiner	OSU	MDS	is_fdr_lt_0_1	0.1	1010	10094	51	198	0.032336507581217	0.0011570538890762	0.0356435643564356	0.0244699821676243	1.4566240429710986	0.0135972805438912	external_validation/processed/CellMiner/enrichment_multiseed/CellMiner_OSU_seed18_enrichment_summary.csv	formal_runs/table_exports/external_enrichment_final_raw.tsv
CellMiner	OSU	MDS	is_fdr_lt_0_05	0.1	1010	10094	51	198	0.032336507581217	0.0011570538890762	0.0118811881188118	0.0065385377451951	1.817101710171017	0.0325934813037392	external_validation/processed/CellMiner/enrichment_multiseed/CellMiner_OSU_seed18_enrichment_summary.csv	formal_runs/table_exports/external_enrichment_final_raw.tsv
CellMiner	OSU	MDR	abs_spearman_rho	0.01	94	9307	49	190	0.0395593074565696	0.000134877167563	0.1685697968652735	0.1462989120118008	1.1522286430378663	0.0195960807838432	external_validation/processed/CellMiner/enrichment_multiseed/CellMiner_OSU_seed19_enrichment_summary.csv	formal_runs/table_exports/external_enrichment_final_raw.tsv
CellMiner	OSU	MDR	is_p_lt_0_05	0.01	94	9307	49	190	0.0395593074565696	0.000134877167563	0.1914893617021276	0.1602019984957559	1.195299456312342	0.2401519696060788	external_validation/processed/CellMiner/enrichment_multiseed/CellMiner_OSU_seed19_enrichment_summary.csv	formal_runs/table_exports/external_enrichment_final_raw.tsv
CellMiner	OSU	MDR	is_fdr_lt_0_1	0.01	94	9307	49	190	0.0395593074565696	0.000134877167563	0.0212765957446808	0.0234232298270119	0.908354479796994	0.6558688262347531	external_validation/processed/CellMiner/enrichment_multiseed/CellMiner_OSU_seed19_enrichment_summary.csv	formal_runs/table_exports/external_enrichment_final_raw.tsv
CellMiner	OSU	MDR	is_fdr_lt_0_05	0.01	94	9307	49	190	0.0395593074565696	0.000134877167563	0.0212765957446808	0.007091436553132	3.000322372662798	0.145370925814837	external_validation/processed/CellMiner/enrichment_multiseed/CellMiner_OSU_seed19_enrichment_summary.csv	formal_runs/table_exports/external_enrichment_final_raw.tsv
CellMiner	OSU	MDR	abs_spearman_rho	0.05	466	9307	49	190	0.0395593074565696	0.000134877167563	0.1679466379093776	0.1462989120118008	1.1479691516491293	0.0001999600079984	external_validation/processed/CellMiner/enrichment_multiseed/CellMiner_OSU_seed19_enrichment_summary.csv	formal_runs/table_exports/external_enrichment_final_raw.tsv
CellMiner	OSU	MDR	is_p_lt_0_05	0.05	466	9307	49	190	0.0395593074565696	0.000134877167563	0.2188841201716738	0.1602019984957559	1.366300809146726	0.000999800039992	external_validation/processed/CellMiner/enrichment_multiseed/CellMiner_OSU_seed19_enrichment_summary.csv	formal_runs/table_exports/external_enrichment_final_raw.tsv
CellMiner	OSU	MDR	is_fdr_lt_0_1	0.05	466	9307	49	190	0.0395593074565696	0.000134877167563	0.0364806866952789	0.0234232298270119	1.5574575737291805	0.048990201959608	external_validation/processed/CellMiner/enrichment_multiseed/CellMiner_OSU_seed19_enrichment_summary.csv	formal_runs/table_exports/external_enrichment_final_raw.tsv
CellMiner	OSU	MDR	is_fdr_lt_0_05	0.05	466	9307	49	190	0.0395593074565696	0.000134877167563	0.0128755364806866	0.007091436553132	1.815645727662895	0.1115776844631073	external_validation/processed/CellMiner/enrichment_multiseed/CellMiner_OSU_seed19_enrichment_summary.csv	formal_runs/table_exports/external_enrichment_final_raw.tsv
CellMiner	OSU	MDR	abs_spearman_rho	0.1	931	9307	49	190	0.0395593074565696	0.000134877167563	0.1621453231736241	0.1462989120118008	1.1083153042214362	0.0001999600079984	external_validation/processed/CellMiner/enrichment_multiseed/CellMiner_OSU_seed19_enrichment_summary.csv	formal_runs/table_exports/external_enrichment_final_raw.tsv
CellMiner	OSU	MDR	is_p_lt_0_05	0.1	931	9307	49	190	0.0395593074565696	0.000134877167563	0.2083780880773362	0.1602019984957559	1.3007209025726143	0.0001999600079984	external_validation/processed/CellMiner/enrichment_multiseed/CellMiner_OSU_seed19_enrichment_summary.csv	formal_runs/table_exports/external_enrichment_final_raw.tsv
CellMiner	OSU	MDR	is_fdr_lt_0_1	0.1	931	9307	49	190	0.0395593074565696	0.000134877167563	0.0429645542427497	0.0234232298270119	1.834271129987485	0.0003999200159968	external_validation/processed/CellMiner/enrichment_multiseed/CellMiner_OSU_seed19_enrichment_summary.csv	formal_runs/table_exports/external_enrichment_final_raw.tsv
CellMiner	OSU	MDR	is_fdr_lt_0_05	0.1	931	9307	49	190	0.0395593074565696	0.000134877167563	0.0161117078410311	0.007091436553132	2.271994922370862	0.0027994401119776	external_validation/processed/CellMiner/enrichment_multiseed/CellMiner_OSU_seed19_enrichment_summary.csv	formal_runs/table_exports/external_enrichment_final_raw.tsv
CellMiner	OSU	MDS	abs_spearman_rho	0.01	101	10094	51	198	0.0342575836516968	0.0005765644951147	0.1833707436371316	0.1454008000944035	1.2611398528624025	0.0003999200159968	external_validation/processed/CellMiner/enrichment_multiseed/CellMiner_OSU_seed19_enrichment_summary.csv	formal_runs/table_exports/external_enrichment_final_raw.tsv
CellMiner	OSU	MDS	is_p_lt_0_05	0.01	101	10094	51	198	0.0342575836516968	0.0005765644951147	0.2574257425742574	0.1601941747572815	1.6069606960696068	0.0063987202559488	external_validation/processed/CellMiner/enrichment_multiseed/CellMiner_OSU_seed19_enrichment_summary.csv	formal_runs/table_exports/external_enrichment_final_raw.tsv
CellMiner	OSU	MDS	is_fdr_lt_0_1	0.01	101	10094	51	198	0.0342575836516968	0.0005765644951147	0.0495049504950495	0.0244699821676243	2.0230889485709707	0.1041791641671665	external_validation/processed/CellMiner/enrichment_multiseed/CellMiner_OSU_seed19_enrichment_summary.csv	formal_runs/table_exports/external_enrichment_final_raw.tsv
CellMiner	OSU	MDS	is_fdr_lt_0_05	0.01	101	10094	51	198	0.0342575836516968	0.0005765644951147	0.0297029702970297	0.0065385377451951	4.542754275427543	0.0293941211757648	external_validation/processed/CellMiner/enrichment_multiseed/CellMiner_OSU_seed19_enrichment_summary.csv	formal_runs/table_exports/external_enrichment_final_raw.tsv
CellMiner	OSU	MDS	abs_spearman_rho	0.05	505	10094	51	198	0.0342575836516968	0.0005765644951147	0.1650150579198663	0.1454008000944035	1.1348978672244443	0.0001999600079984	external_validation/processed/CellMiner/enrichment_multiseed/CellMiner_OSU_seed19_enrichment_summary.csv	formal_runs/table_exports/external_enrichment_final_raw.tsv
CellMiner	OSU	MDS	is_p_lt_0_05	0.05	505	10094	51	198	0.0342575836516968	0.0005765644951147	0.2138613861386138	0.1601941747572815	1.335013501350135	0.0007998400319936	external_validation/processed/CellMiner/enrichment_multiseed/CellMiner_OSU_seed19_enrichment_summary.csv	formal_runs/table_exports/external_enrichment_final_raw.tsv
CellMiner	OSU	MDS	is_fdr_lt_0_1	0.05	505	10094	51	198	0.0342575836516968	0.0005765644951147	0.0336633663366336	0.0244699821676243	1.37570048502826	0.1131773645270945	external_validation/processed/CellMiner/enrichment_multiseed/CellMiner_OSU_seed19_enrichment_summary.csv	formal_runs/table_exports/external_enrichment_final_raw.tsv
CellMiner	OSU	MDS	is_fdr_lt_0_05	0.05	505	10094	51	198	0.0342575836516968	0.0005765644951147	0.0118811881188118	0.0065385377451951	1.817101710171017	0.1115776844631073	external_validation/processed/CellMiner/enrichment_multiseed/CellMiner_OSU_seed19_enrichment_summary.csv	formal_runs/table_exports/external_enrichment_final_raw.tsv
CellMiner	OSU	MDS	abs_spearman_rho	0.1	1010	10094	51	198	0.0342575836516968	0.0005765644951147	0.1619566911528032	0.1454008000944035	1.1138638236354308	0.0001999600079984	external_validation/processed/CellMiner/enrichment_multiseed/CellMiner_OSU_seed19_enrichment_summary.csv	formal_runs/table_exports/external_enrichment_final_raw.tsv
CellMiner	OSU	MDS	is_p_lt_0_05	0.1	1010	10094	51	198	0.0342575836516968	0.0005765644951147	0.2069306930693069	0.1601941747572815	1.2917491749174916	0.0001999600079984	external_validation/processed/CellMiner/enrichment_multiseed/CellMiner_OSU_seed19_enrichment_summary.csv	formal_runs/table_exports/external_enrichment_final_raw.tsv
CellMiner	OSU	MDS	is_fdr_lt_0_1	0.1	1010	10094	51	198	0.0342575836516968	0.0005765644951147	0.0356435643564356	0.0244699821676243	1.4566240429710986	0.0121975604879024	external_validation/processed/CellMiner/enrichment_multiseed/CellMiner_OSU_seed19_enrichment_summary.csv	formal_runs/table_exports/external_enrichment_final_raw.tsv
CellMiner	OSU	MDS	is_fdr_lt_0_05	0.1	1010	10094	51	198	0.0342575836516968	0.0005765644951147	0.0118811881188118	0.0065385377451951	1.817101710171017	0.0313937212557488	external_validation/processed/CellMiner/enrichment_multiseed/CellMiner_OSU_seed19_enrichment_summary.csv	formal_runs/table_exports/external_enrichment_final_raw.tsv
CellMiner	OSU	MDR	abs_spearman_rho	0.01	94	9307	49	190	0.0257418203255982	0.0130111752303873	0.1822759243536346	0.1462989120118008	1.2459144216939346	0.000999800039992	external_validation/processed/CellMiner/enrichment_multiseed/CellMiner_OSU_seed1_enrichment_summary.csv	formal_runs/table_exports/external_enrichment_final_raw.tsv
CellMiner	OSU	MDR	is_p_lt_0_05	0.01	94	9307	49	190	0.0257418203255982	0.0130111752303873	0.2446808510638297	0.1602019984957559	1.5273270830657704	0.0225954809038192	external_validation/processed/CellMiner/enrichment_multiseed/CellMiner_OSU_seed1_enrichment_summary.csv	formal_runs/table_exports/external_enrichment_final_raw.tsv
CellMiner	OSU	MDR	is_fdr_lt_0_1	0.01	94	9307	49	190	0.0257418203255982	0.0130111752303873	0.0425531914893617	0.0234232298270119	1.816708959593988	0.1817636472705459	external_validation/processed/CellMiner/enrichment_multiseed/CellMiner_OSU_seed1_enrichment_summary.csv	formal_runs/table_exports/external_enrichment_final_raw.tsv
CellMiner	OSU	MDR	is_fdr_lt_0_05	0.01	94	9307	49	190	0.0257418203255982	0.0130111752303873	0.0212765957446808	0.007091436553132	3.000322372662798	0.1461707658468306	external_validation/processed/CellMiner/enrichment_multiseed/CellMiner_OSU_seed1_enrichment_summary.csv	formal_runs/table_exports/external_enrichment_final_raw.tsv
CellMiner	OSU	MDR	abs_spearman_rho	0.05	466	9307	49	190	0.0257418203255982	0.0130111752303873	0.1651954416812992	0.1462989120118008	1.1291638427767263	0.0003999200159968	external_validation/processed/CellMiner/enrichment_multiseed/CellMiner_OSU_seed1_enrichment_summary.csv	formal_runs/table_exports/external_enrichment_final_raw.tsv
CellMiner	OSU	MDR	is_p_lt_0_05	0.05	466	9307	49	190	0.0257418203255982	0.0130111752303873	0.1974248927038626	0.1602019984957559	1.2323497494264586	0.01499700059988	external_validation/processed/CellMiner/enrichment_multiseed/CellMiner_OSU_seed1_enrichment_summary.csv	formal_runs/table_exports/external_enrichment_final_raw.tsv
CellMiner	OSU	MDR	is_fdr_lt_0_1	0.05	466	9307	49	190	0.0257418203255982	0.0130111752303873	0.0472103004291845	0.0234232298270119	2.0155333307083514	0.0017996400719856	external_validation/processed/CellMiner/enrichment_multiseed/CellMiner_OSU_seed1_enrichment_summary.csv	formal_runs/table_exports/external_enrichment_final_raw.tsv
CellMiner	OSU	MDR	is_fdr_lt_0_05	0.05	466	9307	49	190	0.0257418203255982	0.0130111752303873	0.01931330472103	0.007091436553132	2.723468591494343	0.0053989202159568	external_validation/processed/CellMiner/enrichment_multiseed/CellMiner_OSU_seed1_enrichment_summary.csv	formal_runs/table_exports/external_enrichment_final_raw.tsv
CellMiner	OSU	MDR	abs_spearman_rho	0.1	931	9307	49	190	0.0257418203255982	0.0130111752303873	0.1619061696131766	0.1462989120118008	1.1066806129092528	0.0001999600079984	external_validation/processed/CellMiner/enrichment_multiseed/CellMiner_OSU_seed1_enrichment_summary.csv	formal_runs/table_exports/external_enrichment_final_raw.tsv
CellMiner	OSU	MDR	is_p_lt_0_05	0.1	931	9307	49	190	0.0257418203255982	0.0130111752303873	0.2051557465091299	0.1602019984957559	1.280606661811182	0.0001999600079984	external_validation/processed/CellMiner/enrichment_multiseed/CellMiner_OSU_seed1_enrichment_summary.csv	formal_runs/table_exports/external_enrichment_final_raw.tsv
CellMiner	OSU	MDR	is_fdr_lt_0_1	0.1	931	9307	49	190	0.0257418203255982	0.0130111752303873	0.0397422126745435	0.0234232298270119	1.6967007952384237	0.0005998800239952	external_validation/processed/CellMiner/enrichment_multiseed/CellMiner_OSU_seed1_enrichment_summary.csv	formal_runs/table_exports/external_enrichment_final_raw.tsv
CellMiner	OSU	MDR	is_fdr_lt_0_05	0.1	931	9307	49	190	0.0257418203255982	0.0130111752303873	0.0128893662728249	0.007091436553132	1.81759593789669	0.027994401119776	external_validation/processed/CellMiner/enrichment_multiseed/CellMiner_OSU_seed1_enrichment_summary.csv	formal_runs/table_exports/external_enrichment_final_raw.tsv
CellMiner	OSU	MDS	abs_spearman_rho	0.01	101	10094	51	198	0.031175347941302	0.0017330884680365	0.1773059810960158	0.1454008000944035	1.2194291983324537	0.001999600079984	external_validation/processed/CellMiner/enrichment_multiseed/CellMiner_OSU_seed1_enrichment_summary.csv	formal_runs/table_exports/external_enrichment_final_raw.tsv
CellMiner	OSU	MDS	is_p_lt_0_05	0.01	101	10094	51	198	0.031175347941302	0.0017330884680365	0.2475247524752475	0.1601941747572815	1.545154515451545	0.0147970405918816	external_validation/processed/CellMiner/enrichment_multiseed/CellMiner_OSU_seed1_enrichment_summary.csv	formal_runs/table_exports/external_enrichment_final_raw.tsv
CellMiner	OSU	MDS	is_fdr_lt_0_1	0.01	101	10094	51	198	0.031175347941302	0.0017330884680365	0.0792079207920792	0.0244699821676243	3.236942317713553	0.0035992801439712	external_validation/processed/CellMiner/enrichment_multiseed/CellMiner_OSU_seed1_enrichment_summary.csv	formal_runs/table_exports/external_enrichment_final_raw.tsv
CellMiner	OSU	MDS	is_fdr_lt_0_05	0.01	101	10094	51	198	0.031175347941302	0.0017330884680365	0.0594059405940594	0.0065385377451951	9.085508550855083	0.0003999200159968	external_validation/processed/CellMiner/enrichment_multiseed/CellMiner_OSU_seed1_enrichment_summary.csv	formal_runs/table_exports/external_enrichment_final_raw.tsv
CellMiner	OSU	MDS	abs_spearman_rho	0.05	505	10094	51	198	0.031175347941302	0.0017330884680365	0.1618105592584049	0.1454008000944035	1.1128587955042009	0.0003999200159968	external_validation/processed/CellMiner/enrichment_multiseed/CellMiner_OSU_seed1_enrichment_summary.csv	formal_runs/table_exports/external_enrichment_final_raw.tsv
CellMiner	OSU	MDS	is_p_lt_0_05	0.05	505	10094	51	198	0.031175347941302	0.0017330884680365	0.2158415841584158	0.1601941747572815	1.3473747374737473	0.0007998400319936	external_validation/processed/CellMiner/enrichment_multiseed/CellMiner_OSU_seed1_enrichment_summary.csv	formal_runs/table_exports/external_enrichment_final_raw.tsv
CellMiner	OSU	MDS	is_fdr_lt_0_1	0.05	505	10094	51	198	0.031175347941302	0.0017330884680365	0.0277227722772277	0.0244699821676243	1.1329298111997437	0.3517296540691861	external_validation/processed/CellMiner/enrichment_multiseed/CellMiner_OSU_seed1_enrichment_summary.csv	formal_runs/table_exports/external_enrichment_final_raw.tsv
CellMiner	OSU	MDS	is_fdr_lt_0_05	0.05	505	10094	51	198	0.031175347941302	0.0017330884680365	0.0138613861386138	0.0065385377451951	2.11995199519952	0.0475904819036192	external_validation/processed/CellMiner/enrichment_multiseed/CellMiner_OSU_seed1_enrichment_summary.csv	formal_runs/table_exports/external_enrichment_final_raw.tsv
CellMiner	OSU	MDS	abs_spearman_rho	0.1	1010	10094	51	198	0.031175347941302	0.0017330884680365	0.1564267580099845	0.1454008000944035	1.0758314803523936	0.0003999200159968	external_validation/processed/CellMiner/enrichment_multiseed/CellMiner_OSU_seed1_enrichment_summary.csv	formal_runs/table_exports/external_enrichment_final_raw.tsv
CellMiner	OSU	MDS	is_p_lt_0_05	0.1	1010	10094	51	198	0.031175347941302	0.0017330884680365	0.194059405940594	0.1601941747572815	1.2114011401140117	0.0011997600479904	external_validation/processed/CellMiner/enrichment_multiseed/CellMiner_OSU_seed1_enrichment_summary.csv	formal_runs/table_exports/external_enrichment_final_raw.tsv
CellMiner	OSU	MDS	is_fdr_lt_0_1	0.1	1010	10094	51	198	0.031175347941302	0.0017330884680365	0.0316831683168316	0.0244699821676243	1.294776927085421	0.0743851229754049	external_validation/processed/CellMiner/enrichment_multiseed/CellMiner_OSU_seed1_enrichment_summary.csv	formal_runs/table_exports/external_enrichment_final_raw.tsv
CellMiner	OSU	MDS	is_fdr_lt_0_05	0.1	1010	10094	51	198	0.031175347941302	0.0017330884680365	0.0108910891089108	0.0065385377451951	1.6656765676567655	0.0621875624875025	external_validation/processed/CellMiner/enrichment_multiseed/CellMiner_OSU_seed1_enrichment_summary.csv	formal_runs/table_exports/external_enrichment_final_raw.tsv
CellMiner	OSU	MDR	abs_spearman_rho	0.01	94	9307	49	190	0.0318199937207678	0.0021396650685419	0.1895604925454507	0.1462989120118008	1.295706782359122	0.0001999600079984	external_validation/processed/CellMiner/enrichment_multiseed/CellMiner_OSU_seed20_enrichment_summary.csv	formal_runs/table_exports/external_enrichment_final_raw.tsv
CellMiner	OSU	MDR	is_p_lt_0_05	0.01	94	9307	49	190	0.0318199937207678	0.0021396650685419	0.2765957446808511	0.1602019984957559	1.7265436591178276	0.0033993201359728	external_validation/processed/CellMiner/enrichment_multiseed/CellMiner_OSU_seed20_enrichment_summary.csv	formal_runs/table_exports/external_enrichment_final_raw.tsv
CellMiner	OSU	MDR	is_fdr_lt_0_1	0.01	94	9307	49	190	0.0318199937207678	0.0021396650685419	0.0744680851063829	0.0234232298270119	3.1792406792894785	0.0081983603279344	external_validation/processed/CellMiner/enrichment_multiseed/CellMiner_OSU_seed20_enrichment_summary.csv	formal_runs/table_exports/external_enrichment_final_raw.tsv
CellMiner	OSU	MDR	is_fdr_lt_0_05	0.01	94	9307	49	190	0.0318199937207678	0.0021396650685419	0.0212765957446808	0.007091436553132	3.000322372662798	0.1447710457908418	external_validation/processed/CellMiner/enrichment_multiseed/CellMiner_OSU_seed20_enrichment_summary.csv	formal_runs/table_exports/external_enrichment_final_raw.tsv
CellMiner	OSU	MDR	abs_spearman_rho	0.05	466	9307	49	190	0.0318199937207678	0.0021396650685419	0.1757905965085446	0.1462989120118008	1.2015851252151823	0.0001999600079984	external_validation/processed/CellMiner/enrichment_multiseed/CellMiner_OSU_seed20_enrichment_summary.csv	formal_runs/table_exports/external_enrichment_final_raw.tsv
CellMiner	OSU	MDR	is_p_lt_0_05	0.05	466	9307	49	190	0.0318199937207678	0.0021396650685419	0.2403433476394849	0.1602019984957559	1.500251868866993	0.0001999600079984	external_validation/processed/CellMiner/enrichment_multiseed/CellMiner_OSU_seed20_enrichment_summary.csv	formal_runs/table_exports/external_enrichment_final_raw.tsv
CellMiner	OSU	MDR	is_fdr_lt_0_1	0.05	466	9307	49	190	0.0318199937207678	0.0021396650685419	0.0622317596566523	0.0234232298270119	2.6568393904791905	0.0001999600079984	external_validation/processed/CellMiner/enrichment_multiseed/CellMiner_OSU_seed20_enrichment_summary.csv	formal_runs/table_exports/external_enrichment_final_raw.tsv
CellMiner	OSU	MDR	is_fdr_lt_0_05	0.05	466	9307	49	190	0.0318199937207678	0.0021396650685419	0.01931330472103	0.007091436553132	2.723468591494343	0.003999200159968	external_validation/processed/CellMiner/enrichment_multiseed/CellMiner_OSU_seed20_enrichment_summary.csv	formal_runs/table_exports/external_enrichment_final_raw.tsv
CellMiner	OSU	MDR	abs_spearman_rho	0.1	931	9307	49	190	0.0318199937207678	0.0021396650685419	0.16725079752293	0.1462989120118008	1.143212859364526	0.0001999600079984	external_validation/processed/CellMiner/enrichment_multiseed/CellMiner_OSU_seed20_enrichment_summary.csv	formal_runs/table_exports/external_enrichment_final_raw.tsv
CellMiner	OSU	MDR	is_p_lt_0_05	0.1	931	9307	49	190	0.0318199937207678	0.0021396650685419	0.2212674543501611	0.1602019984957559	1.381177865618343	0.0001999600079984	external_validation/processed/CellMiner/enrichment_multiseed/CellMiner_OSU_seed20_enrichment_summary.csv	formal_runs/table_exports/external_enrichment_final_raw.tsv
CellMiner	OSU	MDR	is_fdr_lt_0_1	0.1	931	9307	49	190	0.0318199937207678	0.0021396650685419	0.0472610096670247	0.0234232298270119	2.0176982429862336	0.0001999600079984	external_validation/processed/CellMiner/enrichment_multiseed/CellMiner_OSU_seed20_enrichment_summary.csv	formal_runs/table_exports/external_enrichment_final_raw.tsv
CellMiner	OSU	MDR	is_fdr_lt_0_05	0.1	931	9307	49	190	0.0318199937207678	0.0021396650685419	0.0128893662728249	0.007091436553132	1.81759593789669	0.0311937612477504	external_validation/processed/CellMiner/enrichment_multiseed/CellMiner_OSU_seed20_enrichment_summary.csv	formal_runs/table_exports/external_enrichment_final_raw.tsv
CellMiner	OSU	MDS	abs_spearman_rho	0.01	101	10094	51	198	0.0268530337484214	0.0069747560804359	0.1808765818948857	0.1454008000944035	1.243986152603349	0.0003999200159968	external_validation/processed/CellMiner/enrichment_multiseed/CellMiner_OSU_seed20_enrichment_summary.csv	formal_runs/table_exports/external_enrichment_final_raw.tsv
CellMiner	OSU	MDS	is_p_lt_0_05	0.01	101	10094	51	198	0.0268530337484214	0.0069747560804359	0.2574257425742574	0.1601941747572815	1.6069606960696068	0.0067986402719456	external_validation/processed/CellMiner/enrichment_multiseed/CellMiner_OSU_seed20_enrichment_summary.csv	formal_runs/table_exports/external_enrichment_final_raw.tsv
CellMiner	OSU	MDS	is_fdr_lt_0_1	0.01	101	10094	51	198	0.0268530337484214	0.0069747560804359	0.0594059405940594	0.0244699821676243	2.4277067382851643	0.0365926814637072	external_validation/processed/CellMiner/enrichment_multiseed/CellMiner_OSU_seed20_enrichment_summary.csv	formal_runs/table_exports/external_enrichment_final_raw.tsv
CellMiner	OSU	MDS	is_fdr_lt_0_05	0.01	101	10094	51	198	0.0268530337484214	0.0069747560804359	0.0396039603960396	0.0065385377451951	6.057005700570057	0.0045990801839632	external_validation/processed/CellMiner/enrichment_multiseed/CellMiner_OSU_seed20_enrichment_summary.csv	formal_runs/table_exports/external_enrichment_final_raw.tsv
CellMiner	OSU	MDS	abs_spearman_rho	0.05	505	10094	51	198	0.0268530337484214	0.0069747560804359	0.1667481939434635	0.1454008000944035	1.1468175817134425	0.0001999600079984	external_validation/processed/CellMiner/enrichment_multiseed/CellMiner_OSU_seed20_enrichment_summary.csv	formal_runs/table_exports/external_enrichment_final_raw.tsv
CellMiner	OSU	MDS	is_p_lt_0_05	0.05	505	10094	51	198	0.0268530337484214	0.0069747560804359	0.2158415841584158	0.1601941747572815	1.3473747374737473	0.0005998800239952	external_validation/processed/CellMiner/enrichment_multiseed/CellMiner_OSU_seed20_enrichment_summary.csv	formal_runs/table_exports/external_enrichment_final_raw.tsv
CellMiner	OSU	MDS	is_fdr_lt_0_1	0.05	505	10094	51	198	0.0268530337484214	0.0069747560804359	0.0475247524752475	0.0244699821676243	1.9421653906281315	0.0013997200559888	external_validation/processed/CellMiner/enrichment_multiseed/CellMiner_OSU_seed20_enrichment_summary.csv	formal_runs/table_exports/external_enrichment_final_raw.tsv
CellMiner	OSU	MDS	is_fdr_lt_0_05	0.05	505	10094	51	198	0.0268530337484214	0.0069747560804359	0.0178217821782178	0.0065385377451951	2.7256525652565253	0.0047990401919616	external_validation/processed/CellMiner/enrichment_multiseed/CellMiner_OSU_seed20_enrichment_summary.csv	formal_runs/table_exports/external_enrichment_final_raw.tsv
CellMiner	OSU	MDS	abs_spearman_rho	0.1	1010	10094	51	198	0.0268530337484214	0.0069747560804359	0.1606361678545143	0.1454008000944035	1.1047818701837886	0.0001999600079984	external_validation/processed/CellMiner/enrichment_multiseed/CellMiner_OSU_seed20_enrichment_summary.csv	formal_runs/table_exports/external_enrichment_final_raw.tsv
CellMiner	OSU	MDS	is_p_lt_0_05	0.1	1010	10094	51	198	0.0268530337484214	0.0069747560804359	0.2059405940594059	0.1601941747572815	1.2855685568556854	0.0001999600079984	external_validation/processed/CellMiner/enrichment_multiseed/CellMiner_OSU_seed20_enrichment_summary.csv	formal_runs/table_exports/external_enrichment_final_raw.tsv
CellMiner	OSU	MDS	is_fdr_lt_0_1	0.1	1010	10094	51	198	0.0268530337484214	0.0069747560804359	0.0356435643564356	0.0244699821676243	1.4566240429710986	0.0153969206158768	external_validation/processed/CellMiner/enrichment_multiseed/CellMiner_OSU_seed20_enrichment_summary.csv	formal_runs/table_exports/external_enrichment_final_raw.tsv
CellMiner	OSU	MDS	is_fdr_lt_0_05	0.1	1010	10094	51	198	0.0268530337484214	0.0069747560804359	0.0138613861386138	0.0065385377451951	2.11995199519952	0.003999200159968	external_validation/processed/CellMiner/enrichment_multiseed/CellMiner_OSU_seed20_enrichment_summary.csv	formal_runs/table_exports/external_enrichment_final_raw.tsv
CellMiner	OSU	MDR	abs_spearman_rho	0.01	94	9307	49	190	0.0367467713712559	0.0003914454069747	0.1970897334928694	0.1462989120118008	1.3471715598060747	0.0001999600079984	external_validation/processed/CellMiner/enrichment_multiseed/CellMiner_OSU_seed21_enrichment_summary.csv	formal_runs/table_exports/external_enrichment_final_raw.tsv
CellMiner	OSU	MDR	is_p_lt_0_05	0.01	94	9307	49	190	0.0367467713712559	0.0003914454069747	0.2765957446808511	0.1602019984957559	1.7265436591178276	0.0025994801039792	external_validation/processed/CellMiner/enrichment_multiseed/CellMiner_OSU_seed21_enrichment_summary.csv	formal_runs/table_exports/external_enrichment_final_raw.tsv
CellMiner	OSU	MDR	is_fdr_lt_0_1	0.01	94	9307	49	190	0.0367467713712559	0.0003914454069747	0.0531914893617021	0.0234232298270119	2.2708861994924847	0.0655868826234753	external_validation/processed/CellMiner/enrichment_multiseed/CellMiner_OSU_seed21_enrichment_summary.csv	formal_runs/table_exports/external_enrichment_final_raw.tsv
CellMiner	OSU	MDR	is_fdr_lt_0_05	0.01	94	9307	49	190	0.0367467713712559	0.0003914454069747	0.0212765957446808	0.007091436553132	3.000322372662798	0.143371325734853	external_validation/processed/CellMiner/enrichment_multiseed/CellMiner_OSU_seed21_enrichment_summary.csv	formal_runs/table_exports/external_enrichment_final_raw.tsv
CellMiner	OSU	MDR	abs_spearman_rho	0.05	466	9307	49	190	0.0367467713712559	0.0003914454069747	0.1797089701230777	0.1462989120118008	1.228368465984094	0.0001999600079984	external_validation/processed/CellMiner/enrichment_multiseed/CellMiner_OSU_seed21_enrichment_summary.csv	formal_runs/table_exports/external_enrichment_final_raw.tsv
CellMiner	OSU	MDR	is_p_lt_0_05	0.05	466	9307	49	190	0.0367467713712559	0.0003914454069747	0.2532188841201717	0.1602019984957559	1.580622504699153	0.0001999600079984	external_validation/processed/CellMiner/enrichment_multiseed/CellMiner_OSU_seed21_enrichment_summary.csv	formal_runs/table_exports/external_enrichment_final_raw.tsv
CellMiner	OSU	MDR	is_fdr_lt_0_1	0.05	466	9307	49	190	0.0367467713712559	0.0003914454069747	0.0579399141630901	0.0234232298270119	2.473609087687522	0.0001999600079984	external_validation/processed/CellMiner/enrichment_multiseed/CellMiner_OSU_seed21_enrichment_summary.csv	formal_runs/table_exports/external_enrichment_final_raw.tsv
CellMiner	OSU	MDR	is_fdr_lt_0_05	0.05	466	9307	49	190	0.0367467713712559	0.0003914454069747	0.0214592274678111	0.007091436553132	3.026076212771492	0.0015996800639872	external_validation/processed/CellMiner/enrichment_multiseed/CellMiner_OSU_seed21_enrichment_summary.csv	formal_runs/table_exports/external_enrichment_final_raw.tsv
CellMiner	OSU	MDR	abs_spearman_rho	0.1	931	9307	49	190	0.0367467713712559	0.0003914454069747	0.1669539493977443	0.1462989120118008	1.141183807192479	0.0001999600079984	external_validation/processed/CellMiner/enrichment_multiseed/CellMiner_OSU_seed21_enrichment_summary.csv	formal_runs/table_exports/external_enrichment_final_raw.tsv
CellMiner	OSU	MDR	is_p_lt_0_05	0.1	931	9307	49	190	0.0367467713712559	0.0003914454069747	0.2180451127819548	0.1602019984957559	1.3610636248569108	0.0001999600079984	external_validation/processed/CellMiner/enrichment_multiseed/CellMiner_OSU_seed21_enrichment_summary.csv	formal_runs/table_exports/external_enrichment_final_raw.tsv
CellMiner	OSU	MDR	is_fdr_lt_0_1	0.1	931	9307	49	190	0.0367467713712559	0.0003914454069747	0.0461868958109559	0.0234232298270119	1.9718414647365463	0.0001999600079984	external_validation/processed/CellMiner/enrichment_multiseed/CellMiner_OSU_seed21_enrichment_summary.csv	formal_runs/table_exports/external_enrichment_final_raw.tsv
CellMiner	OSU	MDR	is_fdr_lt_0_05	0.1	931	9307	49	190	0.0367467713712559	0.0003914454069747	0.0150375939849624	0.007091436553132	2.1205285942128045	0.0075984803039392	external_validation/processed/CellMiner/enrichment_multiseed/CellMiner_OSU_seed21_enrichment_summary.csv	formal_runs/table_exports/external_enrichment_final_raw.tsv
CellMiner	OSU	MDS	abs_spearman_rho	0.01	101	10094	51	198	0.0365750241193649	0.0002374518768241	0.1862065089618521	0.1454008000944035	1.2806429458500568	0.0003999200159968	external_validation/processed/CellMiner/enrichment_multiseed/CellMiner_OSU_seed21_enrichment_summary.csv	formal_runs/table_exports/external_enrichment_final_raw.tsv
CellMiner	OSU	MDS	is_p_lt_0_05	0.01	101	10094	51	198	0.0365750241193649	0.0002374518768241	0.2772277227722772	0.1601941747572815	1.7305730573057303	0.0025994801039792	external_validation/processed/CellMiner/enrichment_multiseed/CellMiner_OSU_seed21_enrichment_summary.csv	formal_runs/table_exports/external_enrichment_final_raw.tsv
CellMiner	OSU	MDS	is_fdr_lt_0_1	0.01	101	10094	51	198	0.0365750241193649	0.0002374518768241	0.0495049504950495	0.0244699821676243	2.0230889485709707	0.0985802839432113	external_validation/processed/CellMiner/enrichment_multiseed/CellMiner_OSU_seed21_enrichment_summary.csv	formal_runs/table_exports/external_enrichment_final_raw.tsv
CellMiner	OSU	MDS	is_fdr_lt_0_05	0.01	101	10094	51	198	0.0365750241193649	0.0002374518768241	0.0297029702970297	0.0065385377451951	4.542754275427543	0.0285942811437712	external_validation/processed/CellMiner/enrichment_multiseed/CellMiner_OSU_seed21_enrichment_summary.csv	formal_runs/table_exports/external_enrichment_final_raw.tsv
CellMiner	OSU	MDS	abs_spearman_rho	0.05	505	10094	51	198	0.0365750241193649	0.0002374518768241	0.1629159911092972	0.1454008000944035	1.1204614486544895	0.0001999600079984	external_validation/processed/CellMiner/enrichment_multiseed/CellMiner_OSU_seed21_enrichment_summary.csv	formal_runs/table_exports/external_enrichment_final_raw.tsv
CellMiner	OSU	MDS	is_p_lt_0_05	0.05	505	10094	51	198	0.0365750241193649	0.0002374518768241	0.2099009900990099	0.1601941747572815	1.3102910291029102	0.0017996400719856	external_validation/processed/CellMiner/enrichment_multiseed/CellMiner_OSU_seed21_enrichment_summary.csv	formal_runs/table_exports/external_enrichment_final_raw.tsv
CellMiner	OSU	MDS	is_fdr_lt_0_1	0.05	505	10094	51	198	0.0365750241193649	0.0002374518768241	0.0277227722772277	0.0244699821676243	1.1329298111997437	0.3499300139972006	external_validation/processed/CellMiner/enrichment_multiseed/CellMiner_OSU_seed21_enrichment_summary.csv	formal_runs/table_exports/external_enrichment_final_raw.tsv
CellMiner	OSU	MDS	is_fdr_lt_0_05	0.05	505	10094	51	198	0.0365750241193649	0.0002374518768241	0.0138613861386138	0.0065385377451951	2.11995199519952	0.0475904819036192	external_validation/processed/CellMiner/enrichment_multiseed/CellMiner_OSU_seed21_enrichment_summary.csv	formal_runs/table_exports/external_enrichment_final_raw.tsv
CellMiner	OSU	MDS	abs_spearman_rho	0.1	1010	10094	51	198	0.0365750241193649	0.0002374518768241	0.1595936381281638	0.1454008000944035	1.0976118289895616	0.0001999600079984	external_validation/processed/CellMiner/enrichment_multiseed/CellMiner_OSU_seed21_enrichment_summary.csv	formal_runs/table_exports/external_enrichment_final_raw.tsv
CellMiner	OSU	MDS	is_p_lt_0_05	0.1	1010	10094	51	198	0.0365750241193649	0.0002374518768241	0.2029702970297029	0.1601941747572815	1.267026702670267	0.0001999600079984	external_validation/processed/CellMiner/enrichment_multiseed/CellMiner_OSU_seed21_enrichment_summary.csv	formal_runs/table_exports/external_enrichment_final_raw.tsv
CellMiner	OSU	MDS	is_fdr_lt_0_1	0.1	1010	10094	51	198	0.0365750241193649	0.0002374518768241	0.0326732673267326	0.0244699821676243	1.3352387060568405	0.0563887222555488	external_validation/processed/CellMiner/enrichment_multiseed/CellMiner_OSU_seed21_enrichment_summary.csv	formal_runs/table_exports/external_enrichment_final_raw.tsv
CellMiner	OSU	MDS	is_fdr_lt_0_05	0.1	1010	10094	51	198	0.0365750241193649	0.0002374518768241	0.0128712871287128	0.0065385377451951	1.9685268526852684	0.0147970405918816	external_validation/processed/CellMiner/enrichment_multiseed/CellMiner_OSU_seed21_enrichment_summary.csv	formal_runs/table_exports/external_enrichment_final_raw.tsv
CellMiner	OSU	MDR	abs_spearman_rho	0.01	94	9307	49	190	0.0349856199487642	0.0007361731338556	0.1768082348563578	0.1462989120118008	1.208541009806663	0.0025994801039792	external_validation/processed/CellMiner/enrichment_multiseed/CellMiner_OSU_seed22_enrichment_summary.csv	formal_runs/table_exports/external_enrichment_final_raw.tsv
CellMiner	OSU	MDR	is_p_lt_0_05	0.01	94	9307	49	190	0.0349856199487642	0.0007361731338556	0.2553191489361702	0.1602019984957559	1.593732608416456	0.0095980803839232	external_validation/processed/CellMiner/enrichment_multiseed/CellMiner_OSU_seed22_enrichment_summary.csv	formal_runs/table_exports/external_enrichment_final_raw.tsv
CellMiner	OSU	MDR	is_fdr_lt_0_1	0.01	94	9307	49	190	0.0349856199487642	0.0007361731338556	0.0638297872340425	0.0234232298270119	2.7250634393909814	0.0255948810237952	external_validation/processed/CellMiner/enrichment_multiseed/CellMiner_OSU_seed22_enrichment_summary.csv	formal_runs/table_exports/external_enrichment_final_raw.tsv
CellMiner	OSU	MDR	is_fdr_lt_0_05	0.01	94	9307	49	190	0.0349856199487642	0.0007361731338556	0.0212765957446808	0.007091436553132	3.000322372662798	0.1405718856228754	external_validation/processed/CellMiner/enrichment_multiseed/CellMiner_OSU_seed22_enrichment_summary.csv	formal_runs/table_exports/external_enrichment_final_raw.tsv
CellMiner	OSU	MDR	abs_spearman_rho	0.05	466	9307	49	190	0.0349856199487642	0.0007361731338556	0.1681407700191531	0.1462989120118008	1.1492961069019467	0.0001999600079984	external_validation/processed/CellMiner/enrichment_multiseed/CellMiner_OSU_seed22_enrichment_summary.csv	formal_runs/table_exports/external_enrichment_final_raw.tsv
CellMiner	OSU	MDR	is_p_lt_0_05	0.05	466	9307	49	190	0.0349856199487642	0.0007361731338556	0.2274678111587982	0.1602019984957559	1.4198812330348325	0.0001999600079984	external_validation/processed/CellMiner/enrichment_multiseed/CellMiner_OSU_seed22_enrichment_summary.csv	formal_runs/table_exports/external_enrichment_final_raw.tsv
CellMiner	OSU	MDR	is_fdr_lt_0_1	0.05	466	9307	49	190	0.0349856199487642	0.0007361731338556	0.0429184549356223	0.0234232298270119	1.832303027916683	0.0067986402719456	external_validation/processed/CellMiner/enrichment_multiseed/CellMiner_OSU_seed22_enrichment_summary.csv	formal_runs/table_exports/external_enrichment_final_raw.tsv
CellMiner	OSU	MDR	is_fdr_lt_0_05	0.05	466	9307	49	190	0.0349856199487642	0.0007361731338556	0.0171673819742489	0.007091436553132	2.420860970217193	0.0161967606478704	external_validation/processed/CellMiner/enrichment_multiseed/CellMiner_OSU_seed22_enrichment_summary.csv	formal_runs/table_exports/external_enrichment_final_raw.tsv
CellMiner	OSU	MDR	abs_spearman_rho	0.1	931	9307	49	190	0.0349856199487642	0.0007361731338556	0.1628300717749365	0.1462989120118008	1.112995780596114	0.0001999600079984	external_validation/processed/CellMiner/enrichment_multiseed/CellMiner_OSU_seed22_enrichment_summary.csv	formal_runs/table_exports/external_enrichment_final_raw.tsv
CellMiner	OSU	MDR	is_p_lt_0_05	0.1	931	9307	49	190	0.0349856199487642	0.0007361731338556	0.2051557465091299	0.1602019984957559	1.280606661811182	0.0001999600079984	external_validation/processed/CellMiner/enrichment_multiseed/CellMiner_OSU_seed22_enrichment_summary.csv	formal_runs/table_exports/external_enrichment_final_raw.tsv
CellMiner	OSU	MDR	is_fdr_lt_0_1	0.1	931	9307	49	190	0.0349856199487642	0.0007361731338556	0.0440386680988184	0.0234232298270119	1.880127908237172	0.0001999600079984	external_validation/processed/CellMiner/enrichment_multiseed/CellMiner_OSU_seed22_enrichment_summary.csv	formal_runs/table_exports/external_enrichment_final_raw.tsv
CellMiner	OSU	MDR	is_fdr_lt_0_05	0.1	931	9307	49	190	0.0349856199487642	0.0007361731338556	0.0118152524167561	0.007091436553132	1.6661296097386324	0.0647870425914817	external_validation/processed/CellMiner/enrichment_multiseed/CellMiner_OSU_seed22_enrichment_summary.csv	formal_runs/table_exports/external_enrichment_final_raw.tsv
CellMiner	OSU	MDS	abs_spearman_rho	0.01	101	10094	51	198	0.0409662495253023	3.83748611644177e-05	0.1802459642024153	0.1454008000944035	1.2396490534122788	0.0015996800639872	external_validation/processed/CellMiner/enrichment_multiseed/CellMiner_OSU_seed22_enrichment_summary.csv	formal_runs/table_exports/external_enrichment_final_raw.tsv
CellMiner	OSU	MDS	is_p_lt_0_05	0.01	101	10094	51	198	0.0409662495253023	3.83748611644177e-05	0.2475247524752475	0.1601941747572815	1.545154515451545	0.0155968806238752	external_validation/processed/CellMiner/enrichment_multiseed/CellMiner_OSU_seed22_enrichment_summary.csv	formal_runs/table_exports/external_enrichment_final_raw.tsv
CellMiner	OSU	MDS	is_fdr_lt_0_1	0.01	101	10094	51	198	0.0409662495253023	3.83748611644177e-05	0.0495049504950495	0.0244699821676243	2.0230889485709707	0.1035792841431713	external_validation/processed/CellMiner/enrichment_multiseed/CellMiner_OSU_seed22_enrichment_summary.csv	formal_runs/table_exports/external_enrichment_final_raw.tsv
CellMiner	OSU	MDS	is_fdr_lt_0_05	0.01	101	10094	51	198	0.0409662495253023	3.83748611644177e-05	0.0396039603960396	0.0065385377451951	6.057005700570057	0.0051989602079584	external_validation/processed/CellMiner/enrichment_multiseed/CellMiner_OSU_seed22_enrichment_summary.csv	formal_runs/table_exports/external_enrichment_final_raw.tsv
CellMiner	OSU	MDS	abs_spearman_rho	0.05	505	10094	51	198	0.0409662495253023	3.83748611644177e-05	0.1685301732556751	0.1454008000944035	1.1590732179345271	0.0001999600079984	external_validation/processed/CellMiner/enrichment_multiseed/CellMiner_OSU_seed22_enrichment_summary.csv	formal_runs/table_exports/external_enrichment_final_raw.tsv
CellMiner	OSU	MDS	is_p_lt_0_05	0.05	505	10094	51	198	0.0409662495253023	3.83748611644177e-05	0.2297029702970297	0.1601941747572815	1.433903390339034	0.0001999600079984	external_validation/processed/CellMiner/enrichment_multiseed/CellMiner_OSU_seed22_enrichment_summary.csv	formal_runs/table_exports/external_enrichment_final_raw.tsv
CellMiner	OSU	MDS	is_fdr_lt_0_1	0.05	505	10094	51	198	0.0409662495253023	3.83748611644177e-05	0.0415841584158415	0.0244699821676243	1.6993947167996153	0.008998200359928	external_validation/processed/CellMiner/enrichment_multiseed/CellMiner_OSU_seed22_enrichment_summary.csv	formal_runs/table_exports/external_enrichment_final_raw.tsv
CellMiner	OSU	MDS	is_fdr_lt_0_05	0.05	505	10094	51	198	0.0409662495253023	3.83748611644177e-05	0.0198019801980198	0.0065385377451951	3.0285028502850286	0.0015996800639872	external_validation/processed/CellMiner/enrichment_multiseed/CellMiner_OSU_seed22_enrichment_summary.csv	formal_runs/table_exports/external_enrichment_final_raw.tsv
CellMiner	OSU	MDS	abs_spearman_rho	0.1	1010	10094	51	198	0.0409662495253023	3.83748611644177e-05	0.1675174786270912	0.1454008000944035	1.1521083688557985	0.0001999600079984	external_validation/processed/CellMiner/enrichment_multiseed/CellMiner_OSU_seed22_enrichment_summary.csv	formal_runs/table_exports/external_enrichment_final_raw.tsv
CellMiner	OSU	MDS	is_p_lt_0_05	0.1	1010	10094	51	198	0.0409662495253023	3.83748611644177e-05	0.2267326732673267	0.1601941747572815	1.4153615361536154	0.0001999600079984	external_validation/processed/CellMiner/enrichment_multiseed/CellMiner_OSU_seed22_enrichment_summary.csv	formal_runs/table_exports/external_enrichment_final_raw.tsv
CellMiner	OSU	MDS	is_fdr_lt_0_1	0.1	1010	10094	51	198	0.0409662495253023	3.83748611644177e-05	0.0475247524752475	0.0244699821676243	1.9421653906281315	0.0001999600079984	external_validation/processed/CellMiner/enrichment_multiseed/CellMiner_OSU_seed22_enrichment_summary.csv	formal_runs/table_exports/external_enrichment_final_raw.tsv
CellMiner	OSU	MDS	is_fdr_lt_0_05	0.1	1010	10094	51	198	0.0409662495253023	3.83748611644177e-05	0.0158415841584158	0.0065385377451951	2.422802280228023	0.0005998800239952	external_validation/processed/CellMiner/enrichment_multiseed/CellMiner_OSU_seed22_enrichment_summary.csv	formal_runs/table_exports/external_enrichment_final_raw.tsv
CellMiner	OSU	MDR	abs_spearman_rho	0.01	94	9307	49	190	0.0366976737879766	0.0003985466824972	0.175593945327802	0.1462989120118008	1.2002409513041232	0.0047990401919616	external_validation/processed/CellMiner/enrichment_multiseed/CellMiner_OSU_seed23_enrichment_summary.csv	formal_runs/table_exports/external_enrichment_final_raw.tsv
CellMiner	OSU	MDR	is_p_lt_0_05	0.01	94	9307	49	190	0.0366976737879766	0.0003985466824972	0.2553191489361702	0.1602019984957559	1.593732608416456	0.0113977204559088	external_validation/processed/CellMiner/enrichment_multiseed/CellMiner_OSU_seed23_enrichment_summary.csv	formal_runs/table_exports/external_enrichment_final_raw.tsv
CellMiner	OSU	MDR	is_fdr_lt_0_1	0.01	94	9307	49	190	0.0366976737879766	0.0003985466824972	0.0744680851063829	0.0234232298270119	3.1792406792894785	0.00499900019996	external_validation/processed/CellMiner/enrichment_multiseed/CellMiner_OSU_seed23_enrichment_summary.csv	formal_runs/table_exports/external_enrichment_final_raw.tsv
CellMiner	OSU	MDR	is_fdr_lt_0_05	0.01	94	9307	49	190	0.0366976737879766	0.0003985466824972	0.0106382978723404	0.007091436553132	1.500161186331399	0.498500299940012	external_validation/processed/CellMiner/enrichment_multiseed/CellMiner_OSU_seed23_enrichment_summary.csv	formal_runs/table_exports/external_enrichment_final_raw.tsv
CellMiner	OSU	MDR	abs_spearman_rho	0.05	466	9307	49	190	0.0366976737879766	0.0003985466824972	0.1691659479433701	0.1462989120118008	1.1563035269170336	0.0001999600079984	external_validation/processed/CellMiner/enrichment_multiseed/CellMiner_OSU_seed23_enrichment_summary.csv	formal_runs/table_exports/external_enrichment_final_raw.tsv
CellMiner	OSU	MDR	is_p_lt_0_05	0.05	466	9307	49	190	0.0366976737879766	0.0003985466824972	0.2274678111587982	0.1602019984957559	1.4198812330348325	0.0001999600079984	external_validation/processed/CellMiner/enrichment_multiseed/CellMiner_OSU_seed23_enrichment_summary.csv	formal_runs/table_exports/external_enrichment_final_raw.tsv
CellMiner	OSU	MDR	is_fdr_lt_0_1	0.05	466	9307	49	190	0.0366976737879766	0.0003985466824972	0.0472103004291845	0.0234232298270119	2.0155333307083514	0.0011997600479904	external_validation/processed/CellMiner/enrichment_multiseed/CellMiner_OSU_seed23_enrichment_summary.csv	formal_runs/table_exports/external_enrichment_final_raw.tsv
CellMiner	OSU	MDR	is_fdr_lt_0_05	0.05	466	9307	49	190	0.0366976737879766	0.0003985466824972	0.0214592274678111	0.007091436553132	3.026076212771492	0.0011997600479904	external_validation/processed/CellMiner/enrichment_multiseed/CellMiner_OSU_seed23_enrichment_summary.csv	formal_runs/table_exports/external_enrichment_final_raw.tsv
CellMiner	OSU	MDR	abs_spearman_rho	0.1	931	9307	49	190	0.0366976737879766	0.0003985466824972	0.1616313016527672	0.1462989120118008	1.1048018022152457	0.0001999600079984	external_validation/processed/CellMiner/enrichment_multiseed/CellMiner_OSU_seed23_enrichment_summary.csv	formal_runs/table_exports/external_enrichment_final_raw.tsv
CellMiner	OSU	MDR	is_p_lt_0_05	0.1	931	9307	49	190	0.0366976737879766	0.0003985466824972	0.200859291084855	0.1602019984957559	1.2537876741292726	0.0003999200159968	external_validation/processed/CellMiner/enrichment_multiseed/CellMiner_OSU_seed23_enrichment_summary.csv	formal_runs/table_exports/external_enrichment_final_raw.tsv
CellMiner	OSU	MDR	is_fdr_lt_0_1	0.1	931	9307	49	190	0.0366976737879766	0.0003985466824972	0.0386680988184747	0.0234232298270119	1.6508440169887364	0.0023995200959808	external_validation/processed/CellMiner/enrichment_multiseed/CellMiner_OSU_seed23_enrichment_summary.csv	formal_runs/table_exports/external_enrichment_final_raw.tsv
CellMiner	OSU	MDR	is_fdr_lt_0_05	0.1	931	9307	49	190	0.0366976737879766	0.0003985466824972	0.0139634801288936	0.007091436553132	1.9690622660547477	0.0127974405118976	external_validation/processed/CellMiner/enrichment_multiseed/CellMiner_OSU_seed23_enrichment_summary.csv	formal_runs/table_exports/external_enrichment_final_raw.tsv
CellMiner	OSU	MDS	abs_spearman_rho	0.01	101	10094	51	198	0.0266252335608721	0.0074695627080677	0.1883004145115849	0.1454008000944035	1.295043867635723	0.0003999200159968	external_validation/processed/CellMiner/enrichment_multiseed/CellMiner_OSU_seed23_enrichment_summary.csv	formal_runs/table_exports/external_enrichment_final_raw.tsv
CellMiner	OSU	MDS	is_p_lt_0_05	0.01	101	10094	51	198	0.0266252335608721	0.0074695627080677	0.2475247524752475	0.1601941747572815	1.545154515451545	0.0135972805438912	external_validation/processed/CellMiner/enrichment_multiseed/CellMiner_OSU_seed23_enrichment_summary.csv	formal_runs/table_exports/external_enrichment_final_raw.tsv
CellMiner	OSU	MDS	is_fdr_lt_0_1	0.01	101	10094	51	198	0.0266252335608721	0.0074695627080677	0.0495049504950495	0.0244699821676243	2.0230889485709707	0.1037792441511697	external_validation/processed/CellMiner/enrichment_multiseed/CellMiner_OSU_seed23_enrichment_summary.csv	formal_runs/table_exports/external_enrichment_final_raw.tsv
CellMiner	OSU	MDS	is_fdr_lt_0_05	0.01	101	10094	51	198	0.0266252335608721	0.0074695627080677	0.0396039603960396	0.0065385377451951	6.057005700570057	0.00499900019996	external_validation/processed/CellMiner/enrichment_multiseed/CellMiner_OSU_seed23_enrichment_summary.csv	formal_runs/table_exports/external_enrichment_final_raw.tsv
CellMiner	OSU	MDS	abs_spearman_rho	0.05	505	10094	51	198	0.0266252335608721	0.0074695627080677	0.1668626675025712	0.1454008000944035	1.1476048783379005	0.0001999600079984	external_validation/processed/CellMiner/enrichment_multiseed/CellMiner_OSU_seed23_enrichment_summary.csv	formal_runs/table_exports/external_enrichment_final_raw.tsv
CellMiner	OSU	MDS	is_p_lt_0_05	0.05	505	10094	51	198	0.0266252335608721	0.0074695627080677	0.2217821782178217	0.1601941747572815	1.3844584458445843	0.0003999200159968	external_validation/processed/CellMiner/enrichment_multiseed/CellMiner_OSU_seed23_enrichment_summary.csv	formal_runs/table_exports/external_enrichment_final_raw.tsv
CellMiner	OSU	MDS	is_fdr_lt_0_1	0.05	505	10094	51	198	0.0266252335608721	0.0074695627080677	0.0356435643564356	0.0244699821676243	1.4566240429710986	0.0765846830633873	external_validation/processed/CellMiner/enrichment_multiseed/CellMiner_OSU_seed23_enrichment_summary.csv	formal_runs/table_exports/external_enrichment_final_raw.tsv
CellMiner	OSU	MDS	is_fdr_lt_0_05	0.05	505	10094	51	198	0.0266252335608721	0.0074695627080677	0.0158415841584158	0.0065385377451951	2.422802280228023	0.0165966806638672	external_validation/processed/CellMiner/enrichment_multiseed/CellMiner_OSU_seed23_enrichment_summary.csv	formal_runs/table_exports/external_enrichment_final_raw.tsv
CellMiner	OSU	MDS	abs_spearman_rho	0.1	1010	10094	51	198	0.0266252335608721	0.0074695627080677	0.1642499194012212	0.1454008000944035	1.1296355955027737	0.0001999600079984	external_validation/processed/CellMiner/enrichment_multiseed/CellMiner_OSU_seed23_enrichment_summary.csv	formal_runs/table_exports/external_enrichment_final_raw.tsv
CellMiner	OSU	MDS	is_p_lt_0_05	0.1	1010	10094	51	198	0.0266252335608721	0.0074695627080677	0.2089108910891089	0.1601941747572815	1.304110411041104	0.0001999600079984	external_validation/processed/CellMiner/enrichment_multiseed/CellMiner_OSU_seed23_enrichment_summary.csv	formal_runs/table_exports/external_enrichment_final_raw.tsv
CellMiner	OSU	MDS	is_fdr_lt_0_1	0.1	1010	10094	51	198	0.0266252335608721	0.0074695627080677	0.0415841584158415	0.0244699821676243	1.6993947167996153	0.0005998800239952	external_validation/processed/CellMiner/enrichment_multiseed/CellMiner_OSU_seed23_enrichment_summary.csv	formal_runs/table_exports/external_enrichment_final_raw.tsv
CellMiner	OSU	MDS	is_fdr_lt_0_05	0.1	1010	10094	51	198	0.0266252335608721	0.0074695627080677	0.0138613861386138	0.0065385377451951	2.11995199519952	0.0051989602079584	external_validation/processed/CellMiner/enrichment_multiseed/CellMiner_OSU_seed23_enrichment_summary.csv	formal_runs/table_exports/external_enrichment_final_raw.tsv
CellMiner	OSU	MDR	abs_spearman_rho	0.01	94	9307	49	190	0.0275515380522943	0.0078577581759173	0.1691952012624636	0.1462989120118008	1.156503482738244	0.0145970805838832	external_validation/processed/CellMiner/enrichment_multiseed/CellMiner_OSU_seed24_enrichment_summary.csv	formal_runs/table_exports/external_enrichment_final_raw.tsv
CellMiner	OSU	MDR	is_p_lt_0_05	0.01	94	9307	49	190	0.0275515380522943	0.0078577581759173	0.2340425531914893	0.1602019984957559	1.4609215577150847	0.0365926814637072	external_validation/processed/CellMiner/enrichment_multiseed/CellMiner_OSU_seed24_enrichment_summary.csv	formal_runs/table_exports/external_enrichment_final_raw.tsv
CellMiner	OSU	MDR	is_fdr_lt_0_1	0.01	94	9307	49	190	0.0275515380522943	0.0078577581759173	0.0212765957446808	0.0234232298270119	0.908354479796994	0.650869826034793	external_validation/processed/CellMiner/enrichment_multiseed/CellMiner_OSU_seed24_enrichment_summary.csv	formal_runs/table_exports/external_enrichment_final_raw.tsv
CellMiner	OSU	MDR	is_fdr_lt_0_05	0.01	94	9307	49	190	0.0275515380522943	0.0078577581759173	0.0106382978723404	0.007091436553132	1.500161186331399	0.4957008598280344	external_validation/processed/CellMiner/enrichment_multiseed/CellMiner_OSU_seed24_enrichment_summary.csv	formal_runs/table_exports/external_enrichment_final_raw.tsv
CellMiner	OSU	MDR	abs_spearman_rho	0.05	466	9307	49	190	0.0275515380522943	0.0078577581759173	0.1677776525779818	0.1462989120118008	1.1468140826942617	0.0001999600079984	external_validation/processed/CellMiner/enrichment_multiseed/CellMiner_OSU_seed24_enrichment_summary.csv	formal_runs/table_exports/external_enrichment_final_raw.tsv
CellMiner	OSU	MDR	is_p_lt_0_05	0.05	466	9307	49	190	0.0275515380522943	0.0078577581759173	0.2124463519313304	0.1602019984957559	1.3261154912306454	0.0015996800639872	external_validation/processed/CellMiner/enrichment_multiseed/CellMiner_OSU_seed24_enrichment_summary.csv	formal_runs/table_exports/external_enrichment_final_raw.tsv
CellMiner	OSU	MDR	is_fdr_lt_0_1	0.05	466	9307	49	190	0.0275515380522943	0.0078577581759173	0.0472103004291845	0.0234232298270119	2.0155333307083514	0.0017996400719856	external_validation/processed/CellMiner/enrichment_multiseed/CellMiner_OSU_seed24_enrichment_summary.csv	formal_runs/table_exports/external_enrichment_final_raw.tsv
CellMiner	OSU	MDR	is_fdr_lt_0_05	0.05	466	9307	49	190	0.0275515380522943	0.0078577581759173	0.0171673819742489	0.007091436553132	2.420860970217193	0.0183963207358528	external_validation/processed/CellMiner/enrichment_multiseed/CellMiner_OSU_seed24_enrichment_summary.csv	formal_runs/table_exports/external_enrichment_final_raw.tsv
CellMiner	OSU	MDR	abs_spearman_rho	0.1	931	9307	49	190	0.0275515380522943	0.0078577581759173	0.1624599989320835	0.1462989120118008	1.1104662139864654	0.0001999600079984	external_validation/processed/CellMiner/enrichment_multiseed/CellMiner_OSU_seed24_enrichment_summary.csv	formal_runs/table_exports/external_enrichment_final_raw.tsv
CellMiner	OSU	MDR	is_p_lt_0_05	0.1	931	9307	49	190	0.0275515380522943	0.0078577581759173	0.2073039742212674	0.1602019984957559	1.2940161556521368	0.0001999600079984	external_validation/processed/CellMiner/enrichment_multiseed/CellMiner_OSU_seed24_enrichment_summary.csv	formal_runs/table_exports/external_enrichment_final_raw.tsv
CellMiner	OSU	MDR	is_fdr_lt_0_1	0.1	931	9307	49	190	0.0275515380522943	0.0078577581759173	0.0429645542427497	0.0234232298270119	1.834271129987485	0.0001999600079984	external_validation/processed/CellMiner/enrichment_multiseed/CellMiner_OSU_seed24_enrichment_summary.csv	formal_runs/table_exports/external_enrichment_final_raw.tsv
CellMiner	OSU	MDR	is_fdr_lt_0_05	0.1	931	9307	49	190	0.0275515380522943	0.0078577581759173	0.0139634801288936	0.007091436553132	1.9690622660547477	0.01499700059988	external_validation/processed/CellMiner/enrichment_multiseed/CellMiner_OSU_seed24_enrichment_summary.csv	formal_runs/table_exports/external_enrichment_final_raw.tsv
CellMiner	OSU	MDS	abs_spearman_rho	0.01	101	10094	51	198	0.0358991595936295	0.0003092030469695	0.190988906777541	0.1454008000944035	1.3135340840871497	0.0001999600079984	external_validation/processed/CellMiner/enrichment_multiseed/CellMiner_OSU_seed24_enrichment_summary.csv	formal_runs/table_exports/external_enrichment_final_raw.tsv
CellMiner	OSU	MDS	is_p_lt_0_05	0.01	101	10094	51	198	0.0358991595936295	0.0003092030469695	0.297029702970297	0.1601941747572815	1.854185418541854	0.0005998800239952	external_validation/processed/CellMiner/enrichment_multiseed/CellMiner_OSU_seed24_enrichment_summary.csv	formal_runs/table_exports/external_enrichment_final_raw.tsv
CellMiner	OSU	MDS	is_fdr_lt_0_1	0.01	101	10094	51	198	0.0358991595936295	0.0003092030469695	0.0891089108910891	0.0244699821676243	3.6415601074277455	0.000999800039992	external_validation/processed/CellMiner/enrichment_multiseed/CellMiner_OSU_seed24_enrichment_summary.csv	formal_runs/table_exports/external_enrichment_final_raw.tsv
CellMiner	OSU	MDS	is_fdr_lt_0_05	0.01	101	10094	51	198	0.0358991595936295	0.0003092030469695	0.0396039603960396	0.0065385377451951	6.057005700570057	0.0045990801839632	external_validation/processed/CellMiner/enrichment_multiseed/CellMiner_OSU_seed24_enrichment_summary.csv	formal_runs/table_exports/external_enrichment_final_raw.tsv
CellMiner	OSU	MDS	abs_spearman_rho	0.05	505	10094	51	198	0.0358991595936295	0.0003092030469695	0.1724850649643503	0.1454008000944035	1.1862731487884663	0.0001999600079984	external_validation/processed/CellMiner/enrichment_multiseed/CellMiner_OSU_seed24_enrichment_summary.csv	formal_runs/table_exports/external_enrichment_final_raw.tsv
CellMiner	OSU	MDS	is_p_lt_0_05	0.05	505	10094	51	198	0.0358991595936295	0.0003092030469695	0.2455445544554455	0.1601941747572815	1.5327932793279326	0.0001999600079984	external_validation/processed/CellMiner/enrichment_multiseed/CellMiner_OSU_seed24_enrichment_summary.csv	formal_runs/table_exports/external_enrichment_final_raw.tsv
CellMiner	OSU	MDS	is_fdr_lt_0_1	0.05	505	10094	51	198	0.0358991595936295	0.0003092030469695	0.0455445544554455	0.0244699821676243	1.8612418326852929	0.0031993601279744	external_validation/processed/CellMiner/enrichment_multiseed/CellMiner_OSU_seed24_enrichment_summary.csv	formal_runs/table_exports/external_enrichment_final_raw.tsv
CellMiner	OSU	MDS	is_fdr_lt_0_05	0.05	505	10094	51	198	0.0358991595936295	0.0003092030469695	0.0178217821782178	0.0065385377451951	2.7256525652565253	0.0045990801839632	external_validation/processed/CellMiner/enrichment_multiseed/CellMiner_OSU_seed24_enrichment_summary.csv	formal_runs/table_exports/external_enrichment_final_raw.tsv
CellMiner	OSU	MDS	abs_spearman_rho	0.1	1010	10094	51	198	0.0358991595936295	0.0003092030469695	0.1686813088053834	0.1454008000944035	1.1601126589115385	0.0001999600079984	external_validation/processed/CellMiner/enrichment_multiseed/CellMiner_OSU_seed24_enrichment_summary.csv	formal_runs/table_exports/external_enrichment_final_raw.tsv
CellMiner	OSU	MDS	is_p_lt_0_05	0.1	1010	10094	51	198	0.0358991595936295	0.0003092030469695	0.2356435643564356	0.1601941747572815	1.4709870987098708	0.0001999600079984	external_validation/processed/CellMiner/enrichment_multiseed/CellMiner_OSU_seed24_enrichment_summary.csv	formal_runs/table_exports/external_enrichment_final_raw.tsv
CellMiner	OSU	MDS	is_fdr_lt_0_1	0.1	1010	10094	51	198	0.0358991595936295	0.0003092030469695	0.0455445544554455	0.0244699821676243	1.8612418326852929	0.0001999600079984	external_validation/processed/CellMiner/enrichment_multiseed/CellMiner_OSU_seed24_enrichment_summary.csv	formal_runs/table_exports/external_enrichment_final_raw.tsv
CellMiner	OSU	MDS	is_fdr_lt_0_05	0.1	1010	10094	51	198	0.0358991595936295	0.0003092030469695	0.0158415841584158	0.0065385377451951	2.422802280228023	0.0005998800239952	external_validation/processed/CellMiner/enrichment_multiseed/CellMiner_OSU_seed24_enrichment_summary.csv	formal_runs/table_exports/external_enrichment_final_raw.tsv
CellMiner	OSU	MDR	abs_spearman_rho	0.01	94	9307	49	190	0.0396472116793363	0.0001303122532423	0.1804619057116786	0.1462989120118008	1.2335150222930034	0.0017996400719856	external_validation/processed/CellMiner/enrichment_multiseed/CellMiner_OSU_seed2_enrichment_summary.csv	formal_runs/table_exports/external_enrichment_final_raw.tsv
CellMiner	OSU	MDR	is_p_lt_0_05	0.01	94	9307	49	190	0.0396472116793363	0.0001303122532423	0.2553191489361702	0.1602019984957559	1.593732608416456	0.0105978804239152	external_validation/processed/CellMiner/enrichment_multiseed/CellMiner_OSU_seed2_enrichment_summary.csv	formal_runs/table_exports/external_enrichment_final_raw.tsv
CellMiner	OSU	MDR	is_fdr_lt_0_1	0.01	94	9307	49	190	0.0396472116793363	0.0001303122532423	0.0425531914893617	0.0234232298270119	1.816708959593988	0.1825634873025395	external_validation/processed/CellMiner/enrichment_multiseed/CellMiner_OSU_seed2_enrichment_summary.csv	formal_runs/table_exports/external_enrichment_final_raw.tsv
CellMiner	OSU	MDR	is_fdr_lt_0_05	0.01	94	9307	49	190	0.0396472116793363	0.0001303122532423	0.0425531914893617	0.007091436553132	6.000644745325596	0.0051989602079584	external_validation/processed/CellMiner/enrichment_multiseed/CellMiner_OSU_seed2_enrichment_summary.csv	formal_runs/table_exports/external_enrichment_final_raw.tsv
CellMiner	OSU	MDR	abs_spearman_rho	0.05	466	9307	49	190	0.0396472116793363	0.0001303122532423	0.1653322610463895	0.1462989120118008	1.1300990470322394	0.0001999600079984	external_validation/processed/CellMiner/enrichment_multiseed/CellMiner_OSU_seed2_enrichment_summary.csv	formal_runs/table_exports/external_enrichment_final_raw.tsv
CellMiner	OSU	MDR	is_p_lt_0_05	0.05	466	9307	49	190	0.0396472116793363	0.0001303122532423	0.2081545064377682	0.1602019984957559	1.299325279286592	0.0027994401119776	external_validation/processed/CellMiner/enrichment_multiseed/CellMiner_OSU_seed2_enrichment_summary.csv	formal_runs/table_exports/external_enrichment_final_raw.tsv
CellMiner	OSU	MDR	is_fdr_lt_0_1	0.05	466	9307	49	190	0.0396472116793363	0.0001303122532423	0.03862660944206	0.0234232298270119	1.6490727251250148	0.0249950009998	external_validation/processed/CellMiner/enrichment_multiseed/CellMiner_OSU_seed2_enrichment_summary.csv	formal_runs/table_exports/external_enrichment_final_raw.tsv
CellMiner	OSU	MDR	is_fdr_lt_0_05	0.05	466	9307	49	190	0.0396472116793363	0.0001303122532423	0.0150214592274678	0.007091436553132	2.118253348940044	0.0487902419516096	external_validation/processed/CellMiner/enrichment_multiseed/CellMiner_OSU_seed2_enrichment_summary.csv	formal_runs/table_exports/external_enrichment_final_raw.tsv
CellMiner	OSU	MDR	abs_spearman_rho	0.1	931	9307	49	190	0.0396472116793363	0.0001303122532423	0.1648042181048429	0.1462989120118008	1.1264897041172073	0.0001999600079984	external_validation/processed/CellMiner/enrichment_multiseed/CellMiner_OSU_seed2_enrichment_summary.csv	formal_runs/table_exports/external_enrichment_final_raw.tsv
CellMiner	OSU	MDR	is_p_lt_0_05	0.1	931	9307	49	190	0.0396472116793363	0.0001303122532423	0.2126745435016111	0.1602019984957559	1.3275398902545237	0.0001999600079984	external_validation/processed/CellMiner/enrichment_multiseed/CellMiner_OSU_seed2_enrichment_summary.csv	formal_runs/table_exports/external_enrichment_final_raw.tsv
CellMiner	OSU	MDR	is_fdr_lt_0_1	0.1	931	9307	49	190	0.0396472116793363	0.0001303122532423	0.0386680988184747	0.0234232298270119	1.6508440169887364	0.0013997200559888	external_validation/processed/CellMiner/enrichment_multiseed/CellMiner_OSU_seed2_enrichment_summary.csv	formal_runs/table_exports/external_enrichment_final_raw.tsv
CellMiner	OSU	MDR	is_fdr_lt_0_05	0.1	931	9307	49	190	0.0396472116793363	0.0001303122532423	0.0107411385606874	0.007091436553132	1.514663281580575	0.1269746050789842	external_validation/processed/CellMiner/enrichment_multiseed/CellMiner_OSU_seed2_enrichment_summary.csv	formal_runs/table_exports/external_enrichment_final_raw.tsv
CellMiner	OSU	MDS	abs_spearman_rho	0.01	101	10094	51	198	0.0181884998977208	0.067654160558683	0.1882150228381689	0.1454008000944035	1.2944565828796522	0.0001999600079984	external_validation/processed/CellMiner/enrichment_multiseed/CellMiner_OSU_seed2_enrichment_summary.csv	formal_runs/table_exports/external_enrichment_final_raw.tsv
CellMiner	OSU	MDS	is_p_lt_0_05	0.01	101	10094	51	198	0.0181884998977208	0.067654160558683	0.2772277227722772	0.1601941747572815	1.7305730573057303	0.0023995200959808	external_validation/processed/CellMiner/enrichment_multiseed/CellMiner_OSU_seed2_enrichment_summary.csv	formal_runs/table_exports/external_enrichment_final_raw.tsv
CellMiner	OSU	MDS	is_fdr_lt_0_1	0.01	101	10094	51	198	0.0181884998977208	0.067654160558683	0.0693069306930693	0.0244699821676243	2.8323245279993587	0.0111977604479104	external_validation/processed/CellMiner/enrichment_multiseed/CellMiner_OSU_seed2_enrichment_summary.csv	formal_runs/table_exports/external_enrichment_final_raw.tsv
CellMiner	OSU	MDS	is_fdr_lt_0_05	0.01	101	10094	51	198	0.0181884998977208	0.067654160558683	0.0396039603960396	0.0065385377451951	6.057005700570057	0.0031993601279744	external_validation/processed/CellMiner/enrichment_multiseed/CellMiner_OSU_seed2_enrichment_summary.csv	formal_runs/table_exports/external_enrichment_final_raw.tsv
CellMiner	OSU	MDS	abs_spearman_rho	0.05	505	10094	51	198	0.0181884998977208	0.067654160558683	0.1667835920865414	0.1454008000944035	1.1470610339025291	0.0001999600079984	external_validation/processed/CellMiner/enrichment_multiseed/CellMiner_OSU_seed2_enrichment_summary.csv	formal_runs/table_exports/external_enrichment_final_raw.tsv
CellMiner	OSU	MDS	is_p_lt_0_05	0.05	505	10094	51	198	0.0181884998977208	0.067654160558683	0.2158415841584158	0.1601941747572815	1.3473747374737473	0.0005998800239952	external_validation/processed/CellMiner/enrichment_multiseed/CellMiner_OSU_seed2_enrichment_summary.csv	formal_runs/table_exports/external_enrichment_final_raw.tsv
CellMiner	OSU	MDS	is_fdr_lt_0_1	0.05	505	10094	51	198	0.0181884998977208	0.067654160558683	0.0376237623762376	0.0244699821676243	1.5375476009139375	0.0401919616076784	external_validation/processed/CellMiner/enrichment_multiseed/CellMiner_OSU_seed2_enrichment_summary.csv	formal_runs/table_exports/external_enrichment_final_raw.tsv
CellMiner	OSU	MDS	is_fdr_lt_0_05	0.05	505	10094	51	198	0.0181884998977208	0.067654160558683	0.0138613861386138	0.0065385377451951	2.11995199519952	0.0445910817836432	external_validation/processed/CellMiner/enrichment_multiseed/CellMiner_OSU_seed2_enrichment_summary.csv	formal_runs/table_exports/external_enrichment_final_raw.tsv
CellMiner	OSU	MDS	abs_spearman_rho	0.1	1010	10094	51	198	0.0181884998977208	0.067654160558683	0.1613734103155767	0.1454008000944035	1.1098522856188051	0.0001999600079984	external_validation/processed/CellMiner/enrichment_multiseed/CellMiner_OSU_seed2_enrichment_summary.csv	formal_runs/table_exports/external_enrichment_final_raw.tsv
CellMiner	OSU	MDS	is_p_lt_0_05	0.1	1010	10094	51	198	0.0181884998977208	0.067654160558683	0.2059405940594059	0.1601941747572815	1.2855685568556854	0.0003999200159968	external_validation/processed/CellMiner/enrichment_multiseed/CellMiner_OSU_seed2_enrichment_summary.csv	formal_runs/table_exports/external_enrichment_final_raw.tsv
CellMiner	OSU	MDS	is_fdr_lt_0_1	0.1	1010	10094	51	198	0.0181884998977208	0.067654160558683	0.0306930693069306	0.0244699821676243	1.2543151481140016	0.1063787242551489	external_validation/processed/CellMiner/enrichment_multiseed/CellMiner_OSU_seed2_enrichment_summary.csv	formal_runs/table_exports/external_enrichment_final_raw.tsv
CellMiner	OSU	MDS	is_fdr_lt_0_05	0.1	1010	10094	51	198	0.0181884998977208	0.067654160558683	0.0099009900990099	0.0065385377451951	1.5142514251425143	0.1141771645670865	external_validation/processed/CellMiner/enrichment_multiseed/CellMiner_OSU_seed2_enrichment_summary.csv	formal_runs/table_exports/external_enrichment_final_raw.tsv
CellMiner	OSU	MDR	abs_spearman_rho	0.01	94	9307	49	190	0.0372267527664055	0.0003279842453025	0.187052089178158	0.1462989120118008	1.278561040584293	0.0003999200159968	external_validation/processed/CellMiner/enrichment_multiseed/CellMiner_OSU_seed3_enrichment_summary.csv	formal_runs/table_exports/external_enrichment_final_raw.tsv
CellMiner	OSU	MDR	is_p_lt_0_05	0.01	94	9307	49	190	0.0372267527664055	0.0003279842453025	0.2553191489361702	0.1602019984957559	1.593732608416456	0.0113977204559088	external_validation/processed/CellMiner/enrichment_multiseed/CellMiner_OSU_seed3_enrichment_summary.csv	formal_runs/table_exports/external_enrichment_final_raw.tsv
CellMiner	OSU	MDR	is_fdr_lt_0_1	0.01	94	9307	49	190	0.0372267527664055	0.0003279842453025	0.0638297872340425	0.0234232298270119	2.7250634393909814	0.0197960407918416	external_validation/processed/CellMiner/enrichment_multiseed/CellMiner_OSU_seed3_enrichment_summary.csv	formal_runs/table_exports/external_enrichment_final_raw.tsv
CellMiner	OSU	MDR	is_fdr_lt_0_05	0.01	94	9307	49	190	0.0372267527664055	0.0003279842453025	0.0425531914893617	0.007091436553132	6.000644745325596	0.0043991201759648	external_validation/processed/CellMiner/enrichment_multiseed/CellMiner_OSU_seed3_enrichment_summary.csv	formal_runs/table_exports/external_enrichment_final_raw.tsv
CellMiner	OSU	MDR	abs_spearman_rho	0.05	466	9307	49	190	0.0372267527664055	0.0003279842453025	0.1680404898891951	0.1462989120118008	1.1486106600412762	0.0001999600079984	external_validation/processed/CellMiner/enrichment_multiseed/CellMiner_OSU_seed3_enrichment_summary.csv	formal_runs/table_exports/external_enrichment_final_raw.tsv
CellMiner	OSU	MDR	is_p_lt_0_05	0.05	466	9307	49	190	0.0372267527664055	0.0003279842453025	0.2145922746781116	0.1602019984957559	1.3395105972026724	0.0013997200559888	external_validation/processed/CellMiner/enrichment_multiseed/CellMiner_OSU_seed3_enrichment_summary.csv	formal_runs/table_exports/external_enrichment_final_raw.tsv
CellMiner	OSU	MDR	is_fdr_lt_0_1	0.05	466	9307	49	190	0.0372267527664055	0.0003279842453025	0.0493562231759656	0.0234232298270119	2.107148482104185	0.0001999600079984	external_validation/processed/CellMiner/enrichment_multiseed/CellMiner_OSU_seed3_enrichment_summary.csv	formal_runs/table_exports/external_enrichment_final_raw.tsv
CellMiner	OSU	MDR	is_fdr_lt_0_05	0.05	466	9307	49	190	0.0372267527664055	0.0003279842453025	0.0150214592274678	0.007091436553132	2.118253348940044	0.0497900419916016	external_validation/processed/CellMiner/enrichment_multiseed/CellMiner_OSU_seed3_enrichment_summary.csv	formal_runs/table_exports/external_enrichment_final_raw.tsv
CellMiner	OSU	MDR	abs_spearman_rho	0.1	931	9307	49	190	0.0372267527664055	0.0003279842453025	0.1645387300829399	0.1462989120118008	1.124675008312214	0.0001999600079984	external_validation/processed/CellMiner/enrichment_multiseed/CellMiner_OSU_seed3_enrichment_summary.csv	formal_runs/table_exports/external_enrichment_final_raw.tsv
CellMiner	OSU	MDR	is_p_lt_0_05	0.1	931	9307	49	190	0.0372267527664055	0.0003279842453025	0.2116004296455424	0.1602019984957559	1.3208351433340464	0.0001999600079984	external_validation/processed/CellMiner/enrichment_multiseed/CellMiner_OSU_seed3_enrichment_summary.csv	formal_runs/table_exports/external_enrichment_final_raw.tsv
CellMiner	OSU	MDR	is_fdr_lt_0_1	0.1	931	9307	49	190	0.0372267527664055	0.0003279842453025	0.0440386680988184	0.0234232298270119	1.880127908237172	0.0001999600079984	external_validation/processed/CellMiner/enrichment_multiseed/CellMiner_OSU_seed3_enrichment_summary.csv	formal_runs/table_exports/external_enrichment_final_raw.tsv
CellMiner	OSU	MDR	is_fdr_lt_0_05	0.1	931	9307	49	190	0.0372267527664055	0.0003279842453025	0.0118152524167561	0.007091436553132	1.6661296097386324	0.0605878824235152	external_validation/processed/CellMiner/enrichment_multiseed/CellMiner_OSU_seed3_enrichment_summary.csv	formal_runs/table_exports/external_enrichment_final_raw.tsv
CellMiner	OSU	MDS	abs_spearman_rho	0.01	101	10094	51	198	0.0347843354445506	0.0004734070773557	0.1703948410795627	0.1454008000944035	1.1718975478053182	0.0107978404319136	external_validation/processed/CellMiner/enrichment_multiseed/CellMiner_OSU_seed3_enrichment_summary.csv	formal_runs/table_exports/external_enrichment_final_raw.tsv
CellMiner	OSU	MDS	is_p_lt_0_05	0.01	101	10094	51	198	0.0347843354445506	0.0004734070773557	0.2475247524752475	0.1601941747572815	1.545154515451545	0.0181963607278544	external_validation/processed/CellMiner/enrichment_multiseed/CellMiner_OSU_seed3_enrichment_summary.csv	formal_runs/table_exports/external_enrichment_final_raw.tsv
CellMiner	OSU	MDS	is_fdr_lt_0_1	0.01	101	10094	51	198	0.0347843354445506	0.0004734070773557	0.0693069306930693	0.0244699821676243	2.8323245279993587	0.0141971605678864	external_validation/processed/CellMiner/enrichment_multiseed/CellMiner_OSU_seed3_enrichment_summary.csv	formal_runs/table_exports/external_enrichment_final_raw.tsv
CellMiner	OSU	MDS	is_fdr_lt_0_05	0.01	101	10094	51	198	0.0347843354445506	0.0004734070773557	0.0396039603960396	0.0065385377451951	6.057005700570057	0.0037992401519696	external_validation/processed/CellMiner/enrichment_multiseed/CellMiner_OSU_seed3_enrichment_summary.csv	formal_runs/table_exports/external_enrichment_final_raw.tsv
CellMiner	OSU	MDS	abs_spearman_rho	0.05	505	10094	51	198	0.0347843354445506	0.0004734070773557	0.1651917889033461	0.1454008000944035	1.1361133418529543	0.0001999600079984	external_validation/processed/CellMiner/enrichment_multiseed/CellMiner_OSU_seed3_enrichment_summary.csv	formal_runs/table_exports/external_enrichment_final_raw.tsv
CellMiner	OSU	MDS	is_p_lt_0_05	0.05	505	10094	51	198	0.0347843354445506	0.0004734070773557	0.2257425742574257	0.1601941747572815	1.4091809180918091	0.0001999600079984	external_validation/processed/CellMiner/enrichment_multiseed/CellMiner_OSU_seed3_enrichment_summary.csv	formal_runs/table_exports/external_enrichment_final_raw.tsv
CellMiner	OSU	MDS	is_fdr_lt_0_1	0.05	505	10094	51	198	0.0347843354445506	0.0004734070773557	0.0297029702970297	0.0244699821676243	1.213853369142582	0.2603479304139172	external_validation/processed/CellMiner/enrichment_multiseed/CellMiner_OSU_seed3_enrichment_summary.csv	formal_runs/table_exports/external_enrichment_final_raw.tsv
CellMiner	OSU	MDS	is_fdr_lt_0_05	0.05	505	10094	51	198	0.0347843354445506	0.0004734070773557	0.0118811881188118	0.0065385377451951	1.817101710171017	0.1173765246950609	external_validation/processed/CellMiner/enrichment_multiseed/CellMiner_OSU_seed3_enrichment_summary.csv	formal_runs/table_exports/external_enrichment_final_raw.tsv
CellMiner	OSU	MDS	abs_spearman_rho	0.1	1010	10094	51	198	0.0347843354445506	0.0004734070773557	0.1621524463742534	0.1454008000944035	1.1152101382452757	0.0001999600079984	external_validation/processed/CellMiner/enrichment_multiseed/CellMiner_OSU_seed3_enrichment_summary.csv	formal_runs/table_exports/external_enrichment_final_raw.tsv
CellMiner	OSU	MDS	is_p_lt_0_05	0.1	1010	10094	51	198	0.0347843354445506	0.0004734070773557	0.2148514851485148	0.1601941747572815	1.341194119411941	0.0001999600079984	external_validation/processed/CellMiner/enrichment_multiseed/CellMiner_OSU_seed3_enrichment_summary.csv	formal_runs/table_exports/external_enrichment_final_raw.tsv
CellMiner	OSU	MDS	is_fdr_lt_0_1	0.1	1010	10094	51	198	0.0347843354445506	0.0004734070773557	0.0425742574257425	0.0244699821676243	1.7398564957710347	0.0003999200159968	external_validation/processed/CellMiner/enrichment_multiseed/CellMiner_OSU_seed3_enrichment_summary.csv	formal_runs/table_exports/external_enrichment_final_raw.tsv
CellMiner	OSU	MDS	is_fdr_lt_0_05	0.1	1010	10094	51	198	0.0347843354445506	0.0004734070773557	0.0158415841584158	0.0065385377451951	2.422802280228023	0.0011997600479904	external_validation/processed/CellMiner/enrichment_multiseed/CellMiner_OSU_seed3_enrichment_summary.csv	formal_runs/table_exports/external_enrichment_final_raw.tsv
CellMiner	OSU	MDR	abs_spearman_rho	0.01	94	9307	49	190	0.0283525934179056	0.0062297626258086	0.1653598612164886	0.1462989120118008	1.130287703049701	0.0417916416716656	external_validation/processed/CellMiner/enrichment_multiseed/CellMiner_OSU_seed4_enrichment_summary.csv	formal_runs/table_exports/external_enrichment_final_raw.tsv
CellMiner	OSU	MDR	is_p_lt_0_05	0.01	94	9307	49	190	0.0283525934179056	0.0062297626258086	0.202127659574468	0.1602019984957559	1.2617049816630277	0.1689662067586482	external_validation/processed/CellMiner/enrichment_multiseed/CellMiner_OSU_seed4_enrichment_summary.csv	formal_runs/table_exports/external_enrichment_final_raw.tsv
CellMiner	OSU	MDR	is_fdr_lt_0_1	0.01	94	9307	49	190	0.0283525934179056	0.0062297626258086	0.0531914893617021	0.0234232298270119	2.2708861994924847	0.0735852829434113	external_validation/processed/CellMiner/enrichment_multiseed/CellMiner_OSU_seed4_enrichment_summary.csv	formal_runs/table_exports/external_enrichment_final_raw.tsv
CellMiner	OSU	MDR	is_fdr_lt_0_05	0.01	94	9307	49	190	0.0283525934179056	0.0062297626258086	0.0425531914893617	0.007091436553132	6.000644745325596	0.0053989202159568	external_validation/processed/CellMiner/enrichment_multiseed/CellMiner_OSU_seed4_enrichment_summary.csv	formal_runs/table_exports/external_enrichment_final_raw.tsv
CellMiner	OSU	MDR	abs_spearman_rho	0.05	466	9307	49	190	0.0283525934179056	0.0062297626258086	0.160512494228533	0.1462989120118008	1.097154394528824	0.0007998400319936	external_validation/processed/CellMiner/enrichment_multiseed/CellMiner_OSU_seed4_enrichment_summary.csv	formal_runs/table_exports/external_enrichment_final_raw.tsv
CellMiner	OSU	MDR	is_p_lt_0_05	0.05	466	9307	49	190	0.0283525934179056	0.0062297626258086	0.1781115879828326	0.1602019984957559	1.111793795678218	0.163367326534693	external_validation/processed/CellMiner/enrichment_multiseed/CellMiner_OSU_seed4_enrichment_summary.csv	formal_runs/table_exports/external_enrichment_final_raw.tsv
CellMiner	OSU	MDR	is_fdr_lt_0_1	0.05	466	9307	49	190	0.0283525934179056	0.0062297626258086	0.0407725321888412	0.0234232298270119	1.7406878765208489	0.010997800439912	external_validation/processed/CellMiner/enrichment_multiseed/CellMiner_OSU_seed4_enrichment_summary.csv	formal_runs/table_exports/external_enrichment_final_raw.tsv
CellMiner	OSU	MDR	is_fdr_lt_0_05	0.05	466	9307	49	190	0.0283525934179056	0.0062297626258086	0.01931330472103	0.007091436553132	2.723468591494343	0.0051989602079584	external_validation/processed/CellMiner/enrichment_multiseed/CellMiner_OSU_seed4_enrichment_summary.csv	formal_runs/table_exports/external_enrichment_final_raw.tsv
CellMiner	OSU	MDR	abs_spearman_rho	0.1	931	9307	49	190	0.0283525934179056	0.0062297626258086	0.1609853318183693	0.1462989120118008	1.1003863911536391	0.0001999600079984	external_validation/processed/CellMiner/enrichment_multiseed/CellMiner_OSU_seed4_enrichment_summary.csv	formal_runs/table_exports/external_enrichment_final_raw.tsv
CellMiner	OSU	MDR	is_p_lt_0_05	0.1	931	9307	49	190	0.0283525934179056	0.0062297626258086	0.200859291084855	0.1602019984957559	1.2537876741292726	0.000999800039992	external_validation/processed/CellMiner/enrichment_multiseed/CellMiner_OSU_seed4_enrichment_summary.csv	formal_runs/table_exports/external_enrichment_final_raw.tsv
CellMiner	OSU	MDR	is_fdr_lt_0_1	0.1	931	9307	49	190	0.0283525934179056	0.0062297626258086	0.0365198711063372	0.0234232298270119	1.5591304604893623	0.0047990401919616	external_validation/processed/CellMiner/enrichment_multiseed/CellMiner_OSU_seed4_enrichment_summary.csv	formal_runs/table_exports/external_enrichment_final_raw.tsv
CellMiner	OSU	MDR	is_fdr_lt_0_05	0.1	931	9307	49	190	0.0283525934179056	0.0062297626258086	0.0107411385606874	0.007091436553132	1.514663281580575	0.1281743651269746	external_validation/processed/CellMiner/enrichment_multiseed/CellMiner_OSU_seed4_enrichment_summary.csv	formal_runs/table_exports/external_enrichment_final_raw.tsv
CellMiner	OSU	MDS	abs_spearman_rho	0.01	101	10094	51	198	0.0186447846845873	0.0610474201221513	0.1824420147258336	0.1454008000944035	1.254752481467644	0.0003999200159968	external_validation/processed/CellMiner/enrichment_multiseed/CellMiner_OSU_seed4_enrichment_summary.csv	formal_runs/table_exports/external_enrichment_final_raw.tsv
CellMiner	OSU	MDS	is_p_lt_0_05	0.01	101	10094	51	198	0.0186447846845873	0.0610474201221513	0.2376237623762376	0.1601941747572815	1.4833483348334833	0.0277944411117776	external_validation/processed/CellMiner/enrichment_multiseed/CellMiner_OSU_seed4_enrichment_summary.csv	formal_runs/table_exports/external_enrichment_final_raw.tsv
CellMiner	OSU	MDS	is_fdr_lt_0_1	0.01	101	10094	51	198	0.0186447846845873	0.0610474201221513	0.0495049504950495	0.0244699821676243	2.0230889485709707	0.1067786442711457	external_validation/processed/CellMiner/enrichment_multiseed/CellMiner_OSU_seed4_enrichment_summary.csv	formal_runs/table_exports/external_enrichment_final_raw.tsv
CellMiner	OSU	MDS	is_fdr_lt_0_05	0.01	101	10094	51	198	0.0186447846845873	0.0610474201221513	0.0396039603960396	0.0065385377451951	6.057005700570057	0.0035992801439712	external_validation/processed/CellMiner/enrichment_multiseed/CellMiner_OSU_seed4_enrichment_summary.csv	formal_runs/table_exports/external_enrichment_final_raw.tsv
CellMiner	OSU	MDS	abs_spearman_rho	0.05	505	10094	51	198	0.0186447846845873	0.0610474201221513	0.1595225285600111	0.1454008000944035	1.0971227700015331	0.0017996400719856	external_validation/processed/CellMiner/enrichment_multiseed/CellMiner_OSU_seed4_enrichment_summary.csv	formal_runs/table_exports/external_enrichment_final_raw.tsv
CellMiner	OSU	MDS	is_p_lt_0_05	0.05	505	10094	51	198	0.0186447846845873	0.0610474201221513	0.198019801980198	0.1601941747572815	1.236123612361236	0.0121975604879024	external_validation/processed/CellMiner/enrichment_multiseed/CellMiner_OSU_seed4_enrichment_summary.csv	formal_runs/table_exports/external_enrichment_final_raw.tsv
CellMiner	OSU	MDS	is_fdr_lt_0_1	0.05	505	10094	51	198	0.0186447846845873	0.0610474201221513	0.0316831683168316	0.0244699821676243	1.294776927085421	0.1717656468706258	external_validation/processed/CellMiner/enrichment_multiseed/CellMiner_OSU_seed4_enrichment_summary.csv	formal_runs/table_exports/external_enrichment_final_raw.tsv
CellMiner	OSU	MDS	is_fdr_lt_0_05	0.05	505	10094	51	198	0.0186447846845873	0.0610474201221513	0.0118811881188118	0.0065385377451951	1.817101710171017	0.1091781643671265	external_validation/processed/CellMiner/enrichment_multiseed/CellMiner_OSU_seed4_enrichment_summary.csv	formal_runs/table_exports/external_enrichment_final_raw.tsv
CellMiner	OSU	MDS	abs_spearman_rho	0.1	1010	10094	51	198	0.0186447846845873	0.0610474201221513	0.1637089697334999	0.1454008000944035	1.1259151918504549	0.0001999600079984	external_validation/processed/CellMiner/enrichment_multiseed/CellMiner_OSU_seed4_enrichment_summary.csv	formal_runs/table_exports/external_enrichment_final_raw.tsv
CellMiner	OSU	MDS	is_p_lt_0_05	0.1	1010	10094	51	198	0.0186447846845873	0.0610474201221513	0.2138613861386138	0.1601941747572815	1.335013501350135	0.0001999600079984	external_validation/processed/CellMiner/enrichment_multiseed/CellMiner_OSU_seed4_enrichment_summary.csv	formal_runs/table_exports/external_enrichment_final_raw.tsv
CellMiner	OSU	MDS	is_fdr_lt_0_1	0.1	1010	10094	51	198	0.0186447846845873	0.0610474201221513	0.0366336633663366	0.0244699821676243	1.497085821942518	0.0095980803839232	external_validation/processed/CellMiner/enrichment_multiseed/CellMiner_OSU_seed4_enrichment_summary.csv	formal_runs/table_exports/external_enrichment_final_raw.tsv
CellMiner	OSU	MDS	is_fdr_lt_0_05	0.1	1010	10094	51	198	0.0186447846845873	0.0610474201221513	0.0138613861386138	0.0065385377451951	2.11995199519952	0.0045990801839632	external_validation/processed/CellMiner/enrichment_multiseed/CellMiner_OSU_seed4_enrichment_summary.csv	formal_runs/table_exports/external_enrichment_final_raw.tsv
CellMiner	OSU	MDR	abs_spearman_rho	0.01	94	9307	49	190	0.0575849206533902	2.709438734180461e-08	0.1632481580750439	0.1462989120118008	1.1158535345900311	0.0601879624075184	external_validation/processed/CellMiner/enrichment_multiseed/CellMiner_OSU_seed5_enrichment_summary.csv	formal_runs/table_exports/external_enrichment_final_raw.tsv
CellMiner	OSU	MDR	is_p_lt_0_05	0.01	94	9307	49	190	0.0575849206533902	2.709438734180461e-08	0.1702127659574468	0.1602019984957559	1.062488405610971	0.4429114177164567	external_validation/processed/CellMiner/enrichment_multiseed/CellMiner_OSU_seed5_enrichment_summary.csv	formal_runs/table_exports/external_enrichment_final_raw.tsv
CellMiner	OSU	MDR	is_fdr_lt_0_1	0.01	94	9307	49	190	0.0575849206533902	2.709438734180461e-08	0.0425531914893617	0.0234232298270119	1.816708959593988	0.1831633673265346	external_validation/processed/CellMiner/enrichment_multiseed/CellMiner_OSU_seed5_enrichment_summary.csv	formal_runs/table_exports/external_enrichment_final_raw.tsv
CellMiner	OSU	MDR	is_fdr_lt_0_05	0.01	94	9307	49	190	0.0575849206533902	2.709438734180461e-08	0.0106382978723404	0.007091436553132	1.500161186331399	0.4941011797640472	external_validation/processed/CellMiner/enrichment_multiseed/CellMiner_OSU_seed5_enrichment_summary.csv	formal_runs/table_exports/external_enrichment_final_raw.tsv
CellMiner	OSU	MDR	abs_spearman_rho	0.05	466	9307	49	190	0.0575849206533902	2.709438734180461e-08	0.178110083297073	0.1462989120118008	1.2174395615649294	0.0001999600079984	external_validation/processed/CellMiner/enrichment_multiseed/CellMiner_OSU_seed5_enrichment_summary.csv	formal_runs/table_exports/external_enrichment_final_raw.tsv
CellMiner	OSU	MDR	is_p_lt_0_05	0.05	466	9307	49	190	0.0575849206533902	2.709438734180461e-08	0.2618025751072961	0.1602019984957559	1.6342029285872604	0.0001999600079984	external_validation/processed/CellMiner/enrichment_multiseed/CellMiner_OSU_seed5_enrichment_summary.csv	formal_runs/table_exports/external_enrichment_final_raw.tsv
CellMiner	OSU	MDR	is_fdr_lt_0_1	0.05	466	9307	49	190	0.0575849206533902	2.709438734180461e-08	0.055793991416309	0.0234232298270119	2.381993936291688	0.0001999600079984	external_validation/processed/CellMiner/enrichment_multiseed/CellMiner_OSU_seed5_enrichment_summary.csv	formal_runs/table_exports/external_enrichment_final_raw.tsv
CellMiner	OSU	MDR	is_fdr_lt_0_05	0.05	466	9307	49	190	0.0575849206533902	2.709438734180461e-08	0.0214592274678111	0.007091436553132	3.026076212771492	0.001999600079984	external_validation/processed/CellMiner/enrichment_multiseed/CellMiner_OSU_seed5_enrichment_summary.csv	formal_runs/table_exports/external_enrichment_final_raw.tsv
CellMiner	OSU	MDR	abs_spearman_rho	0.1	931	9307	49	190	0.0575849206533902	2.709438734180461e-08	0.1690444089973766	0.1462989120118008	1.155472769228394	0.0001999600079984	external_validation/processed/CellMiner/enrichment_multiseed/CellMiner_OSU_seed5_enrichment_summary.csv	formal_runs/table_exports/external_enrichment_final_raw.tsv
CellMiner	OSU	MDR	is_p_lt_0_05	0.1	931	9307	49	190	0.0575849206533902	2.709438734180461e-08	0.229860365198711	0.1602019984957559	1.434815840982162	0.0001999600079984	external_validation/processed/CellMiner/enrichment_multiseed/CellMiner_OSU_seed5_enrichment_summary.csv	formal_runs/table_exports/external_enrichment_final_raw.tsv
CellMiner	OSU	MDR	is_fdr_lt_0_1	0.1	931	9307	49	190	0.0575849206533902	2.709438734180461e-08	0.0461868958109559	0.0234232298270119	1.9718414647365463	0.0001999600079984	external_validation/processed/CellMiner/enrichment_multiseed/CellMiner_OSU_seed5_enrichment_summary.csv	formal_runs/table_exports/external_enrichment_final_raw.tsv
CellMiner	OSU	MDR	is_fdr_lt_0_05	0.1	931	9307	49	190	0.0575849206533902	2.709438734180461e-08	0.0139634801288936	0.007091436553132	1.9690622660547477	0.0145970805838832	external_validation/processed/CellMiner/enrichment_multiseed/CellMiner_OSU_seed5_enrichment_summary.csv	formal_runs/table_exports/external_enrichment_final_raw.tsv
CellMiner	OSU	MDS	abs_spearman_rho	0.01	101	10094	51	198	0.0389347130577104	9.125972859047208e-05	0.193024697489922	0.1454008000944035	1.3275353186818644	0.0001999600079984	external_validation/processed/CellMiner/enrichment_multiseed/CellMiner_OSU_seed5_enrichment_summary.csv	formal_runs/table_exports/external_enrichment_final_raw.tsv
CellMiner	OSU	MDS	is_p_lt_0_05	0.01	101	10094	51	198	0.0389347130577104	9.125972859047208e-05	0.3267326732673267	0.1601941747572815	2.03960396039604	0.0001999600079984	external_validation/processed/CellMiner/enrichment_multiseed/CellMiner_OSU_seed5_enrichment_summary.csv	formal_runs/table_exports/external_enrichment_final_raw.tsv
CellMiner	OSU	MDS	is_fdr_lt_0_1	0.01	101	10094	51	198	0.0389347130577104	9.125972859047208e-05	0.0594059405940594	0.0244699821676243	2.4277067382851643	0.0315936812637472	external_validation/processed/CellMiner/enrichment_multiseed/CellMiner_OSU_seed5_enrichment_summary.csv	formal_runs/table_exports/external_enrichment_final_raw.tsv
CellMiner	OSU	MDS	is_fdr_lt_0_05	0.01	101	10094	51	198	0.0389347130577104	9.125972859047208e-05	0.0396039603960396	0.0065385377451951	6.057005700570057	0.0035992801439712	external_validation/processed/CellMiner/enrichment_multiseed/CellMiner_OSU_seed5_enrichment_summary.csv	formal_runs/table_exports/external_enrichment_final_raw.tsv
CellMiner	OSU	MDS	abs_spearman_rho	0.05	505	10094	51	198	0.0389347130577104	9.125972859047208e-05	0.1644039878522844	0.1454008000944035	1.1306952076298262	0.0001999600079984	external_validation/processed/CellMiner/enrichment_multiseed/CellMiner_OSU_seed5_enrichment_summary.csv	formal_runs/table_exports/external_enrichment_final_raw.tsv
CellMiner	OSU	MDS	is_p_lt_0_05	0.05	505	10094	51	198	0.0389347130577104	9.125972859047208e-05	0.2138613861386138	0.1601941747572815	1.335013501350135	0.0005998800239952	external_validation/processed/CellMiner/enrichment_multiseed/CellMiner_OSU_seed5_enrichment_summary.csv	formal_runs/table_exports/external_enrichment_final_raw.tsv
CellMiner	OSU	MDS	is_fdr_lt_0_1	0.05	505	10094	51	198	0.0389347130577104	9.125972859047208e-05	0.0376237623762376	0.0244699821676243	1.5375476009139375	0.043991201759648	external_validation/processed/CellMiner/enrichment_multiseed/CellMiner_OSU_seed5_enrichment_summary.csv	formal_runs/table_exports/external_enrichment_final_raw.tsv
CellMiner	OSU	MDS	is_fdr_lt_0_05	0.05	505	10094	51	198	0.0389347130577104	9.125972859047208e-05	0.0178217821782178	0.0065385377451951	2.7256525652565253	0.0061987602479504	external_validation/processed/CellMiner/enrichment_multiseed/CellMiner_OSU_seed5_enrichment_summary.csv	formal_runs/table_exports/external_enrichment_final_raw.tsv
CellMiner	OSU	MDS	abs_spearman_rho	0.1	1010	10094	51	198	0.0389347130577104	9.125972859047208e-05	0.163959949964398	0.1454008000944035	1.1276413187406449	0.0001999600079984	external_validation/processed/CellMiner/enrichment_multiseed/CellMiner_OSU_seed5_enrichment_summary.csv	formal_runs/table_exports/external_enrichment_final_raw.tsv
CellMiner	OSU	MDS	is_p_lt_0_05	0.1	1010	10094	51	198	0.0389347130577104	9.125972859047208e-05	0.2128712871287128	0.1601941747572815	1.3288328832883287	0.0001999600079984	external_validation/processed/CellMiner/enrichment_multiseed/CellMiner_OSU_seed5_enrichment_summary.csv	formal_runs/table_exports/external_enrichment_final_raw.tsv
CellMiner	OSU	MDS	is_fdr_lt_0_1	0.1	1010	10094	51	198	0.0389347130577104	9.125972859047208e-05	0.0435643564356435	0.0244699821676243	1.7803182747424535	0.0001999600079984	external_validation/processed/CellMiner/enrichment_multiseed/CellMiner_OSU_seed5_enrichment_summary.csv	formal_runs/table_exports/external_enrichment_final_raw.tsv
CellMiner	OSU	MDS	is_fdr_lt_0_05	0.1	1010	10094	51	198	0.0389347130577104	9.125972859047208e-05	0.0158415841584158	0.0065385377451951	2.422802280228023	0.000999800039992	external_validation/processed/CellMiner/enrichment_multiseed/CellMiner_OSU_seed5_enrichment_summary.csv	formal_runs/table_exports/external_enrichment_final_raw.tsv
CellMiner	OSU	MDR	abs_spearman_rho	0.01	94	9307	49	190	0.0467282634313149	6.486917219772415e-06	0.1859880697402849	0.1462989120118008	1.2712881263620246	0.0001999600079984	external_validation/processed/CellMiner/enrichment_multiseed/CellMiner_OSU_seed6_enrichment_summary.csv	formal_runs/table_exports/external_enrichment_final_raw.tsv
CellMiner	OSU	MDR	is_p_lt_0_05	0.01	94	9307	49	190	0.0467282634313149	6.486917219772415e-06	0.2872340425531915	0.1602019984957559	1.7929491844685133	0.0015996800639872	external_validation/processed/CellMiner/enrichment_multiseed/CellMiner_OSU_seed6_enrichment_summary.csv	formal_runs/table_exports/external_enrichment_final_raw.tsv
CellMiner	OSU	MDR	is_fdr_lt_0_1	0.01	94	9307	49	190	0.0467282634313149	6.486917219772415e-06	0.0638297872340425	0.0234232298270119	2.7250634393909814	0.022995400919816	external_validation/processed/CellMiner/enrichment_multiseed/CellMiner_OSU_seed6_enrichment_summary.csv	formal_runs/table_exports/external_enrichment_final_raw.tsv
CellMiner	OSU	MDR	is_fdr_lt_0_05	0.01	94	9307	49	190	0.0467282634313149	6.486917219772415e-06	0.0	0.007091436553132	0.0	1.0	external_validation/processed/CellMiner/enrichment_multiseed/CellMiner_OSU_seed6_enrichment_summary.csv	formal_runs/table_exports/external_enrichment_final_raw.tsv
CellMiner	OSU	MDR	abs_spearman_rho	0.05	466	9307	49	190	0.0467282634313149	6.486917219772415e-06	0.1716227083593057	0.1462989120118008	1.173096272550969	0.0001999600079984	external_validation/processed/CellMiner/enrichment_multiseed/CellMiner_OSU_seed6_enrichment_summary.csv	formal_runs/table_exports/external_enrichment_final_raw.tsv
CellMiner	OSU	MDR	is_p_lt_0_05	0.05	466	9307	49	190	0.0467282634313149	6.486917219772415e-06	0.2339055793991416	0.1602019984957559	1.460066550950913	0.0001999600079984	external_validation/processed/CellMiner/enrichment_multiseed/CellMiner_OSU_seed6_enrichment_summary.csv	formal_runs/table_exports/external_enrichment_final_raw.tsv
CellMiner	OSU	MDR	is_fdr_lt_0_1	0.05	466	9307	49	190	0.0467282634313149	6.486917219772415e-06	0.0472103004291845	0.0234232298270119	2.0155333307083514	0.0011997600479904	external_validation/processed/CellMiner/enrichment_multiseed/CellMiner_OSU_seed6_enrichment_summary.csv	formal_runs/table_exports/external_enrichment_final_raw.tsv
CellMiner	OSU	MDR	is_fdr_lt_0_05	0.05	466	9307	49	190	0.0467282634313149	6.486917219772415e-06	0.0171673819742489	0.007091436553132	2.420860970217193	0.0167966406718656	external_validation/processed/CellMiner/enrichment_multiseed/CellMiner_OSU_seed6_enrichment_summary.csv	formal_runs/table_exports/external_enrichment_final_raw.tsv
CellMiner	OSU	MDR	abs_spearman_rho	0.1	931	9307	49	190	0.0467282634313149	6.486917219772415e-06	0.1650299968065485	0.1462989120118008	1.128032973978896	0.0001999600079984	external_validation/processed/CellMiner/enrichment_multiseed/CellMiner_OSU_seed6_enrichment_summary.csv	formal_runs/table_exports/external_enrichment_final_raw.tsv
CellMiner	OSU	MDR	is_p_lt_0_05	0.1	931	9307	49	190	0.0467282634313149	6.486917219772415e-06	0.2137486573576799	0.1602019984957559	1.3342446371750012	0.0001999600079984	external_validation/processed/CellMiner/enrichment_multiseed/CellMiner_OSU_seed6_enrichment_summary.csv	formal_runs/table_exports/external_enrichment_final_raw.tsv
CellMiner	OSU	MDR	is_fdr_lt_0_1	0.1	931	9307	49	190	0.0467282634313149	6.486917219772415e-06	0.0461868958109559	0.0234232298270119	1.9718414647365463	0.0001999600079984	external_validation/processed/CellMiner/enrichment_multiseed/CellMiner_OSU_seed6_enrichment_summary.csv	formal_runs/table_exports/external_enrichment_final_raw.tsv
CellMiner	OSU	MDR	is_fdr_lt_0_05	0.1	931	9307	49	190	0.0467282634313149	6.486917219772415e-06	0.0150375939849624	0.007091436553132	2.1205285942128045	0.0053989202159568	external_validation/processed/CellMiner/enrichment_multiseed/CellMiner_OSU_seed6_enrichment_summary.csv	formal_runs/table_exports/external_enrichment_final_raw.tsv
CellMiner	OSU	MDS	abs_spearman_rho	0.01	101	10094	51	198	0.0237697372547384	0.0169329217541465	0.1821933911027582	0.1454008000944035	1.253042562244958	0.0003999200159968	external_validation/processed/CellMiner/enrichment_multiseed/CellMiner_OSU_seed6_enrichment_summary.csv	formal_runs/table_exports/external_enrichment_final_raw.tsv
CellMiner	OSU	MDS	is_p_lt_0_05	0.01	101	10094	51	198	0.0237697372547384	0.0169329217541465	0.2574257425742574	0.1601941747572815	1.6069606960696068	0.008998200359928	external_validation/processed/CellMiner/enrichment_multiseed/CellMiner_OSU_seed6_enrichment_summary.csv	formal_runs/table_exports/external_enrichment_final_raw.tsv
CellMiner	OSU	MDS	is_fdr_lt_0_1	0.01	101	10094	51	198	0.0237697372547384	0.0169329217541465	0.0594059405940594	0.0244699821676243	2.4277067382851643	0.0343931213757248	external_validation/processed/CellMiner/enrichment_multiseed/CellMiner_OSU_seed6_enrichment_summary.csv	formal_runs/table_exports/external_enrichment_final_raw.tsv
CellMiner	OSU	MDS	is_fdr_lt_0_05	0.01	101	10094	51	198	0.0237697372547384	0.0169329217541465	0.0396039603960396	0.0065385377451951	6.057005700570057	0.0027994401119776	external_validation/processed/CellMiner/enrichment_multiseed/CellMiner_OSU_seed6_enrichment_summary.csv	formal_runs/table_exports/external_enrichment_final_raw.tsv
CellMiner	OSU	MDS	abs_spearman_rho	0.05	505	10094	51	198	0.0237697372547384	0.0169329217541465	0.1646750119105897	0.1454008000944035	1.1325591867697573	0.0001999600079984	external_validation/processed/CellMiner/enrichment_multiseed/CellMiner_OSU_seed6_enrichment_summary.csv	formal_runs/table_exports/external_enrichment_final_raw.tsv
CellMiner	OSU	MDS	is_p_lt_0_05	0.05	505	10094	51	198	0.0237697372547384	0.0169329217541465	0.2118811881188118	0.1601941747572815	1.3226522652265225	0.0007998400319936	external_validation/processed/CellMiner/enrichment_multiseed/CellMiner_OSU_seed6_enrichment_summary.csv	formal_runs/table_exports/external_enrichment_final_raw.tsv
CellMiner	OSU	MDS	is_fdr_lt_0_1	0.05	505	10094	51	198	0.0237697372547384	0.0169329217541465	0.0475247524752475	0.0244699821676243	1.9421653906281315	0.0007998400319936	external_validation/processed/CellMiner/enrichment_multiseed/CellMiner_OSU_seed6_enrichment_summary.csv	formal_runs/table_exports/external_enrichment_final_raw.tsv
CellMiner	OSU	MDS	is_fdr_lt_0_05	0.05	505	10094	51	198	0.0237697372547384	0.0169329217541465	0.0158415841584158	0.0065385377451951	2.422802280228023	0.0145970805838832	external_validation/processed/CellMiner/enrichment_multiseed/CellMiner_OSU_seed6_enrichment_summary.csv	formal_runs/table_exports/external_enrichment_final_raw.tsv
CellMiner	OSU	MDS	abs_spearman_rho	0.1	1010	10094	51	198	0.0237697372547384	0.0169329217541465	0.1581256000874845	0.1454008000944035	1.0875153368125845	0.0001999600079984	external_validation/processed/CellMiner/enrichment_multiseed/CellMiner_OSU_seed6_enrichment_summary.csv	formal_runs/table_exports/external_enrichment_final_raw.tsv
CellMiner	OSU	MDS	is_p_lt_0_05	0.1	1010	10094	51	198	0.0237697372547384	0.0169329217541465	0.197029702970297	0.1601941747572815	1.22994299429943	0.0007998400319936	external_validation/processed/CellMiner/enrichment_multiseed/CellMiner_OSU_seed6_enrichment_summary.csv	formal_runs/table_exports/external_enrichment_final_raw.tsv
CellMiner	OSU	MDS	is_fdr_lt_0_1	0.1	1010	10094	51	198	0.0237697372547384	0.0169329217541465	0.0316831683168316	0.0244699821676243	1.294776927085421	0.0781843631273745	external_validation/processed/CellMiner/enrichment_multiseed/CellMiner_OSU_seed6_enrichment_summary.csv	formal_runs/table_exports/external_enrichment_final_raw.tsv
CellMiner	OSU	MDS	is_fdr_lt_0_05	0.1	1010	10094	51	198	0.0237697372547384	0.0169329217541465	0.0099009900990099	0.0065385377451951	1.5142514251425143	0.124375124975005	external_validation/processed/CellMiner/enrichment_multiseed/CellMiner_OSU_seed6_enrichment_summary.csv	formal_runs/table_exports/external_enrichment_final_raw.tsv
CellMiner	OSU	MDR	abs_spearman_rho	0.01	94	9307	49	190	0.041770228270042	5.5561666131960016e-05	0.1833350604407146	0.1462989120118008	1.2531539566468295	0.0005998800239952	external_validation/processed/CellMiner/enrichment_multiseed/CellMiner_OSU_seed7_enrichment_summary.csv	formal_runs/table_exports/external_enrichment_final_raw.tsv
CellMiner	OSU	MDR	is_p_lt_0_05	0.01	94	9307	49	190	0.041770228270042	5.5561666131960016e-05	0.2553191489361702	0.1602019984957559	1.593732608416456	0.0131973605278944	external_validation/processed/CellMiner/enrichment_multiseed/CellMiner_OSU_seed7_enrichment_summary.csv	formal_runs/table_exports/external_enrichment_final_raw.tsv
CellMiner	OSU	MDR	is_fdr_lt_0_1	0.01	94	9307	49	190	0.041770228270042	5.5561666131960016e-05	0.0531914893617021	0.0234232298270119	2.2708861994924847	0.0715856828634273	external_validation/processed/CellMiner/enrichment_multiseed/CellMiner_OSU_seed7_enrichment_summary.csv	formal_runs/table_exports/external_enrichment_final_raw.tsv
CellMiner	OSU	MDR	is_fdr_lt_0_05	0.01	94	9307	49	190	0.041770228270042	5.5561666131960016e-05	0.0425531914893617	0.007091436553132	6.000644745325596	0.0045990801839632	external_validation/processed/CellMiner/enrichment_multiseed/CellMiner_OSU_seed7_enrichment_summary.csv	formal_runs/table_exports/external_enrichment_final_raw.tsv
CellMiner	OSU	MDR	abs_spearman_rho	0.05	466	9307	49	190	0.041770228270042	5.5561666131960016e-05	0.1715508427542734	0.1462989120118008	1.1726050480842658	0.0001999600079984	external_validation/processed/CellMiner/enrichment_multiseed/CellMiner_OSU_seed7_enrichment_summary.csv	formal_runs/table_exports/external_enrichment_final_raw.tsv
CellMiner	OSU	MDR	is_p_lt_0_05	0.05	466	9307	49	190	0.041770228270042	5.5561666131960016e-05	0.242489270386266	0.1602019984957559	1.5136469748390196	0.0001999600079984	external_validation/processed/CellMiner/enrichment_multiseed/CellMiner_OSU_seed7_enrichment_summary.csv	formal_runs/table_exports/external_enrichment_final_raw.tsv
CellMiner	OSU	MDR	is_fdr_lt_0_1	0.05	466	9307	49	190	0.041770228270042	5.5561666131960016e-05	0.0493562231759656	0.0234232298270119	2.107148482104185	0.0007998400319936	external_validation/processed/CellMiner/enrichment_multiseed/CellMiner_OSU_seed7_enrichment_summary.csv	formal_runs/table_exports/external_enrichment_final_raw.tsv
CellMiner	OSU	MDR	is_fdr_lt_0_05	0.05	466	9307	49	190	0.041770228270042	5.5561666131960016e-05	0.0128755364806866	0.007091436553132	1.815645727662895	0.1115776844631073	external_validation/processed/CellMiner/enrichment_multiseed/CellMiner_OSU_seed7_enrichment_summary.csv	formal_runs/table_exports/external_enrichment_final_raw.tsv
CellMiner	OSU	MDR	abs_spearman_rho	0.1	931	9307	49	190	0.041770228270042	5.5561666131960016e-05	0.1672795180312813	0.1462989120118008	1.143409173253374	0.0001999600079984	external_validation/processed/CellMiner/enrichment_multiseed/CellMiner_OSU_seed7_enrichment_summary.csv	formal_runs/table_exports/external_enrichment_final_raw.tsv
CellMiner	OSU	MDR	is_p_lt_0_05	0.1	931	9307	49	190	0.041770228270042	5.5561666131960016e-05	0.2244897959183673	0.1602019984957559	1.4012921063797752	0.0001999600079984	external_validation/processed/CellMiner/enrichment_multiseed/CellMiner_OSU_seed7_enrichment_summary.csv	formal_runs/table_exports/external_enrichment_final_raw.tsv
CellMiner	OSU	MDR	is_fdr_lt_0_1	0.1	931	9307	49	190	0.041770228270042	5.5561666131960016e-05	0.0461868958109559	0.0234232298270119	1.9718414647365463	0.0001999600079984	external_validation/processed/CellMiner/enrichment_multiseed/CellMiner_OSU_seed7_enrichment_summary.csv	formal_runs/table_exports/external_enrichment_final_raw.tsv
CellMiner	OSU	MDR	is_fdr_lt_0_05	0.1	931	9307	49	190	0.041770228270042	5.5561666131960016e-05	0.0150375939849624	0.007091436553132	2.1205285942128045	0.0053989202159568	external_validation/processed/CellMiner/enrichment_multiseed/CellMiner_OSU_seed7_enrichment_summary.csv	formal_runs/table_exports/external_enrichment_final_raw.tsv
CellMiner	OSU	MDS	abs_spearman_rho	0.01	101	10094	51	198	0.03138217704118	0.0016142531715888	0.1657983153668055	0.1454008000944035	1.14028475262281	0.0291941611677664	external_validation/processed/CellMiner/enrichment_multiseed/CellMiner_OSU_seed7_enrichment_summary.csv	formal_runs/table_exports/external_enrichment_final_raw.tsv
CellMiner	OSU	MDS	is_p_lt_0_05	0.01	101	10094	51	198	0.03138217704118	0.0016142531715888	0.2376237623762376	0.1601941747572815	1.4833483348334833	0.0251949610077984	external_validation/processed/CellMiner/enrichment_multiseed/CellMiner_OSU_seed7_enrichment_summary.csv	formal_runs/table_exports/external_enrichment_final_raw.tsv
CellMiner	OSU	MDS	is_fdr_lt_0_1	0.01	101	10094	51	198	0.03138217704118	0.0016142531715888	0.0396039603960396	0.0244699821676243	1.6184711588567764	0.2339532093581283	external_validation/processed/CellMiner/enrichment_multiseed/CellMiner_OSU_seed7_enrichment_summary.csv	formal_runs/table_exports/external_enrichment_final_raw.tsv
CellMiner	OSU	MDS	is_fdr_lt_0_05	0.01	101	10094	51	198	0.03138217704118	0.0016142531715888	0.0198019801980198	0.0065385377451951	3.0285028502850286	0.1425714857028594	external_validation/processed/CellMiner/enrichment_multiseed/CellMiner_OSU_seed7_enrichment_summary.csv	formal_runs/table_exports/external_enrichment_final_raw.tsv
CellMiner	OSU	MDS	abs_spearman_rho	0.05	505	10094	51	198	0.03138217704118	0.0016142531715888	0.1640003128534474	0.1454008000944035	1.1279189161749312	0.0001999600079984	external_validation/processed/CellMiner/enrichment_multiseed/CellMiner_OSU_seed7_enrichment_summary.csv	formal_runs/table_exports/external_enrichment_final_raw.tsv
CellMiner	OSU	MDS	is_p_lt_0_05	0.05	505	10094	51	198	0.03138217704118	0.0016142531715888	0.2237623762376237	0.1601941747572815	1.3968196819681968	0.0003999200159968	external_validation/processed/CellMiner/enrichment_multiseed/CellMiner_OSU_seed7_enrichment_summary.csv	formal_runs/table_exports/external_enrichment_final_raw.tsv
CellMiner	OSU	MDS	is_fdr_lt_0_1	0.05	505	10094	51	198	0.03138217704118	0.0016142531715888	0.0316831683168316	0.0244699821676243	1.294776927085421	0.182363527294541	external_validation/processed/CellMiner/enrichment_multiseed/CellMiner_OSU_seed7_enrichment_summary.csv	formal_runs/table_exports/external_enrichment_final_raw.tsv
CellMiner	OSU	MDS	is_fdr_lt_0_05	0.05	505	10094	51	198	0.03138217704118	0.0016142531715888	0.0138613861386138	0.0065385377451951	2.11995199519952	0.0453909218156368	external_validation/processed/CellMiner/enrichment_multiseed/CellMiner_OSU_seed7_enrichment_summary.csv	formal_runs/table_exports/external_enrichment_final_raw.tsv
CellMiner	OSU	MDS	abs_spearman_rho	0.1	1010	10094	51	198	0.03138217704118	0.0016142531715888	0.1587281896162739	0.1454008000944035	1.0916596711518602	0.0001999600079984	external_validation/processed/CellMiner/enrichment_multiseed/CellMiner_OSU_seed7_enrichment_summary.csv	formal_runs/table_exports/external_enrichment_final_raw.tsv
CellMiner	OSU	MDS	is_p_lt_0_05	0.1	1010	10094	51	198	0.03138217704118	0.0016142531715888	0.192079207920792	0.1601941747572815	1.199039903990399	0.0025994801039792	external_validation/processed/CellMiner/enrichment_multiseed/CellMiner_OSU_seed7_enrichment_summary.csv	formal_runs/table_exports/external_enrichment_final_raw.tsv
CellMiner	OSU	MDS	is_fdr_lt_0_1	0.1	1010	10094	51	198	0.03138217704118	0.0016142531715888	0.0326732673267326	0.0244699821676243	1.3352387060568405	0.0503899220155968	external_validation/processed/CellMiner/enrichment_multiseed/CellMiner_OSU_seed7_enrichment_summary.csv	formal_runs/table_exports/external_enrichment_final_raw.tsv
CellMiner	OSU	MDS	is_fdr_lt_0_05	0.1	1010	10094	51	198	0.03138217704118	0.0016142531715888	0.0128712871287128	0.0065385377451951	1.9685268526852684	0.0133973205358928	external_validation/processed/CellMiner/enrichment_multiseed/CellMiner_OSU_seed7_enrichment_summary.csv	formal_runs/table_exports/external_enrichment_final_raw.tsv
CellMiner	OSU	MDR	abs_spearman_rho	0.01	94	9307	49	190	0.0430675968848792	3.235539202343707e-05	0.182314723378679	0.1462989120118008	1.2461796254778237	0.0007998400319936	external_validation/processed/CellMiner/enrichment_multiseed/CellMiner_OSU_seed8_enrichment_summary.csv	formal_runs/table_exports/external_enrichment_final_raw.tsv
CellMiner	OSU	MDR	is_p_lt_0_05	0.01	94	9307	49	190	0.0430675968848792	3.235539202343707e-05	0.2553191489361702	0.1602019984957559	1.593732608416456	0.0115976804639072	external_validation/processed/CellMiner/enrichment_multiseed/CellMiner_OSU_seed8_enrichment_summary.csv	formal_runs/table_exports/external_enrichment_final_raw.tsv
CellMiner	OSU	MDR	is_fdr_lt_0_1	0.01	94	9307	49	190	0.0430675968848792	3.235539202343707e-05	0.0638297872340425	0.0234232298270119	2.7250634393909814	0.026994601079784	external_validation/processed/CellMiner/enrichment_multiseed/CellMiner_OSU_seed8_enrichment_summary.csv	formal_runs/table_exports/external_enrichment_final_raw.tsv
CellMiner	OSU	MDR	is_fdr_lt_0_05	0.01	94	9307	49	190	0.0430675968848792	3.235539202343707e-05	0.0106382978723404	0.007091436553132	1.500161186331399	0.4925014997000599	external_validation/processed/CellMiner/enrichment_multiseed/CellMiner_OSU_seed8_enrichment_summary.csv	formal_runs/table_exports/external_enrichment_final_raw.tsv
CellMiner	OSU	MDR	abs_spearman_rho	0.05	466	9307	49	190	0.0430675968848792	3.235539202343707e-05	0.1757231333471874	0.1462989120118008	1.2011239928634132	0.0001999600079984	external_validation/processed/CellMiner/enrichment_multiseed/CellMiner_OSU_seed8_enrichment_summary.csv	formal_runs/table_exports/external_enrichment_final_raw.tsv
CellMiner	OSU	MDR	is_p_lt_0_05	0.05	466	9307	49	190	0.0430675968848792	3.235539202343707e-05	0.2467811158798283	0.1602019984957559	1.540437186783073	0.0001999600079984	external_validation/processed/CellMiner/enrichment_multiseed/CellMiner_OSU_seed8_enrichment_summary.csv	formal_runs/table_exports/external_enrichment_final_raw.tsv
CellMiner	OSU	MDR	is_fdr_lt_0_1	0.05	466	9307	49	190	0.0430675968848792	3.235539202343707e-05	0.0536480686695279	0.0234232298270119	2.2903787848958537	0.0001999600079984	external_validation/processed/CellMiner/enrichment_multiseed/CellMiner_OSU_seed8_enrichment_summary.csv	formal_runs/table_exports/external_enrichment_final_raw.tsv
CellMiner	OSU	MDR	is_fdr_lt_0_05	0.05	466	9307	49	190	0.0430675968848792	3.235539202343707e-05	0.0214592274678111	0.007091436553132	3.026076212771492	0.0011997600479904	external_validation/processed/CellMiner/enrichment_multiseed/CellMiner_OSU_seed8_enrichment_summary.csv	formal_runs/table_exports/external_enrichment_final_raw.tsv
CellMiner	OSU	MDR	abs_spearman_rho	0.1	931	9307	49	190	0.0430675968848792	3.235539202343707e-05	0.1656343336679936	0.1462989120118008	1.1321638103134568	0.0001999600079984	external_validation/processed/CellMiner/enrichment_multiseed/CellMiner_OSU_seed8_enrichment_summary.csv	formal_runs/table_exports/external_enrichment_final_raw.tsv
CellMiner	OSU	MDR	is_p_lt_0_05	0.1	931	9307	49	190	0.0430675968848792	3.235539202343707e-05	0.2137486573576799	0.1602019984957559	1.3342446371750012	0.0001999600079984	external_validation/processed/CellMiner/enrichment_multiseed/CellMiner_OSU_seed8_enrichment_summary.csv	formal_runs/table_exports/external_enrichment_final_raw.tsv
CellMiner	OSU	MDR	is_fdr_lt_0_1	0.1	931	9307	49	190	0.0430675968848792	3.235539202343707e-05	0.0451127819548872	0.0234232298270119	1.925984686486859	0.0003999200159968	external_validation/processed/CellMiner/enrichment_multiseed/CellMiner_OSU_seed8_enrichment_summary.csv	formal_runs/table_exports/external_enrichment_final_raw.tsv
CellMiner	OSU	MDR	is_fdr_lt_0_05	0.1	931	9307	49	190	0.0430675968848792	3.235539202343707e-05	0.0128893662728249	0.007091436553132	1.81759593789669	0.0261947610477904	external_validation/processed/CellMiner/enrichment_multiseed/CellMiner_OSU_seed8_enrichment_summary.csv	formal_runs/table_exports/external_enrichment_final_raw.tsv
CellMiner	OSU	MDS	abs_spearman_rho	0.01	101	10094	51	198	0.0406369912501917	4.4279409915412406e-05	0.1882760879703038	0.1454008000944035	1.2948765608446646	0.0003999200159968	external_validation/processed/CellMiner/enrichment_multiseed/CellMiner_OSU_seed8_enrichment_summary.csv	formal_runs/table_exports/external_enrichment_final_raw.tsv
CellMiner	OSU	MDS	is_p_lt_0_05	0.01	101	10094	51	198	0.0406369912501917	4.4279409915412406e-05	0.2772277227722772	0.1601941747572815	1.7305730573057303	0.0017996400719856	external_validation/processed/CellMiner/enrichment_multiseed/CellMiner_OSU_seed8_enrichment_summary.csv	formal_runs/table_exports/external_enrichment_final_raw.tsv
CellMiner	OSU	MDS	is_fdr_lt_0_1	0.01	101	10094	51	198	0.0406369912501917	4.4279409915412406e-05	0.0594059405940594	0.0244699821676243	2.4277067382851643	0.0373925214957008	external_validation/processed/CellMiner/enrichment_multiseed/CellMiner_OSU_seed8_enrichment_summary.csv	formal_runs/table_exports/external_enrichment_final_raw.tsv
CellMiner	OSU	MDS	is_fdr_lt_0_05	0.01	101	10094	51	198	0.0406369912501917	4.4279409915412406e-05	0.0396039603960396	0.0065385377451951	6.057005700570057	0.0035992801439712	external_validation/processed/CellMiner/enrichment_multiseed/CellMiner_OSU_seed8_enrichment_summary.csv	formal_runs/table_exports/external_enrichment_final_raw.tsv
CellMiner	OSU	MDS	abs_spearman_rho	0.05	505	10094	51	198	0.0406369912501917	4.4279409915412406e-05	0.1664016512634622	0.1454008000944035	1.1444342201378783	0.0001999600079984	external_validation/processed/CellMiner/enrichment_multiseed/CellMiner_OSU_seed8_enrichment_summary.csv	formal_runs/table_exports/external_enrichment_final_raw.tsv
CellMiner	OSU	MDS	is_p_lt_0_05	0.05	505	10094	51	198	0.0406369912501917	4.4279409915412406e-05	0.2217821782178217	0.1601941747572815	1.3844584458445843	0.0003999200159968	external_validation/processed/CellMiner/enrichment_multiseed/CellMiner_OSU_seed8_enrichment_summary.csv	formal_runs/table_exports/external_enrichment_final_raw.tsv
CellMiner	OSU	MDS	is_fdr_lt_0_1	0.05	505	10094	51	198	0.0406369912501917	4.4279409915412406e-05	0.0316831683168316	0.0244699821676243	1.294776927085421	0.1755648870225954	external_validation/processed/CellMiner/enrichment_multiseed/CellMiner_OSU_seed8_enrichment_summary.csv	formal_runs/table_exports/external_enrichment_final_raw.tsv
CellMiner	OSU	MDS	is_fdr_lt_0_05	0.05	505	10094	51	198	0.0406369912501917	4.4279409915412406e-05	0.0138613861386138	0.0065385377451951	2.11995199519952	0.0497900419916016	external_validation/processed/CellMiner/enrichment_multiseed/CellMiner_OSU_seed8_enrichment_summary.csv	formal_runs/table_exports/external_enrichment_final_raw.tsv
CellMiner	OSU	MDS	abs_spearman_rho	0.1	1010	10094	51	198	0.0406369912501917	4.4279409915412406e-05	0.1612599001624919	0.1454008000944035	1.1090716148590083	0.0001999600079984	external_validation/processed/CellMiner/enrichment_multiseed/CellMiner_OSU_seed8_enrichment_summary.csv	formal_runs/table_exports/external_enrichment_final_raw.tsv
CellMiner	OSU	MDS	is_p_lt_0_05	0.1	1010	10094	51	198	0.0406369912501917	4.4279409915412406e-05	0.2089108910891089	0.1601941747572815	1.304110411041104	0.0001999600079984	external_validation/processed/CellMiner/enrichment_multiseed/CellMiner_OSU_seed8_enrichment_summary.csv	formal_runs/table_exports/external_enrichment_final_raw.tsv
CellMiner	OSU	MDS	is_fdr_lt_0_1	0.1	1010	10094	51	198	0.0406369912501917	4.4279409915412406e-05	0.0316831683168316	0.0244699821676243	1.294776927085421	0.0749850029994001	external_validation/processed/CellMiner/enrichment_multiseed/CellMiner_OSU_seed8_enrichment_summary.csv	formal_runs/table_exports/external_enrichment_final_raw.tsv
CellMiner	OSU	MDS	is_fdr_lt_0_05	0.1	1010	10094	51	198	0.0406369912501917	4.4279409915412406e-05	0.0089108910891089	0.0065385377451951	1.3628262826282629	0.2115576884623075	external_validation/processed/CellMiner/enrichment_multiseed/CellMiner_OSU_seed8_enrichment_summary.csv	formal_runs/table_exports/external_enrichment_final_raw.tsv
CellMiner	OSU	MDR	abs_spearman_rho	0.01	94	9307	49	190	0.0360086041594979	0.0005117858040941	0.1791661187315858	0.1462989120118008	1.2246579025627604	0.0013997200559888	external_validation/processed/CellMiner/enrichment_multiseed/CellMiner_OSU_seed9_enrichment_summary.csv	formal_runs/table_exports/external_enrichment_final_raw.tsv
CellMiner	OSU	MDR	is_p_lt_0_05	0.01	94	9307	49	190	0.0360086041594979	0.0005117858040941	0.2234042553191489	0.1602019984957559	1.394516032364399	0.0649870025994801	external_validation/processed/CellMiner/enrichment_multiseed/CellMiner_OSU_seed9_enrichment_summary.csv	formal_runs/table_exports/external_enrichment_final_raw.tsv
CellMiner	OSU	MDR	is_fdr_lt_0_1	0.01	94	9307	49	190	0.0360086041594979	0.0005117858040941	0.0531914893617021	0.0234232298270119	2.2708861994924847	0.0711857628474305	external_validation/processed/CellMiner/enrichment_multiseed/CellMiner_OSU_seed9_enrichment_summary.csv	formal_runs/table_exports/external_enrichment_final_raw.tsv
CellMiner	OSU	MDR	is_fdr_lt_0_05	0.01	94	9307	49	190	0.0360086041594979	0.0005117858040941	0.0212765957446808	0.007091436553132	3.000322372662798	0.142371525694861	external_validation/processed/CellMiner/enrichment_multiseed/CellMiner_OSU_seed9_enrichment_summary.csv	formal_runs/table_exports/external_enrichment_final_raw.tsv
CellMiner	OSU	MDR	abs_spearman_rho	0.05	466	9307	49	190	0.0360086041594979	0.0005117858040941	0.1675027009305098	0.1462989120118008	1.1449346999723324	0.0001999600079984	external_validation/processed/CellMiner/enrichment_multiseed/CellMiner_OSU_seed9_enrichment_summary.csv	formal_runs/table_exports/external_enrichment_final_raw.tsv
CellMiner	OSU	MDR	is_p_lt_0_05	0.05	466	9307	49	190	0.0360086041594979	0.0005117858040941	0.2167381974248927	0.1602019984957559	1.352905703174699	0.0007998400319936	external_validation/processed/CellMiner/enrichment_multiseed/CellMiner_OSU_seed9_enrichment_summary.csv	formal_runs/table_exports/external_enrichment_final_raw.tsv
CellMiner	OSU	MDR	is_fdr_lt_0_1	0.05	466	9307	49	190	0.0360086041594979	0.0005117858040941	0.0429184549356223	0.0234232298270119	1.832303027916683	0.006998600279944	external_validation/processed/CellMiner/enrichment_multiseed/CellMiner_OSU_seed9_enrichment_summary.csv	formal_runs/table_exports/external_enrichment_final_raw.tsv
CellMiner	OSU	MDR	is_fdr_lt_0_05	0.05	466	9307	49	190	0.0360086041594979	0.0005117858040941	0.0150214592274678	0.007091436553132	2.118253348940044	0.047990401919616	external_validation/processed/CellMiner/enrichment_multiseed/CellMiner_OSU_seed9_enrichment_summary.csv	formal_runs/table_exports/external_enrichment_final_raw.tsv
CellMiner	OSU	MDR	abs_spearman_rho	0.1	931	9307	49	190	0.0360086041594979	0.0005117858040941	0.1609422594021408	0.1462989120118008	1.1000919773699949	0.0001999600079984	external_validation/processed/CellMiner/enrichment_multiseed/CellMiner_OSU_seed9_enrichment_summary.csv	formal_runs/table_exports/external_enrichment_final_raw.tsv
CellMiner	OSU	MDR	is_p_lt_0_05	0.1	931	9307	49	190	0.0360086041594979	0.0005117858040941	0.2030075187969924	0.1602019984957559	1.2671971679702272	0.0005998800239952	external_validation/processed/CellMiner/enrichment_multiseed/CellMiner_OSU_seed9_enrichment_summary.csv	formal_runs/table_exports/external_enrichment_final_raw.tsv
CellMiner	OSU	MDR	is_fdr_lt_0_1	0.1	931	9307	49	190	0.0360086041594979	0.0005117858040941	0.0365198711063372	0.0234232298270119	1.5591304604893623	0.0057988402319536	external_validation/processed/CellMiner/enrichment_multiseed/CellMiner_OSU_seed9_enrichment_summary.csv	formal_runs/table_exports/external_enrichment_final_raw.tsv
CellMiner	OSU	MDR	is_fdr_lt_0_05	0.1	931	9307	49	190	0.0360086041594979	0.0005117858040941	0.0118152524167561	0.007091436553132	1.6661296097386324	0.0675864827034593	external_validation/processed/CellMiner/enrichment_multiseed/CellMiner_OSU_seed9_enrichment_summary.csv	formal_runs/table_exports/external_enrichment_final_raw.tsv
CellMiner	OSU	MDS	abs_spearman_rho	0.01	101	10094	51	198	0.0197992168023292	0.0466841895661822	0.1631411267432113	0.1454008000944035	1.1220098282629096	0.0443911217756448	external_validation/processed/CellMiner/enrichment_multiseed/CellMiner_OSU_seed9_enrichment_summary.csv	formal_runs/table_exports/external_enrichment_final_raw.tsv
CellMiner	OSU	MDS	is_p_lt_0_05	0.01	101	10094	51	198	0.0197992168023292	0.0466841895661822	0.2574257425742574	0.1601941747572815	1.6069606960696068	0.0073985202959408	external_validation/processed/CellMiner/enrichment_multiseed/CellMiner_OSU_seed9_enrichment_summary.csv	formal_runs/table_exports/external_enrichment_final_raw.tsv
CellMiner	OSU	MDS	is_fdr_lt_0_1	0.01	101	10094	51	198	0.0197992168023292	0.0466841895661822	0.0297029702970297	0.0244699821676243	1.213853369142582	0.4685062987402519	external_validation/processed/CellMiner/enrichment_multiseed/CellMiner_OSU_seed9_enrichment_summary.csv	formal_runs/table_exports/external_enrichment_final_raw.tsv
CellMiner	OSU	MDS	is_fdr_lt_0_05	0.01	101	10094	51	198	0.0197992168023292	0.0466841895661822	0.0198019801980198	0.0065385377451951	3.0285028502850286	0.1345730853829234	external_validation/processed/CellMiner/enrichment_multiseed/CellMiner_OSU_seed9_enrichment_summary.csv	formal_runs/table_exports/external_enrichment_final_raw.tsv
CellMiner	OSU	MDS	abs_spearman_rho	0.05	505	10094	51	198	0.0197992168023292	0.0466841895661822	0.1582488180528305	0.1454008000944035	1.0883627734516268	0.0037992401519696	external_validation/processed/CellMiner/enrichment_multiseed/CellMiner_OSU_seed9_enrichment_summary.csv	formal_runs/table_exports/external_enrichment_final_raw.tsv
CellMiner	OSU	MDS	is_p_lt_0_05	0.05	505	10094	51	198	0.0197992168023292	0.0466841895661822	0.201980198019802	0.1601941747572815	1.2608460846084608	0.0057988402319536	external_validation/processed/CellMiner/enrichment_multiseed/CellMiner_OSU_seed9_enrichment_summary.csv	formal_runs/table_exports/external_enrichment_final_raw.tsv
CellMiner	OSU	MDS	is_fdr_lt_0_1	0.05	505	10094	51	198	0.0197992168023292	0.0466841895661822	0.0297029702970297	0.0244699821676243	1.213853369142582	0.2599480103979204	external_validation/processed/CellMiner/enrichment_multiseed/CellMiner_OSU_seed9_enrichment_summary.csv	formal_runs/table_exports/external_enrichment_final_raw.tsv
CellMiner	OSU	MDS	is_fdr_lt_0_05	0.05	505	10094	51	198	0.0197992168023292	0.0466841895661822	0.0118811881188118	0.0065385377451951	1.817101710171017	0.1165766846630673	external_validation/processed/CellMiner/enrichment_multiseed/CellMiner_OSU_seed9_enrichment_summary.csv	formal_runs/table_exports/external_enrichment_final_raw.tsv
CellMiner	OSU	MDS	abs_spearman_rho	0.1	1010	10094	51	198	0.0197992168023292	0.0466841895661822	0.1578947987409663	0.1454008000944035	1.085927991032036	0.0001999600079984	external_validation/processed/CellMiner/enrichment_multiseed/CellMiner_OSU_seed9_enrichment_summary.csv	formal_runs/table_exports/external_enrichment_final_raw.tsv
CellMiner	OSU	MDS	is_p_lt_0_05	0.1	1010	10094	51	198	0.0197992168023292	0.0466841895661822	0.1900990099009901	0.1601941747572815	1.1866786678667869	0.0057988402319536	external_validation/processed/CellMiner/enrichment_multiseed/CellMiner_OSU_seed9_enrichment_summary.csv	formal_runs/table_exports/external_enrichment_final_raw.tsv
CellMiner	OSU	MDS	is_fdr_lt_0_1	0.1	1010	10094	51	198	0.0197992168023292	0.0466841895661822	0.0336633663366336	0.0244699821676243	1.37570048502826	0.0353929214157168	external_validation/processed/CellMiner/enrichment_multiseed/CellMiner_OSU_seed9_enrichment_summary.csv	formal_runs/table_exports/external_enrichment_final_raw.tsv
CellMiner	OSU	MDS	is_fdr_lt_0_05	0.1	1010	10094	51	198	0.0197992168023292	0.0466841895661822	0.0099009900990099	0.0065385377451951	1.5142514251425143	0.1101779644071185	external_validation/processed/CellMiner/enrichment_multiseed/CellMiner_OSU_seed9_enrichment_summary.csv	formal_runs/table_exports/external_enrichment_final_raw.tsv
DepMap_PRISM_CCLE	CCLE/PRISM	MDR	abs_spearman_rho	0.01	283	28246	58	487	0.0344027183931169	7.322106132114241e-09	0.0423476395857586	0.0406502886895189	1.041754953063283	0.1903619276144771	external_validation/processed/DepMap_PRISM/model_enrichment/PRISM_CCLE_seed0_enrichment_summary.csv	formal_runs/table_exports/external_enrichment_final_raw.tsv
DepMap_PRISM_CCLE	CCLE/PRISM	MDR	is_p_lt_0_05	0.01	283	28246	58	487	0.0344027183931169	7.322106132114241e-09	0.1130742049469964	0.0970048856475253	1.1656547419463	0.2063587282543491	external_validation/processed/DepMap_PRISM/model_enrichment/PRISM_CCLE_seed0_enrichment_summary.csv	formal_runs/table_exports/external_enrichment_final_raw.tsv
DepMap_PRISM_CCLE	CCLE/PRISM	MDR	is_fdr_lt_0_1	0.01	283	28246	58	487	0.0344027183931169	7.322106132114241e-09	0.0106007067137809	0.0108687955816752	0.975334077646436	0.6010797840431914	external_validation/processed/DepMap_PRISM/model_enrichment/PRISM_CCLE_seed0_enrichment_summary.csv	formal_runs/table_exports/external_enrichment_final_raw.tsv
DepMap_PRISM_CCLE	CCLE/PRISM	MDR	is_fdr_lt_0_05	0.01	283	28246	58	487	0.0344027183931169	7.322106132114241e-09	0.0106007067137809	0.0072930680450329	1.453531853579883	0.3397320535892821	external_validation/processed/DepMap_PRISM/model_enrichment/PRISM_CCLE_seed0_enrichment_summary.csv	formal_runs/table_exports/external_enrichment_final_raw.tsv
DepMap_PRISM_CCLE	CCLE/PRISM	MDR	abs_spearman_rho	0.05	1413	28246	58	487	0.0344027183931169	7.322106132114241e-09	0.0414708241430583	0.0406502886895189	1.0201852306586698	0.1725654869026194	external_validation/processed/DepMap_PRISM/model_enrichment/PRISM_CCLE_seed0_enrichment_summary.csv	formal_runs/table_exports/external_enrichment_final_raw.tsv
DepMap_PRISM_CCLE	CCLE/PRISM	MDR	is_p_lt_0_05	0.05	1413	28246	58	487	0.0344027183931169	7.322106132114241e-09	0.1089879688605803	0.0970048856475253	1.1235307184072816	0.0705858828234353	external_validation/processed/DepMap_PRISM/model_enrichment/PRISM_CCLE_seed0_enrichment_summary.csv	formal_runs/table_exports/external_enrichment_final_raw.tsv
DepMap_PRISM_CCLE	CCLE/PRISM	MDR	is_fdr_lt_0_1	0.05	1413	28246	58	487	0.0344027183931169	7.322106132114241e-09	0.0106157112526539	0.0108687955816752	0.9767145929721917	0.5746850629874025	external_validation/processed/DepMap_PRISM/model_enrichment/PRISM_CCLE_seed0_enrichment_summary.csv	formal_runs/table_exports/external_enrichment_final_raw.tsv
DepMap_PRISM_CCLE	CCLE/PRISM	MDR	is_fdr_lt_0_05	0.05	1413	28246	58	487	0.0344027183931169	7.322106132114241e-09	0.0070771408351026	0.0072930680450329	0.9703928156714008	0.5796840631873625	external_validation/processed/DepMap_PRISM/model_enrichment/PRISM_CCLE_seed0_enrichment_summary.csv	formal_runs/table_exports/external_enrichment_final_raw.tsv
DepMap_PRISM_CCLE	CCLE/PRISM	MDR	abs_spearman_rho	0.1	2825	28246	58	487	0.0344027183931169	7.322106132114241e-09	0.0424767698277041	0.0406502886895189	1.0449315662217236	0.0011997600479904	external_validation/processed/DepMap_PRISM/model_enrichment/PRISM_CCLE_seed0_enrichment_summary.csv	formal_runs/table_exports/external_enrichment_final_raw.tsv
DepMap_PRISM_CCLE	CCLE/PRISM	MDR	is_p_lt_0_05	0.1	2825	28246	58	487	0.0344027183931169	7.322106132114241e-09	0.1136283185840708	0.0970048856475253	1.1713669659582715	0.0013997200559888	external_validation/processed/DepMap_PRISM/model_enrichment/PRISM_CCLE_seed0_enrichment_summary.csv	formal_runs/table_exports/external_enrichment_final_raw.tsv
DepMap_PRISM_CCLE	CCLE/PRISM	MDR	is_fdr_lt_0_1	0.1	2825	28246	58	487	0.0344027183931169	7.322106132114241e-09	0.0113274336283185	0.0108687955816752	1.0421976881611943	0.4223155368926214	external_validation/processed/DepMap_PRISM/model_enrichment/PRISM_CCLE_seed0_enrichment_summary.csv	formal_runs/table_exports/external_enrichment_final_raw.tsv
DepMap_PRISM_CCLE	CCLE/PRISM	MDR	is_fdr_lt_0_05	0.1	2825	28246	58	487	0.0344027183931169	7.322106132114241e-09	0.0067256637168141	0.0072930680450329	0.9221995016754015	0.6752649470105979	external_validation/processed/DepMap_PRISM/model_enrichment/PRISM_CCLE_seed0_enrichment_summary.csv	formal_runs/table_exports/external_enrichment_final_raw.tsv
DepMap_PRISM_CCLE	CCLE/PRISM	MDS	abs_spearman_rho	0.01	304	30380	62	490	0.016656776458827	0.0036921186268852	0.0334656310111402	0.0403706259660942	0.8289599234663042	1.0	external_validation/processed/DepMap_PRISM/model_enrichment/PRISM_CCLE_seed0_enrichment_summary.csv	formal_runs/table_exports/external_enrichment_final_raw.tsv
DepMap_PRISM_CCLE	CCLE/PRISM	MDS	is_p_lt_0_05	0.01	304	30380	62	490	0.016656776458827	0.0036921186268852	0.0460526315789473	0.0938446346280447	0.4907327068987797	0.999000199960008	external_validation/processed/DepMap_PRISM/model_enrichment/PRISM_CCLE_seed0_enrichment_summary.csv	formal_runs/table_exports/external_enrichment_final_raw.tsv
DepMap_PRISM_CCLE	CCLE/PRISM	MDS	is_fdr_lt_0_1	0.01	304	30380	62	490	0.016656776458827	0.0036921186268852	0.0	0.0087228439763001	0.0	1.0	external_validation/processed/DepMap_PRISM/model_enrichment/PRISM_CCLE_seed0_enrichment_summary.csv	formal_runs/table_exports/external_enrichment_final_raw.tsv
DepMap_PRISM_CCLE	CCLE/PRISM	MDS	is_fdr_lt_0_05	0.01	304	30380	62	490	0.016656776458827	0.0036921186268852	0.0	0.005892034233048	0.0	1.0	external_validation/processed/DepMap_PRISM/model_enrichment/PRISM_CCLE_seed0_enrichment_summary.csv	formal_runs/table_exports/external_enrichment_final_raw.tsv
DepMap_PRISM_CCLE	CCLE/PRISM	MDS	abs_spearman_rho	0.05	1519	30380	62	490	0.016656776458827	0.0036921186268852	0.0424570636727702	0.0403706259660942	1.051682074695308	0.0071985602879424	external_validation/processed/DepMap_PRISM/model_enrichment/PRISM_CCLE_seed0_enrichment_summary.csv	formal_runs/table_exports/external_enrichment_final_raw.tsv
DepMap_PRISM_CCLE	CCLE/PRISM	MDS	is_p_lt_0_05	0.05	1519	30380	62	490	0.016656776458827	0.0036921186268852	0.1165240289664252	0.0938446346280447	1.241669589617678	0.0007998400319936	external_validation/processed/DepMap_PRISM/model_enrichment/PRISM_CCLE_seed0_enrichment_summary.csv	formal_runs/table_exports/external_enrichment_final_raw.tsv
DepMap_PRISM_CCLE	CCLE/PRISM	MDS	is_fdr_lt_0_1	0.05	1519	30380	62	490	0.016656776458827	0.0036921186268852	0.0111915734035549	0.0087228439763001	1.2830188679245282	0.1825634873025395	external_validation/processed/DepMap_PRISM/model_enrichment/PRISM_CCLE_seed0_enrichment_summary.csv	formal_runs/table_exports/external_enrichment_final_raw.tsv
DepMap_PRISM_CCLE	CCLE/PRISM	MDS	is_fdr_lt_0_05	0.05	1519	30380	62	490	0.016656776458827	0.0036921186268852	0.0065832784726793	0.005892034233048	1.11731843575419	0.4015196960607878	external_validation/processed/DepMap_PRISM/model_enrichment/PRISM_CCLE_seed0_enrichment_summary.csv	formal_runs/table_exports/external_enrichment_final_raw.tsv
DepMap_PRISM_CCLE	CCLE/PRISM	MDS	abs_spearman_rho	0.1	3038	30380	62	490	0.016656776458827	0.0036921186268852	0.0398510212554363	0.0403706259660942	0.9871291391148036	0.8298340331933614	external_validation/processed/DepMap_PRISM/model_enrichment/PRISM_CCLE_seed0_enrichment_summary.csv	formal_runs/table_exports/external_enrichment_final_raw.tsv
DepMap_PRISM_CCLE	CCLE/PRISM	MDS	is_p_lt_0_05	0.1	3038	30380	62	490	0.016656776458827	0.0036921186268852	0.0905200789993416	0.0938446346280447	0.9645738337425463	0.7620475904819036	external_validation/processed/DepMap_PRISM/model_enrichment/PRISM_CCLE_seed0_enrichment_summary.csv	formal_runs/table_exports/external_enrichment_final_raw.tsv
DepMap_PRISM_CCLE	CCLE/PRISM	MDS	is_fdr_lt_0_1	0.1	3038	30380	62	490	0.016656776458827	0.0036921186268852	0.0065832784726793	0.0087228439763001	0.7547169811320754	0.9252149570085982	external_validation/processed/DepMap_PRISM/model_enrichment/PRISM_CCLE_seed0_enrichment_summary.csv	formal_runs/table_exports/external_enrichment_final_raw.tsv
DepMap_PRISM_CCLE	CCLE/PRISM	MDS	is_fdr_lt_0_05	0.1	3038	30380	62	490	0.016656776458827	0.0036921186268852	0.0039499670836076	0.005892034233048	0.6703910614525139	0.9518096380723856	external_validation/processed/DepMap_PRISM/model_enrichment/PRISM_CCLE_seed0_enrichment_summary.csv	formal_runs/table_exports/external_enrichment_final_raw.tsv
DepMap_PRISM_CCLE	CCLE/PRISM	MDR	abs_spearman_rho	0.01		28246	58	487			0.0578583117506157	0.0406502886895189	1.4233185941809474	0.0001999600079984	external_validation/processed/DepMap_PRISM/model_enrichment/PRISM_CCLE_seed0_per_drug_enrichment_summary.csv	formal_runs/table_exports/external_enrichment_final_raw.tsv
DepMap_PRISM_CCLE	CCLE/PRISM	MDR	is_p_lt_0_05	0.01		28246	58	487			0.2034482758620689	0.0970048856475253	2.097299270072993	0.0001999600079984	external_validation/processed/DepMap_PRISM/model_enrichment/PRISM_CCLE_seed0_per_drug_enrichment_summary.csv	formal_runs/table_exports/external_enrichment_final_raw.tsv
DepMap_PRISM_CCLE	CCLE/PRISM	MDR	is_fdr_lt_0_1	0.01		28246	58	487			0.0482758620689655	0.0108687955816752	4.441693811074918	0.0001999600079984	external_validation/processed/DepMap_PRISM/model_enrichment/PRISM_CCLE_seed0_per_drug_enrichment_summary.csv	formal_runs/table_exports/external_enrichment_final_raw.tsv
DepMap_PRISM_CCLE	CCLE/PRISM	MDR	is_fdr_lt_0_05	0.01		28246	58	487			0.0379310344827586	0.0072930680450329	5.200970873786408	0.0001999600079984	external_validation/processed/DepMap_PRISM/model_enrichment/PRISM_CCLE_seed0_per_drug_enrichment_summary.csv	formal_runs/table_exports/external_enrichment_final_raw.tsv
DepMap_PRISM_CCLE	CCLE/PRISM	MDR	abs_spearman_rho	0.05		28246	58	487			0.0509281721637499	0.0406502886895189	1.252836666246875	0.0001999600079984	external_validation/processed/DepMap_PRISM/model_enrichment/PRISM_CCLE_seed0_per_drug_enrichment_summary.csv	formal_runs/table_exports/external_enrichment_final_raw.tsv
DepMap_PRISM_CCLE	CCLE/PRISM	MDR	is_p_lt_0_05	0.05		28246	58	487			0.1758620689655172	0.0970048856475253	1.812919708029197	0.0001999600079984	external_validation/processed/DepMap_PRISM/model_enrichment/PRISM_CCLE_seed0_per_drug_enrichment_summary.csv	formal_runs/table_exports/external_enrichment_final_raw.tsv
DepMap_PRISM_CCLE	CCLE/PRISM	MDR	is_fdr_lt_0_1	0.05		28246	58	487			0.0324137931034482	0.0108687955816752	2.98228013029316	0.0001999600079984	external_validation/processed/DepMap_PRISM/model_enrichment/PRISM_CCLE_seed0_per_drug_enrichment_summary.csv	formal_runs/table_exports/external_enrichment_final_raw.tsv
DepMap_PRISM_CCLE	CCLE/PRISM	MDR	is_fdr_lt_0_05	0.05		28246	58	487			0.0227586206896551	0.0072930680450329	3.120582524271845	0.0001999600079984	external_validation/processed/DepMap_PRISM/model_enrichment/PRISM_CCLE_seed0_per_drug_enrichment_summary.csv	formal_runs/table_exports/external_enrichment_final_raw.tsv
DepMap_PRISM_CCLE	CCLE/PRISM	MDR	abs_spearman_rho	0.1		28246	58	487			0.0506457754873319	0.0406502886895189	1.2458896878729973	0.0001999600079984	external_validation/processed/DepMap_PRISM/model_enrichment/PRISM_CCLE_seed0_per_drug_enrichment_summary.csv	formal_runs/table_exports/external_enrichment_final_raw.tsv
DepMap_PRISM_CCLE	CCLE/PRISM	MDR	is_p_lt_0_05	0.1		28246	58	487			0.1692470091484869	0.0970048856475253	1.7447266497840013	0.0001999600079984	external_validation/processed/DepMap_PRISM/model_enrichment/PRISM_CCLE_seed0_per_drug_enrichment_summary.csv	formal_runs/table_exports/external_enrichment_final_raw.tsv
DepMap_PRISM_CCLE	CCLE/PRISM	MDR	is_fdr_lt_0_1	0.1		28246	58	487			0.0316678395496129	0.0108687955816752	2.913647543708037	0.0001999600079984	external_validation/processed/DepMap_PRISM/model_enrichment/PRISM_CCLE_seed0_per_drug_enrichment_summary.csv	formal_runs/table_exports/external_enrichment_final_raw.tsv
DepMap_PRISM_CCLE	CCLE/PRISM	MDR	is_fdr_lt_0_05	0.1		28246	58	487			0.022167487684729	0.0072930680450329	3.0395284327323164	0.0001999600079984	external_validation/processed/DepMap_PRISM/model_enrichment/PRISM_CCLE_seed0_per_drug_enrichment_summary.csv	formal_runs/table_exports/external_enrichment_final_raw.tsv
DepMap_PRISM_CCLE	CCLE/PRISM	MDS	abs_spearman_rho	0.01		30380	62	490			0.0378396831969188	0.0403706259660942	0.9373073191557382	0.914017196560688	external_validation/processed/DepMap_PRISM/model_enrichment/PRISM_CCLE_seed0_per_drug_enrichment_summary.csv	formal_runs/table_exports/external_enrichment_final_raw.tsv
DepMap_PRISM_CCLE	CCLE/PRISM	MDS	is_p_lt_0_05	0.01		30380	62	490			0.0612903225806451	0.0938446346280447	0.6531041739740442	0.9812037592481504	external_validation/processed/DepMap_PRISM/model_enrichment/PRISM_CCLE_seed0_per_drug_enrichment_summary.csv	formal_runs/table_exports/external_enrichment_final_raw.tsv
DepMap_PRISM_CCLE	CCLE/PRISM	MDS	is_fdr_lt_0_1	0.01		30380	62	490			0.0096774193548387	0.0087228439763001	1.109433962264151	0.5134973005398921	external_validation/processed/DepMap_PRISM/model_enrichment/PRISM_CCLE_seed0_per_drug_enrichment_summary.csv	formal_runs/table_exports/external_enrichment_final_raw.tsv
DepMap_PRISM_CCLE	CCLE/PRISM	MDS	is_fdr_lt_0_05	0.01		30380	62	490			0.0064516129032258	0.005892034233048	1.094972067039106	0.5490901819636073	external_validation/processed/DepMap_PRISM/model_enrichment/PRISM_CCLE_seed0_per_drug_enrichment_summary.csv	formal_runs/table_exports/external_enrichment_final_raw.tsv
DepMap_PRISM_CCLE	CCLE/PRISM	MDS	abs_spearman_rho	0.05		30380	62	490			0.0390518229998344	0.0403706259660942	0.967332610414132	0.9534093181363728	external_validation/processed/DepMap_PRISM/model_enrichment/PRISM_CCLE_seed0_per_drug_enrichment_summary.csv	formal_runs/table_exports/external_enrichment_final_raw.tsv
DepMap_PRISM_CCLE	CCLE/PRISM	MDS	is_p_lt_0_05	0.05		30380	62	490			0.0774193548387096	0.0938446346280447	0.824973693440898	0.9908018396320736	external_validation/processed/DepMap_PRISM/model_enrichment/PRISM_CCLE_seed0_per_drug_enrichment_summary.csv	formal_runs/table_exports/external_enrichment_final_raw.tsv
DepMap_PRISM_CCLE	CCLE/PRISM	MDS	is_fdr_lt_0_1	0.05		30380	62	490			0.0103225806451612	0.0087228439763001	1.1833962264150943	0.2759448110377924	external_validation/processed/DepMap_PRISM/model_enrichment/PRISM_CCLE_seed0_per_drug_enrichment_summary.csv	formal_runs/table_exports/external_enrichment_final_raw.tsv
DepMap_PRISM_CCLE	CCLE/PRISM	MDS	is_fdr_lt_0_05	0.05		30380	62	490			0.0051612903225806	0.005892034233048	0.8759776536312849	0.7038592281543691	external_validation/processed/DepMap_PRISM/model_enrichment/PRISM_CCLE_seed0_per_drug_enrichment_summary.csv	formal_runs/table_exports/external_enrichment_final_raw.tsv
DepMap_PRISM_CCLE	CCLE/PRISM	MDS	abs_spearman_rho	0.1		30380	62	490			0.0389588973634289	0.0403706259660942	0.9650307972967528	0.9938012397520496	external_validation/processed/DepMap_PRISM/model_enrichment/PRISM_CCLE_seed0_per_drug_enrichment_summary.csv	formal_runs/table_exports/external_enrichment_final_raw.tsv
DepMap_PRISM_CCLE	CCLE/PRISM	MDS	is_p_lt_0_05	0.1		30380	62	490			0.0780118499012508	0.0938446346280447	0.8312872676253945	0.9998000399920016	external_validation/processed/DepMap_PRISM/model_enrichment/PRISM_CCLE_seed0_per_drug_enrichment_summary.csv	formal_runs/table_exports/external_enrichment_final_raw.tsv
DepMap_PRISM_CCLE	CCLE/PRISM	MDS	is_fdr_lt_0_1	0.1		30380	62	490			0.0075707702435813	0.0087228439763001	0.8679245283018868	0.7924415116976604	external_validation/processed/DepMap_PRISM/model_enrichment/PRISM_CCLE_seed0_per_drug_enrichment_summary.csv	formal_runs/table_exports/external_enrichment_final_raw.tsv
DepMap_PRISM_CCLE	CCLE/PRISM	MDS	is_fdr_lt_0_05	0.1		30380	62	490			0.0036208031599736	0.005892034233048	0.6145251396648044	0.974005198960208	external_validation/processed/DepMap_PRISM/model_enrichment/PRISM_CCLE_seed0_per_drug_enrichment_summary.csv	formal_runs/table_exports/external_enrichment_final_raw.tsv
DepMap_PRISM_CCLE	CCLE/PRISM	MDR	abs_spearman_rho	0.01	283	28246	58	487	0.0384676989990403	9.983609251066204e-11	0.0346145150002056	0.0406502886895189	0.8515195369111984	0.9994001199760048	external_validation/processed/DepMap_PRISM/model_enrichment/PRISM_CCLE_seed10_enrichment_summary.csv	formal_runs/table_exports/external_enrichment_final_raw.tsv
DepMap_PRISM_CCLE	CCLE/PRISM	MDR	is_p_lt_0_05	0.01	283	28246	58	487	0.0384676989990403	9.983609251066204e-11	0.0565371024734982	0.0970048856475253	0.5828273709731501	0.9928014397120576	external_validation/processed/DepMap_PRISM/model_enrichment/PRISM_CCLE_seed10_enrichment_summary.csv	formal_runs/table_exports/external_enrichment_final_raw.tsv
DepMap_PRISM_CCLE	CCLE/PRISM	MDR	is_fdr_lt_0_1	0.01	283	28246	58	487	0.0384676989990403	9.983609251066204e-11	0.0	0.0108687955816752	0.0	1.0	external_validation/processed/DepMap_PRISM/model_enrichment/PRISM_CCLE_seed10_enrichment_summary.csv	formal_runs/table_exports/external_enrichment_final_raw.tsv
DepMap_PRISM_CCLE	CCLE/PRISM	MDR	is_fdr_lt_0_05	0.01	283	28246	58	487	0.0384676989990403	9.983609251066204e-11	0.0	0.0072930680450329	0.0	1.0	external_validation/processed/DepMap_PRISM/model_enrichment/PRISM_CCLE_seed10_enrichment_summary.csv	formal_runs/table_exports/external_enrichment_final_raw.tsv
DepMap_PRISM_CCLE	CCLE/PRISM	MDR	abs_spearman_rho	0.05	1413	28246	58	487	0.0384676989990403	9.983609251066204e-11	0.0411012118163249	0.0406502886895189	1.0110927410688306	0.2969406118776245	external_validation/processed/DepMap_PRISM/model_enrichment/PRISM_CCLE_seed10_enrichment_summary.csv	formal_runs/table_exports/external_enrichment_final_raw.tsv
DepMap_PRISM_CCLE	CCLE/PRISM	MDR	is_p_lt_0_05	0.05	1413	28246	58	487	0.0384676989990403	9.983609251066204e-11	0.0962491153573956	0.0970048856475253	0.9922089461259112	0.5642871425714857	external_validation/processed/DepMap_PRISM/model_enrichment/PRISM_CCLE_seed10_enrichment_summary.csv	formal_runs/table_exports/external_enrichment_final_raw.tsv
DepMap_PRISM_CCLE	CCLE/PRISM	MDR	is_fdr_lt_0_1	0.05	1413	28246	58	487	0.0384676989990403	9.983609251066204e-11	0.0120311394196744	0.0108687955816752	1.1069432053684838	0.3623275344931014	external_validation/processed/DepMap_PRISM/model_enrichment/PRISM_CCLE_seed10_enrichment_summary.csv	formal_runs/table_exports/external_enrichment_final_raw.tsv
DepMap_PRISM_CCLE	CCLE/PRISM	MDR	is_fdr_lt_0_05	0.05	1413	28246	58	487	0.0384676989990403	9.983609251066204e-11	0.0077848549186128	0.0072930680450329	1.067432097238541	0.4421115776844631	external_validation/processed/DepMap_PRISM/model_enrichment/PRISM_CCLE_seed10_enrichment_summary.csv	formal_runs/table_exports/external_enrichment_final_raw.tsv
DepMap_PRISM_CCLE	CCLE/PRISM	MDR	abs_spearman_rho	0.1	2825	28246	58	487	0.0384676989990403	9.983609251066204e-11	0.0416443175754689	0.0406502886895189	1.0244531814655078	0.0477904419116176	external_validation/processed/DepMap_PRISM/model_enrichment/PRISM_CCLE_seed10_enrichment_summary.csv	formal_runs/table_exports/external_enrichment_final_raw.tsv
DepMap_PRISM_CCLE	CCLE/PRISM	MDR	is_p_lt_0_05	0.1	2825	28246	58	487	0.0384676989990403	9.983609251066204e-11	0.103716814159292	0.0970048856475253	1.069191654285899	0.1131773645270945	external_validation/processed/DepMap_PRISM/model_enrichment/PRISM_CCLE_seed10_enrichment_summary.csv	formal_runs/table_exports/external_enrichment_final_raw.tsv
DepMap_PRISM_CCLE	CCLE/PRISM	MDR	is_fdr_lt_0_1	0.1	2825	28246	58	487	0.0384676989990403	9.983609251066204e-11	0.0134513274336283	0.0108687955816752	1.2376097546914184	0.0967806438712257	external_validation/processed/DepMap_PRISM/model_enrichment/PRISM_CCLE_seed10_enrichment_summary.csv	formal_runs/table_exports/external_enrichment_final_raw.tsv
DepMap_PRISM_CCLE	CCLE/PRISM	MDR	is_fdr_lt_0_05	0.1	2825	28246	58	487	0.0384676989990403	9.983609251066204e-11	0.0092035398230088	0.0072930680450329	1.2619572128189709	0.1345730853829234	external_validation/processed/DepMap_PRISM/model_enrichment/PRISM_CCLE_seed10_enrichment_summary.csv	formal_runs/table_exports/external_enrichment_final_raw.tsv
DepMap_PRISM_CCLE	CCLE/PRISM	MDS	abs_spearman_rho	0.01	304	30380	62	490	0.0352653223109145	7.82904133172099e-10	0.0430759167969717	0.0403706259660942	1.0670113669565005	0.0753849230153969	external_validation/processed/DepMap_PRISM/model_enrichment/PRISM_CCLE_seed10_enrichment_summary.csv	formal_runs/table_exports/external_enrichment_final_raw.tsv
DepMap_PRISM_CCLE	CCLE/PRISM	MDS	is_p_lt_0_05	0.01	304	30380	62	490	0.0352653223109145	7.82904133172099e-10	0.1184210526315789	0.0938446346280447	1.261884103454005	0.0825834833033393	external_validation/processed/DepMap_PRISM/model_enrichment/PRISM_CCLE_seed10_enrichment_summary.csv	formal_runs/table_exports/external_enrichment_final_raw.tsv
DepMap_PRISM_CCLE	CCLE/PRISM	MDS	is_fdr_lt_0_1	0.01	304	30380	62	490	0.0352653223109145	7.82904133172099e-10	0.0131578947368421	0.0087228439763001	1.5084409136047665	0.270745850829834	external_validation/processed/DepMap_PRISM/model_enrichment/PRISM_CCLE_seed10_enrichment_summary.csv	formal_runs/table_exports/external_enrichment_final_raw.tsv
DepMap_PRISM_CCLE	CCLE/PRISM	MDS	is_fdr_lt_0_05	0.01	304	30380	62	490	0.0352653223109145	7.82904133172099e-10	0.0098684210526315	0.005892034233048	1.6748750367538958	0.2635472905418916	external_validation/processed/DepMap_PRISM/model_enrichment/PRISM_CCLE_seed10_enrichment_summary.csv	formal_runs/table_exports/external_enrichment_final_raw.tsv
DepMap_PRISM_CCLE	CCLE/PRISM	MDS	abs_spearman_rho	0.05	1519	30380	62	490	0.0352653223109145	7.82904133172099e-10	0.0455441647588449	0.0403706259660942	1.128151066993507	0.0001999600079984	external_validation/processed/DepMap_PRISM/model_enrichment/PRISM_CCLE_seed10_enrichment_summary.csv	formal_runs/table_exports/external_enrichment_final_raw.tsv
DepMap_PRISM_CCLE	CCLE/PRISM	MDS	is_p_lt_0_05	0.05	1519	30380	62	490	0.0352653223109145	7.82904133172099e-10	0.1349572086899275	0.0938446346280447	1.4380918975797965	0.0001999600079984	external_validation/processed/DepMap_PRISM/model_enrichment/PRISM_CCLE_seed10_enrichment_summary.csv	formal_runs/table_exports/external_enrichment_final_raw.tsv
DepMap_PRISM_CCLE	CCLE/PRISM	MDS	is_fdr_lt_0_1	0.05	1519	30380	62	490	0.0352653223109145	7.82904133172099e-10	0.0223831468071099	0.0087228439763001	2.5660377358490565	0.0001999600079984	external_validation/processed/DepMap_PRISM/model_enrichment/PRISM_CCLE_seed10_enrichment_summary.csv	formal_runs/table_exports/external_enrichment_final_raw.tsv
DepMap_PRISM_CCLE	CCLE/PRISM	MDS	is_fdr_lt_0_05	0.05	1519	30380	62	490	0.0352653223109145	7.82904133172099e-10	0.0157998683344305	0.005892034233048	2.681564245810056	0.0001999600079984	external_validation/processed/DepMap_PRISM/model_enrichment/PRISM_CCLE_seed10_enrichment_summary.csv	formal_runs/table_exports/external_enrichment_final_raw.tsv
DepMap_PRISM_CCLE	CCLE/PRISM	MDS	abs_spearman_rho	0.1	3038	30380	62	490	0.0352653223109145	7.82904133172099e-10	0.0444804777835194	0.0403706259660942	1.101803024329545	0.0001999600079984	external_validation/processed/DepMap_PRISM/model_enrichment/PRISM_CCLE_seed10_enrichment_summary.csv	formal_runs/table_exports/external_enrichment_final_raw.tsv
DepMap_PRISM_CCLE	CCLE/PRISM	MDS	is_p_lt_0_05	0.1	3038	30380	62	490	0.0352653223109145	7.82904133172099e-10	0.1263989466754443	0.0938446346280447	1.3468958260259558	0.0001999600079984	external_validation/processed/DepMap_PRISM/model_enrichment/PRISM_CCLE_seed10_enrichment_summary.csv	formal_runs/table_exports/external_enrichment_final_raw.tsv
DepMap_PRISM_CCLE	CCLE/PRISM	MDS	is_fdr_lt_0_1	0.1	3038	30380	62	490	0.0352653223109145	7.82904133172099e-10	0.0167873601053324	0.0087228439763001	1.9245283018867925	0.0001999600079984	external_validation/processed/DepMap_PRISM/model_enrichment/PRISM_CCLE_seed10_enrichment_summary.csv	formal_runs/table_exports/external_enrichment_final_raw.tsv
DepMap_PRISM_CCLE	CCLE/PRISM	MDS	is_fdr_lt_0_05	0.1	3038	30380	62	490	0.0352653223109145	7.82904133172099e-10	0.0118499012508229	0.005892034233048	2.011173184357542	0.0001999600079984	external_validation/processed/DepMap_PRISM/model_enrichment/PRISM_CCLE_seed10_enrichment_summary.csv	formal_runs/table_exports/external_enrichment_final_raw.tsv
DepMap_PRISM_CCLE	CCLE/PRISM	MDR	abs_spearman_rho	0.01	283	28246	58	487	0.0387588843098826	7.211567054069633e-11	0.0438873033566836	0.0406502886895189	1.0796307916012258	0.0521895620875824	external_validation/processed/DepMap_PRISM/model_enrichment/PRISM_CCLE_seed11_enrichment_summary.csv	formal_runs/table_exports/external_enrichment_final_raw.tsv
DepMap_PRISM_CCLE	CCLE/PRISM	MDR	is_p_lt_0_05	0.01	283	28246	58	487	0.0387588843098826	7.211567054069633e-11	0.1342756183745583	0.0970048856475253	1.3842150060612315	0.025994801039792	external_validation/processed/DepMap_PRISM/model_enrichment/PRISM_CCLE_seed11_enrichment_summary.csv	formal_runs/table_exports/external_enrichment_final_raw.tsv
DepMap_PRISM_CCLE	CCLE/PRISM	MDR	is_fdr_lt_0_1	0.01	283	28246	58	487	0.0387588843098826	7.211567054069633e-11	0.0141342756183745	0.0108687955816752	1.3004454368619145	0.375124975004999	external_validation/processed/DepMap_PRISM/model_enrichment/PRISM_CCLE_seed11_enrichment_summary.csv	formal_runs/table_exports/external_enrichment_final_raw.tsv
DepMap_PRISM_CCLE	CCLE/PRISM	MDR	is_fdr_lt_0_05	0.01	283	28246	58	487	0.0387588843098826	7.211567054069633e-11	0.0141342756183745	0.0072930680450329	1.9380424714398437	0.1501699660067986	external_validation/processed/DepMap_PRISM/model_enrichment/PRISM_CCLE_seed11_enrichment_summary.csv	formal_runs/table_exports/external_enrichment_final_raw.tsv
DepMap_PRISM_CCLE	CCLE/PRISM	MDR	abs_spearman_rho	0.05	1413	28246	58	487	0.0387588843098826	7.211567054069633e-11	0.0448521030304383	0.0406502886895189	1.1033649323627768	0.0001999600079984	external_validation/processed/DepMap_PRISM/model_enrichment/PRISM_CCLE_seed11_enrichment_summary.csv	formal_runs/table_exports/external_enrichment_final_raw.tsv
DepMap_PRISM_CCLE	CCLE/PRISM	MDR	is_p_lt_0_05	0.05	1413	28246	58	487	0.0387588843098826	7.211567054069633e-11	0.1337579617834395	0.0970048856475253	1.3788786089543912	0.0001999600079984	external_validation/processed/DepMap_PRISM/model_enrichment/PRISM_CCLE_seed11_enrichment_summary.csv	formal_runs/table_exports/external_enrichment_final_raw.tsv
DepMap_PRISM_CCLE	CCLE/PRISM	MDR	is_fdr_lt_0_1	0.05	1413	28246	58	487	0.0387588843098826	7.211567054069633e-11	0.0176928520877565	0.0108687955816752	1.627857654953653	0.0107978404319136	external_validation/processed/DepMap_PRISM/model_enrichment/PRISM_CCLE_seed11_enrichment_summary.csv	formal_runs/table_exports/external_enrichment_final_raw.tsv
DepMap_PRISM_CCLE	CCLE/PRISM	MDR	is_fdr_lt_0_05	0.05	1413	28246	58	487	0.0387588843098826	7.211567054069633e-11	0.0113234253361641	0.0072930680450329	1.5526285050742412	0.0513897220555888	external_validation/processed/DepMap_PRISM/model_enrichment/PRISM_CCLE_seed11_enrichment_summary.csv	formal_runs/table_exports/external_enrichment_final_raw.tsv
DepMap_PRISM_CCLE	CCLE/PRISM	MDR	abs_spearman_rho	0.1	2825	28246	58	487	0.0387588843098826	7.211567054069633e-11	0.0435913739558181	0.0406502886895189	1.072350907241097	0.0001999600079984	external_validation/processed/DepMap_PRISM/model_enrichment/PRISM_CCLE_seed11_enrichment_summary.csv	formal_runs/table_exports/external_enrichment_final_raw.tsv
DepMap_PRISM_CCLE	CCLE/PRISM	MDR	is_p_lt_0_05	0.1	2825	28246	58	487	0.0387588843098826	7.211567054069633e-11	0.1235398230088495	0.0970048856475253	1.273542277630644	0.0001999600079984	external_validation/processed/DepMap_PRISM/model_enrichment/PRISM_CCLE_seed11_enrichment_summary.csv	formal_runs/table_exports/external_enrichment_final_raw.tsv
DepMap_PRISM_CCLE	CCLE/PRISM	MDR	is_fdr_lt_0_1	0.1	2825	28246	58	487	0.0387588843098826	7.211567054069633e-11	0.0141592920353982	0.0108687955816752	1.3027471102014931	0.0481903619276144	external_validation/processed/DepMap_PRISM/model_enrichment/PRISM_CCLE_seed11_enrichment_summary.csv	formal_runs/table_exports/external_enrichment_final_raw.tsv
DepMap_PRISM_CCLE	CCLE/PRISM	MDR	is_fdr_lt_0_05	0.1	2825	28246	58	487	0.0387588843098826	7.211567054069633e-11	0.0088495575221238	0.0072930680450329	1.213420396941318	0.1781643671265746	external_validation/processed/DepMap_PRISM/model_enrichment/PRISM_CCLE_seed11_enrichment_summary.csv	formal_runs/table_exports/external_enrichment_final_raw.tsv
DepMap_PRISM_CCLE	CCLE/PRISM	MDS	abs_spearman_rho	0.01	304	30380	62	490	0.0408001690976283	1.1266049900287276e-12	0.0445816999318606	0.0403706259660942	1.104310346074474	0.0135972805438912	external_validation/processed/DepMap_PRISM/model_enrichment/PRISM_CCLE_seed11_enrichment_summary.csv	formal_runs/table_exports/external_enrichment_final_raw.tsv
DepMap_PRISM_CCLE	CCLE/PRISM	MDS	is_p_lt_0_05	0.01	304	30380	62	490	0.0408001690976283	1.1266049900287276e-12	0.1381578947368421	0.0938446346280447	1.4721981206963397	0.0067986402719456	external_validation/processed/DepMap_PRISM/model_enrichment/PRISM_CCLE_seed11_enrichment_summary.csv	formal_runs/table_exports/external_enrichment_final_raw.tsv
DepMap_PRISM_CCLE	CCLE/PRISM	MDS	is_fdr_lt_0_1	0.01	304	30380	62	490	0.0408001690976283	1.1266049900287276e-12	0.0	0.0087228439763001	0.0	1.0	external_validation/processed/DepMap_PRISM/model_enrichment/PRISM_CCLE_seed11_enrichment_summary.csv	formal_runs/table_exports/external_enrichment_final_raw.tsv
DepMap_PRISM_CCLE	CCLE/PRISM	MDS	is_fdr_lt_0_05	0.01	304	30380	62	490	0.0408001690976283	1.1266049900287276e-12	0.0	0.005892034233048	0.0	1.0	external_validation/processed/DepMap_PRISM/model_enrichment/PRISM_CCLE_seed11_enrichment_summary.csv	formal_runs/table_exports/external_enrichment_final_raw.tsv
DepMap_PRISM_CCLE	CCLE/PRISM	MDS	abs_spearman_rho	0.05	1519	30380	62	490	0.0408001690976283	1.1266049900287276e-12	0.0435773728287192	0.0403706259660942	1.0794326762562032	0.0001999600079984	external_validation/processed/DepMap_PRISM/model_enrichment/PRISM_CCLE_seed11_enrichment_summary.csv	formal_runs/table_exports/external_enrichment_final_raw.tsv
DepMap_PRISM_CCLE	CCLE/PRISM	MDS	is_p_lt_0_05	0.05	1519	30380	62	490	0.0408001690976283	1.1266049900287276e-12	0.130348913759052	0.0938446346280447	1.3889863205892667	0.0001999600079984	external_validation/processed/DepMap_PRISM/model_enrichment/PRISM_CCLE_seed11_enrichment_summary.csv	formal_runs/table_exports/external_enrichment_final_raw.tsv
DepMap_PRISM_CCLE	CCLE/PRISM	MDS	is_fdr_lt_0_1	0.05	1519	30380	62	490	0.0408001690976283	1.1266049900287276e-12	0.0078999341672152	0.0087228439763001	0.9056603773584906	0.6788642271545691	external_validation/processed/DepMap_PRISM/model_enrichment/PRISM_CCLE_seed11_enrichment_summary.csv	formal_runs/table_exports/external_enrichment_final_raw.tsv
DepMap_PRISM_CCLE	CCLE/PRISM	MDS	is_fdr_lt_0_05	0.05	1519	30380	62	490	0.0408001690976283	1.1266049900287276e-12	0.0052666227781435	0.005892034233048	0.8938547486033519	0.6778644271145771	external_validation/processed/DepMap_PRISM/model_enrichment/PRISM_CCLE_seed11_enrichment_summary.csv	formal_runs/table_exports/external_enrichment_final_raw.tsv
DepMap_PRISM_CCLE	CCLE/PRISM	MDS	abs_spearman_rho	0.1	3038	30380	62	490	0.0408001690976283	1.1266049900287276e-12	0.0431611347120752	0.0403706259660942	1.069122256076105	0.0001999600079984	external_validation/processed/DepMap_PRISM/model_enrichment/PRISM_CCLE_seed11_enrichment_summary.csv	formal_runs/table_exports/external_enrichment_final_raw.tsv
DepMap_PRISM_CCLE	CCLE/PRISM	MDS	is_p_lt_0_05	0.1	3038	30380	62	490	0.0408001690976283	1.1266049900287276e-12	0.1201448321263989	0.0938446346280447	1.28025254296738	0.0001999600079984	external_validation/processed/DepMap_PRISM/model_enrichment/PRISM_CCLE_seed11_enrichment_summary.csv	formal_runs/table_exports/external_enrichment_final_raw.tsv
DepMap_PRISM_CCLE	CCLE/PRISM	MDS	is_fdr_lt_0_1	0.1	3038	30380	62	490	0.0408001690976283	1.1266049900287276e-12	0.010204081632653	0.0087228439763001	1.169811320754717	0.2043591281743651	external_validation/processed/DepMap_PRISM/model_enrichment/PRISM_CCLE_seed11_enrichment_summary.csv	formal_runs/table_exports/external_enrichment_final_raw.tsv
DepMap_PRISM_CCLE	CCLE/PRISM	MDS	is_fdr_lt_0_05	0.1	3038	30380	62	490	0.0408001690976283	1.1266049900287276e-12	0.0065832784726793	0.005892034233048	1.11731843575419	0.3451309738052389	external_validation/processed/DepMap_PRISM/model_enrichment/PRISM_CCLE_seed11_enrichment_summary.csv	formal_runs/table_exports/external_enrichment_final_raw.tsv
DepMap_PRISM_CCLE	CCLE/PRISM	MDR	abs_spearman_rho	0.01	283	28246	58	487	0.039863338420382	2.0556110717777797e-11	0.0482212098668532	0.0406502886895189	1.186245200745312	0.0003999200159968	external_validation/processed/DepMap_PRISM/model_enrichment/PRISM_CCLE_seed12_enrichment_summary.csv	formal_runs/table_exports/external_enrichment_final_raw.tsv
DepMap_PRISM_CCLE	CCLE/PRISM	MDR	is_p_lt_0_05	0.01	283	28246	58	487	0.039863338420382	2.0556110717777797e-11	0.1590106007067137	0.0970048856475253	1.6392019808619844	0.0011997600479904	external_validation/processed/DepMap_PRISM/model_enrichment/PRISM_CCLE_seed12_enrichment_summary.csv	formal_runs/table_exports/external_enrichment_final_raw.tsv
DepMap_PRISM_CCLE	CCLE/PRISM	MDR	is_fdr_lt_0_1	0.01	283	28246	58	487	0.039863338420382	2.0556110717777797e-11	0.0212014134275618	0.0108687955816752	1.950668155292872	0.0949810037992401	external_validation/processed/DepMap_PRISM/model_enrichment/PRISM_CCLE_seed12_enrichment_summary.csv	formal_runs/table_exports/external_enrichment_final_raw.tsv
DepMap_PRISM_CCLE	CCLE/PRISM	MDR	is_fdr_lt_0_05	0.01	283	28246	58	487	0.039863338420382	2.0556110717777797e-11	0.0176678445229682	0.0072930680450329	2.4225530892998046	0.0577884423115376	external_validation/processed/DepMap_PRISM/model_enrichment/PRISM_CCLE_seed12_enrichment_summary.csv	formal_runs/table_exports/external_enrichment_final_raw.tsv
DepMap_PRISM_CCLE	CCLE/PRISM	MDR	abs_spearman_rho	0.05	1413	28246	58	487	0.039863338420382	2.0556110717777797e-11	0.0440622625907556	0.0406502886895189	1.083934801233441	0.0001999600079984	external_validation/processed/DepMap_PRISM/model_enrichment/PRISM_CCLE_seed12_enrichment_summary.csv	formal_runs/table_exports/external_enrichment_final_raw.tsv
DepMap_PRISM_CCLE	CCLE/PRISM	MDR	is_p_lt_0_05	0.05	1413	28246	58	487	0.039863338420382	2.0556110717777797e-11	0.1203113941967445	0.0970048856475253	1.2402611826573888	0.001999600079984	external_validation/processed/DepMap_PRISM/model_enrichment/PRISM_CCLE_seed12_enrichment_summary.csv	formal_runs/table_exports/external_enrichment_final_raw.tsv
DepMap_PRISM_CCLE	CCLE/PRISM	MDR	is_fdr_lt_0_1	0.05	1413	28246	58	487	0.039863338420382	2.0556110717777797e-11	0.0155697098372257	0.0108687955816752	1.4325147363592143	0.0575884823035392	external_validation/processed/DepMap_PRISM/model_enrichment/PRISM_CCLE_seed12_enrichment_summary.csv	formal_runs/table_exports/external_enrichment_final_raw.tsv
DepMap_PRISM_CCLE	CCLE/PRISM	MDR	is_fdr_lt_0_05	0.05	1413	28246	58	487	0.039863338420382	2.0556110717777797e-11	0.0084925690021231	0.0072930680450329	1.1644713788056809	0.3311337732453509	external_validation/processed/DepMap_PRISM/model_enrichment/PRISM_CCLE_seed12_enrichment_summary.csv	formal_runs/table_exports/external_enrichment_final_raw.tsv
DepMap_PRISM_CCLE	CCLE/PRISM	MDR	abs_spearman_rho	0.1	2825	28246	58	487	0.039863338420382	2.0556110717777797e-11	0.0430901087702418	0.0406502886895189	1.060019747937288	0.0003999200159968	external_validation/processed/DepMap_PRISM/model_enrichment/PRISM_CCLE_seed12_enrichment_summary.csv	formal_runs/table_exports/external_enrichment_final_raw.tsv
DepMap_PRISM_CCLE	CCLE/PRISM	MDR	is_p_lt_0_05	0.1	2825	28246	58	487	0.039863338420382	2.0556110717777797e-11	0.1207079646017699	0.0970048856475253	1.2443493314385377	0.0003999200159968	external_validation/processed/DepMap_PRISM/model_enrichment/PRISM_CCLE_seed12_enrichment_summary.csv	formal_runs/table_exports/external_enrichment_final_raw.tsv
DepMap_PRISM_CCLE	CCLE/PRISM	MDR	is_fdr_lt_0_1	0.1	2825	28246	58	487	0.039863338420382	2.0556110717777797e-11	0.0138053097345132	0.0108687955816752	1.270178432446456	0.0769846030793841	external_validation/processed/DepMap_PRISM/model_enrichment/PRISM_CCLE_seed12_enrichment_summary.csv	formal_runs/table_exports/external_enrichment_final_raw.tsv
DepMap_PRISM_CCLE	CCLE/PRISM	MDR	is_fdr_lt_0_05	0.1	2825	28246	58	487	0.039863338420382	2.0556110717777797e-11	0.0084955752212389	0.0072930680450329	1.1648835810636653	0.2461507698460308	external_validation/processed/DepMap_PRISM/model_enrichment/PRISM_CCLE_seed12_enrichment_summary.csv	formal_runs/table_exports/external_enrichment_final_raw.tsv
DepMap_PRISM_CCLE	CCLE/PRISM	MDS	abs_spearman_rho	0.01	304	30380	62	490	0.0404918610515152	1.6616808536930681e-12	0.0456757500924414	0.0403706259660942	1.1314104995746852	0.0037992401519696	external_validation/processed/DepMap_PRISM/model_enrichment/PRISM_CCLE_seed12_enrichment_summary.csv	formal_runs/table_exports/external_enrichment_final_raw.tsv
DepMap_PRISM_CCLE	CCLE/PRISM	MDS	is_p_lt_0_05	0.01	304	30380	62	490	0.0404918610515152	1.6616808536930681e-12	0.1480263157894736	0.0938446346280447	1.5773551293175063	0.0015996800639872	external_validation/processed/DepMap_PRISM/model_enrichment/PRISM_CCLE_seed12_enrichment_summary.csv	formal_runs/table_exports/external_enrichment_final_raw.tsv
DepMap_PRISM_CCLE	CCLE/PRISM	MDS	is_fdr_lt_0_1	0.01	304	30380	62	490	0.0404918610515152	1.6616808536930681e-12	0.0131578947368421	0.0087228439763001	1.5084409136047665	0.2743451309738052	external_validation/processed/DepMap_PRISM/model_enrichment/PRISM_CCLE_seed12_enrichment_summary.csv	formal_runs/table_exports/external_enrichment_final_raw.tsv
DepMap_PRISM_CCLE	CCLE/PRISM	MDS	is_fdr_lt_0_05	0.01	304	30380	62	490	0.0404918610515152	1.6616808536930681e-12	0.0098684210526315	0.005892034233048	1.6748750367538958	0.2661467706458708	external_validation/processed/DepMap_PRISM/model_enrichment/PRISM_CCLE_seed12_enrichment_summary.csv	formal_runs/table_exports/external_enrichment_final_raw.tsv
DepMap_PRISM_CCLE	CCLE/PRISM	MDS	abs_spearman_rho	0.05	1519	30380	62	490	0.0404918610515152	1.6616808536930681e-12	0.0456184350322705	0.0403706259660942	1.1299907777150584	0.0001999600079984	external_validation/processed/DepMap_PRISM/model_enrichment/PRISM_CCLE_seed12_enrichment_summary.csv	formal_runs/table_exports/external_enrichment_final_raw.tsv
DepMap_PRISM_CCLE	CCLE/PRISM	MDS	is_p_lt_0_05	0.05	1519	30380	62	490	0.0404918610515152	1.6616808536930681e-12	0.1428571428571428	0.0938446346280447	1.5222728867064188	0.0001999600079984	external_validation/processed/DepMap_PRISM/model_enrichment/PRISM_CCLE_seed12_enrichment_summary.csv	formal_runs/table_exports/external_enrichment_final_raw.tsv
DepMap_PRISM_CCLE	CCLE/PRISM	MDS	is_fdr_lt_0_1	0.05	1519	30380	62	490	0.0404918610515152	1.6616808536930681e-12	0.0171165240289664	0.0087228439763001	1.962264150943396	0.000999800039992	external_validation/processed/DepMap_PRISM/model_enrichment/PRISM_CCLE_seed12_enrichment_summary.csv	formal_runs/table_exports/external_enrichment_final_raw.tsv
DepMap_PRISM_CCLE	CCLE/PRISM	MDS	is_fdr_lt_0_05	0.05	1519	30380	62	490	0.0404918610515152	1.6616808536930681e-12	0.0118499012508229	0.005892034233048	2.011173184357542	0.0027994401119776	external_validation/processed/DepMap_PRISM/model_enrichment/PRISM_CCLE_seed12_enrichment_summary.csv	formal_runs/table_exports/external_enrichment_final_raw.tsv
DepMap_PRISM_CCLE	CCLE/PRISM	MDS	abs_spearman_rho	0.1	3038	30380	62	490	0.0404918610515152	1.6616808536930681e-12	0.0442206407797411	0.0403706259660942	1.095366735628038	0.0001999600079984	external_validation/processed/DepMap_PRISM/model_enrichment/PRISM_CCLE_seed12_enrichment_summary.csv	formal_runs/table_exports/external_enrichment_final_raw.tsv
DepMap_PRISM_CCLE	CCLE/PRISM	MDS	is_p_lt_0_05	0.1	3038	30380	62	490	0.0404918610515152	1.6616808536930681e-12	0.1277156023699802	0.0938446346280447	1.3609259908803928	0.0001999600079984	external_validation/processed/DepMap_PRISM/model_enrichment/PRISM_CCLE_seed12_enrichment_summary.csv	formal_runs/table_exports/external_enrichment_final_raw.tsv
DepMap_PRISM_CCLE	CCLE/PRISM	MDS	is_fdr_lt_0_1	0.1	3038	30380	62	490	0.0404918610515152	1.6616808536930681e-12	0.0148123765635286	0.0087228439763001	1.6981132075471697	0.0005998800239952	external_validation/processed/DepMap_PRISM/model_enrichment/PRISM_CCLE_seed12_enrichment_summary.csv	formal_runs/table_exports/external_enrichment_final_raw.tsv
DepMap_PRISM_CCLE	CCLE/PRISM	MDS	is_fdr_lt_0_05	0.1	3038	30380	62	490	0.0404918610515152	1.6616808536930681e-12	0.0095457537853851	0.005892034233048	1.6201117318435754	0.0067986402719456	external_validation/processed/DepMap_PRISM/model_enrichment/PRISM_CCLE_seed12_enrichment_summary.csv	formal_runs/table_exports/external_enrichment_final_raw.tsv
DepMap_PRISM_CCLE	CCLE/PRISM	MDR	abs_spearman_rho	0.01	283	28246	58	487	0.0313438476863918	1.372589373728228e-07	0.0428470156215845	0.0406502886895189	1.0540396391485427	0.1335732853429314	external_validation/processed/DepMap_PRISM/model_enrichment/PRISM_CCLE_seed13_enrichment_summary.csv	formal_runs/table_exports/external_enrichment_final_raw.tsv
DepMap_PRISM_CCLE	CCLE/PRISM	MDR	is_p_lt_0_05	0.01	283	28246	58	487	0.0313438476863918	1.372589373728228e-07	0.1095406360424028	0.0970048856475253	1.1292280312604783	0.2653469306138772	external_validation/processed/DepMap_PRISM/model_enrichment/PRISM_CCLE_seed13_enrichment_summary.csv	formal_runs/table_exports/external_enrichment_final_raw.tsv
DepMap_PRISM_CCLE	CCLE/PRISM	MDR	is_fdr_lt_0_1	0.01	283	28246	58	487	0.0313438476863918	1.372589373728228e-07	0.0035335689045936	0.0108687955816752	0.3251113592154786	0.9536092781443712	external_validation/processed/DepMap_PRISM/model_enrichment/PRISM_CCLE_seed13_enrichment_summary.csv	formal_runs/table_exports/external_enrichment_final_raw.tsv
DepMap_PRISM_CCLE	CCLE/PRISM	MDR	is_fdr_lt_0_05	0.01	283	28246	58	487	0.0313438476863918	1.372589373728228e-07	0.0035335689045936	0.0072930680450329	0.4845106178599608	0.8782243551289742	external_validation/processed/DepMap_PRISM/model_enrichment/PRISM_CCLE_seed13_enrichment_summary.csv	formal_runs/table_exports/external_enrichment_final_raw.tsv
DepMap_PRISM_CCLE	CCLE/PRISM	MDR	abs_spearman_rho	0.05	1413	28246	58	487	0.0313438476863918	1.372589373728228e-07	0.0409659572743882	0.0406502886895189	1.007765469693965	0.3587282543491302	external_validation/processed/DepMap_PRISM/model_enrichment/PRISM_CCLE_seed13_enrichment_summary.csv	formal_runs/table_exports/external_enrichment_final_raw.tsv
DepMap_PRISM_CCLE	CCLE/PRISM	MDR	is_p_lt_0_05	0.05	1413	28246	58	487	0.0313438476863918	1.372589373728228e-07	0.1068648266100495	0.0970048856475253	1.1016437563603867	0.1079784043191361	external_validation/processed/DepMap_PRISM/model_enrichment/PRISM_CCLE_seed13_enrichment_summary.csv	formal_runs/table_exports/external_enrichment_final_raw.tsv
DepMap_PRISM_CCLE	CCLE/PRISM	MDR	is_fdr_lt_0_1	0.05	1413	28246	58	487	0.0313438476863918	1.372589373728228e-07	0.0099079971691436	0.0108687955816752	0.9116002867740456	0.6790641871625674	external_validation/processed/DepMap_PRISM/model_enrichment/PRISM_CCLE_seed13_enrichment_summary.csv	formal_runs/table_exports/external_enrichment_final_raw.tsv
DepMap_PRISM_CCLE	CCLE/PRISM	MDR	is_fdr_lt_0_05	0.05	1413	28246	58	487	0.0313438476863918	1.372589373728228e-07	0.0049539985845718	0.0072930680450329	0.6792749709699806	0.8924215156968607	external_validation/processed/DepMap_PRISM/model_enrichment/PRISM_CCLE_seed13_enrichment_summary.csv	formal_runs/table_exports/external_enrichment_final_raw.tsv
DepMap_PRISM_CCLE	CCLE/PRISM	MDR	abs_spearman_rho	0.1	2825	28246	58	487	0.0313438476863918	1.372589373728228e-07	0.0419745413241677	0.0406502886895189	1.0325767092274123	0.0147970405918816	external_validation/processed/DepMap_PRISM/model_enrichment/PRISM_CCLE_seed13_enrichment_summary.csv	formal_runs/table_exports/external_enrichment_final_raw.tsv
DepMap_PRISM_CCLE	CCLE/PRISM	MDR	is_p_lt_0_05	0.1	2825	28246	58	487	0.0313438476863918	1.372589373728228e-07	0.1104424778761062	0.0970048856475253	1.1385249014921517	0.0065986802639472	external_validation/processed/DepMap_PRISM/model_enrichment/PRISM_CCLE_seed13_enrichment_summary.csv	formal_runs/table_exports/external_enrichment_final_raw.tsv
DepMap_PRISM_CCLE	CCLE/PRISM	MDR	is_fdr_lt_0_1	0.1	2825	28246	58	487	0.0313438476863918	1.372589373728228e-07	0.0109734513274336	0.0108687955816752	1.0096290104061572	0.5020995800839833	external_validation/processed/DepMap_PRISM/model_enrichment/PRISM_CCLE_seed13_enrichment_summary.csv	formal_runs/table_exports/external_enrichment_final_raw.tsv
DepMap_PRISM_CCLE	CCLE/PRISM	MDR	is_fdr_lt_0_05	0.1	2825	28246	58	487	0.0313438476863918	1.372589373728228e-07	0.0063716814159292	0.0072930680450329	0.873662685797749	0.754249150169966	external_validation/processed/DepMap_PRISM/model_enrichment/PRISM_CCLE_seed13_enrichment_summary.csv	formal_runs/table_exports/external_enrichment_final_raw.tsv
DepMap_PRISM_CCLE	CCLE/PRISM	MDS	abs_spearman_rho	0.01	304	30380	62	490	0.0446049476526552	7.360389812278458e-15	0.0443330587729384	0.0403706259660942	1.098151383884216	0.0197960407918416	external_validation/processed/DepMap_PRISM/model_enrichment/PRISM_CCLE_seed13_enrichment_summary.csv	formal_runs/table_exports/external_enrichment_final_raw.tsv
DepMap_PRISM_CCLE	CCLE/PRISM	MDS	is_p_lt_0_05	0.01	304	30380	62	490	0.0446049476526552	7.360389812278458e-15	0.1282894736842105	0.0938446346280447	1.3670411120751722	0.0287942411517696	external_validation/processed/DepMap_PRISM/model_enrichment/PRISM_CCLE_seed13_enrichment_summary.csv	formal_runs/table_exports/external_enrichment_final_raw.tsv
DepMap_PRISM_CCLE	CCLE/PRISM	MDS	is_fdr_lt_0_1	0.01	304	30380	62	490	0.0446049476526552	7.360389812278458e-15	0.0098684210526315	0.0087228439763001	1.131330685203575	0.4871025794841032	external_validation/processed/DepMap_PRISM/model_enrichment/PRISM_CCLE_seed13_enrichment_summary.csv	formal_runs/table_exports/external_enrichment_final_raw.tsv
DepMap_PRISM_CCLE	CCLE/PRISM	MDS	is_fdr_lt_0_05	0.01	304	30380	62	490	0.0446049476526552	7.360389812278458e-15	0.006578947368421	0.005892034233048	1.1165833578359303	0.5400919816036792	external_validation/processed/DepMap_PRISM/model_enrichment/PRISM_CCLE_seed13_enrichment_summary.csv	formal_runs/table_exports/external_enrichment_final_raw.tsv
DepMap_PRISM_CCLE	CCLE/PRISM	MDS	abs_spearman_rho	0.05	1519	30380	62	490	0.0446049476526552	7.360389812278458e-15	0.0444567028811853	0.0403706259660942	1.101214108459028	0.0001999600079984	external_validation/processed/DepMap_PRISM/model_enrichment/PRISM_CCLE_seed13_enrichment_summary.csv	formal_runs/table_exports/external_enrichment_final_raw.tsv
DepMap_PRISM_CCLE	CCLE/PRISM	MDS	is_p_lt_0_05	0.05	1519	30380	62	490	0.0446049476526552	7.360389812278458e-15	0.1211323238973008	0.0938446346280447	1.2907751666082077	0.0005998800239952	external_validation/processed/DepMap_PRISM/model_enrichment/PRISM_CCLE_seed13_enrichment_summary.csv	formal_runs/table_exports/external_enrichment_final_raw.tsv
DepMap_PRISM_CCLE	CCLE/PRISM	MDS	is_fdr_lt_0_1	0.05	1519	30380	62	490	0.0446049476526552	7.360389812278458e-15	0.021724818959842	0.0087228439763001	2.490566037735849	0.0001999600079984	external_validation/processed/DepMap_PRISM/model_enrichment/PRISM_CCLE_seed13_enrichment_summary.csv	formal_runs/table_exports/external_enrichment_final_raw.tsv
DepMap_PRISM_CCLE	CCLE/PRISM	MDS	is_fdr_lt_0_05	0.05	1519	30380	62	490	0.0446049476526552	7.360389812278458e-15	0.0164581961816984	0.005892034233048	2.793296089385475	0.0001999600079984	external_validation/processed/DepMap_PRISM/model_enrichment/PRISM_CCLE_seed13_enrichment_summary.csv	formal_runs/table_exports/external_enrichment_final_raw.tsv
DepMap_PRISM_CCLE	CCLE/PRISM	MDS	abs_spearman_rho	0.1	3038	30380	62	490	0.0446049476526552	7.360389812278458e-15	0.0448351000272886	0.0403706259660942	1.1105871894318404	0.0001999600079984	external_validation/processed/DepMap_PRISM/model_enrichment/PRISM_CCLE_seed13_enrichment_summary.csv	formal_runs/table_exports/external_enrichment_final_raw.tsv
DepMap_PRISM_CCLE	CCLE/PRISM	MDS	is_p_lt_0_05	0.1	3038	30380	62	490	0.0446049476526552	7.360389812278458e-15	0.1293614219881501	0.0938446346280447	1.3784636969484392	0.0001999600079984	external_validation/processed/DepMap_PRISM/model_enrichment/PRISM_CCLE_seed13_enrichment_summary.csv	formal_runs/table_exports/external_enrichment_final_raw.tsv
DepMap_PRISM_CCLE	CCLE/PRISM	MDS	is_fdr_lt_0_1	0.1	3038	30380	62	490	0.0446049476526552	7.360389812278458e-15	0.0174456879526003	0.0087228439763001	2.0	0.0001999600079984	external_validation/processed/DepMap_PRISM/model_enrichment/PRISM_CCLE_seed13_enrichment_summary.csv	formal_runs/table_exports/external_enrichment_final_raw.tsv
DepMap_PRISM_CCLE	CCLE/PRISM	MDS	is_fdr_lt_0_05	0.1	3038	30380	62	490	0.0446049476526552	7.360389812278458e-15	0.0121790651744568	0.005892034233048	2.067039106145251	0.0001999600079984	external_validation/processed/DepMap_PRISM/model_enrichment/PRISM_CCLE_seed13_enrichment_summary.csv	formal_runs/table_exports/external_enrichment_final_raw.tsv
DepMap_PRISM_CCLE	CCLE/PRISM	MDR	abs_spearman_rho	0.01	283	28246	58	487	0.0309236276015552	2.012201166874268e-07	0.0478688787079023	0.0406502886895189	1.1775778291150156	0.0001999600079984	external_validation/processed/DepMap_PRISM/model_enrichment/PRISM_CCLE_seed14_enrichment_summary.csv	formal_runs/table_exports/external_enrichment_final_raw.tsv
DepMap_PRISM_CCLE	CCLE/PRISM	MDR	is_p_lt_0_05	0.01	283	28246	58	487	0.0309236276015552	2.012201166874268e-07	0.1484098939929328	0.0970048856475253	1.529921848804519	0.0035992801439712	external_validation/processed/DepMap_PRISM/model_enrichment/PRISM_CCLE_seed14_enrichment_summary.csv	formal_runs/table_exports/external_enrichment_final_raw.tsv
DepMap_PRISM_CCLE	CCLE/PRISM	MDR	is_fdr_lt_0_1	0.01	283	28246	58	487	0.0309236276015552	2.012201166874268e-07	0.0247349823321554	0.0108687955816752	2.2757795145083506	0.0315936812637472	external_validation/processed/DepMap_PRISM/model_enrichment/PRISM_CCLE_seed14_enrichment_summary.csv	formal_runs/table_exports/external_enrichment_final_raw.tsv
DepMap_PRISM_CCLE	CCLE/PRISM	MDR	is_fdr_lt_0_05	0.01	283	28246	58	487	0.0309236276015552	2.012201166874268e-07	0.0212014134275618	0.0072930680450329	2.9070637071597654	0.0155968806238752	external_validation/processed/DepMap_PRISM/model_enrichment/PRISM_CCLE_seed14_enrichment_summary.csv	formal_runs/table_exports/external_enrichment_final_raw.tsv
DepMap_PRISM_CCLE	CCLE/PRISM	MDR	abs_spearman_rho	0.05	1413	28246	58	487	0.0309236276015552	2.012201166874268e-07	0.0449698275134051	0.0406502886895189	1.1062609630371458	0.0001999600079984	external_validation/processed/DepMap_PRISM/model_enrichment/PRISM_CCLE_seed14_enrichment_summary.csv	formal_runs/table_exports/external_enrichment_final_raw.tsv
DepMap_PRISM_CCLE	CCLE/PRISM	MDR	is_p_lt_0_05	0.05	1413	28246	58	487	0.0309236276015552	2.012201166874268e-07	0.1365888181174805	0.0970048856475253	1.408061225016918	0.0001999600079984	external_validation/processed/DepMap_PRISM/model_enrichment/PRISM_CCLE_seed14_enrichment_summary.csv	formal_runs/table_exports/external_enrichment_final_raw.tsv
DepMap_PRISM_CCLE	CCLE/PRISM	MDR	is_fdr_lt_0_1	0.05	1413	28246	58	487	0.0309236276015552	2.012201166874268e-07	0.0141542816702052	0.0108687955816752	1.3022861239629222	0.1345730853829234	external_validation/processed/DepMap_PRISM/model_enrichment/PRISM_CCLE_seed14_enrichment_summary.csv	formal_runs/table_exports/external_enrichment_final_raw.tsv
DepMap_PRISM_CCLE	CCLE/PRISM	MDR	is_fdr_lt_0_05	0.05	1413	28246	58	487	0.0309236276015552	2.012201166874268e-07	0.0092002830856334	0.0072930680450329	1.2615106603728212	0.2419516096780644	external_validation/processed/DepMap_PRISM/model_enrichment/PRISM_CCLE_seed14_enrichment_summary.csv	formal_runs/table_exports/external_enrichment_final_raw.tsv
DepMap_PRISM_CCLE	CCLE/PRISM	MDR	abs_spearman_rho	0.1	2825	28246	58	487	0.0309236276015552	2.012201166874268e-07	0.043424515386604	0.0406502886895189	1.06824617454194	0.0001999600079984	external_validation/processed/DepMap_PRISM/model_enrichment/PRISM_CCLE_seed14_enrichment_summary.csv	formal_runs/table_exports/external_enrichment_final_raw.tsv
DepMap_PRISM_CCLE	CCLE/PRISM	MDR	is_p_lt_0_05	0.1	2825	28246	58	487	0.0309236276015552	2.012201166874268e-07	0.1210619469026548	0.0970048856475253	1.247998449712551	0.0001999600079984	external_validation/processed/DepMap_PRISM/model_enrichment/PRISM_CCLE_seed14_enrichment_summary.csv	formal_runs/table_exports/external_enrichment_final_raw.tsv
DepMap_PRISM_CCLE	CCLE/PRISM	MDR	is_fdr_lt_0_1	0.1	2825	28246	58	487	0.0309236276015552	2.012201166874268e-07	0.0106194690265486	0.0108687955816752	0.97706033265112	0.5876824635072986	external_validation/processed/DepMap_PRISM/model_enrichment/PRISM_CCLE_seed14_enrichment_summary.csv	formal_runs/table_exports/external_enrichment_final_raw.tsv
DepMap_PRISM_CCLE	CCLE/PRISM	MDR	is_fdr_lt_0_05	0.1	2825	28246	58	487	0.0309236276015552	2.012201166874268e-07	0.0070796460176991	0.0072930680450329	0.9707363175530545	0.595880823835233	external_validation/processed/DepMap_PRISM/model_enrichment/PRISM_CCLE_seed14_enrichment_summary.csv	formal_runs/table_exports/external_enrichment_final_raw.tsv
DepMap_PRISM_CCLE	CCLE/PRISM	MDS	abs_spearman_rho	0.01	304	30380	62	490	0.0434356764509475	3.6179231050876685e-14	0.0491654901953068	0.0403706259660942	1.2178530557489762	0.0001999600079984	external_validation/processed/DepMap_PRISM/model_enrichment/PRISM_CCLE_seed14_enrichment_summary.csv	formal_runs/table_exports/external_enrichment_final_raw.tsv
DepMap_PRISM_CCLE	CCLE/PRISM	MDS	is_p_lt_0_05	0.01	304	30380	62	490	0.0434356764509475	3.6179231050876685e-14	0.1842105263157894	0.0938446346280447	1.962930827595119	0.0001999600079984	external_validation/processed/DepMap_PRISM/model_enrichment/PRISM_CCLE_seed14_enrichment_summary.csv	formal_runs/table_exports/external_enrichment_final_raw.tsv
DepMap_PRISM_CCLE	CCLE/PRISM	MDS	is_fdr_lt_0_1	0.01	304	30380	62	490	0.0434356764509475	3.6179231050876685e-14	0.0263157894736842	0.0087228439763001	3.016881827209533	0.005998800239952	external_validation/processed/DepMap_PRISM/model_enrichment/PRISM_CCLE_seed14_enrichment_summary.csv	formal_runs/table_exports/external_enrichment_final_raw.tsv
DepMap_PRISM_CCLE	CCLE/PRISM	MDS	is_fdr_lt_0_05	0.01	304	30380	62	490	0.0434356764509475	3.6179231050876685e-14	0.0164473684210526	0.005892034233048	2.791458394589826	0.0381923615276944	external_validation/processed/DepMap_PRISM/model_enrichment/PRISM_CCLE_seed14_enrichment_summary.csv	formal_runs/table_exports/external_enrichment_final_raw.tsv
DepMap_PRISM_CCLE	CCLE/PRISM	MDS	abs_spearman_rho	0.05	1519	30380	62	490	0.0434356764509475	3.6179231050876685e-14	0.0466006299479303	0.0403706259660942	1.154320222507039	0.0001999600079984	external_validation/processed/DepMap_PRISM/model_enrichment/PRISM_CCLE_seed14_enrichment_summary.csv	formal_runs/table_exports/external_enrichment_final_raw.tsv
DepMap_PRISM_CCLE	CCLE/PRISM	MDS	is_p_lt_0_05	0.05	1519	30380	62	490	0.0434356764509475	3.6179231050876685e-14	0.1454904542462146	0.0938446346280447	1.550333216415293	0.0001999600079984	external_validation/processed/DepMap_PRISM/model_enrichment/PRISM_CCLE_seed14_enrichment_summary.csv	formal_runs/table_exports/external_enrichment_final_raw.tsv
DepMap_PRISM_CCLE	CCLE/PRISM	MDS	is_fdr_lt_0_1	0.05	1519	30380	62	490	0.0434356764509475	3.6179231050876685e-14	0.0204081632653061	0.0087228439763001	2.339622641509434	0.0001999600079984	external_validation/processed/DepMap_PRISM/model_enrichment/PRISM_CCLE_seed14_enrichment_summary.csv	formal_runs/table_exports/external_enrichment_final_raw.tsv
DepMap_PRISM_CCLE	CCLE/PRISM	MDS	is_fdr_lt_0_05	0.05	1519	30380	62	490	0.0434356764509475	3.6179231050876685e-14	0.0144832126398946	0.005892034233048	2.458100558659217	0.0001999600079984	external_validation/processed/DepMap_PRISM/model_enrichment/PRISM_CCLE_seed14_enrichment_summary.csv	formal_runs/table_exports/external_enrichment_final_raw.tsv
DepMap_PRISM_CCLE	CCLE/PRISM	MDS	abs_spearman_rho	0.1	3038	30380	62	490	0.0434356764509475	3.6179231050876685e-14	0.0450986448803878	0.0403706259660942	1.1171153233607156	0.0001999600079984	external_validation/processed/DepMap_PRISM/model_enrichment/PRISM_CCLE_seed14_enrichment_summary.csv	formal_runs/table_exports/external_enrichment_final_raw.tsv
DepMap_PRISM_CCLE	CCLE/PRISM	MDS	is_p_lt_0_05	0.1	3038	30380	62	490	0.0434356764509475	3.6179231050876685e-14	0.1323238973008558	0.0938446346280447	1.4100315678709223	0.0001999600079984	external_validation/processed/DepMap_PRISM/model_enrichment/PRISM_CCLE_seed14_enrichment_summary.csv	formal_runs/table_exports/external_enrichment_final_raw.tsv
DepMap_PRISM_CCLE	CCLE/PRISM	MDS	is_fdr_lt_0_1	0.1	3038	30380	62	490	0.0434356764509475	3.6179231050876685e-14	0.0171165240289664	0.0087228439763001	1.962264150943396	0.0001999600079984	external_validation/processed/DepMap_PRISM/model_enrichment/PRISM_CCLE_seed14_enrichment_summary.csv	formal_runs/table_exports/external_enrichment_final_raw.tsv
DepMap_PRISM_CCLE	CCLE/PRISM	MDS	is_fdr_lt_0_05	0.1	3038	30380	62	490	0.0434356764509475	3.6179231050876685e-14	0.0128373930217248	0.005892034233048	2.17877094972067	0.0001999600079984	external_validation/processed/DepMap_PRISM/model_enrichment/PRISM_CCLE_seed14_enrichment_summary.csv	formal_runs/table_exports/external_enrichment_final_raw.tsv
DepMap_PRISM_CCLE	CCLE/PRISM	MDR	abs_spearman_rho	0.01	283	28246	58	487	0.0373847484475722	3.278454006641323e-10	0.0441079907067397	0.0406502886895189	1.0850597161469215	0.0437912417516496	external_validation/processed/DepMap_PRISM/model_enrichment/PRISM_CCLE_seed15_enrichment_summary.csv	formal_runs/table_exports/external_enrichment_final_raw.tsv
DepMap_PRISM_CCLE	CCLE/PRISM	MDR	is_p_lt_0_05	0.01	283	28246	58	487	0.0373847484475722	3.278454006641323e-10	0.1378091872791519	0.0970048856475253	1.4206417167470533	0.0177964407118576	external_validation/processed/DepMap_PRISM/model_enrichment/PRISM_CCLE_seed15_enrichment_summary.csv	formal_runs/table_exports/external_enrichment_final_raw.tsv
DepMap_PRISM_CCLE	CCLE/PRISM	MDR	is_fdr_lt_0_1	0.01	283	28246	58	487	0.0373847484475722	3.278454006641323e-10	0.0141342756183745	0.0108687955816752	1.3004454368619145	0.3799240151969606	external_validation/processed/DepMap_PRISM/model_enrichment/PRISM_CCLE_seed15_enrichment_summary.csv	formal_runs/table_exports/external_enrichment_final_raw.tsv
DepMap_PRISM_CCLE	CCLE/PRISM	MDR	is_fdr_lt_0_05	0.01	283	28246	58	487	0.0373847484475722	3.278454006641323e-10	0.0070671378091872	0.0072930680450329	0.9690212357199216	0.6260747850429914	external_validation/processed/DepMap_PRISM/model_enrichment/PRISM_CCLE_seed15_enrichment_summary.csv	formal_runs/table_exports/external_enrichment_final_raw.tsv
DepMap_PRISM_CCLE	CCLE/PRISM	MDR	abs_spearman_rho	0.05	1413	28246	58	487	0.0373847484475722	3.278454006641323e-10	0.0450899600518577	0.0406502886895189	1.109216232048151	0.0001999600079984	external_validation/processed/DepMap_PRISM/model_enrichment/PRISM_CCLE_seed15_enrichment_summary.csv	formal_runs/table_exports/external_enrichment_final_raw.tsv
DepMap_PRISM_CCLE	CCLE/PRISM	MDR	is_p_lt_0_05	0.05	1413	28246	58	487	0.0373847484475722	3.278454006641323e-10	0.1429582448690728	0.0970048856475253	1.473722111157603	0.0001999600079984	external_validation/processed/DepMap_PRISM/model_enrichment/PRISM_CCLE_seed15_enrichment_summary.csv	formal_runs/table_exports/external_enrichment_final_raw.tsv
DepMap_PRISM_CCLE	CCLE/PRISM	MDR	is_fdr_lt_0_1	0.05	1413	28246	58	487	0.0373847484475722	3.278454006641323e-10	0.0134465675866949	0.0108687955816752	1.237171817764776	0.2047590481903619	external_validation/processed/DepMap_PRISM/model_enrichment/PRISM_CCLE_seed15_enrichment_summary.csv	formal_runs/table_exports/external_enrichment_final_raw.tsv
DepMap_PRISM_CCLE	CCLE/PRISM	MDR	is_fdr_lt_0_05	0.05	1413	28246	58	487	0.0373847484475722	3.278454006641323e-10	0.0070771408351026	0.0072930680450329	0.9703928156714008	0.589882023595281	external_validation/processed/DepMap_PRISM/model_enrichment/PRISM_CCLE_seed15_enrichment_summary.csv	formal_runs/table_exports/external_enrichment_final_raw.tsv
DepMap_PRISM_CCLE	CCLE/PRISM	MDR	abs_spearman_rho	0.1	2825	28246	58	487	0.0373847484475722	3.278454006641323e-10	0.0437036875671162	0.0406502886895189	1.0751138300866403	0.0001999600079984	external_validation/processed/DepMap_PRISM/model_enrichment/PRISM_CCLE_seed15_enrichment_summary.csv	formal_runs/table_exports/external_enrichment_final_raw.tsv
DepMap_PRISM_CCLE	CCLE/PRISM	MDR	is_p_lt_0_05	0.1	2825	28246	58	487	0.0373847484475722	3.278454006641323e-10	0.1256637168141593	0.0970048856475253	1.295436987274724	0.0001999600079984	external_validation/processed/DepMap_PRISM/model_enrichment/PRISM_CCLE_seed15_enrichment_summary.csv	formal_runs/table_exports/external_enrichment_final_raw.tsv
DepMap_PRISM_CCLE	CCLE/PRISM	MDR	is_fdr_lt_0_1	0.1	2825	28246	58	487	0.0373847484475722	3.278454006641323e-10	0.0127433628318584	0.0108687955816752	1.172472399181344	0.1731653669266147	external_validation/processed/DepMap_PRISM/model_enrichment/PRISM_CCLE_seed15_enrichment_summary.csv	formal_runs/table_exports/external_enrichment_final_raw.tsv
DepMap_PRISM_CCLE	CCLE/PRISM	MDR	is_fdr_lt_0_05	0.1	2825	28246	58	487	0.0373847484475722	3.278454006641323e-10	0.007787610619469	0.0072930680450329	1.06780994930836	0.4039192161567686	external_validation/processed/DepMap_PRISM/model_enrichment/PRISM_CCLE_seed15_enrichment_summary.csv	formal_runs/table_exports/external_enrichment_final_raw.tsv
DepMap_PRISM_CCLE	CCLE/PRISM	MDS	abs_spearman_rho	0.01	304	30380	62	490	0.037125415594754	9.615690663945676e-11	0.0402971949778004	0.0403706259660942	0.9981810787785304	0.5178964207158568	external_validation/processed/DepMap_PRISM/model_enrichment/PRISM_CCLE_seed15_enrichment_summary.csv	formal_runs/table_exports/external_enrichment_final_raw.tsv
DepMap_PRISM_CCLE	CCLE/PRISM	MDS	is_p_lt_0_05	0.01	304	30380	62	490	0.037125415594754	9.615690663945676e-11	0.0953947368421052	0.0938446346280447	1.0165177500046152	0.496500699860028	external_validation/processed/DepMap_PRISM/model_enrichment/PRISM_CCLE_seed15_enrichment_summary.csv	formal_runs/table_exports/external_enrichment_final_raw.tsv
DepMap_PRISM_CCLE	CCLE/PRISM	MDS	is_fdr_lt_0_1	0.01	304	30380	62	490	0.037125415594754	9.615690663945676e-11	0.006578947368421	0.0087228439763001	0.7542204568023833	0.7548490301939612	external_validation/processed/DepMap_PRISM/model_enrichment/PRISM_CCLE_seed15_enrichment_summary.csv	formal_runs/table_exports/external_enrichment_final_raw.tsv
DepMap_PRISM_CCLE	CCLE/PRISM	MDS	is_fdr_lt_0_05	0.01	304	30380	62	490	0.037125415594754	9.615690663945676e-11	0.0032894736842105	0.005892034233048	0.5582916789179653	0.8456308738252349	external_validation/processed/DepMap_PRISM/model_enrichment/PRISM_CCLE_seed15_enrichment_summary.csv	formal_runs/table_exports/external_enrichment_final_raw.tsv
DepMap_PRISM_CCLE	CCLE/PRISM	MDS	abs_spearman_rho	0.05	1519	30380	62	490	0.037125415594754	9.615690663945676e-11	0.0444881496007664	0.0403706259660942	1.1019930589664462	0.0001999600079984	external_validation/processed/DepMap_PRISM/model_enrichment/PRISM_CCLE_seed15_enrichment_summary.csv	formal_runs/table_exports/external_enrichment_final_raw.tsv
DepMap_PRISM_CCLE	CCLE/PRISM	MDS	is_p_lt_0_05	0.05	1519	30380	62	490	0.037125415594754	9.615690663945676e-11	0.1349572086899275	0.0938446346280447	1.4380918975797965	0.0001999600079984	external_validation/processed/DepMap_PRISM/model_enrichment/PRISM_CCLE_seed15_enrichment_summary.csv	formal_runs/table_exports/external_enrichment_final_raw.tsv
DepMap_PRISM_CCLE	CCLE/PRISM	MDS	is_fdr_lt_0_1	0.05	1519	30380	62	490	0.037125415594754	9.615690663945676e-11	0.0138248847926267	0.0087228439763001	1.5849056603773586	0.0283943211357728	external_validation/processed/DepMap_PRISM/model_enrichment/PRISM_CCLE_seed15_enrichment_summary.csv	formal_runs/table_exports/external_enrichment_final_raw.tsv
DepMap_PRISM_CCLE	CCLE/PRISM	MDS	is_fdr_lt_0_05	0.05	1519	30380	62	490	0.037125415594754	9.615690663945676e-11	0.0092165898617511	0.005892034233048	1.5642458100558658	0.0671865626874625	external_validation/processed/DepMap_PRISM/model_enrichment/PRISM_CCLE_seed15_enrichment_summary.csv	formal_runs/table_exports/external_enrichment_final_raw.tsv
DepMap_PRISM_CCLE	CCLE/PRISM	MDS	abs_spearman_rho	0.1	3038	30380	62	490	0.037125415594754	9.615690663945676e-11	0.0430856350491941	0.0403706259660942	1.067252092781027	0.0001999600079984	external_validation/processed/DepMap_PRISM/model_enrichment/PRISM_CCLE_seed15_enrichment_summary.csv	formal_runs/table_exports/external_enrichment_final_raw.tsv
DepMap_PRISM_CCLE	CCLE/PRISM	MDS	is_p_lt_0_05	0.1	3038	30380	62	490	0.037125415594754	9.615690663945676e-11	0.119486504279131	0.0938446346280447	1.2732374605401613	0.0001999600079984	external_validation/processed/DepMap_PRISM/model_enrichment/PRISM_CCLE_seed15_enrichment_summary.csv	formal_runs/table_exports/external_enrichment_final_raw.tsv
DepMap_PRISM_CCLE	CCLE/PRISM	MDS	is_fdr_lt_0_1	0.1	3038	30380	62	490	0.037125415594754	9.615690663945676e-11	0.0115207373271889	0.0087228439763001	1.320754716981132	0.0541891621675664	external_validation/processed/DepMap_PRISM/model_enrichment/PRISM_CCLE_seed15_enrichment_summary.csv	formal_runs/table_exports/external_enrichment_final_raw.tsv
DepMap_PRISM_CCLE	CCLE/PRISM	MDS	is_fdr_lt_0_05	0.1	3038	30380	62	490	0.037125415594754	9.615690663945676e-11	0.0075707702435813	0.005892034233048	1.2849162011173183	0.1201759648070386	external_validation/processed/DepMap_PRISM/model_enrichment/PRISM_CCLE_seed15_enrichment_summary.csv	formal_runs/table_exports/external_enrichment_final_raw.tsv
DepMap_PRISM_CCLE	CCLE/PRISM	MDR	abs_spearman_rho	0.01	283	28246	58	487	0.0462265318067431	7.671249046527019e-15	0.0400334786898902	0.0406502886895189	0.9848264300325196	0.6142771445710857	external_validation/processed/DepMap_PRISM/model_enrichment/PRISM_CCLE_seed16_enrichment_summary.csv	formal_runs/table_exports/external_enrichment_final_raw.tsv
DepMap_PRISM_CCLE	CCLE/PRISM	MDR	is_p_lt_0_05	0.01	283	28246	58	487	0.0462265318067431	7.671249046527019e-15	0.0918727915194346	0.0970048856475253	0.9470944778313688	0.6318736252749451	external_validation/processed/DepMap_PRISM/model_enrichment/PRISM_CCLE_seed16_enrichment_summary.csv	formal_runs/table_exports/external_enrichment_final_raw.tsv
DepMap_PRISM_CCLE	CCLE/PRISM	MDR	is_fdr_lt_0_1	0.01	283	28246	58	487	0.0462265318067431	7.671249046527019e-15	0.0106007067137809	0.0108687955816752	0.975334077646436	0.6008798240351929	external_validation/processed/DepMap_PRISM/model_enrichment/PRISM_CCLE_seed16_enrichment_summary.csv	formal_runs/table_exports/external_enrichment_final_raw.tsv
DepMap_PRISM_CCLE	CCLE/PRISM	MDR	is_fdr_lt_0_05	0.01	283	28246	58	487	0.0462265318067431	7.671249046527019e-15	0.0106007067137809	0.0072930680450329	1.453531853579883	0.3459308138372325	external_validation/processed/DepMap_PRISM/model_enrichment/PRISM_CCLE_seed16_enrichment_summary.csv	formal_runs/table_exports/external_enrichment_final_raw.tsv
DepMap_PRISM_CCLE	CCLE/PRISM	MDR	abs_spearman_rho	0.05	1413	28246	58	487	0.0462265318067431	7.671249046527019e-15	0.041943123482496	0.0406502886895189	1.0318038280822954	0.0745850829834033	external_validation/processed/DepMap_PRISM/model_enrichment/PRISM_CCLE_seed16_enrichment_summary.csv	formal_runs/table_exports/external_enrichment_final_raw.tsv
DepMap_PRISM_CCLE	CCLE/PRISM	MDR	is_p_lt_0_05	0.05	1413	28246	58	487	0.0462265318067431	7.671249046527019e-15	0.1132342533616418	0.0970048856475253	1.1673046425010718	0.0235952809438112	external_validation/processed/DepMap_PRISM/model_enrichment/PRISM_CCLE_seed16_enrichment_summary.csv	formal_runs/table_exports/external_enrichment_final_raw.tsv
DepMap_PRISM_CCLE	CCLE/PRISM	MDR	is_fdr_lt_0_1	0.05	1413	28246	58	487	0.0462265318067431	7.671249046527019e-15	0.0148619957537154	0.0108687955816752	1.3674004301610685	0.0995800839832033	external_validation/processed/DepMap_PRISM/model_enrichment/PRISM_CCLE_seed16_enrichment_summary.csv	formal_runs/table_exports/external_enrichment_final_raw.tsv
DepMap_PRISM_CCLE	CCLE/PRISM	MDR	is_fdr_lt_0_05	0.05	1413	28246	58	487	0.0462265318067431	7.671249046527019e-15	0.0084925690021231	0.0072930680450329	1.1644713788056809	0.3427314537092581	external_validation/processed/DepMap_PRISM/model_enrichment/PRISM_CCLE_seed16_enrichment_summary.csv	formal_runs/table_exports/external_enrichment_final_raw.tsv
DepMap_PRISM_CCLE	CCLE/PRISM	MDR	abs_spearman_rho	0.1	2825	28246	58	487	0.0462265318067431	7.671249046527019e-15	0.0422307547462968	0.0406502886895189	1.0388795776790003	0.0053989202159568	external_validation/processed/DepMap_PRISM/model_enrichment/PRISM_CCLE_seed16_enrichment_summary.csv	formal_runs/table_exports/external_enrichment_final_raw.tsv
DepMap_PRISM_CCLE	CCLE/PRISM	MDR	is_p_lt_0_05	0.1	2825	28246	58	487	0.0462265318067431	7.671249046527019e-15	0.1153982300884955	0.0970048856475253	1.189612557328338	0.0011997600479904	external_validation/processed/DepMap_PRISM/model_enrichment/PRISM_CCLE_seed16_enrichment_summary.csv	formal_runs/table_exports/external_enrichment_final_raw.tsv
DepMap_PRISM_CCLE	CCLE/PRISM	MDR	is_fdr_lt_0_1	0.1	2825	28246	58	487	0.0462265318067431	7.671249046527019e-15	0.0116814159292035	0.0108687955816752	1.074766365916232	0.3609278144371126	external_validation/processed/DepMap_PRISM/model_enrichment/PRISM_CCLE_seed16_enrichment_summary.csv	formal_runs/table_exports/external_enrichment_final_raw.tsv
DepMap_PRISM_CCLE	CCLE/PRISM	MDR	is_fdr_lt_0_05	0.1	2825	28246	58	487	0.0462265318067431	7.671249046527019e-15	0.0070796460176991	0.0072930680450329	0.9707363175530545	0.5998800239952009	external_validation/processed/DepMap_PRISM/model_enrichment/PRISM_CCLE_seed16_enrichment_summary.csv	formal_runs/table_exports/external_enrichment_final_raw.tsv
DepMap_PRISM_CCLE	CCLE/PRISM	MDS	abs_spearman_rho	0.01	304	30380	62	490	0.045682169511272	1.6366917064300414e-15	0.0370401076911215	0.0403706259660942	0.9175014457846205	0.9694061187762448	external_validation/processed/DepMap_PRISM/model_enrichment/PRISM_CCLE_seed16_enrichment_summary.csv	formal_runs/table_exports/external_enrichment_final_raw.tsv
DepMap_PRISM_CCLE	CCLE/PRISM	MDS	is_p_lt_0_05	0.01	304	30380	62	490	0.045682169511272	1.6366917064300414e-15	0.0657894736842105	0.0938446346280447	0.7010467241411139	0.9714057188562288	external_validation/processed/DepMap_PRISM/model_enrichment/PRISM_CCLE_seed16_enrichment_summary.csv	formal_runs/table_exports/external_enrichment_final_raw.tsv
DepMap_PRISM_CCLE	CCLE/PRISM	MDS	is_fdr_lt_0_1	0.01	304	30380	62	490	0.045682169511272	1.6366917064300414e-15	0.0032894736842105	0.0087228439763001	0.3771102284011916	0.9326134773045393	external_validation/processed/DepMap_PRISM/model_enrichment/PRISM_CCLE_seed16_enrichment_summary.csv	formal_runs/table_exports/external_enrichment_final_raw.tsv
DepMap_PRISM_CCLE	CCLE/PRISM	MDS	is_fdr_lt_0_05	0.01	304	30380	62	490	0.045682169511272	1.6366917064300414e-15	0.0032894736842105	0.005892034233048	0.5582916789179653	0.8330333933213357	external_validation/processed/DepMap_PRISM/model_enrichment/PRISM_CCLE_seed16_enrichment_summary.csv	formal_runs/table_exports/external_enrichment_final_raw.tsv
DepMap_PRISM_CCLE	CCLE/PRISM	MDS	abs_spearman_rho	0.05	1519	30380	62	490	0.045682169511272	1.6366917064300414e-15	0.0433537169410397	0.0403706259660942	1.0738926113618086	0.0001999600079984	external_validation/processed/DepMap_PRISM/model_enrichment/PRISM_CCLE_seed16_enrichment_summary.csv	formal_runs/table_exports/external_enrichment_final_raw.tsv
DepMap_PRISM_CCLE	CCLE/PRISM	MDS	is_p_lt_0_05	0.05	1519	30380	62	490	0.045682169511272	1.6366917064300414e-15	0.1277156023699802	0.0938446346280447	1.3609259908803928	0.0001999600079984	external_validation/processed/DepMap_PRISM/model_enrichment/PRISM_CCLE_seed16_enrichment_summary.csv	formal_runs/table_exports/external_enrichment_final_raw.tsv
DepMap_PRISM_CCLE	CCLE/PRISM	MDS	is_fdr_lt_0_1	0.05	1519	30380	62	490	0.045682169511272	1.6366917064300414e-15	0.0118499012508229	0.0087228439763001	1.3584905660377358	0.1073785242951409	external_validation/processed/DepMap_PRISM/model_enrichment/PRISM_CCLE_seed16_enrichment_summary.csv	formal_runs/table_exports/external_enrichment_final_raw.tsv
DepMap_PRISM_CCLE	CCLE/PRISM	MDS	is_fdr_lt_0_05	0.05	1519	30380	62	490	0.045682169511272	1.6366917064300414e-15	0.0085582620144832	0.005892034233048	1.4525139664804467	0.1079784043191361	external_validation/processed/DepMap_PRISM/model_enrichment/PRISM_CCLE_seed16_enrichment_summary.csv	formal_runs/table_exports/external_enrichment_final_raw.tsv
DepMap_PRISM_CCLE	CCLE/PRISM	MDS	abs_spearman_rho	0.1	3038	30380	62	490	0.045682169511272	1.6366917064300414e-15	0.0448043002820069	0.0403706259660942	1.109824264791841	0.0001999600079984	external_validation/processed/DepMap_PRISM/model_enrichment/PRISM_CCLE_seed16_enrichment_summary.csv	formal_runs/table_exports/external_enrichment_final_raw.tsv
DepMap_PRISM_CCLE	CCLE/PRISM	MDS	is_p_lt_0_05	0.1	3038	30380	62	490	0.045682169511272	1.6366917064300414e-15	0.1313364055299539	0.0938446346280447	1.3995089442300943	0.0001999600079984	external_validation/processed/DepMap_PRISM/model_enrichment/PRISM_CCLE_seed16_enrichment_summary.csv	formal_runs/table_exports/external_enrichment_final_raw.tsv
DepMap_PRISM_CCLE	CCLE/PRISM	MDS	is_fdr_lt_0_1	0.1	3038	30380	62	490	0.045682169511272	1.6366917064300414e-15	0.0167873601053324	0.0087228439763001	1.9245283018867925	0.0001999600079984	external_validation/processed/DepMap_PRISM/model_enrichment/PRISM_CCLE_seed16_enrichment_summary.csv	formal_runs/table_exports/external_enrichment_final_raw.tsv
DepMap_PRISM_CCLE	CCLE/PRISM	MDS	is_fdr_lt_0_05	0.1	3038	30380	62	490	0.045682169511272	1.6366917064300414e-15	0.0115207373271889	0.005892034233048	1.9553072625698324	0.0001999600079984	external_validation/processed/DepMap_PRISM/model_enrichment/PRISM_CCLE_seed16_enrichment_summary.csv	formal_runs/table_exports/external_enrichment_final_raw.tsv
DepMap_PRISM_CCLE	CCLE/PRISM	MDR	abs_spearman_rho	0.01	283	28246	58	487	0.03824101196495	1.2839510048723723e-10	0.0382115455869436	0.0406502886895189	0.9400067458019308	0.8898220355928814	external_validation/processed/DepMap_PRISM/model_enrichment/PRISM_CCLE_seed17_enrichment_summary.csv	formal_runs/table_exports/external_enrichment_final_raw.tsv
DepMap_PRISM_CCLE	CCLE/PRISM	MDR	is_p_lt_0_05	0.01	283	28246	58	487	0.03824101196495	1.2839510048723723e-10	0.0812720848056537	0.0970048856475253	0.8378143457739031	0.8354329134173165	external_validation/processed/DepMap_PRISM/model_enrichment/PRISM_CCLE_seed17_enrichment_summary.csv	formal_runs/table_exports/external_enrichment_final_raw.tsv
DepMap_PRISM_CCLE	CCLE/PRISM	MDR	is_fdr_lt_0_1	0.01	283	28246	58	487	0.03824101196495	1.2839510048723723e-10	0.0035335689045936	0.0108687955816752	0.3251113592154786	0.9552089582083584	external_validation/processed/DepMap_PRISM/model_enrichment/PRISM_CCLE_seed17_enrichment_summary.csv	formal_runs/table_exports/external_enrichment_final_raw.tsv
DepMap_PRISM_CCLE	CCLE/PRISM	MDR	is_fdr_lt_0_05	0.01	283	28246	58	487	0.03824101196495	1.2839510048723723e-10	0.0035335689045936	0.0072930680450329	0.4845106178599608	0.8714257148570286	external_validation/processed/DepMap_PRISM/model_enrichment/PRISM_CCLE_seed17_enrichment_summary.csv	formal_runs/table_exports/external_enrichment_final_raw.tsv
DepMap_PRISM_CCLE	CCLE/PRISM	MDR	abs_spearman_rho	0.05	1413	28246	58	487	0.03824101196495	1.2839510048723723e-10	0.0403436324023743	0.0406502886895189	0.9924562334726144	0.645870825834833	external_validation/processed/DepMap_PRISM/model_enrichment/PRISM_CCLE_seed17_enrichment_summary.csv	formal_runs/table_exports/external_enrichment_final_raw.tsv
DepMap_PRISM_CCLE	CCLE/PRISM	MDR	is_p_lt_0_05	0.05	1413	28246	58	487	0.03824101196495	1.2839510048723723e-10	0.0990799716914366	0.0970048856475253	1.021391562188438	0.4059188162367526	external_validation/processed/DepMap_PRISM/model_enrichment/PRISM_CCLE_seed17_enrichment_summary.csv	formal_runs/table_exports/external_enrichment_final_raw.tsv
DepMap_PRISM_CCLE	CCLE/PRISM	MDR	is_fdr_lt_0_1	0.05	1413	28246	58	487	0.03824101196495	1.2839510048723723e-10	0.0113234253361641	0.0108687955816752	1.0418288991703375	0.4751049790041992	external_validation/processed/DepMap_PRISM/model_enrichment/PRISM_CCLE_seed17_enrichment_summary.csv	formal_runs/table_exports/external_enrichment_final_raw.tsv
DepMap_PRISM_CCLE	CCLE/PRISM	MDR	is_fdr_lt_0_05	0.05	1413	28246	58	487	0.03824101196495	1.2839510048723723e-10	0.0063694267515923	0.0072930680450329	0.8733535341042608	0.7096580683863227	external_validation/processed/DepMap_PRISM/model_enrichment/PRISM_CCLE_seed17_enrichment_summary.csv	formal_runs/table_exports/external_enrichment_final_raw.tsv
DepMap_PRISM_CCLE	CCLE/PRISM	MDR	abs_spearman_rho	0.1	2825	28246	58	487	0.03824101196495	1.2839510048723723e-10	0.0421750955159559	0.0406502886895189	1.037510356644285	0.005998800239952	external_validation/processed/DepMap_PRISM/model_enrichment/PRISM_CCLE_seed17_enrichment_summary.csv	formal_runs/table_exports/external_enrichment_final_raw.tsv
DepMap_PRISM_CCLE	CCLE/PRISM	MDR	is_p_lt_0_05	0.1	2825	28246	58	487	0.03824101196495	1.2839510048723723e-10	0.1139823008849557	0.0970048856475253	1.1750160842322848	0.0003999200159968	external_validation/processed/DepMap_PRISM/model_enrichment/PRISM_CCLE_seed17_enrichment_summary.csv	formal_runs/table_exports/external_enrichment_final_raw.tsv
DepMap_PRISM_CCLE	CCLE/PRISM	MDR	is_fdr_lt_0_1	0.1	2825	28246	58	487	0.03824101196495	1.2839510048723723e-10	0.0109734513274336	0.0108687955816752	1.0096290104061572	0.5090981803639272	external_validation/processed/DepMap_PRISM/model_enrichment/PRISM_CCLE_seed17_enrichment_summary.csv	formal_runs/table_exports/external_enrichment_final_raw.tsv
DepMap_PRISM_CCLE	CCLE/PRISM	MDR	is_fdr_lt_0_05	0.1	2825	28246	58	487	0.03824101196495	1.2839510048723723e-10	0.0067256637168141	0.0072930680450329	0.9221995016754015	0.6856628674265147	external_validation/processed/DepMap_PRISM/model_enrichment/PRISM_CCLE_seed17_enrichment_summary.csv	formal_runs/table_exports/external_enrichment_final_raw.tsv
DepMap_PRISM_CCLE	CCLE/PRISM	MDS	abs_spearman_rho	0.01	304	30380	62	490	0.0369903946090471	1.123564328516234e-10	0.0384059620919415	0.0403706259660942	0.9513343222420506	0.860627874425115	external_validation/processed/DepMap_PRISM/model_enrichment/PRISM_CCLE_seed17_enrichment_summary.csv	formal_runs/table_exports/external_enrichment_final_raw.tsv
DepMap_PRISM_CCLE	CCLE/PRISM	MDS	is_p_lt_0_05	0.01	304	30380	62	490	0.0369903946090471	1.123564328516234e-10	0.0855263157894736	0.0938446346280447	0.911360741383448	0.7234553089382123	external_validation/processed/DepMap_PRISM/model_enrichment/PRISM_CCLE_seed17_enrichment_summary.csv	formal_runs/table_exports/external_enrichment_final_raw.tsv
DepMap_PRISM_CCLE	CCLE/PRISM	MDS	is_fdr_lt_0_1	0.01	304	30380	62	490	0.0369903946090471	1.123564328516234e-10	0.0032894736842105	0.0087228439763001	0.3771102284011916	0.929014197160568	external_validation/processed/DepMap_PRISM/model_enrichment/PRISM_CCLE_seed17_enrichment_summary.csv	formal_runs/table_exports/external_enrichment_final_raw.tsv
DepMap_PRISM_CCLE	CCLE/PRISM	MDS	is_fdr_lt_0_05	0.01	304	30380	62	490	0.0369903946090471	1.123564328516234e-10	0.0032894736842105	0.005892034233048	0.5582916789179653	0.8318336332733454	external_validation/processed/DepMap_PRISM/model_enrichment/PRISM_CCLE_seed17_enrichment_summary.csv	formal_runs/table_exports/external_enrichment_final_raw.tsv
DepMap_PRISM_CCLE	CCLE/PRISM	MDS	abs_spearman_rho	0.05	1519	30380	62	490	0.0369903946090471	1.123564328516234e-10	0.0405159679443294	0.0403706259660942	1.003600191345988	0.4213157368526294	external_validation/processed/DepMap_PRISM/model_enrichment/PRISM_CCLE_seed17_enrichment_summary.csv	formal_runs/table_exports/external_enrichment_final_raw.tsv
DepMap_PRISM_CCLE	CCLE/PRISM	MDS	is_p_lt_0_05	0.05	1519	30380	62	490	0.0369903946090471	1.123564328516234e-10	0.1007241606319947	0.0938446346280447	1.0733076113644335	0.1785642871425715	external_validation/processed/DepMap_PRISM/model_enrichment/PRISM_CCLE_seed17_enrichment_summary.csv	formal_runs/table_exports/external_enrichment_final_raw.tsv
DepMap_PRISM_CCLE	CCLE/PRISM	MDS	is_fdr_lt_0_1	0.05	1519	30380	62	490	0.0369903946090471	1.123564328516234e-10	0.0078999341672152	0.0087228439763001	0.9056603773584906	0.6788642271545691	external_validation/processed/DepMap_PRISM/model_enrichment/PRISM_CCLE_seed17_enrichment_summary.csv	formal_runs/table_exports/external_enrichment_final_raw.tsv
DepMap_PRISM_CCLE	CCLE/PRISM	MDS	is_fdr_lt_0_05	0.05	1519	30380	62	490	0.0369903946090471	1.123564328516234e-10	0.0059249506254114	0.005892034233048	1.005586592178771	0.5384923015396921	external_validation/processed/DepMap_PRISM/model_enrichment/PRISM_CCLE_seed17_enrichment_summary.csv	formal_runs/table_exports/external_enrichment_final_raw.tsv
DepMap_PRISM_CCLE	CCLE/PRISM	MDS	abs_spearman_rho	0.1	3038	30380	62	490	0.0369903946090471	1.123564328516234e-10	0.0435842439185739	0.0403706259660942	1.0796028764869472	0.0001999600079984	external_validation/processed/DepMap_PRISM/model_enrichment/PRISM_CCLE_seed17_enrichment_summary.csv	formal_runs/table_exports/external_enrichment_final_raw.tsv
DepMap_PRISM_CCLE	CCLE/PRISM	MDS	is_p_lt_0_05	0.1	3038	30380	62	490	0.0369903946090471	1.123564328516234e-10	0.119157340355497	0.0938446346280447	1.269729919326552	0.0001999600079984	external_validation/processed/DepMap_PRISM/model_enrichment/PRISM_CCLE_seed17_enrichment_summary.csv	formal_runs/table_exports/external_enrichment_final_raw.tsv
DepMap_PRISM_CCLE	CCLE/PRISM	MDS	is_fdr_lt_0_1	0.1	3038	30380	62	490	0.0369903946090471	1.123564328516234e-10	0.0138248847926267	0.0087228439763001	1.5849056603773586	0.0017996400719856	external_validation/processed/DepMap_PRISM/model_enrichment/PRISM_CCLE_seed17_enrichment_summary.csv	formal_runs/table_exports/external_enrichment_final_raw.tsv
DepMap_PRISM_CCLE	CCLE/PRISM	MDS	is_fdr_lt_0_05	0.1	3038	30380	62	490	0.0369903946090471	1.123564328516234e-10	0.009874917709019	0.005892034233048	1.675977653631285	0.0033993201359728	external_validation/processed/DepMap_PRISM/model_enrichment/PRISM_CCLE_seed17_enrichment_summary.csv	formal_runs/table_exports/external_enrichment_final_raw.tsv
DepMap_PRISM_CCLE	CCLE/PRISM	MDR	abs_spearman_rho	0.01	283	28246	58	487	0.0445621615223386	6.744488109947252e-14	0.0465169023201141	0.0406502886895189	1.1443191135837574	0.0021995600879824	external_validation/processed/DepMap_PRISM/model_enrichment/PRISM_CCLE_seed18_enrichment_summary.csv	formal_runs/table_exports/external_enrichment_final_raw.tsv
DepMap_PRISM_CCLE	CCLE/PRISM	MDR	is_p_lt_0_05	0.01	283	28246	58	487	0.0445621615223386	6.744488109947252e-14	0.1590106007067137	0.0970048856475253	1.6392019808619844	0.0007998400319936	external_validation/processed/DepMap_PRISM/model_enrichment/PRISM_CCLE_seed18_enrichment_summary.csv	formal_runs/table_exports/external_enrichment_final_raw.tsv
DepMap_PRISM_CCLE	CCLE/PRISM	MDR	is_fdr_lt_0_1	0.01	283	28246	58	487	0.0445621615223386	6.744488109947252e-14	0.0141342756183745	0.0108687955816752	1.3004454368619145	0.3687262547490502	external_validation/processed/DepMap_PRISM/model_enrichment/PRISM_CCLE_seed18_enrichment_summary.csv	formal_runs/table_exports/external_enrichment_final_raw.tsv
DepMap_PRISM_CCLE	CCLE/PRISM	MDR	is_fdr_lt_0_05	0.01	283	28246	58	487	0.0445621615223386	6.744488109947252e-14	0.0141342756183745	0.0072930680450329	1.9380424714398437	0.1527694461107778	external_validation/processed/DepMap_PRISM/model_enrichment/PRISM_CCLE_seed18_enrichment_summary.csv	formal_runs/table_exports/external_enrichment_final_raw.tsv
DepMap_PRISM_CCLE	CCLE/PRISM	MDR	abs_spearman_rho	0.05	1413	28246	58	487	0.0445621615223386	6.744488109947252e-14	0.0440294777390928	0.0406502886895189	1.0831282915450795	0.0001999600079984	external_validation/processed/DepMap_PRISM/model_enrichment/PRISM_CCLE_seed18_enrichment_summary.csv	formal_runs/table_exports/external_enrichment_final_raw.tsv
DepMap_PRISM_CCLE	CCLE/PRISM	MDR	is_p_lt_0_05	0.05	1413	28246	58	487	0.0445621615223386	6.744488109947252e-14	0.1266808209483368	0.0970048856475253	1.3059220687980744	0.0001999600079984	external_validation/processed/DepMap_PRISM/model_enrichment/PRISM_CCLE_seed18_enrichment_summary.csv	formal_runs/table_exports/external_enrichment_final_raw.tsv
DepMap_PRISM_CCLE	CCLE/PRISM	MDR	is_fdr_lt_0_1	0.05	1413	28246	58	487	0.0445621615223386	6.744488109947252e-14	0.0155697098372257	0.0108687955816752	1.4325147363592143	0.0617876424715057	external_validation/processed/DepMap_PRISM/model_enrichment/PRISM_CCLE_seed18_enrichment_summary.csv	formal_runs/table_exports/external_enrichment_final_raw.tsv
DepMap_PRISM_CCLE	CCLE/PRISM	MDR	is_fdr_lt_0_05	0.05	1413	28246	58	487	0.0445621615223386	6.744488109947252e-14	0.0092002830856334	0.0072930680450329	1.2615106603728212	0.2433513297340531	external_validation/processed/DepMap_PRISM/model_enrichment/PRISM_CCLE_seed18_enrichment_summary.csv	formal_runs/table_exports/external_enrichment_final_raw.tsv
DepMap_PRISM_CCLE	CCLE/PRISM	MDR	abs_spearman_rho	0.1	2825	28246	58	487	0.0445621615223386	6.744488109947252e-14	0.0428767250668372	0.0406502886895189	1.054770493619949	0.0003999200159968	external_validation/processed/DepMap_PRISM/model_enrichment/PRISM_CCLE_seed18_enrichment_summary.csv	formal_runs/table_exports/external_enrichment_final_raw.tsv
DepMap_PRISM_CCLE	CCLE/PRISM	MDR	is_p_lt_0_05	0.1	2825	28246	58	487	0.0445621615223386	6.744488109947252e-14	0.1203539823008849	0.0970048856475253	1.2407002131645242	0.0001999600079984	external_validation/processed/DepMap_PRISM/model_enrichment/PRISM_CCLE_seed18_enrichment_summary.csv	formal_runs/table_exports/external_enrichment_final_raw.tsv
DepMap_PRISM_CCLE	CCLE/PRISM	MDR	is_fdr_lt_0_1	0.1	2825	28246	58	487	0.0445621615223386	6.744488109947252e-14	0.0127433628318584	0.0108687955816752	1.172472399181344	0.1729654069186162	external_validation/processed/DepMap_PRISM/model_enrichment/PRISM_CCLE_seed18_enrichment_summary.csv	formal_runs/table_exports/external_enrichment_final_raw.tsv
DepMap_PRISM_CCLE	CCLE/PRISM	MDR	is_fdr_lt_0_05	0.1	2825	28246	58	487	0.0445621615223386	6.744488109947252e-14	0.0084955752212389	0.0072930680450329	1.1648835810636653	0.2371525694861027	external_validation/processed/DepMap_PRISM/model_enrichment/PRISM_CCLE_seed18_enrichment_summary.csv	formal_runs/table_exports/external_enrichment_final_raw.tsv
DepMap_PRISM_CCLE	CCLE/PRISM	MDS	abs_spearman_rho	0.01	304	30380	62	490	0.0457596188595621	1.4670258447525425e-15	0.0431626341179259	0.0403706259660942	1.0691593970867987	0.0733853229354129	external_validation/processed/DepMap_PRISM/model_enrichment/PRISM_CCLE_seed18_enrichment_summary.csv	formal_runs/table_exports/external_enrichment_final_raw.tsv
DepMap_PRISM_CCLE	CCLE/PRISM	MDS	is_p_lt_0_05	0.01	304	30380	62	490	0.0457596188595621	1.4670258447525425e-15	0.1282894736842105	0.0938446346280447	1.3670411120751722	0.0315936812637472	external_validation/processed/DepMap_PRISM/model_enrichment/PRISM_CCLE_seed18_enrichment_summary.csv	formal_runs/table_exports/external_enrichment_final_raw.tsv
DepMap_PRISM_CCLE	CCLE/PRISM	MDS	is_fdr_lt_0_1	0.01	304	30380	62	490	0.0457596188595621	1.4670258447525425e-15	0.0131578947368421	0.0087228439763001	1.5084409136047665	0.2645470905818836	external_validation/processed/DepMap_PRISM/model_enrichment/PRISM_CCLE_seed18_enrichment_summary.csv	formal_runs/table_exports/external_enrichment_final_raw.tsv
DepMap_PRISM_CCLE	CCLE/PRISM	MDS	is_fdr_lt_0_05	0.01	304	30380	62	490	0.0457596188595621	1.4670258447525425e-15	0.0098684210526315	0.005892034233048	1.6748750367538958	0.26374725054989	external_validation/processed/DepMap_PRISM/model_enrichment/PRISM_CCLE_seed18_enrichment_summary.csv	formal_runs/table_exports/external_enrichment_final_raw.tsv
DepMap_PRISM_CCLE	CCLE/PRISM	MDS	abs_spearman_rho	0.05	1519	30380	62	490	0.0457596188595621	1.4670258447525425e-15	0.0461360152173995	0.0403706259660942	1.1428114901202535	0.0001999600079984	external_validation/processed/DepMap_PRISM/model_enrichment/PRISM_CCLE_seed18_enrichment_summary.csv	formal_runs/table_exports/external_enrichment_final_raw.tsv
DepMap_PRISM_CCLE	CCLE/PRISM	MDS	is_p_lt_0_05	0.05	1519	30380	62	490	0.0457596188595621	1.4670258447525425e-15	0.1389071757735352	0.0938446346280447	1.480182392143108	0.0001999600079984	external_validation/processed/DepMap_PRISM/model_enrichment/PRISM_CCLE_seed18_enrichment_summary.csv	formal_runs/table_exports/external_enrichment_final_raw.tsv
DepMap_PRISM_CCLE	CCLE/PRISM	MDS	is_fdr_lt_0_1	0.05	1519	30380	62	490	0.0457596188595621	1.4670258447525425e-15	0.0184331797235023	0.0087228439763001	2.1132075471698117	0.0005998800239952	external_validation/processed/DepMap_PRISM/model_enrichment/PRISM_CCLE_seed18_enrichment_summary.csv	formal_runs/table_exports/external_enrichment_final_raw.tsv
DepMap_PRISM_CCLE	CCLE/PRISM	MDS	is_fdr_lt_0_05	0.05	1519	30380	62	490	0.0457596188595621	1.4670258447525425e-15	0.0125082290980908	0.005892034233048	2.1229050279329607	0.0015996800639872	external_validation/processed/DepMap_PRISM/model_enrichment/PRISM_CCLE_seed18_enrichment_summary.csv	formal_runs/table_exports/external_enrichment_final_raw.tsv
DepMap_PRISM_CCLE	CCLE/PRISM	MDS	abs_spearman_rho	0.1	3038	30380	62	490	0.0457596188595621	1.4670258447525425e-15	0.0457596383827278	0.0403706259660942	1.133488453242209	0.0001999600079984	external_validation/processed/DepMap_PRISM/model_enrichment/PRISM_CCLE_seed18_enrichment_summary.csv	formal_runs/table_exports/external_enrichment_final_raw.tsv
DepMap_PRISM_CCLE	CCLE/PRISM	MDS	is_p_lt_0_05	0.1	3038	30380	62	490	0.0457596188595621	1.4670258447525425e-15	0.1349572086899275	0.0938446346280447	1.4380918975797965	0.0001999600079984	external_validation/processed/DepMap_PRISM/model_enrichment/PRISM_CCLE_seed18_enrichment_summary.csv	formal_runs/table_exports/external_enrichment_final_raw.tsv
DepMap_PRISM_CCLE	CCLE/PRISM	MDS	is_fdr_lt_0_1	0.1	3038	30380	62	490	0.0457596188595621	1.4670258447525425e-15	0.0197498354180381	0.0087228439763001	2.2641509433962264	0.0001999600079984	external_validation/processed/DepMap_PRISM/model_enrichment/PRISM_CCLE_seed18_enrichment_summary.csv	formal_runs/table_exports/external_enrichment_final_raw.tsv
DepMap_PRISM_CCLE	CCLE/PRISM	MDS	is_fdr_lt_0_05	0.1	3038	30380	62	490	0.0457596188595621	1.4670258447525425e-15	0.0134957208689927	0.005892034233048	2.2905027932960893	0.0001999600079984	external_validation/processed/DepMap_PRISM/model_enrichment/PRISM_CCLE_seed18_enrichment_summary.csv	formal_runs/table_exports/external_enrichment_final_raw.tsv
DepMap_PRISM_CCLE	CCLE/PRISM	MDR	abs_spearman_rho	0.01	283	28246	58	487	0.0262573166330629	1.017062930659132e-05	0.0426952229693205	0.0406502886895189	1.050305529080507	0.1501699660067986	external_validation/processed/DepMap_PRISM/model_enrichment/PRISM_CCLE_seed19_enrichment_summary.csv	formal_runs/table_exports/external_enrichment_final_raw.tsv
DepMap_PRISM_CCLE	CCLE/PRISM	MDR	is_p_lt_0_05	0.01	283	28246	58	487	0.0262573166330629	1.017062930659132e-05	0.1130742049469964	0.0970048856475253	1.1656547419463	0.2043591281743651	external_validation/processed/DepMap_PRISM/model_enrichment/PRISM_CCLE_seed19_enrichment_summary.csv	formal_runs/table_exports/external_enrichment_final_raw.tsv
DepMap_PRISM_CCLE	CCLE/PRISM	MDR	is_fdr_lt_0_1	0.01	283	28246	58	487	0.0262573166330629	1.017062930659132e-05	0.0176678445229682	0.0108687955816752	1.6255567960773931	0.1987602479504099	external_validation/processed/DepMap_PRISM/model_enrichment/PRISM_CCLE_seed19_enrichment_summary.csv	formal_runs/table_exports/external_enrichment_final_raw.tsv
DepMap_PRISM_CCLE	CCLE/PRISM	MDR	is_fdr_lt_0_05	0.01	283	28246	58	487	0.0262573166330629	1.017062930659132e-05	0.0070671378091872	0.0072930680450329	0.9690212357199216	0.6160767846430714	external_validation/processed/DepMap_PRISM/model_enrichment/PRISM_CCLE_seed19_enrichment_summary.csv	formal_runs/table_exports/external_enrichment_final_raw.tsv
DepMap_PRISM_CCLE	CCLE/PRISM	MDR	abs_spearman_rho	0.05	1413	28246	58	487	0.0262573166330629	1.017062930659132e-05	0.0432705446432108	0.0406502886895189	1.0644584832768358	0.0015996800639872	external_validation/processed/DepMap_PRISM/model_enrichment/PRISM_CCLE_seed19_enrichment_summary.csv	formal_runs/table_exports/external_enrichment_final_raw.tsv
DepMap_PRISM_CCLE	CCLE/PRISM	MDR	is_p_lt_0_05	0.05	1413	28246	58	487	0.0262573166330629	1.017062930659132e-05	0.1224345364472753	0.0970048856475253	1.262148144704284	0.0003999200159968	external_validation/processed/DepMap_PRISM/model_enrichment/PRISM_CCLE_seed19_enrichment_summary.csv	formal_runs/table_exports/external_enrichment_final_raw.tsv
DepMap_PRISM_CCLE	CCLE/PRISM	MDR	is_fdr_lt_0_1	0.05	1413	28246	58	487	0.0262573166330629	1.017062930659132e-05	0.0155697098372257	0.0108687955816752	1.4325147363592143	0.0577884423115376	external_validation/processed/DepMap_PRISM/model_enrichment/PRISM_CCLE_seed19_enrichment_summary.csv	formal_runs/table_exports/external_enrichment_final_raw.tsv
DepMap_PRISM_CCLE	CCLE/PRISM	MDR	is_fdr_lt_0_05	0.05	1413	28246	58	487	0.0262573166330629	1.017062930659132e-05	0.0092002830856334	0.0072930680450329	1.2615106603728212	0.2313537292541491	external_validation/processed/DepMap_PRISM/model_enrichment/PRISM_CCLE_seed19_enrichment_summary.csv	formal_runs/table_exports/external_enrichment_final_raw.tsv
DepMap_PRISM_CCLE	CCLE/PRISM	MDR	abs_spearman_rho	0.1	2825	28246	58	487	0.0262573166330629	1.017062930659132e-05	0.0425801598060046	0.0406502886895189	1.047474967059296	0.0011997600479904	external_validation/processed/DepMap_PRISM/model_enrichment/PRISM_CCLE_seed19_enrichment_summary.csv	formal_runs/table_exports/external_enrichment_final_raw.tsv
DepMap_PRISM_CCLE	CCLE/PRISM	MDR	is_p_lt_0_05	0.1	2825	28246	58	487	0.0262573166330629	1.017062930659132e-05	0.1171681415929203	0.0970048856475253	1.2078581486984046	0.0001999600079984	external_validation/processed/DepMap_PRISM/model_enrichment/PRISM_CCLE_seed19_enrichment_summary.csv	formal_runs/table_exports/external_enrichment_final_raw.tsv
DepMap_PRISM_CCLE	CCLE/PRISM	MDR	is_fdr_lt_0_1	0.1	2825	28246	58	487	0.0262573166330629	1.017062930659132e-05	0.0095575221238938	0.0108687955816752	0.879354299386008	0.7896420715856829	external_validation/processed/DepMap_PRISM/model_enrichment/PRISM_CCLE_seed19_enrichment_summary.csv	formal_runs/table_exports/external_enrichment_final_raw.tsv
DepMap_PRISM_CCLE	CCLE/PRISM	MDR	is_fdr_lt_0_05	0.1	2825	28246	58	487	0.0262573166330629	1.017062930659132e-05	0.0060176991150442	0.0072930680450329	0.8251258699200963	0.8240351929614077	external_validation/processed/DepMap_PRISM/model_enrichment/PRISM_CCLE_seed19_enrichment_summary.csv	formal_runs/table_exports/external_enrichment_final_raw.tsv
DepMap_PRISM_CCLE	CCLE/PRISM	MDS	abs_spearman_rho	0.01	304	30380	62	490	0.0432727969450669	4.501696960616339e-14	0.0402226333750955	0.0403706259660942	0.9963341516893268	0.5230953809238152	external_validation/processed/DepMap_PRISM/model_enrichment/PRISM_CCLE_seed19_enrichment_summary.csv	formal_runs/table_exports/external_enrichment_final_raw.tsv
DepMap_PRISM_CCLE	CCLE/PRISM	MDS	is_p_lt_0_05	0.01	304	30380	62	490	0.0432727969450669	4.501696960616339e-14	0.1052631578947368	0.0938446346280447	1.1216747586257825	0.279744051189762	external_validation/processed/DepMap_PRISM/model_enrichment/PRISM_CCLE_seed19_enrichment_summary.csv	formal_runs/table_exports/external_enrichment_final_raw.tsv
DepMap_PRISM_CCLE	CCLE/PRISM	MDS	is_fdr_lt_0_1	0.01	304	30380	62	490	0.0432727969450669	4.501696960616339e-14	0.0131578947368421	0.0087228439763001	1.5084409136047665	0.2779444111177764	external_validation/processed/DepMap_PRISM/model_enrichment/PRISM_CCLE_seed19_enrichment_summary.csv	formal_runs/table_exports/external_enrichment_final_raw.tsv
DepMap_PRISM_CCLE	CCLE/PRISM	MDS	is_fdr_lt_0_05	0.01	304	30380	62	490	0.0432727969450669	4.501696960616339e-14	0.006578947368421	0.005892034233048	1.1165833578359303	0.5326934613077384	external_validation/processed/DepMap_PRISM/model_enrichment/PRISM_CCLE_seed19_enrichment_summary.csv	formal_runs/table_exports/external_enrichment_final_raw.tsv
DepMap_PRISM_CCLE	CCLE/PRISM	MDS	abs_spearman_rho	0.05	1519	30380	62	490	0.0432727969450669	4.501696960616339e-14	0.0433466171264167	0.0403706259660942	1.0737167455075367	0.0003999200159968	external_validation/processed/DepMap_PRISM/model_enrichment/PRISM_CCLE_seed19_enrichment_summary.csv	formal_runs/table_exports/external_enrichment_final_raw.tsv
DepMap_PRISM_CCLE	CCLE/PRISM	MDS	is_p_lt_0_05	0.05	1519	30380	62	490	0.0432727969450669	4.501696960616339e-14	0.1217906517445688	0.0938446346280447	1.2977902490354265	0.0001999600079984	external_validation/processed/DepMap_PRISM/model_enrichment/PRISM_CCLE_seed19_enrichment_summary.csv	formal_runs/table_exports/external_enrichment_final_raw.tsv
DepMap_PRISM_CCLE	CCLE/PRISM	MDS	is_fdr_lt_0_1	0.05	1519	30380	62	490	0.0432727969450669	4.501696960616339e-14	0.0125082290980908	0.0087228439763001	1.4339622641509433	0.0707858428314337	external_validation/processed/DepMap_PRISM/model_enrichment/PRISM_CCLE_seed19_enrichment_summary.csv	formal_runs/table_exports/external_enrichment_final_raw.tsv
DepMap_PRISM_CCLE	CCLE/PRISM	MDS	is_fdr_lt_0_05	0.05	1519	30380	62	490	0.0432727969450669	4.501696960616339e-14	0.0078999341672152	0.005892034233048	1.340782122905028	0.176364727054589	external_validation/processed/DepMap_PRISM/model_enrichment/PRISM_CCLE_seed19_enrichment_summary.csv	formal_runs/table_exports/external_enrichment_final_raw.tsv
DepMap_PRISM_CCLE	CCLE/PRISM	MDS	abs_spearman_rho	0.1	3038	30380	62	490	0.0432727969450669	4.501696960616339e-14	0.0428722241167265	0.0403706259660942	1.0619658003998578	0.0001999600079984	external_validation/processed/DepMap_PRISM/model_enrichment/PRISM_CCLE_seed19_enrichment_summary.csv	formal_runs/table_exports/external_enrichment_final_raw.tsv
DepMap_PRISM_CCLE	CCLE/PRISM	MDS	is_p_lt_0_05	0.1	3038	30380	62	490	0.0432727969450669	4.501696960616339e-14	0.1148782093482554	0.0938446346280447	1.2241318835496318	0.0001999600079984	external_validation/processed/DepMap_PRISM/model_enrichment/PRISM_CCLE_seed19_enrichment_summary.csv	formal_runs/table_exports/external_enrichment_final_raw.tsv
DepMap_PRISM_CCLE	CCLE/PRISM	MDS	is_fdr_lt_0_1	0.1	3038	30380	62	490	0.0432727969450669	4.501696960616339e-14	0.0121790651744568	0.0087228439763001	1.3962264150943395	0.022995400919816	external_validation/processed/DepMap_PRISM/model_enrichment/PRISM_CCLE_seed19_enrichment_summary.csv	formal_runs/table_exports/external_enrichment_final_raw.tsv
DepMap_PRISM_CCLE	CCLE/PRISM	MDS	is_fdr_lt_0_05	0.1	3038	30380	62	490	0.0432727969450669	4.501696960616339e-14	0.0078999341672152	0.005892034233048	1.340782122905028	0.0755848830233953	external_validation/processed/DepMap_PRISM/model_enrichment/PRISM_CCLE_seed19_enrichment_summary.csv	formal_runs/table_exports/external_enrichment_final_raw.tsv
DepMap_PRISM_CCLE	CCLE/PRISM	MDR	abs_spearman_rho	0.01	283	28246	58	487	0.0288464245932811	1.2415917036014222e-06	0.0413498986152709	0.0406502886895189	1.0172104540534883	0.3599280143971206	external_validation/processed/DepMap_PRISM/model_enrichment/PRISM_CCLE_seed1_enrichment_summary.csv	formal_runs/table_exports/external_enrichment_final_raw.tsv
DepMap_PRISM_CCLE	CCLE/PRISM	MDR	is_p_lt_0_05	0.01	283	28246	58	487	0.0288464245932811	1.2415917036014222e-06	0.1060070671378091	0.0970048856475253	1.0928013205746565	0.3351329734053189	external_validation/processed/DepMap_PRISM/model_enrichment/PRISM_CCLE_seed1_enrichment_summary.csv	formal_runs/table_exports/external_enrichment_final_raw.tsv
DepMap_PRISM_CCLE	CCLE/PRISM	MDR	is_fdr_lt_0_1	0.01	283	28246	58	487	0.0288464245932811	1.2415917036014222e-06	0.0035335689045936	0.0108687955816752	0.3251113592154786	0.9562087582483504	external_validation/processed/DepMap_PRISM/model_enrichment/PRISM_CCLE_seed1_enrichment_summary.csv	formal_runs/table_exports/external_enrichment_final_raw.tsv
DepMap_PRISM_CCLE	CCLE/PRISM	MDR	is_fdr_lt_0_05	0.01	283	28246	58	487	0.0288464245932811	1.2415917036014222e-06	0.0035335689045936	0.0072930680450329	0.4845106178599608	0.8760247950409918	external_validation/processed/DepMap_PRISM/model_enrichment/PRISM_CCLE_seed1_enrichment_summary.csv	formal_runs/table_exports/external_enrichment_final_raw.tsv
DepMap_PRISM_CCLE	CCLE/PRISM	MDR	abs_spearman_rho	0.05	1413	28246	58	487	0.0288464245932811	1.2415917036014222e-06	0.0411647691827739	0.0406502886895189	1.0126562568149162	0.276744651069786	external_validation/processed/DepMap_PRISM/model_enrichment/PRISM_CCLE_seed1_enrichment_summary.csv	formal_runs/table_exports/external_enrichment_final_raw.tsv
DepMap_PRISM_CCLE	CCLE/PRISM	MDR	is_p_lt_0_05	0.05	1413	28246	58	487	0.0288464245932811	1.2415917036014222e-06	0.1019108280254777	0.0970048856475253	1.0505741782509648	0.267746450709858	external_validation/processed/DepMap_PRISM/model_enrichment/PRISM_CCLE_seed1_enrichment_summary.csv	formal_runs/table_exports/external_enrichment_final_raw.tsv
DepMap_PRISM_CCLE	CCLE/PRISM	MDR	is_fdr_lt_0_1	0.05	1413	28246	58	487	0.0288464245932811	1.2415917036014222e-06	0.0106157112526539	0.0108687955816752	0.9767145929721917	0.5660867826434713	external_validation/processed/DepMap_PRISM/model_enrichment/PRISM_CCLE_seed1_enrichment_summary.csv	formal_runs/table_exports/external_enrichment_final_raw.tsv
DepMap_PRISM_CCLE	CCLE/PRISM	MDR	is_fdr_lt_0_05	0.05	1413	28246	58	487	0.0288464245932811	1.2415917036014222e-06	0.0070771408351026	0.0072930680450329	0.9703928156714008	0.5708858228354329	external_validation/processed/DepMap_PRISM/model_enrichment/PRISM_CCLE_seed1_enrichment_summary.csv	formal_runs/table_exports/external_enrichment_final_raw.tsv
DepMap_PRISM_CCLE	CCLE/PRISM	MDR	abs_spearman_rho	0.1	2825	28246	58	487	0.0288464245932811	1.2415917036014222e-06	0.0417151646866335	0.0406502886895189	1.0261960254513325	0.036992601479704	external_validation/processed/DepMap_PRISM/model_enrichment/PRISM_CCLE_seed1_enrichment_summary.csv	formal_runs/table_exports/external_enrichment_final_raw.tsv
DepMap_PRISM_CCLE	CCLE/PRISM	MDR	is_p_lt_0_05	0.1	2825	28246	58	487	0.0288464245932811	1.2415917036014222e-06	0.1090265486725663	0.0970048856475253	1.1239284283960986	0.0163967206558688	external_validation/processed/DepMap_PRISM/model_enrichment/PRISM_CCLE_seed1_enrichment_summary.csv	formal_runs/table_exports/external_enrichment_final_raw.tsv
DepMap_PRISM_CCLE	CCLE/PRISM	MDR	is_fdr_lt_0_1	0.1	2825	28246	58	487	0.0288464245932811	1.2415917036014222e-06	0.0099115044247787	0.0108687955816752	0.9119229771410452	0.7256548690261948	external_validation/processed/DepMap_PRISM/model_enrichment/PRISM_CCLE_seed1_enrichment_summary.csv	formal_runs/table_exports/external_enrichment_final_raw.tsv
DepMap_PRISM_CCLE	CCLE/PRISM	MDR	is_fdr_lt_0_05	0.1	2825	28246	58	487	0.0288464245932811	1.2415917036014222e-06	0.0049557522123893	0.0072930680450329	0.679515422287138	0.9568086382723456	external_validation/processed/DepMap_PRISM/model_enrichment/PRISM_CCLE_seed1_enrichment_summary.csv	formal_runs/table_exports/external_enrichment_final_raw.tsv
DepMap_PRISM_CCLE	CCLE/PRISM	MDS	abs_spearman_rho	0.01	304	30380	62	490	0.0355695451753573	5.595281119355715e-10	0.0452492166496858	0.0403706259660942	1.120845059169728	0.0077984403119376	external_validation/processed/DepMap_PRISM/model_enrichment/PRISM_CCLE_seed1_enrichment_summary.csv	formal_runs/table_exports/external_enrichment_final_raw.tsv
DepMap_PRISM_CCLE	CCLE/PRISM	MDS	is_p_lt_0_05	0.01	304	30380	62	490	0.0355695451753573	5.595281119355715e-10	0.1447368421052631	0.0938446346280447	1.5423027931104507	0.0025994801039792	external_validation/processed/DepMap_PRISM/model_enrichment/PRISM_CCLE_seed1_enrichment_summary.csv	formal_runs/table_exports/external_enrichment_final_raw.tsv
DepMap_PRISM_CCLE	CCLE/PRISM	MDS	is_fdr_lt_0_1	0.01	304	30380	62	490	0.0355695451753573	5.595281119355715e-10	0.0131578947368421	0.0087228439763001	1.5084409136047665	0.2851429714057188	external_validation/processed/DepMap_PRISM/model_enrichment/PRISM_CCLE_seed1_enrichment_summary.csv	formal_runs/table_exports/external_enrichment_final_raw.tsv
DepMap_PRISM_CCLE	CCLE/PRISM	MDS	is_fdr_lt_0_05	0.01	304	30380	62	490	0.0355695451753573	5.595281119355715e-10	0.0131578947368421	0.005892034233048	2.233166715671861	0.1091781643671265	external_validation/processed/DepMap_PRISM/model_enrichment/PRISM_CCLE_seed1_enrichment_summary.csv	formal_runs/table_exports/external_enrichment_final_raw.tsv
DepMap_PRISM_CCLE	CCLE/PRISM	MDS	abs_spearman_rho	0.05	1519	30380	62	490	0.0355695451753573	5.595281119355715e-10	0.0427721021315285	0.0403706259660942	1.0594857302299758	0.0013997200559888	external_validation/processed/DepMap_PRISM/model_enrichment/PRISM_CCLE_seed1_enrichment_summary.csv	formal_runs/table_exports/external_enrichment_final_raw.tsv
DepMap_PRISM_CCLE	CCLE/PRISM	MDS	is_p_lt_0_05	0.05	1519	30380	62	490	0.0355695451753573	5.595281119355715e-10	0.1165240289664252	0.0938446346280447	1.241669589617678	0.0015996800639872	external_validation/processed/DepMap_PRISM/model_enrichment/PRISM_CCLE_seed1_enrichment_summary.csv	formal_runs/table_exports/external_enrichment_final_raw.tsv
DepMap_PRISM_CCLE	CCLE/PRISM	MDS	is_fdr_lt_0_1	0.05	1519	30380	62	490	0.0355695451753573	5.595281119355715e-10	0.0131665569453587	0.0087228439763001	1.5094339622641508	0.0437912417516496	external_validation/processed/DepMap_PRISM/model_enrichment/PRISM_CCLE_seed1_enrichment_summary.csv	formal_runs/table_exports/external_enrichment_final_raw.tsv
DepMap_PRISM_CCLE	CCLE/PRISM	MDS	is_fdr_lt_0_05	0.05	1519	30380	62	490	0.0355695451753573	5.595281119355715e-10	0.009874917709019	0.005892034233048	1.675977653631285	0.03999200159968	external_validation/processed/DepMap_PRISM/model_enrichment/PRISM_CCLE_seed1_enrichment_summary.csv	formal_runs/table_exports/external_enrichment_final_raw.tsv
DepMap_PRISM_CCLE	CCLE/PRISM	MDS	abs_spearman_rho	0.1	3038	30380	62	490	0.0355695451753573	5.595281119355715e-10	0.0429934856172393	0.0403706259660942	1.0649695066246423	0.0001999600079984	external_validation/processed/DepMap_PRISM/model_enrichment/PRISM_CCLE_seed1_enrichment_summary.csv	formal_runs/table_exports/external_enrichment_final_raw.tsv
DepMap_PRISM_CCLE	CCLE/PRISM	MDS	is_p_lt_0_05	0.1	3038	30380	62	490	0.0355695451753573	5.595281119355715e-10	0.1148782093482554	0.0938446346280447	1.2241318835496318	0.0001999600079984	external_validation/processed/DepMap_PRISM/model_enrichment/PRISM_CCLE_seed1_enrichment_summary.csv	formal_runs/table_exports/external_enrichment_final_raw.tsv
DepMap_PRISM_CCLE	CCLE/PRISM	MDS	is_fdr_lt_0_1	0.1	3038	30380	62	490	0.0355695451753573	5.595281119355715e-10	0.0128373930217248	0.0087228439763001	1.471698113207547	0.0103979204159168	external_validation/processed/DepMap_PRISM/model_enrichment/PRISM_CCLE_seed1_enrichment_summary.csv	formal_runs/table_exports/external_enrichment_final_raw.tsv
DepMap_PRISM_CCLE	CCLE/PRISM	MDS	is_fdr_lt_0_05	0.1	3038	30380	62	490	0.0355695451753573	5.595281119355715e-10	0.0088874259381171	0.005892034233048	1.5083798882681565	0.0213957208558288	external_validation/processed/DepMap_PRISM/model_enrichment/PRISM_CCLE_seed1_enrichment_summary.csv	formal_runs/table_exports/external_enrichment_final_raw.tsv
DepMap_PRISM_CCLE	CCLE/PRISM	MDR	abs_spearman_rho	0.01	283	28246	58	487	0.0233436456555561	8.722770289686826e-05	0.0454587869112293	0.0406502886895189	1.1182893990848883	0.006998600279944	external_validation/processed/DepMap_PRISM/model_enrichment/PRISM_CCLE_seed20_enrichment_summary.csv	formal_runs/table_exports/external_enrichment_final_raw.tsv
DepMap_PRISM_CCLE	CCLE/PRISM	MDR	is_p_lt_0_05	0.01	283	28246	58	487	0.0233436456555561	8.722770289686826e-05	0.1236749116607773	0.0970048856475253	1.2749348740037658	0.0839832033593281	external_validation/processed/DepMap_PRISM/model_enrichment/PRISM_CCLE_seed20_enrichment_summary.csv	formal_runs/table_exports/external_enrichment_final_raw.tsv
DepMap_PRISM_CCLE	CCLE/PRISM	MDR	is_fdr_lt_0_1	0.01	283	28246	58	487	0.0233436456555561	8.722770289686826e-05	0.0176678445229682	0.0108687955816752	1.6255567960773931	0.2023595280943811	external_validation/processed/DepMap_PRISM/model_enrichment/PRISM_CCLE_seed20_enrichment_summary.csv	formal_runs/table_exports/external_enrichment_final_raw.tsv
DepMap_PRISM_CCLE	CCLE/PRISM	MDR	is_fdr_lt_0_05	0.01	283	28246	58	487	0.0233436456555561	8.722770289686826e-05	0.0141342756183745	0.0072930680450329	1.9380424714398437	0.152369526094781	external_validation/processed/DepMap_PRISM/model_enrichment/PRISM_CCLE_seed20_enrichment_summary.csv	formal_runs/table_exports/external_enrichment_final_raw.tsv
DepMap_PRISM_CCLE	CCLE/PRISM	MDR	abs_spearman_rho	0.05	1413	28246	58	487	0.0233436456555561	8.722770289686826e-05	0.0416269499287665	0.0406502886895189	1.02402593611837	0.1291741651669666	external_validation/processed/DepMap_PRISM/model_enrichment/PRISM_CCLE_seed20_enrichment_summary.csv	formal_runs/table_exports/external_enrichment_final_raw.tsv
DepMap_PRISM_CCLE	CCLE/PRISM	MDR	is_p_lt_0_05	0.05	1413	28246	58	487	0.0233436456555561	8.722770289686826e-05	0.1061571125265392	0.0970048856475253	1.094348102344755	0.127374525094981	external_validation/processed/DepMap_PRISM/model_enrichment/PRISM_CCLE_seed20_enrichment_summary.csv	formal_runs/table_exports/external_enrichment_final_raw.tsv
DepMap_PRISM_CCLE	CCLE/PRISM	MDR	is_fdr_lt_0_1	0.05	1413	28246	58	487	0.0233436456555561	8.722770289686826e-05	0.0120311394196744	0.0108687955816752	1.1069432053684838	0.3617276544691061	external_validation/processed/DepMap_PRISM/model_enrichment/PRISM_CCLE_seed20_enrichment_summary.csv	formal_runs/table_exports/external_enrichment_final_raw.tsv
DepMap_PRISM_CCLE	CCLE/PRISM	MDR	is_fdr_lt_0_05	0.05	1413	28246	58	487	0.0233436456555561	8.722770289686826e-05	0.0070771408351026	0.0072930680450329	0.9703928156714008	0.5758848230353929	external_validation/processed/DepMap_PRISM/model_enrichment/PRISM_CCLE_seed20_enrichment_summary.csv	formal_runs/table_exports/external_enrichment_final_raw.tsv
DepMap_PRISM_CCLE	CCLE/PRISM	MDR	abs_spearman_rho	0.1	2825	28246	58	487	0.0233436456555561	8.722770289686826e-05	0.0420670093617483	0.0406502886895189	1.0348514295445768	0.008998200359928	external_validation/processed/DepMap_PRISM/model_enrichment/PRISM_CCLE_seed20_enrichment_summary.csv	formal_runs/table_exports/external_enrichment_final_raw.tsv
DepMap_PRISM_CCLE	CCLE/PRISM	MDR	is_p_lt_0_05	0.1	2825	28246	58	487	0.0233436456555561	8.722770289686826e-05	0.1107964601769911	0.0970048856475253	1.1421740197661652	0.003999200159968	external_validation/processed/DepMap_PRISM/model_enrichment/PRISM_CCLE_seed20_enrichment_summary.csv	formal_runs/table_exports/external_enrichment_final_raw.tsv
DepMap_PRISM_CCLE	CCLE/PRISM	MDR	is_fdr_lt_0_1	0.1	2825	28246	58	487	0.0233436456555561	8.722770289686826e-05	0.0123893805309734	0.0108687955816752	1.1399037214263066	0.2241551689662067	external_validation/processed/DepMap_PRISM/model_enrichment/PRISM_CCLE_seed20_enrichment_summary.csv	formal_runs/table_exports/external_enrichment_final_raw.tsv
DepMap_PRISM_CCLE	CCLE/PRISM	MDR	is_fdr_lt_0_05	0.1	2825	28246	58	487	0.0233436456555561	8.722770289686826e-05	0.0070796460176991	0.0072930680450329	0.9707363175530545	0.5876824635072986	external_validation/processed/DepMap_PRISM/model_enrichment/PRISM_CCLE_seed20_enrichment_summary.csv	formal_runs/table_exports/external_enrichment_final_raw.tsv
DepMap_PRISM_CCLE	CCLE/PRISM	MDS	abs_spearman_rho	0.01	304	30380	62	490	0.0402065435110724	2.374845047136395e-12	0.0372635904007643	0.0403706259660942	0.92303722097499	0.9548090381923616	external_validation/processed/DepMap_PRISM/model_enrichment/PRISM_CCLE_seed20_enrichment_summary.csv	formal_runs/table_exports/external_enrichment_final_raw.tsv
DepMap_PRISM_CCLE	CCLE/PRISM	MDS	is_p_lt_0_05	0.01	304	30380	62	490	0.0402065435110724	2.374845047136395e-12	0.0756578947368421	0.0938446346280447	0.806203732762281	0.8868226354729054	external_validation/processed/DepMap_PRISM/model_enrichment/PRISM_CCLE_seed20_enrichment_summary.csv	formal_runs/table_exports/external_enrichment_final_raw.tsv
DepMap_PRISM_CCLE	CCLE/PRISM	MDS	is_fdr_lt_0_1	0.01	304	30380	62	490	0.0402065435110724	2.374845047136395e-12	0.0032894736842105	0.0087228439763001	0.3771102284011916	0.9318136372725456	external_validation/processed/DepMap_PRISM/model_enrichment/PRISM_CCLE_seed20_enrichment_summary.csv	formal_runs/table_exports/external_enrichment_final_raw.tsv
DepMap_PRISM_CCLE	CCLE/PRISM	MDS	is_fdr_lt_0_05	0.01	304	30380	62	490	0.0402065435110724	2.374845047136395e-12	0.0032894736842105	0.005892034233048	0.5582916789179653	0.8278344331133773	external_validation/processed/DepMap_PRISM/model_enrichment/PRISM_CCLE_seed20_enrichment_summary.csv	formal_runs/table_exports/external_enrichment_final_raw.tsv
DepMap_PRISM_CCLE	CCLE/PRISM	MDS	abs_spearman_rho	0.05	1519	30380	62	490	0.0402065435110724	2.374845047136395e-12	0.0411270046036867	0.0403706259660942	1.0187358659790842	0.1793641271745651	external_validation/processed/DepMap_PRISM/model_enrichment/PRISM_CCLE_seed20_enrichment_summary.csv	formal_runs/table_exports/external_enrichment_final_raw.tsv
DepMap_PRISM_CCLE	CCLE/PRISM	MDS	is_p_lt_0_05	0.05	1519	30380	62	490	0.0402065435110724	2.374845047136395e-12	0.1026991441737985	0.0938446346280447	1.094352858646089	0.1217756448710258	external_validation/processed/DepMap_PRISM/model_enrichment/PRISM_CCLE_seed20_enrichment_summary.csv	formal_runs/table_exports/external_enrichment_final_raw.tsv
DepMap_PRISM_CCLE	CCLE/PRISM	MDS	is_fdr_lt_0_1	0.05	1519	30380	62	490	0.0402065435110724	2.374845047136395e-12	0.0085582620144832	0.0087228439763001	0.981132075471698	0.5770845830833833	external_validation/processed/DepMap_PRISM/model_enrichment/PRISM_CCLE_seed20_enrichment_summary.csv	formal_runs/table_exports/external_enrichment_final_raw.tsv
DepMap_PRISM_CCLE	CCLE/PRISM	MDS	is_fdr_lt_0_05	0.05	1519	30380	62	490	0.0402065435110724	2.374845047136395e-12	0.0065832784726793	0.005892034233048	1.11731843575419	0.4139172165566886	external_validation/processed/DepMap_PRISM/model_enrichment/PRISM_CCLE_seed20_enrichment_summary.csv	formal_runs/table_exports/external_enrichment_final_raw.tsv
DepMap_PRISM_CCLE	CCLE/PRISM	MDS	abs_spearman_rho	0.1	3038	30380	62	490	0.0402065435110724	2.374845047136395e-12	0.0427074289912904	0.0403706259660942	1.0578837451556693	0.0001999600079984	external_validation/processed/DepMap_PRISM/model_enrichment/PRISM_CCLE_seed20_enrichment_summary.csv	formal_runs/table_exports/external_enrichment_final_raw.tsv
DepMap_PRISM_CCLE	CCLE/PRISM	MDS	is_p_lt_0_05	0.1	3038	30380	62	490	0.0402065435110724	2.374845047136395e-12	0.1112574061882817	0.0938446346280447	1.1855489301999298	0.0005998800239952	external_validation/processed/DepMap_PRISM/model_enrichment/PRISM_CCLE_seed20_enrichment_summary.csv	formal_runs/table_exports/external_enrichment_final_raw.tsv
DepMap_PRISM_CCLE	CCLE/PRISM	MDS	is_fdr_lt_0_1	0.1	3038	30380	62	490	0.0402065435110724	2.374845047136395e-12	0.0131665569453587	0.0087228439763001	1.5094339622641508	0.0073985202959408	external_validation/processed/DepMap_PRISM/model_enrichment/PRISM_CCLE_seed20_enrichment_summary.csv	formal_runs/table_exports/external_enrichment_final_raw.tsv
DepMap_PRISM_CCLE	CCLE/PRISM	MDS	is_fdr_lt_0_05	0.1	3038	30380	62	490	0.0402065435110724	2.374845047136395e-12	0.0095457537853851	0.005892034233048	1.6201117318435754	0.0071985602879424	external_validation/processed/DepMap_PRISM/model_enrichment/PRISM_CCLE_seed20_enrichment_summary.csv	formal_runs/table_exports/external_enrichment_final_raw.tsv
DepMap_PRISM_CCLE	CCLE/PRISM	MDR	abs_spearman_rho	0.01	283	28246	58	487	0.031074434394272	1.755065962263929e-07	0.0459758078699719	0.0406502886895189	1.1310081515319266	0.0047990401919616	external_validation/processed/DepMap_PRISM/model_enrichment/PRISM_CCLE_seed21_enrichment_summary.csv	formal_runs/table_exports/external_enrichment_final_raw.tsv
DepMap_PRISM_CCLE	CCLE/PRISM	MDR	is_p_lt_0_05	0.01	283	28246	58	487	0.031074434394272	1.755065962263929e-07	0.1590106007067137	0.0970048856475253	1.6392019808619844	0.000999800039992	external_validation/processed/DepMap_PRISM/model_enrichment/PRISM_CCLE_seed21_enrichment_summary.csv	formal_runs/table_exports/external_enrichment_final_raw.tsv
DepMap_PRISM_CCLE	CCLE/PRISM	MDR	is_fdr_lt_0_1	0.01	283	28246	58	487	0.031074434394272	1.755065962263929e-07	0.0282685512367491	0.0108687955816752	2.600890873723829	0.0123975204959008	external_validation/processed/DepMap_PRISM/model_enrichment/PRISM_CCLE_seed21_enrichment_summary.csv	formal_runs/table_exports/external_enrichment_final_raw.tsv
DepMap_PRISM_CCLE	CCLE/PRISM	MDR	is_fdr_lt_0_05	0.01	283	28246	58	487	0.031074434394272	1.755065962263929e-07	0.0212014134275618	0.0072930680450329	2.9070637071597654	0.0177964407118576	external_validation/processed/DepMap_PRISM/model_enrichment/PRISM_CCLE_seed21_enrichment_summary.csv	formal_runs/table_exports/external_enrichment_final_raw.tsv
DepMap_PRISM_CCLE	CCLE/PRISM	MDR	abs_spearman_rho	0.05	1413	28246	58	487	0.031074434394272	1.755065962263929e-07	0.0451932397314859	0.0406502886895189	1.1117569195305226	0.0001999600079984	external_validation/processed/DepMap_PRISM/model_enrichment/PRISM_CCLE_seed21_enrichment_summary.csv	formal_runs/table_exports/external_enrichment_final_raw.tsv
DepMap_PRISM_CCLE	CCLE/PRISM	MDR	is_p_lt_0_05	0.05	1413	28246	58	487	0.031074434394272	1.755065962263929e-07	0.1387119603680113	0.0970048856475253	1.429948187063813	0.0001999600079984	external_validation/processed/DepMap_PRISM/model_enrichment/PRISM_CCLE_seed21_enrichment_summary.csv	formal_runs/table_exports/external_enrichment_final_raw.tsv
DepMap_PRISM_CCLE	CCLE/PRISM	MDR	is_fdr_lt_0_1	0.05	1413	28246	58	487	0.031074434394272	1.755065962263929e-07	0.016277423920736	0.0108687955816752	1.4976290425573604	0.0353929214157168	external_validation/processed/DepMap_PRISM/model_enrichment/PRISM_CCLE_seed21_enrichment_summary.csv	formal_runs/table_exports/external_enrichment_final_raw.tsv
DepMap_PRISM_CCLE	CCLE/PRISM	MDR	is_fdr_lt_0_05	0.05	1413	28246	58	487	0.031074434394272	1.755065962263929e-07	0.0099079971691436	0.0072930680450329	1.3585499419399611	0.1467706458708258	external_validation/processed/DepMap_PRISM/model_enrichment/PRISM_CCLE_seed21_enrichment_summary.csv	formal_runs/table_exports/external_enrichment_final_raw.tsv
DepMap_PRISM_CCLE	CCLE/PRISM	MDR	abs_spearman_rho	0.1	2825	28246	58	487	0.031074434394272	1.755065962263929e-07	0.0437781967015819	0.0406502886895189	1.0769467601067615	0.0001999600079984	external_validation/processed/DepMap_PRISM/model_enrichment/PRISM_CCLE_seed21_enrichment_summary.csv	formal_runs/table_exports/external_enrichment_final_raw.tsv
DepMap_PRISM_CCLE	CCLE/PRISM	MDR	is_p_lt_0_05	0.1	2825	28246	58	487	0.031074434394272	1.755065962263929e-07	0.1260176991150442	0.0970048856475253	1.299086105548737	0.0001999600079984	external_validation/processed/DepMap_PRISM/model_enrichment/PRISM_CCLE_seed21_enrichment_summary.csv	formal_runs/table_exports/external_enrichment_final_raw.tsv
DepMap_PRISM_CCLE	CCLE/PRISM	MDR	is_fdr_lt_0_1	0.1	2825	28246	58	487	0.031074434394272	1.755065962263929e-07	0.0141592920353982	0.0108687955816752	1.3027471102014931	0.045990801839632	external_validation/processed/DepMap_PRISM/model_enrichment/PRISM_CCLE_seed21_enrichment_summary.csv	formal_runs/table_exports/external_enrichment_final_raw.tsv
DepMap_PRISM_CCLE	CCLE/PRISM	MDR	is_fdr_lt_0_05	0.1	2825	28246	58	487	0.031074434394272	1.755065962263929e-07	0.0092035398230088	0.0072930680450329	1.2619572128189709	0.1291741651669666	external_validation/processed/DepMap_PRISM/model_enrichment/PRISM_CCLE_seed21_enrichment_summary.csv	formal_runs/table_exports/external_enrichment_final_raw.tsv
DepMap_PRISM_CCLE	CCLE/PRISM	MDS	abs_spearman_rho	0.01	304	30380	62	490	0.0402541634805393	2.2378169992148737e-12	0.0407215957031765	0.0403706259660942	1.008693690738832	0.4179164167166567	external_validation/processed/DepMap_PRISM/model_enrichment/PRISM_CCLE_seed21_enrichment_summary.csv	formal_runs/table_exports/external_enrichment_final_raw.tsv
DepMap_PRISM_CCLE	CCLE/PRISM	MDS	is_p_lt_0_05	0.01	304	30380	62	490	0.0402541634805393	2.2378169992148737e-12	0.1085526315789473	0.0938446346280447	1.156727094832838	0.2143571285742851	external_validation/processed/DepMap_PRISM/model_enrichment/PRISM_CCLE_seed21_enrichment_summary.csv	formal_runs/table_exports/external_enrichment_final_raw.tsv
DepMap_PRISM_CCLE	CCLE/PRISM	MDS	is_fdr_lt_0_1	0.01	304	30380	62	490	0.0402541634805393	2.2378169992148737e-12	0.0098684210526315	0.0087228439763001	1.131330685203575	0.496500699860028	external_validation/processed/DepMap_PRISM/model_enrichment/PRISM_CCLE_seed21_enrichment_summary.csv	formal_runs/table_exports/external_enrichment_final_raw.tsv
DepMap_PRISM_CCLE	CCLE/PRISM	MDS	is_fdr_lt_0_05	0.01	304	30380	62	490	0.0402541634805393	2.2378169992148737e-12	0.0032894736842105	0.005892034233048	0.5582916789179653	0.846630673865227	external_validation/processed/DepMap_PRISM/model_enrichment/PRISM_CCLE_seed21_enrichment_summary.csv	formal_runs/table_exports/external_enrichment_final_raw.tsv
DepMap_PRISM_CCLE	CCLE/PRISM	MDS	abs_spearman_rho	0.05	1519	30380	62	490	0.0402541634805393	2.2378169992148737e-12	0.043033035008687	0.0403706259660942	1.065949164247017	0.0013997200559888	external_validation/processed/DepMap_PRISM/model_enrichment/PRISM_CCLE_seed21_enrichment_summary.csv	formal_runs/table_exports/external_enrichment_final_raw.tsv
DepMap_PRISM_CCLE	CCLE/PRISM	MDS	is_p_lt_0_05	0.05	1519	30380	62	490	0.0402541634805393	2.2378169992148737e-12	0.1198156682027649	0.0938446346280447	1.2767450017537705	0.0005998800239952	external_validation/processed/DepMap_PRISM/model_enrichment/PRISM_CCLE_seed21_enrichment_summary.csv	formal_runs/table_exports/external_enrichment_final_raw.tsv
DepMap_PRISM_CCLE	CCLE/PRISM	MDS	is_fdr_lt_0_1	0.05	1519	30380	62	490	0.0402541634805393	2.2378169992148737e-12	0.0125082290980908	0.0087228439763001	1.4339622641509433	0.0739852029594081	external_validation/processed/DepMap_PRISM/model_enrichment/PRISM_CCLE_seed21_enrichment_summary.csv	formal_runs/table_exports/external_enrichment_final_raw.tsv
DepMap_PRISM_CCLE	CCLE/PRISM	MDS	is_fdr_lt_0_05	0.05	1519	30380	62	490	0.0402541634805393	2.2378169992148737e-12	0.0072416063199473	0.005892034233048	1.2290502793296088	0.2829434113177364	external_validation/processed/DepMap_PRISM/model_enrichment/PRISM_CCLE_seed21_enrichment_summary.csv	formal_runs/table_exports/external_enrichment_final_raw.tsv
DepMap_PRISM_CCLE	CCLE/PRISM	MDS	abs_spearman_rho	0.1	3038	30380	62	490	0.0402541634805393	2.2378169992148737e-12	0.0440293038680544	0.0403706259660942	1.0906272274557498	0.0001999600079984	external_validation/processed/DepMap_PRISM/model_enrichment/PRISM_CCLE_seed21_enrichment_summary.csv	formal_runs/table_exports/external_enrichment_final_raw.tsv
DepMap_PRISM_CCLE	CCLE/PRISM	MDS	is_p_lt_0_05	0.1	3038	30380	62	490	0.0402541634805393	2.2378169992148737e-12	0.1247531270572745	0.0938446346280447	1.3293581199579094	0.0001999600079984	external_validation/processed/DepMap_PRISM/model_enrichment/PRISM_CCLE_seed21_enrichment_summary.csv	formal_runs/table_exports/external_enrichment_final_raw.tsv
DepMap_PRISM_CCLE	CCLE/PRISM	MDS	is_fdr_lt_0_1	0.1	3038	30380	62	490	0.0402541634805393	2.2378169992148737e-12	0.0128373930217248	0.0087228439763001	1.471698113207547	0.0105978804239152	external_validation/processed/DepMap_PRISM/model_enrichment/PRISM_CCLE_seed21_enrichment_summary.csv	formal_runs/table_exports/external_enrichment_final_raw.tsv
DepMap_PRISM_CCLE	CCLE/PRISM	MDS	is_fdr_lt_0_05	0.1	3038	30380	62	490	0.0402541634805393	2.2378169992148737e-12	0.0092165898617511	0.005892034233048	1.5642458100558658	0.0115976804639072	external_validation/processed/DepMap_PRISM/model_enrichment/PRISM_CCLE_seed21_enrichment_summary.csv	formal_runs/table_exports/external_enrichment_final_raw.tsv
DepMap_PRISM_CCLE	CCLE/PRISM	MDR	abs_spearman_rho	0.01	283	28246	58	487	0.038715675354274	7.569296767417483e-11	0.0471284415605853	0.0406502886895189	1.1593630225001754	0.000999800039992	external_validation/processed/DepMap_PRISM/model_enrichment/PRISM_CCLE_seed22_enrichment_summary.csv	formal_runs/table_exports/external_enrichment_final_raw.tsv
DepMap_PRISM_CCLE	CCLE/PRISM	MDR	is_p_lt_0_05	0.01	283	28246	58	487	0.038715675354274	7.569296767417483e-11	0.1413427561837456	0.0970048856475253	1.4570684274328751	0.0091981603679264	external_validation/processed/DepMap_PRISM/model_enrichment/PRISM_CCLE_seed22_enrichment_summary.csv	formal_runs/table_exports/external_enrichment_final_raw.tsv
DepMap_PRISM_CCLE	CCLE/PRISM	MDR	is_fdr_lt_0_1	0.01	283	28246	58	487	0.038715675354274	7.569296767417483e-11	0.0106007067137809	0.0108687955816752	0.975334077646436	0.6030793841231754	external_validation/processed/DepMap_PRISM/model_enrichment/PRISM_CCLE_seed22_enrichment_summary.csv	formal_runs/table_exports/external_enrichment_final_raw.tsv
DepMap_PRISM_CCLE	CCLE/PRISM	MDR	is_fdr_lt_0_05	0.01	283	28246	58	487	0.038715675354274	7.569296767417483e-11	0.0070671378091872	0.0072930680450329	0.9690212357199216	0.6176764647070586	external_validation/processed/DepMap_PRISM/model_enrichment/PRISM_CCLE_seed22_enrichment_summary.csv	formal_runs/table_exports/external_enrichment_final_raw.tsv
DepMap_PRISM_CCLE	CCLE/PRISM	MDR	abs_spearman_rho	0.05	1413	28246	58	487	0.038715675354274	7.569296767417483e-11	0.0417478070803066	0.0406502886895189	1.0269990306629908	0.1121775644871025	external_validation/processed/DepMap_PRISM/model_enrichment/PRISM_CCLE_seed22_enrichment_summary.csv	formal_runs/table_exports/external_enrichment_final_raw.tsv
DepMap_PRISM_CCLE	CCLE/PRISM	MDR	is_p_lt_0_05	0.05	1413	28246	58	487	0.038715675354274	7.569296767417483e-11	0.1139419674451521	0.0970048856475253	1.1746002965167035	0.0193961207758448	external_validation/processed/DepMap_PRISM/model_enrichment/PRISM_CCLE_seed22_enrichment_summary.csv	formal_runs/table_exports/external_enrichment_final_raw.tsv
DepMap_PRISM_CCLE	CCLE/PRISM	MDR	is_fdr_lt_0_1	0.05	1413	28246	58	487	0.038715675354274	7.569296767417483e-11	0.0084925690021231	0.0108687955816752	0.7813716743777533	0.8498300339932013	external_validation/processed/DepMap_PRISM/model_enrichment/PRISM_CCLE_seed22_enrichment_summary.csv	formal_runs/table_exports/external_enrichment_final_raw.tsv
DepMap_PRISM_CCLE	CCLE/PRISM	MDR	is_fdr_lt_0_05	0.05	1413	28246	58	487	0.038715675354274	7.569296767417483e-11	0.0035385704175513	0.0072930680450329	0.4851964078357003	0.9788042391521696	external_validation/processed/DepMap_PRISM/model_enrichment/PRISM_CCLE_seed22_enrichment_summary.csv	formal_runs/table_exports/external_enrichment_final_raw.tsv
DepMap_PRISM_CCLE	CCLE/PRISM	MDR	abs_spearman_rho	0.1	2825	28246	58	487	0.038715675354274	7.569296767417483e-11	0.041036615853187	0.0406502886895189	1.00950367577015	0.2553489302139572	external_validation/processed/DepMap_PRISM/model_enrichment/PRISM_CCLE_seed22_enrichment_summary.csv	formal_runs/table_exports/external_enrichment_final_raw.tsv
DepMap_PRISM_CCLE	CCLE/PRISM	MDR	is_p_lt_0_05	0.1	2825	28246	58	487	0.038715675354274	7.569296767417483e-11	0.103716814159292	0.0970048856475253	1.069191654285899	0.1059788042391521	external_validation/processed/DepMap_PRISM/model_enrichment/PRISM_CCLE_seed22_enrichment_summary.csv	formal_runs/table_exports/external_enrichment_final_raw.tsv
DepMap_PRISM_CCLE	CCLE/PRISM	MDR	is_fdr_lt_0_1	0.1	2825	28246	58	487	0.038715675354274	7.569296767417483e-11	0.0102654867256637	0.0108687955816752	0.9444916548960828	0.6568686262747451	external_validation/processed/DepMap_PRISM/model_enrichment/PRISM_CCLE_seed22_enrichment_summary.csv	formal_runs/table_exports/external_enrichment_final_raw.tsv
DepMap_PRISM_CCLE	CCLE/PRISM	MDR	is_fdr_lt_0_05	0.1	2825	28246	58	487	0.038715675354274	7.569296767417483e-11	0.0056637168141592	0.0072930680450329	0.7765890540424435	0.8884223155368927	external_validation/processed/DepMap_PRISM/model_enrichment/PRISM_CCLE_seed22_enrichment_summary.csv	formal_runs/table_exports/external_enrichment_final_raw.tsv
DepMap_PRISM_CCLE	CCLE/PRISM	MDS	abs_spearman_rho	0.01	304	30380	62	490	0.047295408578594	1.6133795812498794e-16	0.0412745625447677	0.0403706259660942	1.0223909478003328	0.3083383323335333	external_validation/processed/DepMap_PRISM/model_enrichment/PRISM_CCLE_seed22_enrichment_summary.csv	formal_runs/table_exports/external_enrichment_final_raw.tsv
DepMap_PRISM_CCLE	CCLE/PRISM	MDS	is_p_lt_0_05	0.01	304	30380	62	490	0.047295408578594	1.6133795812498794e-16	0.1019736842105263	0.0938446346280447	1.0866224224187266	0.3345330933813237	external_validation/processed/DepMap_PRISM/model_enrichment/PRISM_CCLE_seed22_enrichment_summary.csv	formal_runs/table_exports/external_enrichment_final_raw.tsv
DepMap_PRISM_CCLE	CCLE/PRISM	MDS	is_fdr_lt_0_1	0.01	304	30380	62	490	0.047295408578594	1.6133795812498794e-16	0.0131578947368421	0.0087228439763001	1.5084409136047665	0.272745450909818	external_validation/processed/DepMap_PRISM/model_enrichment/PRISM_CCLE_seed22_enrichment_summary.csv	formal_runs/table_exports/external_enrichment_final_raw.tsv
DepMap_PRISM_CCLE	CCLE/PRISM	MDS	is_fdr_lt_0_05	0.01	304	30380	62	490	0.047295408578594	1.6133795812498794e-16	0.0098684210526315	0.005892034233048	1.6748750367538958	0.2725454909018196	external_validation/processed/DepMap_PRISM/model_enrichment/PRISM_CCLE_seed22_enrichment_summary.csv	formal_runs/table_exports/external_enrichment_final_raw.tsv
DepMap_PRISM_CCLE	CCLE/PRISM	MDS	abs_spearman_rho	0.05	1519	30380	62	490	0.047295408578594	1.6133795812498794e-16	0.0450074771076185	0.0403706259660942	1.1148570533788271	0.0001999600079984	external_validation/processed/DepMap_PRISM/model_enrichment/PRISM_CCLE_seed22_enrichment_summary.csv	formal_runs/table_exports/external_enrichment_final_raw.tsv
DepMap_PRISM_CCLE	CCLE/PRISM	MDS	is_p_lt_0_05	0.05	1519	30380	62	490	0.047295408578594	1.6133795812498794e-16	0.1336405529953917	0.0938446346280447	1.4240617327253595	0.0001999600079984	external_validation/processed/DepMap_PRISM/model_enrichment/PRISM_CCLE_seed22_enrichment_summary.csv	formal_runs/table_exports/external_enrichment_final_raw.tsv
DepMap_PRISM_CCLE	CCLE/PRISM	MDS	is_fdr_lt_0_1	0.05	1519	30380	62	490	0.047295408578594	1.6133795812498794e-16	0.0171165240289664	0.0087228439763001	1.962264150943396	0.0013997200559888	external_validation/processed/DepMap_PRISM/model_enrichment/PRISM_CCLE_seed22_enrichment_summary.csv	formal_runs/table_exports/external_enrichment_final_raw.tsv
DepMap_PRISM_CCLE	CCLE/PRISM	MDS	is_fdr_lt_0_05	0.05	1519	30380	62	490	0.047295408578594	1.6133795812498794e-16	0.0111915734035549	0.005892034233048	1.899441340782123	0.006998600279944	external_validation/processed/DepMap_PRISM/model_enrichment/PRISM_CCLE_seed22_enrichment_summary.csv	formal_runs/table_exports/external_enrichment_final_raw.tsv
DepMap_PRISM_CCLE	CCLE/PRISM	MDS	abs_spearman_rho	0.1	3038	30380	62	490	0.047295408578594	1.6133795812498794e-16	0.0450479400279124	0.0403706259660942	1.1158593395541228	0.0001999600079984	external_validation/processed/DepMap_PRISM/model_enrichment/PRISM_CCLE_seed22_enrichment_summary.csv	formal_runs/table_exports/external_enrichment_final_raw.tsv
DepMap_PRISM_CCLE	CCLE/PRISM	MDS	is_p_lt_0_05	0.1	3038	30380	62	490	0.047295408578594	1.6133795812498794e-16	0.1319947333772218	0.0938446346280447	1.4065240266573134	0.0001999600079984	external_validation/processed/DepMap_PRISM/model_enrichment/PRISM_CCLE_seed22_enrichment_summary.csv	formal_runs/table_exports/external_enrichment_final_raw.tsv
DepMap_PRISM_CCLE	CCLE/PRISM	MDS	is_fdr_lt_0_1	0.1	3038	30380	62	490	0.047295408578594	1.6133795812498794e-16	0.0184331797235023	0.0087228439763001	2.1132075471698117	0.0001999600079984	external_validation/processed/DepMap_PRISM/model_enrichment/PRISM_CCLE_seed22_enrichment_summary.csv	formal_runs/table_exports/external_enrichment_final_raw.tsv
DepMap_PRISM_CCLE	CCLE/PRISM	MDS	is_fdr_lt_0_05	0.1	3038	30380	62	490	0.047295408578594	1.6133795812498794e-16	0.0125082290980908	0.005892034233048	2.1229050279329607	0.0001999600079984	external_validation/processed/DepMap_PRISM/model_enrichment/PRISM_CCLE_seed22_enrichment_summary.csv	formal_runs/table_exports/external_enrichment_final_raw.tsv
DepMap_PRISM_CCLE	CCLE/PRISM	MDR	abs_spearman_rho	0.01	283	28246	58	487	0.0333893355243657	1.989512774612024e-08	0.0427386047779895	0.0406502886895189	1.051372724666752	0.130373925214957	external_validation/processed/DepMap_PRISM/model_enrichment/PRISM_CCLE_seed23_enrichment_summary.csv	formal_runs/table_exports/external_enrichment_final_raw.tsv
DepMap_PRISM_CCLE	CCLE/PRISM	MDR	is_p_lt_0_05	0.01	283	28246	58	487	0.0333893355243657	1.989512774612024e-08	0.1236749116607773	0.0970048856475253	1.2749348740037658	0.0791841631673665	external_validation/processed/DepMap_PRISM/model_enrichment/PRISM_CCLE_seed23_enrichment_summary.csv	formal_runs/table_exports/external_enrichment_final_raw.tsv
DepMap_PRISM_CCLE	CCLE/PRISM	MDR	is_fdr_lt_0_1	0.01	283	28246	58	487	0.0333893355243657	1.989512774612024e-08	0.0035335689045936	0.0108687955816752	0.3251113592154786	0.9474105178964208	external_validation/processed/DepMap_PRISM/model_enrichment/PRISM_CCLE_seed23_enrichment_summary.csv	formal_runs/table_exports/external_enrichment_final_raw.tsv
DepMap_PRISM_CCLE	CCLE/PRISM	MDR	is_fdr_lt_0_05	0.01	283	28246	58	487	0.0333893355243657	1.989512774612024e-08	0.0035335689045936	0.0072930680450329	0.4845106178599608	0.8720255948810238	external_validation/processed/DepMap_PRISM/model_enrichment/PRISM_CCLE_seed23_enrichment_summary.csv	formal_runs/table_exports/external_enrichment_final_raw.tsv
DepMap_PRISM_CCLE	CCLE/PRISM	MDR	abs_spearman_rho	0.05	1413	28246	58	487	0.0333893355243657	1.989512774612024e-08	0.0407953253653625	0.0406502886895189	1.0035679125664134	0.4239152169566086	external_validation/processed/DepMap_PRISM/model_enrichment/PRISM_CCLE_seed23_enrichment_summary.csv	formal_runs/table_exports/external_enrichment_final_raw.tsv
DepMap_PRISM_CCLE	CCLE/PRISM	MDR	is_p_lt_0_05	0.05	1413	28246	58	487	0.0333893355243657	1.989512774612024e-08	0.1033262561924982	0.0970048856475253	1.0651654862822282	0.2155568886222755	external_validation/processed/DepMap_PRISM/model_enrichment/PRISM_CCLE_seed23_enrichment_summary.csv	formal_runs/table_exports/external_enrichment_final_raw.tsv
DepMap_PRISM_CCLE	CCLE/PRISM	MDR	is_fdr_lt_0_1	0.05	1413	28246	58	487	0.0333893355243657	1.989512774612024e-08	0.0106157112526539	0.0108687955816752	0.9767145929721917	0.5734853029394121	external_validation/processed/DepMap_PRISM/model_enrichment/PRISM_CCLE_seed23_enrichment_summary.csv	formal_runs/table_exports/external_enrichment_final_raw.tsv
DepMap_PRISM_CCLE	CCLE/PRISM	MDR	is_fdr_lt_0_05	0.05	1413	28246	58	487	0.0333893355243657	1.989512774612024e-08	0.0070771408351026	0.0072930680450329	0.9703928156714008	0.5786842631473705	external_validation/processed/DepMap_PRISM/model_enrichment/PRISM_CCLE_seed23_enrichment_summary.csv	formal_runs/table_exports/external_enrichment_final_raw.tsv
DepMap_PRISM_CCLE	CCLE/PRISM	MDR	abs_spearman_rho	0.1	2825	28246	58	487	0.0333893355243657	1.989512774612024e-08	0.0414528653112219	0.0406502886895189	1.019743442115086	0.0871825634873025	external_validation/processed/DepMap_PRISM/model_enrichment/PRISM_CCLE_seed23_enrichment_summary.csv	formal_runs/table_exports/external_enrichment_final_raw.tsv
DepMap_PRISM_CCLE	CCLE/PRISM	MDR	is_p_lt_0_05	0.1	2825	28246	58	487	0.0333893355243657	1.989512774612024e-08	0.1047787610619469	0.0970048856475253	1.0801390091079388	0.0799840031993601	external_validation/processed/DepMap_PRISM/model_enrichment/PRISM_CCLE_seed23_enrichment_summary.csv	formal_runs/table_exports/external_enrichment_final_raw.tsv
DepMap_PRISM_CCLE	CCLE/PRISM	MDR	is_fdr_lt_0_1	0.1	2825	28246	58	487	0.0333893355243657	1.989512774612024e-08	0.0113274336283185	0.0108687955816752	1.0421976881611943	0.4253149370125975	external_validation/processed/DepMap_PRISM/model_enrichment/PRISM_CCLE_seed23_enrichment_summary.csv	formal_runs/table_exports/external_enrichment_final_raw.tsv
DepMap_PRISM_CCLE	CCLE/PRISM	MDR	is_fdr_lt_0_05	0.1	2825	28246	58	487	0.0333893355243657	1.989512774612024e-08	0.0070796460176991	0.0072930680450329	0.9707363175530545	0.586882623475305	external_validation/processed/DepMap_PRISM/model_enrichment/PRISM_CCLE_seed23_enrichment_summary.csv	formal_runs/table_exports/external_enrichment_final_raw.tsv
DepMap_PRISM_CCLE	CCLE/PRISM	MDS	abs_spearman_rho	0.01	304	30380	62	490	0.0302263473155917	1.368726691645363e-07	0.0381196061651031	0.0403706259660942	0.9442411469447716	0.8858228354329134	external_validation/processed/DepMap_PRISM/model_enrichment/PRISM_CCLE_seed23_enrichment_summary.csv	formal_runs/table_exports/external_enrichment_final_raw.tsv
DepMap_PRISM_CCLE	CCLE/PRISM	MDS	is_p_lt_0_05	0.01	304	30380	62	490	0.0302263473155917	1.368726691645363e-07	0.0789473684210526	0.0938446346280447	0.8412560689693367	0.8378324335132974	external_validation/processed/DepMap_PRISM/model_enrichment/PRISM_CCLE_seed23_enrichment_summary.csv	formal_runs/table_exports/external_enrichment_final_raw.tsv
DepMap_PRISM_CCLE	CCLE/PRISM	MDS	is_fdr_lt_0_1	0.01	304	30380	62	490	0.0302263473155917	1.368726691645363e-07	0.0131578947368421	0.0087228439763001	1.5084409136047665	0.2809438112377524	external_validation/processed/DepMap_PRISM/model_enrichment/PRISM_CCLE_seed23_enrichment_summary.csv	formal_runs/table_exports/external_enrichment_final_raw.tsv
DepMap_PRISM_CCLE	CCLE/PRISM	MDS	is_fdr_lt_0_05	0.01	304	30380	62	490	0.0302263473155917	1.368726691645363e-07	0.006578947368421	0.005892034233048	1.1165833578359303	0.5398920215956808	external_validation/processed/DepMap_PRISM/model_enrichment/PRISM_CCLE_seed23_enrichment_summary.csv	formal_runs/table_exports/external_enrichment_final_raw.tsv
DepMap_PRISM_CCLE	CCLE/PRISM	MDS	abs_spearman_rho	0.05	1519	30380	62	490	0.0302263473155917	1.368726691645363e-07	0.0430352295680341	0.0403706259660942	1.066003524547226	0.0005998800239952	external_validation/processed/DepMap_PRISM/model_enrichment/PRISM_CCLE_seed23_enrichment_summary.csv	formal_runs/table_exports/external_enrichment_final_raw.tsv
DepMap_PRISM_CCLE	CCLE/PRISM	MDS	is_p_lt_0_05	0.05	1519	30380	62	490	0.0302263473155917	1.368726691645363e-07	0.1171823568136932	0.0938446346280447	1.2486846720448963	0.001999600079984	external_validation/processed/DepMap_PRISM/model_enrichment/PRISM_CCLE_seed23_enrichment_summary.csv	formal_runs/table_exports/external_enrichment_final_raw.tsv
DepMap_PRISM_CCLE	CCLE/PRISM	MDS	is_fdr_lt_0_1	0.05	1519	30380	62	490	0.0302263473155917	1.368726691645363e-07	0.0131665569453587	0.0087228439763001	1.5094339622641508	0.050989802039592	external_validation/processed/DepMap_PRISM/model_enrichment/PRISM_CCLE_seed23_enrichment_summary.csv	formal_runs/table_exports/external_enrichment_final_raw.tsv
DepMap_PRISM_CCLE	CCLE/PRISM	MDS	is_fdr_lt_0_05	0.05	1519	30380	62	490	0.0302263473155917	1.368726691645363e-07	0.0085582620144832	0.005892034233048	1.4525139664804467	0.122375524895021	external_validation/processed/DepMap_PRISM/model_enrichment/PRISM_CCLE_seed23_enrichment_summary.csv	formal_runs/table_exports/external_enrichment_final_raw.tsv
DepMap_PRISM_CCLE	CCLE/PRISM	MDS	abs_spearman_rho	0.1	3038	30380	62	490	0.0302263473155917	1.368726691645363e-07	0.0423177239382332	0.0403706259660942	1.048230561839055	0.0005998800239952	external_validation/processed/DepMap_PRISM/model_enrichment/PRISM_CCLE_seed23_enrichment_summary.csv	formal_runs/table_exports/external_enrichment_final_raw.tsv
DepMap_PRISM_CCLE	CCLE/PRISM	MDS	is_p_lt_0_05	0.1	3038	30380	62	490	0.0302263473155917	1.368726691645363e-07	0.1138907175773535	0.0938446346280447	1.213609259908804	0.0001999600079984	external_validation/processed/DepMap_PRISM/model_enrichment/PRISM_CCLE_seed23_enrichment_summary.csv	formal_runs/table_exports/external_enrichment_final_raw.tsv
DepMap_PRISM_CCLE	CCLE/PRISM	MDS	is_fdr_lt_0_1	0.1	3038	30380	62	490	0.0302263473155917	1.368726691645363e-07	0.0111915734035549	0.0087228439763001	1.2830188679245282	0.0865826834633073	external_validation/processed/DepMap_PRISM/model_enrichment/PRISM_CCLE_seed23_enrichment_summary.csv	formal_runs/table_exports/external_enrichment_final_raw.tsv
DepMap_PRISM_CCLE	CCLE/PRISM	MDS	is_fdr_lt_0_05	0.1	3038	30380	62	490	0.0302263473155917	1.368726691645363e-07	0.0072416063199473	0.005892034233048	1.2290502793296088	0.1867626474705059	external_validation/processed/DepMap_PRISM/model_enrichment/PRISM_CCLE_seed23_enrichment_summary.csv	formal_runs/table_exports/external_enrichment_final_raw.tsv
DepMap_PRISM_CCLE	CCLE/PRISM	MDR	abs_spearman_rho	0.01	283	28246	58	487	0.0355210694366227	2.351035010892572e-09	0.0432155992983806	0.0406502886895189	1.0631068238765835	0.0947810437912417	external_validation/processed/DepMap_PRISM/model_enrichment/PRISM_CCLE_seed24_enrichment_summary.csv	formal_runs/table_exports/external_enrichment_final_raw.tsv
DepMap_PRISM_CCLE	CCLE/PRISM	MDR	is_p_lt_0_05	0.01	283	28246	58	487	0.0355210694366227	2.351035010892572e-09	0.1307420494699646	0.0970048856475253	1.3477882953754097	0.0401919616076784	external_validation/processed/DepMap_PRISM/model_enrichment/PRISM_CCLE_seed24_enrichment_summary.csv	formal_runs/table_exports/external_enrichment_final_raw.tsv
DepMap_PRISM_CCLE	CCLE/PRISM	MDR	is_fdr_lt_0_1	0.01	283	28246	58	487	0.0355210694366227	2.351035010892572e-09	0.0176678445229682	0.0108687955816752	1.6255567960773931	0.1883623275344931	external_validation/processed/DepMap_PRISM/model_enrichment/PRISM_CCLE_seed24_enrichment_summary.csv	formal_runs/table_exports/external_enrichment_final_raw.tsv
DepMap_PRISM_CCLE	CCLE/PRISM	MDR	is_fdr_lt_0_05	0.01	283	28246	58	487	0.0355210694366227	2.351035010892572e-09	0.0106007067137809	0.0072930680450329	1.453531853579883	0.3463307338532294	external_validation/processed/DepMap_PRISM/model_enrichment/PRISM_CCLE_seed24_enrichment_summary.csv	formal_runs/table_exports/external_enrichment_final_raw.tsv
DepMap_PRISM_CCLE	CCLE/PRISM	MDR	abs_spearman_rho	0.05	1413	28246	58	487	0.0355210694366227	2.351035010892572e-09	0.0427341482084606	0.0406502886895189	1.051263092738601	0.007998400319936	external_validation/processed/DepMap_PRISM/model_enrichment/PRISM_CCLE_seed24_enrichment_summary.csv	formal_runs/table_exports/external_enrichment_final_raw.tsv
DepMap_PRISM_CCLE	CCLE/PRISM	MDR	is_p_lt_0_05	0.05	1413	28246	58	487	0.0355210694366227	2.351035010892572e-09	0.1181882519462137	0.0970048856475253	1.2183742206104935	0.0047990401919616	external_validation/processed/DepMap_PRISM/model_enrichment/PRISM_CCLE_seed24_enrichment_summary.csv	formal_runs/table_exports/external_enrichment_final_raw.tsv
DepMap_PRISM_CCLE	CCLE/PRISM	MDR	is_fdr_lt_0_1	0.05	1413	28246	58	487	0.0355210694366227	2.351035010892572e-09	0.0120311394196744	0.0108687955816752	1.1069432053684838	0.3709258148370326	external_validation/processed/DepMap_PRISM/model_enrichment/PRISM_CCLE_seed24_enrichment_summary.csv	formal_runs/table_exports/external_enrichment_final_raw.tsv
DepMap_PRISM_CCLE	CCLE/PRISM	MDR	is_fdr_lt_0_05	0.05	1413	28246	58	487	0.0355210694366227	2.351035010892572e-09	0.0077848549186128	0.0072930680450329	1.067432097238541	0.4555088982203559	external_validation/processed/DepMap_PRISM/model_enrichment/PRISM_CCLE_seed24_enrichment_summary.csv	formal_runs/table_exports/external_enrichment_final_raw.tsv
DepMap_PRISM_CCLE	CCLE/PRISM	MDR	abs_spearman_rho	0.1	2825	28246	58	487	0.0355210694366227	2.351035010892572e-09	0.0429215673816852	0.0406502886895189	1.0558736177623251	0.0001999600079984	external_validation/processed/DepMap_PRISM/model_enrichment/PRISM_CCLE_seed24_enrichment_summary.csv	formal_runs/table_exports/external_enrichment_final_raw.tsv
DepMap_PRISM_CCLE	CCLE/PRISM	MDR	is_p_lt_0_05	0.1	2825	28246	58	487	0.0355210694366227	2.351035010892572e-09	0.1189380530973451	0.0970048856475253	1.2261037400684711	0.0001999600079984	external_validation/processed/DepMap_PRISM/model_enrichment/PRISM_CCLE_seed24_enrichment_summary.csv	formal_runs/table_exports/external_enrichment_final_raw.tsv
DepMap_PRISM_CCLE	CCLE/PRISM	MDR	is_fdr_lt_0_1	0.1	2825	28246	58	487	0.0355210694366227	2.351035010892572e-09	0.0116814159292035	0.0108687955816752	1.074766365916232	0.357128574285143	external_validation/processed/DepMap_PRISM/model_enrichment/PRISM_CCLE_seed24_enrichment_summary.csv	formal_runs/table_exports/external_enrichment_final_raw.tsv
DepMap_PRISM_CCLE	CCLE/PRISM	MDR	is_fdr_lt_0_05	0.1	2825	28246	58	487	0.0355210694366227	2.351035010892572e-09	0.0081415929203539	0.0072930680450329	1.1163467651860124	0.3201359728054389	external_validation/processed/DepMap_PRISM/model_enrichment/PRISM_CCLE_seed24_enrichment_summary.csv	formal_runs/table_exports/external_enrichment_final_raw.tsv
DepMap_PRISM_CCLE	CCLE/PRISM	MDS	abs_spearman_rho	0.01	304	30380	62	490	0.0458672128186416	1.2597351070430773e-15	0.0459768740298402	0.0403706259660942	1.1388694856615422	0.000999800039992	external_validation/processed/DepMap_PRISM/model_enrichment/PRISM_CCLE_seed24_enrichment_summary.csv	formal_runs/table_exports/external_enrichment_final_raw.tsv
DepMap_PRISM_CCLE	CCLE/PRISM	MDS	is_p_lt_0_05	0.01	304	30380	62	490	0.0458672128186416	1.2597351070430773e-15	0.1414473684210526	0.0938446346280447	1.5072504569033949	0.002999400119976	external_validation/processed/DepMap_PRISM/model_enrichment/PRISM_CCLE_seed24_enrichment_summary.csv	formal_runs/table_exports/external_enrichment_final_raw.tsv
DepMap_PRISM_CCLE	CCLE/PRISM	MDS	is_fdr_lt_0_1	0.01	304	30380	62	490	0.0458672128186416	1.2597351070430773e-15	0.0098684210526315	0.0087228439763001	1.131330685203575	0.5030993801239753	external_validation/processed/DepMap_PRISM/model_enrichment/PRISM_CCLE_seed24_enrichment_summary.csv	formal_runs/table_exports/external_enrichment_final_raw.tsv
DepMap_PRISM_CCLE	CCLE/PRISM	MDS	is_fdr_lt_0_05	0.01	304	30380	62	490	0.0458672128186416	1.2597351070430773e-15	0.0098684210526315	0.005892034233048	1.6748750367538958	0.2683463307338532	external_validation/processed/DepMap_PRISM/model_enrichment/PRISM_CCLE_seed24_enrichment_summary.csv	formal_runs/table_exports/external_enrichment_final_raw.tsv
DepMap_PRISM_CCLE	CCLE/PRISM	MDS	abs_spearman_rho	0.05	1519	30380	62	490	0.0458672128186416	1.2597351070430773e-15	0.0428624689097339	0.0403706259660942	1.0617241591877364	0.001999600079984	external_validation/processed/DepMap_PRISM/model_enrichment/PRISM_CCLE_seed24_enrichment_summary.csv	formal_runs/table_exports/external_enrichment_final_raw.tsv
DepMap_PRISM_CCLE	CCLE/PRISM	MDS	is_p_lt_0_05	0.05	1519	30380	62	490	0.0458672128186416	1.2597351070430773e-15	0.1217906517445688	0.0938446346280447	1.2977902490354265	0.0005998800239952	external_validation/processed/DepMap_PRISM/model_enrichment/PRISM_CCLE_seed24_enrichment_summary.csv	formal_runs/table_exports/external_enrichment_final_raw.tsv
DepMap_PRISM_CCLE	CCLE/PRISM	MDS	is_fdr_lt_0_1	0.05	1519	30380	62	490	0.0458672128186416	1.2597351070430773e-15	0.0072416063199473	0.0087228439763001	0.830188679245283	0.7706458708258348	external_validation/processed/DepMap_PRISM/model_enrichment/PRISM_CCLE_seed24_enrichment_summary.csv	formal_runs/table_exports/external_enrichment_final_raw.tsv
DepMap_PRISM_CCLE	CCLE/PRISM	MDS	is_fdr_lt_0_05	0.05	1519	30380	62	490	0.0458672128186416	1.2597351070430773e-15	0.0052666227781435	0.005892034233048	0.8938547486033519	0.6662667466506699	external_validation/processed/DepMap_PRISM/model_enrichment/PRISM_CCLE_seed24_enrichment_summary.csv	formal_runs/table_exports/external_enrichment_final_raw.tsv
DepMap_PRISM_CCLE	CCLE/PRISM	MDS	abs_spearman_rho	0.1	3038	30380	62	490	0.0458672128186416	1.2597351070430773e-15	0.0439140939016755	0.0403706259660942	1.0877734206687144	0.0001999600079984	external_validation/processed/DepMap_PRISM/model_enrichment/PRISM_CCLE_seed24_enrichment_summary.csv	formal_runs/table_exports/external_enrichment_final_raw.tsv
DepMap_PRISM_CCLE	CCLE/PRISM	MDS	is_p_lt_0_05	0.1	3038	30380	62	490	0.0458672128186416	1.2597351070430773e-15	0.1214614878209348	0.0938446346280447	1.2942827078218169	0.0001999600079984	external_validation/processed/DepMap_PRISM/model_enrichment/PRISM_CCLE_seed24_enrichment_summary.csv	formal_runs/table_exports/external_enrichment_final_raw.tsv
DepMap_PRISM_CCLE	CCLE/PRISM	MDS	is_fdr_lt_0_1	0.1	3038	30380	62	490	0.0458672128186416	1.2597351070430773e-15	0.0131665569453587	0.0087228439763001	1.5094339622641508	0.0065986802639472	external_validation/processed/DepMap_PRISM/model_enrichment/PRISM_CCLE_seed24_enrichment_summary.csv	formal_runs/table_exports/external_enrichment_final_raw.tsv
DepMap_PRISM_CCLE	CCLE/PRISM	MDS	is_fdr_lt_0_05	0.1	3038	30380	62	490	0.0458672128186416	1.2597351070430773e-15	0.0085582620144832	0.005892034233048	1.4525139664804467	0.0363927214557088	external_validation/processed/DepMap_PRISM/model_enrichment/PRISM_CCLE_seed24_enrichment_summary.csv	formal_runs/table_exports/external_enrichment_final_raw.tsv
DepMap_PRISM_CCLE	CCLE/PRISM	MDR	abs_spearman_rho	0.01	283	28246	58	487	0.0310862248107839	1.736359739890059e-07	0.0422718350451398	0.0406502886895189	1.0398901559594356	0.2027594481103779	external_validation/processed/DepMap_PRISM/model_enrichment/PRISM_CCLE_seed2_enrichment_summary.csv	formal_runs/table_exports/external_enrichment_final_raw.tsv
DepMap_PRISM_CCLE	CCLE/PRISM	MDR	is_p_lt_0_05	0.01	283	28246	58	487	0.0310862248107839	1.736359739890059e-07	0.1236749116607773	0.0970048856475253	1.2749348740037658	0.0789842031593681	external_validation/processed/DepMap_PRISM/model_enrichment/PRISM_CCLE_seed2_enrichment_summary.csv	formal_runs/table_exports/external_enrichment_final_raw.tsv
DepMap_PRISM_CCLE	CCLE/PRISM	MDR	is_fdr_lt_0_1	0.01	283	28246	58	487	0.0310862248107839	1.736359739890059e-07	0.0070671378091872	0.0108687955816752	0.6502227184309572	0.8152369526094781	external_validation/processed/DepMap_PRISM/model_enrichment/PRISM_CCLE_seed2_enrichment_summary.csv	formal_runs/table_exports/external_enrichment_final_raw.tsv
DepMap_PRISM_CCLE	CCLE/PRISM	MDR	is_fdr_lt_0_05	0.01	283	28246	58	487	0.0310862248107839	1.736359739890059e-07	0.0070671378091872	0.0072930680450329	0.9690212357199216	0.6104779044191162	external_validation/processed/DepMap_PRISM/model_enrichment/PRISM_CCLE_seed2_enrichment_summary.csv	formal_runs/table_exports/external_enrichment_final_raw.tsv
DepMap_PRISM_CCLE	CCLE/PRISM	MDR	abs_spearman_rho	0.05	1413	28246	58	487	0.0310862248107839	1.736359739890059e-07	0.0425378776140722	0.0406502886895189	1.0464348221231707	0.0147970405918816	external_validation/processed/DepMap_PRISM/model_enrichment/PRISM_CCLE_seed2_enrichment_summary.csv	formal_runs/table_exports/external_enrichment_final_raw.tsv
DepMap_PRISM_CCLE	CCLE/PRISM	MDR	is_p_lt_0_05	0.05	1413	28246	58	487	0.0310862248107839	1.736359739890059e-07	0.1174805378627034	0.0970048856475253	1.2110785665948622	0.0061987602479504	external_validation/processed/DepMap_PRISM/model_enrichment/PRISM_CCLE_seed2_enrichment_summary.csv	formal_runs/table_exports/external_enrichment_final_raw.tsv
DepMap_PRISM_CCLE	CCLE/PRISM	MDR	is_fdr_lt_0_1	0.05	1413	28246	58	487	0.0310862248107839	1.736359739890059e-07	0.0148619957537154	0.0108687955816752	1.3674004301610685	0.0937812437512497	external_validation/processed/DepMap_PRISM/model_enrichment/PRISM_CCLE_seed2_enrichment_summary.csv	formal_runs/table_exports/external_enrichment_final_raw.tsv
DepMap_PRISM_CCLE	CCLE/PRISM	MDR	is_fdr_lt_0_05	0.05	1413	28246	58	487	0.0310862248107839	1.736359739890059e-07	0.0099079971691436	0.0072930680450329	1.3585499419399611	0.148370325934813	external_validation/processed/DepMap_PRISM/model_enrichment/PRISM_CCLE_seed2_enrichment_summary.csv	formal_runs/table_exports/external_enrichment_final_raw.tsv
DepMap_PRISM_CCLE	CCLE/PRISM	MDR	abs_spearman_rho	0.1	2825	28246	58	487	0.0310862248107839	1.736359739890059e-07	0.0429732158841589	0.0406502886895189	1.057144174605554	0.0001999600079984	external_validation/processed/DepMap_PRISM/model_enrichment/PRISM_CCLE_seed2_enrichment_summary.csv	formal_runs/table_exports/external_enrichment_final_raw.tsv
DepMap_PRISM_CCLE	CCLE/PRISM	MDR	is_p_lt_0_05	0.1	2825	28246	58	487	0.0310862248107839	1.736359739890059e-07	0.1168141592920354	0.0970048856475253	1.204209030424391	0.0001999600079984	external_validation/processed/DepMap_PRISM/model_enrichment/PRISM_CCLE_seed2_enrichment_summary.csv	formal_runs/table_exports/external_enrichment_final_raw.tsv
DepMap_PRISM_CCLE	CCLE/PRISM	MDR	is_fdr_lt_0_1	0.1	2825	28246	58	487	0.0310862248107839	1.736359739890059e-07	0.015221238938053	0.0108687955816752	1.4004531434666052	0.0157968406318736	external_validation/processed/DepMap_PRISM/model_enrichment/PRISM_CCLE_seed2_enrichment_summary.csv	formal_runs/table_exports/external_enrichment_final_raw.tsv
DepMap_PRISM_CCLE	CCLE/PRISM	MDR	is_fdr_lt_0_05	0.1	2825	28246	58	487	0.0310862248107839	1.736359739890059e-07	0.0095575221238938	0.0072930680450329	1.3104940286966231	0.0835832833433313	external_validation/processed/DepMap_PRISM/model_enrichment/PRISM_CCLE_seed2_enrichment_summary.csv	formal_runs/table_exports/external_enrichment_final_raw.tsv
DepMap_PRISM_CCLE	CCLE/PRISM	MDS	abs_spearman_rho	0.01	304	30380	62	490	0.0358870514088299	3.9290514848542805e-10	0.0411147952748767	0.0403706259660942	1.01843343497838	0.3343331333733253	external_validation/processed/DepMap_PRISM/model_enrichment/PRISM_CCLE_seed2_enrichment_summary.csv	formal_runs/table_exports/external_enrichment_final_raw.tsv
DepMap_PRISM_CCLE	CCLE/PRISM	MDS	is_p_lt_0_05	0.01	304	30380	62	490	0.0358870514088299	3.9290514848542805e-10	0.1019736842105263	0.0938446346280447	1.0866224224187266	0.3361327734453109	external_validation/processed/DepMap_PRISM/model_enrichment/PRISM_CCLE_seed2_enrichment_summary.csv	formal_runs/table_exports/external_enrichment_final_raw.tsv
DepMap_PRISM_CCLE	CCLE/PRISM	MDS	is_fdr_lt_0_1	0.01	304	30380	62	490	0.0358870514088299	3.9290514848542805e-10	0.006578947368421	0.0087228439763001	0.7542204568023833	0.7374525094981004	external_validation/processed/DepMap_PRISM/model_enrichment/PRISM_CCLE_seed2_enrichment_summary.csv	formal_runs/table_exports/external_enrichment_final_raw.tsv
DepMap_PRISM_CCLE	CCLE/PRISM	MDS	is_fdr_lt_0_05	0.01	304	30380	62	490	0.0358870514088299	3.9290514848542805e-10	0.006578947368421	0.005892034233048	1.1165833578359303	0.5278944211157769	external_validation/processed/DepMap_PRISM/model_enrichment/PRISM_CCLE_seed2_enrichment_summary.csv	formal_runs/table_exports/external_enrichment_final_raw.tsv
DepMap_PRISM_CCLE	CCLE/PRISM	MDS	abs_spearman_rho	0.05	1519	30380	62	490	0.0358870514088299	3.9290514848542805e-10	0.0422980432339935	0.0403706259660942	1.0477430612425511	0.0107978404319136	external_validation/processed/DepMap_PRISM/model_enrichment/PRISM_CCLE_seed2_enrichment_summary.csv	formal_runs/table_exports/external_enrichment_final_raw.tsv
DepMap_PRISM_CCLE	CCLE/PRISM	MDS	is_p_lt_0_05	0.05	1519	30380	62	490	0.0358870514088299	3.9290514848542805e-10	0.1125740618828176	0.0938446346280447	1.199579095054367	0.0075984803039392	external_validation/processed/DepMap_PRISM/model_enrichment/PRISM_CCLE_seed2_enrichment_summary.csv	formal_runs/table_exports/external_enrichment_final_raw.tsv
DepMap_PRISM_CCLE	CCLE/PRISM	MDS	is_fdr_lt_0_1	0.05	1519	30380	62	490	0.0358870514088299	3.9290514848542805e-10	0.010533245556287	0.0087228439763001	1.2075471698113207	0.262747450509898	external_validation/processed/DepMap_PRISM/model_enrichment/PRISM_CCLE_seed2_enrichment_summary.csv	formal_runs/table_exports/external_enrichment_final_raw.tsv
DepMap_PRISM_CCLE	CCLE/PRISM	MDS	is_fdr_lt_0_05	0.05	1519	30380	62	490	0.0358870514088299	3.9290514848542805e-10	0.0065832784726793	0.005892034233048	1.11731843575419	0.4117176564687063	external_validation/processed/DepMap_PRISM/model_enrichment/PRISM_CCLE_seed2_enrichment_summary.csv	formal_runs/table_exports/external_enrichment_final_raw.tsv
DepMap_PRISM_CCLE	CCLE/PRISM	MDS	abs_spearman_rho	0.1	3038	30380	62	490	0.0358870514088299	3.9290514848542805e-10	0.0432129743176224	0.0403706259660942	1.070406348267065	0.0001999600079984	external_validation/processed/DepMap_PRISM/model_enrichment/PRISM_CCLE_seed2_enrichment_summary.csv	formal_runs/table_exports/external_enrichment_final_raw.tsv
DepMap_PRISM_CCLE	CCLE/PRISM	MDS	is_p_lt_0_05	0.1	3038	30380	62	490	0.0358870514088299	3.9290514848542805e-10	0.1201448321263989	0.0938446346280447	1.28025254296738	0.0001999600079984	external_validation/processed/DepMap_PRISM/model_enrichment/PRISM_CCLE_seed2_enrichment_summary.csv	formal_runs/table_exports/external_enrichment_final_raw.tsv
DepMap_PRISM_CCLE	CCLE/PRISM	MDS	is_fdr_lt_0_1	0.1	3038	30380	62	490	0.0358870514088299	3.9290514848542805e-10	0.010533245556287	0.0087228439763001	1.2075471698113207	0.1475704859028194	external_validation/processed/DepMap_PRISM/model_enrichment/PRISM_CCLE_seed2_enrichment_summary.csv	formal_runs/table_exports/external_enrichment_final_raw.tsv
DepMap_PRISM_CCLE	CCLE/PRISM	MDS	is_fdr_lt_0_05	0.1	3038	30380	62	490	0.0358870514088299	3.9290514848542805e-10	0.0072416063199473	0.005892034233048	1.2290502793296088	0.1745650869826034	external_validation/processed/DepMap_PRISM/model_enrichment/PRISM_CCLE_seed2_enrichment_summary.csv	formal_runs/table_exports/external_enrichment_final_raw.tsv
DepMap_PRISM_CCLE	CCLE/PRISM	MDR	abs_spearman_rho	0.01	283	28246	58	487	0.0354237203397677	2.5989796324649303e-09	0.0382911514692916	0.0406502886895189	0.94196505618334	0.8864227154569086	external_validation/processed/DepMap_PRISM/model_enrichment/PRISM_CCLE_seed3_enrichment_summary.csv	formal_runs/table_exports/external_enrichment_final_raw.tsv
DepMap_PRISM_CCLE	CCLE/PRISM	MDR	is_p_lt_0_05	0.01	283	28246	58	487	0.0354237203397677	2.5989796324649303e-09	0.0812720848056537	0.0970048856475253	0.8378143457739031	0.8346330733853229	external_validation/processed/DepMap_PRISM/model_enrichment/PRISM_CCLE_seed3_enrichment_summary.csv	formal_runs/table_exports/external_enrichment_final_raw.tsv
DepMap_PRISM_CCLE	CCLE/PRISM	MDR	is_fdr_lt_0_1	0.01	283	28246	58	487	0.0354237203397677	2.5989796324649303e-09	0.0070671378091872	0.0108687955816752	0.6502227184309572	0.8014397120575885	external_validation/processed/DepMap_PRISM/model_enrichment/PRISM_CCLE_seed3_enrichment_summary.csv	formal_runs/table_exports/external_enrichment_final_raw.tsv
DepMap_PRISM_CCLE	CCLE/PRISM	MDR	is_fdr_lt_0_05	0.01	283	28246	58	487	0.0354237203397677	2.5989796324649303e-09	0.0070671378091872	0.0072930680450329	0.9690212357199216	0.6074785042991402	external_validation/processed/DepMap_PRISM/model_enrichment/PRISM_CCLE_seed3_enrichment_summary.csv	formal_runs/table_exports/external_enrichment_final_raw.tsv
DepMap_PRISM_CCLE	CCLE/PRISM	MDR	abs_spearman_rho	0.05	1413	28246	58	487	0.0354237203397677	2.5989796324649303e-09	0.0415722508584379	0.0406502886895189	1.0226803350884148	0.1419716056788642	external_validation/processed/DepMap_PRISM/model_enrichment/PRISM_CCLE_seed3_enrichment_summary.csv	formal_runs/table_exports/external_enrichment_final_raw.tsv
DepMap_PRISM_CCLE	CCLE/PRISM	MDR	is_p_lt_0_05	0.05	1413	28246	58	487	0.0354237203397677	2.5989796324649303e-09	0.105449398443029	0.0970048856475253	1.0870524483291233	0.1427714457108578	external_validation/processed/DepMap_PRISM/model_enrichment/PRISM_CCLE_seed3_enrichment_summary.csv	formal_runs/table_exports/external_enrichment_final_raw.tsv
DepMap_PRISM_CCLE	CCLE/PRISM	MDR	is_fdr_lt_0_1	0.05	1413	28246	58	487	0.0354237203397677	2.5989796324649303e-09	0.0148619957537154	0.0108687955816752	1.3674004301610685	0.0877824435112977	external_validation/processed/DepMap_PRISM/model_enrichment/PRISM_CCLE_seed3_enrichment_summary.csv	formal_runs/table_exports/external_enrichment_final_raw.tsv
DepMap_PRISM_CCLE	CCLE/PRISM	MDR	is_fdr_lt_0_05	0.05	1413	28246	58	487	0.0354237203397677	2.5989796324649303e-09	0.0077848549186128	0.0072930680450329	1.067432097238541	0.4587082583483303	external_validation/processed/DepMap_PRISM/model_enrichment/PRISM_CCLE_seed3_enrichment_summary.csv	formal_runs/table_exports/external_enrichment_final_raw.tsv
DepMap_PRISM_CCLE	CCLE/PRISM	MDR	abs_spearman_rho	0.1	2825	28246	58	487	0.0354237203397677	2.5989796324649303e-09	0.042588951515984	0.0406502886895189	1.0476912437516106	0.0003999200159968	external_validation/processed/DepMap_PRISM/model_enrichment/PRISM_CCLE_seed3_enrichment_summary.csv	formal_runs/table_exports/external_enrichment_final_raw.tsv
DepMap_PRISM_CCLE	CCLE/PRISM	MDR	is_p_lt_0_05	0.1	2825	28246	58	487	0.0354237203397677	2.5989796324649303e-09	0.1143362831858407	0.0970048856475253	1.1786652025062982	0.0005998800239952	external_validation/processed/DepMap_PRISM/model_enrichment/PRISM_CCLE_seed3_enrichment_summary.csv	formal_runs/table_exports/external_enrichment_final_raw.tsv
DepMap_PRISM_CCLE	CCLE/PRISM	MDR	is_fdr_lt_0_1	0.1	2825	28246	58	487	0.0354237203397677	2.5989796324649303e-09	0.0134513274336283	0.0108687955816752	1.2376097546914184	0.0965806838632273	external_validation/processed/DepMap_PRISM/model_enrichment/PRISM_CCLE_seed3_enrichment_summary.csv	formal_runs/table_exports/external_enrichment_final_raw.tsv
DepMap_PRISM_CCLE	CCLE/PRISM	MDR	is_fdr_lt_0_05	0.1	2825	28246	58	487	0.0354237203397677	2.5989796324649303e-09	0.0084955752212389	0.0072930680450329	1.1648835810636653	0.2457508498300339	external_validation/processed/DepMap_PRISM/model_enrichment/PRISM_CCLE_seed3_enrichment_summary.csv	formal_runs/table_exports/external_enrichment_final_raw.tsv
DepMap_PRISM_CCLE	CCLE/PRISM	MDS	abs_spearman_rho	0.01	304	30380	62	490	0.0482167788507505	4.147159170940751e-17	0.0423926606961964	0.0403706259660942	1.0500867817060977	0.1421715656868626	external_validation/processed/DepMap_PRISM/model_enrichment/PRISM_CCLE_seed3_enrichment_summary.csv	formal_runs/table_exports/external_enrichment_final_raw.tsv
DepMap_PRISM_CCLE	CCLE/PRISM	MDS	is_p_lt_0_05	0.01	304	30380	62	490	0.0482167788507505	4.147159170940751e-17	0.125	0.0938446346280447	1.3319887758681164	0.0393921215756848	external_validation/processed/DepMap_PRISM/model_enrichment/PRISM_CCLE_seed3_enrichment_summary.csv	formal_runs/table_exports/external_enrichment_final_raw.tsv
DepMap_PRISM_CCLE	CCLE/PRISM	MDS	is_fdr_lt_0_1	0.01	304	30380	62	490	0.0482167788507505	4.147159170940751e-17	0.006578947368421	0.0087228439763001	0.7542204568023833	0.7520495900819836	external_validation/processed/DepMap_PRISM/model_enrichment/PRISM_CCLE_seed3_enrichment_summary.csv	formal_runs/table_exports/external_enrichment_final_raw.tsv
DepMap_PRISM_CCLE	CCLE/PRISM	MDS	is_fdr_lt_0_05	0.01	304	30380	62	490	0.0482167788507505	4.147159170940751e-17	0.006578947368421	0.005892034233048	1.1165833578359303	0.533493301339732	external_validation/processed/DepMap_PRISM/model_enrichment/PRISM_CCLE_seed3_enrichment_summary.csv	formal_runs/table_exports/external_enrichment_final_raw.tsv
DepMap_PRISM_CCLE	CCLE/PRISM	MDS	abs_spearman_rho	0.05	1519	30380	62	490	0.0482167788507505	4.147159170940751e-17	0.0453672311440173	0.0403706259660942	1.1237683354753931	0.0001999600079984	external_validation/processed/DepMap_PRISM/model_enrichment/PRISM_CCLE_seed3_enrichment_summary.csv	formal_runs/table_exports/external_enrichment_final_raw.tsv
DepMap_PRISM_CCLE	CCLE/PRISM	MDS	is_p_lt_0_05	0.05	1519	30380	62	490	0.0482167788507505	4.147159170940751e-17	0.1362738643844634	0.0938446346280447	1.4521220624342337	0.0001999600079984	external_validation/processed/DepMap_PRISM/model_enrichment/PRISM_CCLE_seed3_enrichment_summary.csv	formal_runs/table_exports/external_enrichment_final_raw.tsv
DepMap_PRISM_CCLE	CCLE/PRISM	MDS	is_fdr_lt_0_1	0.05	1519	30380	62	490	0.0482167788507505	4.147159170940751e-17	0.0184331797235023	0.0087228439763001	2.1132075471698117	0.0003999200159968	external_validation/processed/DepMap_PRISM/model_enrichment/PRISM_CCLE_seed3_enrichment_summary.csv	formal_runs/table_exports/external_enrichment_final_raw.tsv
DepMap_PRISM_CCLE	CCLE/PRISM	MDS	is_fdr_lt_0_05	0.05	1519	30380	62	490	0.0482167788507505	4.147159170940751e-17	0.0138248847926267	0.005892034233048	2.346368715083799	0.0007998400319936	external_validation/processed/DepMap_PRISM/model_enrichment/PRISM_CCLE_seed3_enrichment_summary.csv	formal_runs/table_exports/external_enrichment_final_raw.tsv
DepMap_PRISM_CCLE	CCLE/PRISM	MDS	abs_spearman_rho	0.1	3038	30380	62	490	0.0482167788507505	4.147159170940751e-17	0.044609609094573	0.0403706259660942	1.1050016695812197	0.0001999600079984	external_validation/processed/DepMap_PRISM/model_enrichment/PRISM_CCLE_seed3_enrichment_summary.csv	formal_runs/table_exports/external_enrichment_final_raw.tsv
DepMap_PRISM_CCLE	CCLE/PRISM	MDS	is_p_lt_0_05	0.1	3038	30380	62	490	0.0482167788507505	4.147159170940751e-17	0.1267281105990783	0.0938446346280447	1.3504033672395652	0.0001999600079984	external_validation/processed/DepMap_PRISM/model_enrichment/PRISM_CCLE_seed3_enrichment_summary.csv	formal_runs/table_exports/external_enrichment_final_raw.tsv
DepMap_PRISM_CCLE	CCLE/PRISM	MDS	is_fdr_lt_0_1	0.1	3038	30380	62	490	0.0482167788507505	4.147159170940751e-17	0.0164581961816984	0.0087228439763001	1.8867924528301887	0.0001999600079984	external_validation/processed/DepMap_PRISM/model_enrichment/PRISM_CCLE_seed3_enrichment_summary.csv	formal_runs/table_exports/external_enrichment_final_raw.tsv
DepMap_PRISM_CCLE	CCLE/PRISM	MDS	is_fdr_lt_0_05	0.1	3038	30380	62	490	0.0482167788507505	4.147159170940751e-17	0.0121790651744568	0.005892034233048	2.067039106145251	0.0001999600079984	external_validation/processed/DepMap_PRISM/model_enrichment/PRISM_CCLE_seed3_enrichment_summary.csv	formal_runs/table_exports/external_enrichment_final_raw.tsv
DepMap_PRISM_CCLE	CCLE/PRISM	MDR	abs_spearman_rho	0.01	283	28246	58	487	0.0288484261011782	1.2394870442060577e-06	0.0356974854771845	0.0406502886895189	0.8781606878572707	0.9974005198960209	external_validation/processed/DepMap_PRISM/model_enrichment/PRISM_CCLE_seed4_enrichment_summary.csv	formal_runs/table_exports/external_enrichment_final_raw.tsv
DepMap_PRISM_CCLE	CCLE/PRISM	MDR	is_p_lt_0_05	0.01	283	28246	58	487	0.0288484261011782	1.2394870442060577e-06	0.0565371024734982	0.0970048856475253	0.5828273709731501	0.996000799840032	external_validation/processed/DepMap_PRISM/model_enrichment/PRISM_CCLE_seed4_enrichment_summary.csv	formal_runs/table_exports/external_enrichment_final_raw.tsv
DepMap_PRISM_CCLE	CCLE/PRISM	MDR	is_fdr_lt_0_1	0.01	283	28246	58	487	0.0288484261011782	1.2394870442060577e-06	0.0035335689045936	0.0108687955816752	0.3251113592154786	0.9584083183363328	external_validation/processed/DepMap_PRISM/model_enrichment/PRISM_CCLE_seed4_enrichment_summary.csv	formal_runs/table_exports/external_enrichment_final_raw.tsv
DepMap_PRISM_CCLE	CCLE/PRISM	MDR	is_fdr_lt_0_05	0.01	283	28246	58	487	0.0288484261011782	1.2394870442060577e-06	0.0035335689045936	0.0072930680450329	0.4845106178599608	0.883623275344931	external_validation/processed/DepMap_PRISM/model_enrichment/PRISM_CCLE_seed4_enrichment_summary.csv	formal_runs/table_exports/external_enrichment_final_raw.tsv
DepMap_PRISM_CCLE	CCLE/PRISM	MDR	abs_spearman_rho	0.05	1413	28246	58	487	0.0288484261011782	1.2394870442060577e-06	0.0398902187188024	0.0406502886895189	0.9813022245297758	0.8006398720255948	external_validation/processed/DepMap_PRISM/model_enrichment/PRISM_CCLE_seed4_enrichment_summary.csv	formal_runs/table_exports/external_enrichment_final_raw.tsv
DepMap_PRISM_CCLE	CCLE/PRISM	MDR	is_p_lt_0_05	0.05	1413	28246	58	487	0.0288484261011782	1.2394870442060577e-06	0.0969568294409058	0.0970048856475253	0.9995046001415429	0.5116976604679064	external_validation/processed/DepMap_PRISM/model_enrichment/PRISM_CCLE_seed4_enrichment_summary.csv	formal_runs/table_exports/external_enrichment_final_raw.tsv
DepMap_PRISM_CCLE	CCLE/PRISM	MDR	is_fdr_lt_0_1	0.05	1413	28246	58	487	0.0288484261011782	1.2394870442060577e-06	0.0113234253361641	0.0108687955816752	1.0418288991703375	0.4765046990601879	external_validation/processed/DepMap_PRISM/model_enrichment/PRISM_CCLE_seed4_enrichment_summary.csv	formal_runs/table_exports/external_enrichment_final_raw.tsv
DepMap_PRISM_CCLE	CCLE/PRISM	MDR	is_fdr_lt_0_05	0.05	1413	28246	58	487	0.0288484261011782	1.2394870442060577e-06	0.0070771408351026	0.0072930680450329	0.9703928156714008	0.5864827034593081	external_validation/processed/DepMap_PRISM/model_enrichment/PRISM_CCLE_seed4_enrichment_summary.csv	formal_runs/table_exports/external_enrichment_final_raw.tsv
DepMap_PRISM_CCLE	CCLE/PRISM	MDR	abs_spearman_rho	0.1	2825	28246	58	487	0.0288484261011782	1.2394870442060577e-06	0.0427380742872871	0.0406502886895189	1.0513596745576512	0.0005998800239952	external_validation/processed/DepMap_PRISM/model_enrichment/PRISM_CCLE_seed4_enrichment_summary.csv	formal_runs/table_exports/external_enrichment_final_raw.tsv
DepMap_PRISM_CCLE	CCLE/PRISM	MDR	is_p_lt_0_05	0.1	2825	28246	58	487	0.0288484261011782	1.2394870442060577e-06	0.1164601769911504	0.0970048856475253	1.2005599121503778	0.0001999600079984	external_validation/processed/DepMap_PRISM/model_enrichment/PRISM_CCLE_seed4_enrichment_summary.csv	formal_runs/table_exports/external_enrichment_final_raw.tsv
DepMap_PRISM_CCLE	CCLE/PRISM	MDR	is_fdr_lt_0_1	0.1	2825	28246	58	487	0.0288484261011782	1.2394870442060577e-06	0.0162831858407079	0.0108687955816752	1.498159176731717	0.0041991601679664	external_validation/processed/DepMap_PRISM/model_enrichment/PRISM_CCLE_seed4_enrichment_summary.csv	formal_runs/table_exports/external_enrichment_final_raw.tsv
DepMap_PRISM_CCLE	CCLE/PRISM	MDR	is_fdr_lt_0_05	0.1	2825	28246	58	487	0.0288484261011782	1.2394870442060577e-06	0.0102654867256637	0.0072930680450329	1.407567660451929	0.0377924415116976	external_validation/processed/DepMap_PRISM/model_enrichment/PRISM_CCLE_seed4_enrichment_summary.csv	formal_runs/table_exports/external_enrichment_final_raw.tsv
DepMap_PRISM_CCLE	CCLE/PRISM	MDS	abs_spearman_rho	0.01	304	30380	62	490	0.0322658807799875	1.853674891886296e-08	0.0389959942249633	0.0403706259660942	0.9659497045627844	0.7624475104979004	external_validation/processed/DepMap_PRISM/model_enrichment/PRISM_CCLE_seed4_enrichment_summary.csv	formal_runs/table_exports/external_enrichment_final_raw.tsv
DepMap_PRISM_CCLE	CCLE/PRISM	MDS	is_p_lt_0_05	0.01	304	30380	62	490	0.0322658807799875	1.853674891886296e-08	0.0953947368421052	0.0938446346280447	1.0165177500046152	0.4891021795640872	external_validation/processed/DepMap_PRISM/model_enrichment/PRISM_CCLE_seed4_enrichment_summary.csv	formal_runs/table_exports/external_enrichment_final_raw.tsv
DepMap_PRISM_CCLE	CCLE/PRISM	MDS	is_fdr_lt_0_1	0.01	304	30380	62	490	0.0322658807799875	1.853674891886296e-08	0.006578947368421	0.0087228439763001	0.7542204568023833	0.739252149570086	external_validation/processed/DepMap_PRISM/model_enrichment/PRISM_CCLE_seed4_enrichment_summary.csv	formal_runs/table_exports/external_enrichment_final_raw.tsv
DepMap_PRISM_CCLE	CCLE/PRISM	MDS	is_fdr_lt_0_05	0.01	304	30380	62	490	0.0322658807799875	1.853674891886296e-08	0.006578947368421	0.005892034233048	1.1165833578359303	0.5326934613077384	external_validation/processed/DepMap_PRISM/model_enrichment/PRISM_CCLE_seed4_enrichment_summary.csv	formal_runs/table_exports/external_enrichment_final_raw.tsv
DepMap_PRISM_CCLE	CCLE/PRISM	MDS	abs_spearman_rho	0.05	1519	30380	62	490	0.0322658807799875	1.853674891886296e-08	0.0426497886614512	0.0403706259660942	1.056455966208481	0.002999400119976	external_validation/processed/DepMap_PRISM/model_enrichment/PRISM_CCLE_seed4_enrichment_summary.csv	formal_runs/table_exports/external_enrichment_final_raw.tsv
DepMap_PRISM_CCLE	CCLE/PRISM	MDS	is_p_lt_0_05	0.05	1519	30380	62	490	0.0322658807799875	1.853674891886296e-08	0.1204739960500329	0.0938446346280447	1.2837600841809893	0.0003999200159968	external_validation/processed/DepMap_PRISM/model_enrichment/PRISM_CCLE_seed4_enrichment_summary.csv	formal_runs/table_exports/external_enrichment_final_raw.tsv
DepMap_PRISM_CCLE	CCLE/PRISM	MDS	is_fdr_lt_0_1	0.05	1519	30380	62	490	0.0322658807799875	1.853674891886296e-08	0.0111915734035549	0.0087228439763001	1.2830188679245282	0.1787642471505698	external_validation/processed/DepMap_PRISM/model_enrichment/PRISM_CCLE_seed4_enrichment_summary.csv	formal_runs/table_exports/external_enrichment_final_raw.tsv
DepMap_PRISM_CCLE	CCLE/PRISM	MDS	is_fdr_lt_0_05	0.05	1519	30380	62	490	0.0322658807799875	1.853674891886296e-08	0.0065832784726793	0.005892034233048	1.11731843575419	0.403119376124775	external_validation/processed/DepMap_PRISM/model_enrichment/PRISM_CCLE_seed4_enrichment_summary.csv	formal_runs/table_exports/external_enrichment_final_raw.tsv
DepMap_PRISM_CCLE	CCLE/PRISM	MDS	abs_spearman_rho	0.1	3038	30380	62	490	0.0322658807799875	1.853674891886296e-08	0.0434273892799537	0.0403706259660942	1.0757175109552872	0.0001999600079984	external_validation/processed/DepMap_PRISM/model_enrichment/PRISM_CCLE_seed4_enrichment_summary.csv	formal_runs/table_exports/external_enrichment_final_raw.tsv
DepMap_PRISM_CCLE	CCLE/PRISM	MDS	is_p_lt_0_05	0.1	3038	30380	62	490	0.0322658807799875	1.853674891886296e-08	0.1217906517445688	0.0938446346280447	1.2977902490354265	0.0001999600079984	external_validation/processed/DepMap_PRISM/model_enrichment/PRISM_CCLE_seed4_enrichment_summary.csv	formal_runs/table_exports/external_enrichment_final_raw.tsv
DepMap_PRISM_CCLE	CCLE/PRISM	MDS	is_fdr_lt_0_1	0.1	3038	30380	62	490	0.0322658807799875	1.853674891886296e-08	0.0121790651744568	0.0087228439763001	1.3962264150943395	0.0247950409918016	external_validation/processed/DepMap_PRISM/model_enrichment/PRISM_CCLE_seed4_enrichment_summary.csv	formal_runs/table_exports/external_enrichment_final_raw.tsv
DepMap_PRISM_CCLE	CCLE/PRISM	MDS	is_fdr_lt_0_05	0.1	3038	30380	62	490	0.0322658807799875	1.853674891886296e-08	0.0078999341672152	0.005892034233048	1.340782122905028	0.0873825234953009	external_validation/processed/DepMap_PRISM/model_enrichment/PRISM_CCLE_seed4_enrichment_summary.csv	formal_runs/table_exports/external_enrichment_final_raw.tsv
DepMap_PRISM_CCLE	CCLE/PRISM	MDR	abs_spearman_rho	0.01	283	28246	58	487	0.0424015093276463	1.0101265962134437e-12	0.0476267177119244	0.0406502886895189	1.1716206513486418	0.0007998400319936	external_validation/processed/DepMap_PRISM/model_enrichment/PRISM_CCLE_seed5_enrichment_summary.csv	formal_runs/table_exports/external_enrichment_final_raw.tsv
DepMap_PRISM_CCLE	CCLE/PRISM	MDR	is_p_lt_0_05	0.01	283	28246	58	487	0.0424015093276463	1.0101265962134437e-12	0.1413427561837456	0.0970048856475253	1.4570684274328751	0.011997600479904	external_validation/processed/DepMap_PRISM/model_enrichment/PRISM_CCLE_seed5_enrichment_summary.csv	formal_runs/table_exports/external_enrichment_final_raw.tsv
DepMap_PRISM_CCLE	CCLE/PRISM	MDR	is_fdr_lt_0_1	0.01	283	28246	58	487	0.0424015093276463	1.0101265962134437e-12	0.0212014134275618	0.0108687955816752	1.950668155292872	0.0941811637672465	external_validation/processed/DepMap_PRISM/model_enrichment/PRISM_CCLE_seed5_enrichment_summary.csv	formal_runs/table_exports/external_enrichment_final_raw.tsv
DepMap_PRISM_CCLE	CCLE/PRISM	MDR	is_fdr_lt_0_05	0.01	283	28246	58	487	0.0424015093276463	1.0101265962134437e-12	0.0176678445229682	0.0072930680450329	2.4225530892998046	0.0567886422715456	external_validation/processed/DepMap_PRISM/model_enrichment/PRISM_CCLE_seed5_enrichment_summary.csv	formal_runs/table_exports/external_enrichment_final_raw.tsv
DepMap_PRISM_CCLE	CCLE/PRISM	MDR	abs_spearman_rho	0.05	1413	28246	58	487	0.0424015093276463	1.0101265962134437e-12	0.0435583963148871	0.0406502886895189	1.0715396549229943	0.0003999200159968	external_validation/processed/DepMap_PRISM/model_enrichment/PRISM_CCLE_seed5_enrichment_summary.csv	formal_runs/table_exports/external_enrichment_final_raw.tsv
DepMap_PRISM_CCLE	CCLE/PRISM	MDR	is_p_lt_0_05	0.05	1413	28246	58	487	0.0424015093276463	1.0101265962134437e-12	0.1252653927813163	0.0970048856475253	1.2913307607668107	0.0007998400319936	external_validation/processed/DepMap_PRISM/model_enrichment/PRISM_CCLE_seed5_enrichment_summary.csv	formal_runs/table_exports/external_enrichment_final_raw.tsv
DepMap_PRISM_CCLE	CCLE/PRISM	MDR	is_fdr_lt_0_1	0.05	1413	28246	58	487	0.0424015093276463	1.0101265962134437e-12	0.016277423920736	0.0108687955816752	1.4976290425573604	0.0311937612477504	external_validation/processed/DepMap_PRISM/model_enrichment/PRISM_CCLE_seed5_enrichment_summary.csv	formal_runs/table_exports/external_enrichment_final_raw.tsv
DepMap_PRISM_CCLE	CCLE/PRISM	MDR	is_fdr_lt_0_05	0.05	1413	28246	58	487	0.0424015093276463	1.0101265962134437e-12	0.0099079971691436	0.0072930680450329	1.3585499419399611	0.1461707658468306	external_validation/processed/DepMap_PRISM/model_enrichment/PRISM_CCLE_seed5_enrichment_summary.csv	formal_runs/table_exports/external_enrichment_final_raw.tsv
DepMap_PRISM_CCLE	CCLE/PRISM	MDR	abs_spearman_rho	0.1	2825	28246	58	487	0.0424015093276463	1.0101265962134437e-12	0.0447420720627321	0.0406502886895189	1.1006581627123404	0.0001999600079984	external_validation/processed/DepMap_PRISM/model_enrichment/PRISM_CCLE_seed5_enrichment_summary.csv	formal_runs/table_exports/external_enrichment_final_raw.tsv
DepMap_PRISM_CCLE	CCLE/PRISM	MDR	is_p_lt_0_05	0.1	2825	28246	58	487	0.0424015093276463	1.0101265962134437e-12	0.1323893805309734	0.0970048856475253	1.364770234480977	0.0001999600079984	external_validation/processed/DepMap_PRISM/model_enrichment/PRISM_CCLE_seed5_enrichment_summary.csv	formal_runs/table_exports/external_enrichment_final_raw.tsv
DepMap_PRISM_CCLE	CCLE/PRISM	MDR	is_fdr_lt_0_1	0.1	2825	28246	58	487	0.0424015093276463	1.0101265962134437e-12	0.0198230088495575	0.0108687955816752	1.8238459542820904	0.0001999600079984	external_validation/processed/DepMap_PRISM/model_enrichment/PRISM_CCLE_seed5_enrichment_summary.csv	formal_runs/table_exports/external_enrichment_final_raw.tsv
DepMap_PRISM_CCLE	CCLE/PRISM	MDR	is_fdr_lt_0_05	0.1	2825	28246	58	487	0.0424015093276463	1.0101265962134437e-12	0.0148672566371681	0.0072930680450329	2.038546266861414	0.0001999600079984	external_validation/processed/DepMap_PRISM/model_enrichment/PRISM_CCLE_seed5_enrichment_summary.csv	formal_runs/table_exports/external_enrichment_final_raw.tsv
DepMap_PRISM_CCLE	CCLE/PRISM	MDS	abs_spearman_rho	0.01	304	30380	62	490	0.0463972211020206	5.917938351946111e-16	0.0497690126916101	0.0403706259660942	1.232802600916055	0.0001999600079984	external_validation/processed/DepMap_PRISM/model_enrichment/PRISM_CCLE_seed5_enrichment_summary.csv	formal_runs/table_exports/external_enrichment_final_raw.tsv
DepMap_PRISM_CCLE	CCLE/PRISM	MDS	is_p_lt_0_05	0.01	304	30380	62	490	0.0463972211020206	5.917938351946111e-16	0.1677631578947368	0.0938446346280447	1.7876691465598404	0.0001999600079984	external_validation/processed/DepMap_PRISM/model_enrichment/PRISM_CCLE_seed5_enrichment_summary.csv	formal_runs/table_exports/external_enrichment_final_raw.tsv
DepMap_PRISM_CCLE	CCLE/PRISM	MDS	is_fdr_lt_0_1	0.01	304	30380	62	490	0.0463972211020206	5.917938351946111e-16	0.0394736842105263	0.0087228439763001	4.5253227408143	0.0001999600079984	external_validation/processed/DepMap_PRISM/model_enrichment/PRISM_CCLE_seed5_enrichment_summary.csv	formal_runs/table_exports/external_enrichment_final_raw.tsv
DepMap_PRISM_CCLE	CCLE/PRISM	MDS	is_fdr_lt_0_05	0.01	304	30380	62	490	0.0463972211020206	5.917938351946111e-16	0.0361842105263157	0.005892034233048	6.141208468097618	0.0001999600079984	external_validation/processed/DepMap_PRISM/model_enrichment/PRISM_CCLE_seed5_enrichment_summary.csv	formal_runs/table_exports/external_enrichment_final_raw.tsv
DepMap_PRISM_CCLE	CCLE/PRISM	MDS	abs_spearman_rho	0.05	1519	30380	62	490	0.0463972211020206	5.917938351946111e-16	0.0467601202298834	0.0403706259660942	1.1582708742033272	0.0001999600079984	external_validation/processed/DepMap_PRISM/model_enrichment/PRISM_CCLE_seed5_enrichment_summary.csv	formal_runs/table_exports/external_enrichment_final_raw.tsv
DepMap_PRISM_CCLE	CCLE/PRISM	MDS	is_p_lt_0_05	0.05	1519	30380	62	490	0.0463972211020206	5.917938351946111e-16	0.1435154707044107	0.0938446346280447	1.5292879691336372	0.0001999600079984	external_validation/processed/DepMap_PRISM/model_enrichment/PRISM_CCLE_seed5_enrichment_summary.csv	formal_runs/table_exports/external_enrichment_final_raw.tsv
DepMap_PRISM_CCLE	CCLE/PRISM	MDS	is_fdr_lt_0_1	0.05	1519	30380	62	490	0.0463972211020206	5.917938351946111e-16	0.0269914417379855	0.0087228439763001	3.0943396226415096	0.0001999600079984	external_validation/processed/DepMap_PRISM/model_enrichment/PRISM_CCLE_seed5_enrichment_summary.csv	formal_runs/table_exports/external_enrichment_final_raw.tsv
DepMap_PRISM_CCLE	CCLE/PRISM	MDS	is_fdr_lt_0_05	0.05	1519	30380	62	490	0.0463972211020206	5.917938351946111e-16	0.021066491112574	0.005892034233048	3.575418994413408	0.0001999600079984	external_validation/processed/DepMap_PRISM/model_enrichment/PRISM_CCLE_seed5_enrichment_summary.csv	formal_runs/table_exports/external_enrichment_final_raw.tsv
DepMap_PRISM_CCLE	CCLE/PRISM	MDS	abs_spearman_rho	0.1	3038	30380	62	490	0.0463972211020206	5.917938351946111e-16	0.0452953702877409	0.0403706259660942	1.121988307186093	0.0001999600079984	external_validation/processed/DepMap_PRISM/model_enrichment/PRISM_CCLE_seed5_enrichment_summary.csv	formal_runs/table_exports/external_enrichment_final_raw.tsv
DepMap_PRISM_CCLE	CCLE/PRISM	MDS	is_p_lt_0_05	0.1	3038	30380	62	490	0.0463972211020206	5.917938351946111e-16	0.1290322580645161	0.0938446346280447	1.3749561557348298	0.0001999600079984	external_validation/processed/DepMap_PRISM/model_enrichment/PRISM_CCLE_seed5_enrichment_summary.csv	formal_runs/table_exports/external_enrichment_final_raw.tsv
DepMap_PRISM_CCLE	CCLE/PRISM	MDS	is_fdr_lt_0_1	0.1	3038	30380	62	490	0.0463972211020206	5.917938351946111e-16	0.021724818959842	0.0087228439763001	2.490566037735849	0.0001999600079984	external_validation/processed/DepMap_PRISM/model_enrichment/PRISM_CCLE_seed5_enrichment_summary.csv	formal_runs/table_exports/external_enrichment_final_raw.tsv
DepMap_PRISM_CCLE	CCLE/PRISM	MDS	is_fdr_lt_0_05	0.1	3038	30380	62	490	0.0463972211020206	5.917938351946111e-16	0.0157998683344305	0.005892034233048	2.681564245810056	0.0001999600079984	external_validation/processed/DepMap_PRISM/model_enrichment/PRISM_CCLE_seed5_enrichment_summary.csv	formal_runs/table_exports/external_enrichment_final_raw.tsv
DepMap_PRISM_CCLE	CCLE/PRISM	MDR	abs_spearman_rho	0.01	283	28246	58	487	0.0527274104135698	7.485153182231555e-19	0.0501127052785706	0.0406502886895189	1.2327761227312388	0.0001999600079984	external_validation/processed/DepMap_PRISM/model_enrichment/PRISM_CCLE_seed6_enrichment_summary.csv	formal_runs/table_exports/external_enrichment_final_raw.tsv
DepMap_PRISM_CCLE	CCLE/PRISM	MDR	is_p_lt_0_05	0.01	283	28246	58	487	0.0527274104135698	7.485153182231555e-19	0.1696113074204947	0.0970048856475253	1.7484821129194503	0.0003999200159968	external_validation/processed/DepMap_PRISM/model_enrichment/PRISM_CCLE_seed6_enrichment_summary.csv	formal_runs/table_exports/external_enrichment_final_raw.tsv
DepMap_PRISM_CCLE	CCLE/PRISM	MDR	is_fdr_lt_0_1	0.01	283	28246	58	487	0.0527274104135698	7.485153182231555e-19	0.0176678445229682	0.0108687955816752	1.6255567960773931	0.1901619676064787	external_validation/processed/DepMap_PRISM/model_enrichment/PRISM_CCLE_seed6_enrichment_summary.csv	formal_runs/table_exports/external_enrichment_final_raw.tsv
DepMap_PRISM_CCLE	CCLE/PRISM	MDR	is_fdr_lt_0_05	0.01	283	28246	58	487	0.0527274104135698	7.485153182231555e-19	0.0106007067137809	0.0072930680450329	1.453531853579883	0.3399320135972805	external_validation/processed/DepMap_PRISM/model_enrichment/PRISM_CCLE_seed6_enrichment_summary.csv	formal_runs/table_exports/external_enrichment_final_raw.tsv
DepMap_PRISM_CCLE	CCLE/PRISM	MDR	abs_spearman_rho	0.05	1413	28246	58	487	0.0527274104135698	7.485153182231555e-19	0.0437249032935959	0.0406502886895189	1.0756357384706554	0.0003999200159968	external_validation/processed/DepMap_PRISM/model_enrichment/PRISM_CCLE_seed6_enrichment_summary.csv	formal_runs/table_exports/external_enrichment_final_raw.tsv
DepMap_PRISM_CCLE	CCLE/PRISM	MDR	is_p_lt_0_05	0.05	1413	28246	58	487	0.0527274104135698	7.485153182231555e-19	0.1273885350318471	0.0970048856475253	1.313217722813706	0.0003999200159968	external_validation/processed/DepMap_PRISM/model_enrichment/PRISM_CCLE_seed6_enrichment_summary.csv	formal_runs/table_exports/external_enrichment_final_raw.tsv
DepMap_PRISM_CCLE	CCLE/PRISM	MDR	is_fdr_lt_0_1	0.05	1413	28246	58	487	0.0527274104135698	7.485153182231555e-19	0.0141542816702052	0.0108687955816752	1.3022861239629222	0.1457708458308338	external_validation/processed/DepMap_PRISM/model_enrichment/PRISM_CCLE_seed6_enrichment_summary.csv	formal_runs/table_exports/external_enrichment_final_raw.tsv
DepMap_PRISM_CCLE	CCLE/PRISM	MDR	is_fdr_lt_0_05	0.05	1413	28246	58	487	0.0527274104135698	7.485153182231555e-19	0.0084925690021231	0.0072930680450329	1.1644713788056809	0.3423315336932613	external_validation/processed/DepMap_PRISM/model_enrichment/PRISM_CCLE_seed6_enrichment_summary.csv	formal_runs/table_exports/external_enrichment_final_raw.tsv
DepMap_PRISM_CCLE	CCLE/PRISM	MDR	abs_spearman_rho	0.1	2825	28246	58	487	0.0527274104135698	7.485153182231555e-19	0.0428463538553777	0.0406502886895189	1.0540233596526731	0.0001999600079984	external_validation/processed/DepMap_PRISM/model_enrichment/PRISM_CCLE_seed6_enrichment_summary.csv	formal_runs/table_exports/external_enrichment_final_raw.tsv
DepMap_PRISM_CCLE	CCLE/PRISM	MDR	is_p_lt_0_05	0.1	2825	28246	58	487	0.0527274104135698	7.485153182231555e-19	0.1168141592920354	0.0970048856475253	1.204209030424391	0.0001999600079984	external_validation/processed/DepMap_PRISM/model_enrichment/PRISM_CCLE_seed6_enrichment_summary.csv	formal_runs/table_exports/external_enrichment_final_raw.tsv
DepMap_PRISM_CCLE	CCLE/PRISM	MDR	is_fdr_lt_0_1	0.1	2825	28246	58	487	0.0527274104135698	7.485153182231555e-19	0.0109734513274336	0.0108687955816752	1.0096290104061572	0.4947010597880424	external_validation/processed/DepMap_PRISM/model_enrichment/PRISM_CCLE_seed6_enrichment_summary.csv	formal_runs/table_exports/external_enrichment_final_raw.tsv
DepMap_PRISM_CCLE	CCLE/PRISM	MDR	is_fdr_lt_0_05	0.1	2825	28246	58	487	0.0527274104135698	7.485153182231555e-19	0.0063716814159292	0.0072930680450329	0.873662685797749	0.7586482703459309	external_validation/processed/DepMap_PRISM/model_enrichment/PRISM_CCLE_seed6_enrichment_summary.csv	formal_runs/table_exports/external_enrichment_final_raw.tsv
DepMap_PRISM_CCLE	CCLE/PRISM	MDS	abs_spearman_rho	0.01	304	30380	62	490	0.0424424807831264	1.3547361631482596e-13	0.0404919255736012	0.0403706259660942	1.0030046501535277	0.4659068186362727	external_validation/processed/DepMap_PRISM/model_enrichment/PRISM_CCLE_seed6_enrichment_summary.csv	formal_runs/table_exports/external_enrichment_final_raw.tsv
DepMap_PRISM_CCLE	CCLE/PRISM	MDS	is_p_lt_0_05	0.01	304	30380	62	490	0.0424424807831264	1.3547361631482596e-13	0.0953947368421052	0.0938446346280447	1.0165177500046152	0.4925014997000599	external_validation/processed/DepMap_PRISM/model_enrichment/PRISM_CCLE_seed6_enrichment_summary.csv	formal_runs/table_exports/external_enrichment_final_raw.tsv
DepMap_PRISM_CCLE	CCLE/PRISM	MDS	is_fdr_lt_0_1	0.01	304	30380	62	490	0.0424424807831264	1.3547361631482596e-13	0.006578947368421	0.0087228439763001	0.7542204568023833	0.7534493101379725	external_validation/processed/DepMap_PRISM/model_enrichment/PRISM_CCLE_seed6_enrichment_summary.csv	formal_runs/table_exports/external_enrichment_final_raw.tsv
DepMap_PRISM_CCLE	CCLE/PRISM	MDS	is_fdr_lt_0_05	0.01	304	30380	62	490	0.0424424807831264	1.3547361631482596e-13	0.006578947368421	0.005892034233048	1.1165833578359303	0.554489102179564	external_validation/processed/DepMap_PRISM/model_enrichment/PRISM_CCLE_seed6_enrichment_summary.csv	formal_runs/table_exports/external_enrichment_final_raw.tsv
DepMap_PRISM_CCLE	CCLE/PRISM	MDS	abs_spearman_rho	0.05	1519	30380	62	490	0.0424424807831264	1.3547361631482596e-13	0.0421414444284634	0.0403706259660942	1.0438640328207056	0.016996600679864	external_validation/processed/DepMap_PRISM/model_enrichment/PRISM_CCLE_seed6_enrichment_summary.csv	formal_runs/table_exports/external_enrichment_final_raw.tsv
DepMap_PRISM_CCLE	CCLE/PRISM	MDS	is_p_lt_0_05	0.05	1519	30380	62	490	0.0424424807831264	1.3547361631482596e-13	0.1073074391046741	0.0938446346280447	1.1434584356366186	0.0331933613277344	external_validation/processed/DepMap_PRISM/model_enrichment/PRISM_CCLE_seed6_enrichment_summary.csv	formal_runs/table_exports/external_enrichment_final_raw.tsv
DepMap_PRISM_CCLE	CCLE/PRISM	MDS	is_fdr_lt_0_1	0.05	1519	30380	62	490	0.0424424807831264	1.3547361631482596e-13	0.009874917709019	0.0087228439763001	1.1320754716981132	0.3445310937812437	external_validation/processed/DepMap_PRISM/model_enrichment/PRISM_CCLE_seed6_enrichment_summary.csv	formal_runs/table_exports/external_enrichment_final_raw.tsv
DepMap_PRISM_CCLE	CCLE/PRISM	MDS	is_fdr_lt_0_05	0.05	1519	30380	62	490	0.0424424807831264	1.3547361631482596e-13	0.0078999341672152	0.005892034233048	1.340782122905028	0.1837632473505299	external_validation/processed/DepMap_PRISM/model_enrichment/PRISM_CCLE_seed6_enrichment_summary.csv	formal_runs/table_exports/external_enrichment_final_raw.tsv
DepMap_PRISM_CCLE	CCLE/PRISM	MDS	abs_spearman_rho	0.1	3038	30380	62	490	0.0424424807831264	1.3547361631482596e-13	0.0430722064833846	0.0403706259660942	1.066919460688061	0.0001999600079984	external_validation/processed/DepMap_PRISM/model_enrichment/PRISM_CCLE_seed6_enrichment_summary.csv	formal_runs/table_exports/external_enrichment_final_raw.tsv
DepMap_PRISM_CCLE	CCLE/PRISM	MDS	is_p_lt_0_05	0.1	3038	30380	62	490	0.0424424807831264	1.3547361631482596e-13	0.1145490454246214	0.0938446346280447	1.2206243423360226	0.0001999600079984	external_validation/processed/DepMap_PRISM/model_enrichment/PRISM_CCLE_seed6_enrichment_summary.csv	formal_runs/table_exports/external_enrichment_final_raw.tsv
DepMap_PRISM_CCLE	CCLE/PRISM	MDS	is_fdr_lt_0_1	0.1	3038	30380	62	490	0.0424424807831264	1.3547361631482596e-13	0.0125082290980908	0.0087228439763001	1.4339622641509433	0.0175964807038592	external_validation/processed/DepMap_PRISM/model_enrichment/PRISM_CCLE_seed6_enrichment_summary.csv	formal_runs/table_exports/external_enrichment_final_raw.tsv
DepMap_PRISM_CCLE	CCLE/PRISM	MDS	is_fdr_lt_0_05	0.1	3038	30380	62	490	0.0424424807831264	1.3547361631482596e-13	0.0092165898617511	0.005892034233048	1.5642458100558658	0.0117976404719056	external_validation/processed/DepMap_PRISM/model_enrichment/PRISM_CCLE_seed6_enrichment_summary.csv	formal_runs/table_exports/external_enrichment_final_raw.tsv
DepMap_PRISM_CCLE	CCLE/PRISM	MDR	abs_spearman_rho	0.01	283	28246	58	487	0.0326608055879802	4.0108092129559645e-08	0.0367948011490007	0.0406502886895189	0.9051547316191082	0.9782043591281744	external_validation/processed/DepMap_PRISM/model_enrichment/PRISM_CCLE_seed7_enrichment_summary.csv	formal_runs/table_exports/external_enrichment_final_raw.tsv
DepMap_PRISM_CCLE	CCLE/PRISM	MDR	is_p_lt_0_05	0.01	283	28246	58	487	0.0326608055879802	4.0108092129559645e-08	0.0848056537102473	0.0970048856475253	0.8742410564597252	0.7834433113377325	external_validation/processed/DepMap_PRISM/model_enrichment/PRISM_CCLE_seed7_enrichment_summary.csv	formal_runs/table_exports/external_enrichment_final_raw.tsv
DepMap_PRISM_CCLE	CCLE/PRISM	MDR	is_fdr_lt_0_1	0.01	283	28246	58	487	0.0326608055879802	4.0108092129559645e-08	0.0	0.0108687955816752	0.0	1.0	external_validation/processed/DepMap_PRISM/model_enrichment/PRISM_CCLE_seed7_enrichment_summary.csv	formal_runs/table_exports/external_enrichment_final_raw.tsv
DepMap_PRISM_CCLE	CCLE/PRISM	MDR	is_fdr_lt_0_05	0.01	283	28246	58	487	0.0326608055879802	4.0108092129559645e-08	0.0	0.0072930680450329	0.0	1.0	external_validation/processed/DepMap_PRISM/model_enrichment/PRISM_CCLE_seed7_enrichment_summary.csv	formal_runs/table_exports/external_enrichment_final_raw.tsv
DepMap_PRISM_CCLE	CCLE/PRISM	MDR	abs_spearman_rho	0.05	1413	28246	58	487	0.0326608055879802	4.0108092129559645e-08	0.0423591368597727	0.0406502886895189	1.0420377868237485	0.0255948810237952	external_validation/processed/DepMap_PRISM/model_enrichment/PRISM_CCLE_seed7_enrichment_summary.csv	formal_runs/table_exports/external_enrichment_final_raw.tsv
DepMap_PRISM_CCLE	CCLE/PRISM	MDR	is_p_lt_0_05	0.05	1413	28246	58	487	0.0326608055879802	4.0108092129559645e-08	0.1132342533616418	0.0970048856475253	1.1673046425010718	0.0235952809438112	external_validation/processed/DepMap_PRISM/model_enrichment/PRISM_CCLE_seed7_enrichment_summary.csv	formal_runs/table_exports/external_enrichment_final_raw.tsv
DepMap_PRISM_CCLE	CCLE/PRISM	MDR	is_fdr_lt_0_1	0.05	1413	28246	58	487	0.0326608055879802	4.0108092129559645e-08	0.0106157112526539	0.0108687955816752	0.9767145929721917	0.5706858628274345	external_validation/processed/DepMap_PRISM/model_enrichment/PRISM_CCLE_seed7_enrichment_summary.csv	formal_runs/table_exports/external_enrichment_final_raw.tsv
DepMap_PRISM_CCLE	CCLE/PRISM	MDR	is_fdr_lt_0_05	0.05	1413	28246	58	487	0.0326608055879802	4.0108092129559645e-08	0.0063694267515923	0.0072930680450329	0.8733535341042608	0.7104579084183164	external_validation/processed/DepMap_PRISM/model_enrichment/PRISM_CCLE_seed7_enrichment_summary.csv	formal_runs/table_exports/external_enrichment_final_raw.tsv
DepMap_PRISM_CCLE	CCLE/PRISM	MDR	abs_spearman_rho	0.1	2825	28246	58	487	0.0326608055879802	4.0108092129559645e-08	0.0426880130087043	0.0406502886895189	1.0501281635353028	0.0003999200159968	external_validation/processed/DepMap_PRISM/model_enrichment/PRISM_CCLE_seed7_enrichment_summary.csv	formal_runs/table_exports/external_enrichment_final_raw.tsv
DepMap_PRISM_CCLE	CCLE/PRISM	MDR	is_p_lt_0_05	0.1	2825	28246	58	487	0.0326608055879802	4.0108092129559645e-08	0.1129203539823008	0.0970048856475253	1.1640687294102448	0.0017996400719856	external_validation/processed/DepMap_PRISM/model_enrichment/PRISM_CCLE_seed7_enrichment_summary.csv	formal_runs/table_exports/external_enrichment_final_raw.tsv
DepMap_PRISM_CCLE	CCLE/PRISM	MDR	is_fdr_lt_0_1	0.1	2825	28246	58	487	0.0326608055879802	4.0108092129559645e-08	0.0106194690265486	0.0108687955816752	0.97706033265112	0.5754849030193961	external_validation/processed/DepMap_PRISM/model_enrichment/PRISM_CCLE_seed7_enrichment_summary.csv	formal_runs/table_exports/external_enrichment_final_raw.tsv
DepMap_PRISM_CCLE	CCLE/PRISM	MDR	is_fdr_lt_0_05	0.1	2825	28246	58	487	0.0326608055879802	4.0108092129559645e-08	0.0060176991150442	0.0072930680450329	0.8251258699200963	0.8346330733853229	external_validation/processed/DepMap_PRISM/model_enrichment/PRISM_CCLE_seed7_enrichment_summary.csv	formal_runs/table_exports/external_enrichment_final_raw.tsv
DepMap_PRISM_CCLE	CCLE/PRISM	MDS	abs_spearman_rho	0.01	304	30380	62	490	0.0483498475354155	3.4011233575611126e-17	0.0434718163152598	0.0403706259660942	1.076817990183512	0.0531893621275744	external_validation/processed/DepMap_PRISM/model_enrichment/PRISM_CCLE_seed7_enrichment_summary.csv	formal_runs/table_exports/external_enrichment_final_raw.tsv
DepMap_PRISM_CCLE	CCLE/PRISM	MDS	is_p_lt_0_05	0.01	304	30380	62	490	0.0483498475354155	3.4011233575611126e-17	0.125	0.0938446346280447	1.3319887758681164	0.0441911617676464	external_validation/processed/DepMap_PRISM/model_enrichment/PRISM_CCLE_seed7_enrichment_summary.csv	formal_runs/table_exports/external_enrichment_final_raw.tsv
DepMap_PRISM_CCLE	CCLE/PRISM	MDS	is_fdr_lt_0_1	0.01	304	30380	62	490	0.0483498475354155	3.4011233575611126e-17	0.006578947368421	0.0087228439763001	0.7542204568023833	0.7450509898020395	external_validation/processed/DepMap_PRISM/model_enrichment/PRISM_CCLE_seed7_enrichment_summary.csv	formal_runs/table_exports/external_enrichment_final_raw.tsv
DepMap_PRISM_CCLE	CCLE/PRISM	MDS	is_fdr_lt_0_05	0.01	304	30380	62	490	0.0483498475354155	3.4011233575611126e-17	0.0032894736842105	0.005892034233048	0.5582916789179653	0.8346330733853229	external_validation/processed/DepMap_PRISM/model_enrichment/PRISM_CCLE_seed7_enrichment_summary.csv	formal_runs/table_exports/external_enrichment_final_raw.tsv
DepMap_PRISM_CCLE	CCLE/PRISM	MDS	abs_spearman_rho	0.05	1519	30380	62	490	0.0483498475354155	3.4011233575611126e-17	0.0429895449775115	0.0403706259660942	1.0648718950659044	0.0011997600479904	external_validation/processed/DepMap_PRISM/model_enrichment/PRISM_CCLE_seed7_enrichment_summary.csv	formal_runs/table_exports/external_enrichment_final_raw.tsv
DepMap_PRISM_CCLE	CCLE/PRISM	MDS	is_p_lt_0_05	0.05	1519	30380	62	490	0.0483498475354155	3.4011233575611126e-17	0.1237656352863726	0.0938446346280447	1.318835496317082	0.0001999600079984	external_validation/processed/DepMap_PRISM/model_enrichment/PRISM_CCLE_seed7_enrichment_summary.csv	formal_runs/table_exports/external_enrichment_final_raw.tsv
DepMap_PRISM_CCLE	CCLE/PRISM	MDS	is_fdr_lt_0_1	0.05	1519	30380	62	490	0.0483498475354155	3.4011233575611126e-17	0.0125082290980908	0.0087228439763001	1.4339622641509433	0.0735852829434113	external_validation/processed/DepMap_PRISM/model_enrichment/PRISM_CCLE_seed7_enrichment_summary.csv	formal_runs/table_exports/external_enrichment_final_raw.tsv
DepMap_PRISM_CCLE	CCLE/PRISM	MDS	is_fdr_lt_0_05	0.05	1519	30380	62	490	0.0483498475354155	3.4011233575611126e-17	0.0078999341672152	0.005892034233048	1.340782122905028	0.1843631273745251	external_validation/processed/DepMap_PRISM/model_enrichment/PRISM_CCLE_seed7_enrichment_summary.csv	formal_runs/table_exports/external_enrichment_final_raw.tsv
DepMap_PRISM_CCLE	CCLE/PRISM	MDS	abs_spearman_rho	0.1	3038	30380	62	490	0.0483498475354155	3.4011233575611126e-17	0.0422146366982419	0.0403706259660942	1.0456770408686855	0.0003999200159968	external_validation/processed/DepMap_PRISM/model_enrichment/PRISM_CCLE_seed7_enrichment_summary.csv	formal_runs/table_exports/external_enrichment_final_raw.tsv
DepMap_PRISM_CCLE	CCLE/PRISM	MDS	is_p_lt_0_05	0.1	3038	30380	62	490	0.0483498475354155	3.4011233575611126e-17	0.1122448979591836	0.0938446346280447	1.1960715538407576	0.0001999600079984	external_validation/processed/DepMap_PRISM/model_enrichment/PRISM_CCLE_seed7_enrichment_summary.csv	formal_runs/table_exports/external_enrichment_final_raw.tsv
DepMap_PRISM_CCLE	CCLE/PRISM	MDS	is_fdr_lt_0_1	0.1	3038	30380	62	490	0.0483498475354155	3.4011233575611126e-17	0.009874917709019	0.0087228439763001	1.1320754716981132	0.2689462107578484	external_validation/processed/DepMap_PRISM/model_enrichment/PRISM_CCLE_seed7_enrichment_summary.csv	formal_runs/table_exports/external_enrichment_final_raw.tsv
DepMap_PRISM_CCLE	CCLE/PRISM	MDS	is_fdr_lt_0_05	0.1	3038	30380	62	490	0.0483498475354155	3.4011233575611126e-17	0.0062541145490454	0.005892034233048	1.0614525139664803	0.4273145370925815	external_validation/processed/DepMap_PRISM/model_enrichment/PRISM_CCLE_seed7_enrichment_summary.csv	formal_runs/table_exports/external_enrichment_final_raw.tsv
DepMap_PRISM_CCLE	CCLE/PRISM	MDR	abs_spearman_rho	0.01	283	28246	58	487	0.037943533014513	1.7823383633725863e-10	0.0496514788320197	0.0406502886895189	1.2214299192620903	0.0001999600079984	external_validation/processed/DepMap_PRISM/model_enrichment/PRISM_CCLE_seed8_enrichment_summary.csv	formal_runs/table_exports/external_enrichment_final_raw.tsv
DepMap_PRISM_CCLE	CCLE/PRISM	MDR	is_p_lt_0_05	0.01	283	28246	58	487	0.037943533014513	1.7823383633725863e-10	0.1696113074204947	0.0970048856475253	1.7484821129194503	0.0003999200159968	external_validation/processed/DepMap_PRISM/model_enrichment/PRISM_CCLE_seed8_enrichment_summary.csv	formal_runs/table_exports/external_enrichment_final_raw.tsv
DepMap_PRISM_CCLE	CCLE/PRISM	MDR	is_fdr_lt_0_1	0.01	283	28246	58	487	0.037943533014513	1.7823383633725863e-10	0.0282685512367491	0.0108687955816752	2.600890873723829	0.011997600479904	external_validation/processed/DepMap_PRISM/model_enrichment/PRISM_CCLE_seed8_enrichment_summary.csv	formal_runs/table_exports/external_enrichment_final_raw.tsv
DepMap_PRISM_CCLE	CCLE/PRISM	MDR	is_fdr_lt_0_05	0.01	283	28246	58	487	0.037943533014513	1.7823383633725863e-10	0.0212014134275618	0.0072930680450329	2.9070637071597654	0.0195960807838432	external_validation/processed/DepMap_PRISM/model_enrichment/PRISM_CCLE_seed8_enrichment_summary.csv	formal_runs/table_exports/external_enrichment_final_raw.tsv
DepMap_PRISM_CCLE	CCLE/PRISM	MDR	abs_spearman_rho	0.05	1413	28246	58	487	0.037943533014513	1.7823383633725863e-10	0.0448099286733634	0.0406502886895189	1.1023274401718344	0.0001999600079984	external_validation/processed/DepMap_PRISM/model_enrichment/PRISM_CCLE_seed8_enrichment_summary.csv	formal_runs/table_exports/external_enrichment_final_raw.tsv
DepMap_PRISM_CCLE	CCLE/PRISM	MDR	is_p_lt_0_05	0.05	1413	28246	58	487	0.037943533014513	1.7823383633725863e-10	0.1365888181174805	0.0970048856475253	1.408061225016918	0.0001999600079984	external_validation/processed/DepMap_PRISM/model_enrichment/PRISM_CCLE_seed8_enrichment_summary.csv	formal_runs/table_exports/external_enrichment_final_raw.tsv
DepMap_PRISM_CCLE	CCLE/PRISM	MDR	is_fdr_lt_0_1	0.05	1413	28246	58	487	0.037943533014513	1.7823383633725863e-10	0.019108280254777	0.0108687955816752	1.7580862673499449	0.0031993601279744	external_validation/processed/DepMap_PRISM/model_enrichment/PRISM_CCLE_seed8_enrichment_summary.csv	formal_runs/table_exports/external_enrichment_final_raw.tsv
DepMap_PRISM_CCLE	CCLE/PRISM	MDR	is_fdr_lt_0_05	0.05	1413	28246	58	487	0.037943533014513	1.7823383633725863e-10	0.0127388535031847	0.0072930680450329	1.7467070682085215	0.015996800639872	external_validation/processed/DepMap_PRISM/model_enrichment/PRISM_CCLE_seed8_enrichment_summary.csv	formal_runs/table_exports/external_enrichment_final_raw.tsv
DepMap_PRISM_CCLE	CCLE/PRISM	MDR	abs_spearman_rho	0.1	2825	28246	58	487	0.037943533014513	1.7823383633725863e-10	0.0441633796916349	0.0406502886895189	1.0864222891244018	0.0001999600079984	external_validation/processed/DepMap_PRISM/model_enrichment/PRISM_CCLE_seed8_enrichment_summary.csv	formal_runs/table_exports/external_enrichment_final_raw.tsv
DepMap_PRISM_CCLE	CCLE/PRISM	MDR	is_p_lt_0_05	0.1	2825	28246	58	487	0.037943533014513	1.7823383633725863e-10	0.127433628318584	0.0970048856475253	1.3136825786447903	0.0001999600079984	external_validation/processed/DepMap_PRISM/model_enrichment/PRISM_CCLE_seed8_enrichment_summary.csv	formal_runs/table_exports/external_enrichment_final_raw.tsv
DepMap_PRISM_CCLE	CCLE/PRISM	MDR	is_fdr_lt_0_1	0.1	2825	28246	58	487	0.037943533014513	1.7823383633725863e-10	0.0173451327433628	0.0108687955816752	1.5958652099968291	0.0001999600079984	external_validation/processed/DepMap_PRISM/model_enrichment/PRISM_CCLE_seed8_enrichment_summary.csv	formal_runs/table_exports/external_enrichment_final_raw.tsv
DepMap_PRISM_CCLE	CCLE/PRISM	MDR	is_fdr_lt_0_05	0.1	2825	28246	58	487	0.037943533014513	1.7823383633725863e-10	0.0120353982300884	0.0072930680450329	1.6502517398401926	0.0031993601279744	external_validation/processed/DepMap_PRISM/model_enrichment/PRISM_CCLE_seed8_enrichment_summary.csv	formal_runs/table_exports/external_enrichment_final_raw.tsv
DepMap_PRISM_CCLE	CCLE/PRISM	MDS	abs_spearman_rho	0.01	304	30380	62	490	0.0416132088161742	3.9879884326090974e-13	0.0409079120547566	0.0403706259660942	1.0133088372004353	0.3833233353329334	external_validation/processed/DepMap_PRISM/model_enrichment/PRISM_CCLE_seed8_enrichment_summary.csv	formal_runs/table_exports/external_enrichment_final_raw.tsv
DepMap_PRISM_CCLE	CCLE/PRISM	MDS	is_p_lt_0_05	0.01	304	30380	62	490	0.0416132088161742	3.9879884326090974e-13	0.1085526315789473	0.0938446346280447	1.156727094832838	0.2179564087182563	external_validation/processed/DepMap_PRISM/model_enrichment/PRISM_CCLE_seed8_enrichment_summary.csv	formal_runs/table_exports/external_enrichment_final_raw.tsv
DepMap_PRISM_CCLE	CCLE/PRISM	MDS	is_fdr_lt_0_1	0.01	304	30380	62	490	0.0416132088161742	3.9879884326090974e-13	0.006578947368421	0.0087228439763001	0.7542204568023833	0.740251949610078	external_validation/processed/DepMap_PRISM/model_enrichment/PRISM_CCLE_seed8_enrichment_summary.csv	formal_runs/table_exports/external_enrichment_final_raw.tsv
DepMap_PRISM_CCLE	CCLE/PRISM	MDS	is_fdr_lt_0_05	0.01	304	30380	62	490	0.0416132088161742	3.9879884326090974e-13	0.006578947368421	0.005892034233048	1.1165833578359303	0.5400919816036792	external_validation/processed/DepMap_PRISM/model_enrichment/PRISM_CCLE_seed8_enrichment_summary.csv	formal_runs/table_exports/external_enrichment_final_raw.tsv
DepMap_PRISM_CCLE	CCLE/PRISM	MDS	abs_spearman_rho	0.05	1519	30380	62	490	0.0416132088161742	3.9879884326090974e-13	0.0449009609223053	0.0403706259660942	1.1122185957685182	0.0001999600079984	external_validation/processed/DepMap_PRISM/model_enrichment/PRISM_CCLE_seed8_enrichment_summary.csv	formal_runs/table_exports/external_enrichment_final_raw.tsv
DepMap_PRISM_CCLE	CCLE/PRISM	MDS	is_p_lt_0_05	0.05	1519	30380	62	490	0.0416132088161742	3.9879884326090974e-13	0.1428571428571428	0.0938446346280447	1.5222728867064188	0.0001999600079984	external_validation/processed/DepMap_PRISM/model_enrichment/PRISM_CCLE_seed8_enrichment_summary.csv	formal_runs/table_exports/external_enrichment_final_raw.tsv
DepMap_PRISM_CCLE	CCLE/PRISM	MDS	is_fdr_lt_0_1	0.05	1519	30380	62	490	0.0416132088161742	3.9879884326090974e-13	0.0144832126398946	0.0087228439763001	1.660377358490566	0.0145970805838832	external_validation/processed/DepMap_PRISM/model_enrichment/PRISM_CCLE_seed8_enrichment_summary.csv	formal_runs/table_exports/external_enrichment_final_raw.tsv
DepMap_PRISM_CCLE	CCLE/PRISM	MDS	is_fdr_lt_0_05	0.05	1519	30380	62	490	0.0416132088161742	3.9879884326090974e-13	0.0111915734035549	0.005892034233048	1.899441340782123	0.0085982803439312	external_validation/processed/DepMap_PRISM/model_enrichment/PRISM_CCLE_seed8_enrichment_summary.csv	formal_runs/table_exports/external_enrichment_final_raw.tsv
DepMap_PRISM_CCLE	CCLE/PRISM	MDS	abs_spearman_rho	0.1	3038	30380	62	490	0.0416132088161742	3.9879884326090974e-13	0.0448742840707073	0.0403706259660942	1.1115577972062047	0.0001999600079984	external_validation/processed/DepMap_PRISM/model_enrichment/PRISM_CCLE_seed8_enrichment_summary.csv	formal_runs/table_exports/external_enrichment_final_raw.tsv
DepMap_PRISM_CCLE	CCLE/PRISM	MDS	is_p_lt_0_05	0.1	3038	30380	62	490	0.0416132088161742	3.9879884326090974e-13	0.1352863726135615	0.0938446346280447	1.441599438793406	0.0001999600079984	external_validation/processed/DepMap_PRISM/model_enrichment/PRISM_CCLE_seed8_enrichment_summary.csv	formal_runs/table_exports/external_enrichment_final_raw.tsv
DepMap_PRISM_CCLE	CCLE/PRISM	MDS	is_fdr_lt_0_1	0.1	3038	30380	62	490	0.0416132088161742	3.9879884326090974e-13	0.0141540487162606	0.0087228439763001	1.622641509433962	0.0015996800639872	external_validation/processed/DepMap_PRISM/model_enrichment/PRISM_CCLE_seed8_enrichment_summary.csv	formal_runs/table_exports/external_enrichment_final_raw.tsv
DepMap_PRISM_CCLE	CCLE/PRISM	MDS	is_fdr_lt_0_05	0.1	3038	30380	62	490	0.0416132088161742	3.9879884326090974e-13	0.0111915734035549	0.005892034233048	1.899441340782123	0.0003999200159968	external_validation/processed/DepMap_PRISM/model_enrichment/PRISM_CCLE_seed8_enrichment_summary.csv	formal_runs/table_exports/external_enrichment_final_raw.tsv
DepMap_PRISM_CCLE	CCLE/PRISM	MDR	abs_spearman_rho	0.01	283	28246	58	487	0.0351190550791386	3.5509331349048154e-09	0.036909285297721	0.0406502886895189	0.907971049839988	0.9702059588082383	external_validation/processed/DepMap_PRISM/model_enrichment/PRISM_CCLE_seed9_enrichment_summary.csv	formal_runs/table_exports/external_enrichment_final_raw.tsv
DepMap_PRISM_CCLE	CCLE/PRISM	MDR	is_p_lt_0_05	0.01	283	28246	58	487	0.0351190550791386	3.5509331349048154e-09	0.0812720848056537	0.0970048856475253	0.8378143457739031	0.8410317936412718	external_validation/processed/DepMap_PRISM/model_enrichment/PRISM_CCLE_seed9_enrichment_summary.csv	formal_runs/table_exports/external_enrichment_final_raw.tsv
DepMap_PRISM_CCLE	CCLE/PRISM	MDR	is_fdr_lt_0_1	0.01	283	28246	58	487	0.0351190550791386	3.5509331349048154e-09	0.0035335689045936	0.0108687955816752	0.3251113592154786	0.9558088382323536	external_validation/processed/DepMap_PRISM/model_enrichment/PRISM_CCLE_seed9_enrichment_summary.csv	formal_runs/table_exports/external_enrichment_final_raw.tsv
DepMap_PRISM_CCLE	CCLE/PRISM	MDR	is_fdr_lt_0_05	0.01	283	28246	58	487	0.0351190550791386	3.5509331349048154e-09	0.0035335689045936	0.0072930680450329	0.4845106178599608	0.8730253949210158	external_validation/processed/DepMap_PRISM/model_enrichment/PRISM_CCLE_seed9_enrichment_summary.csv	formal_runs/table_exports/external_enrichment_final_raw.tsv
DepMap_PRISM_CCLE	CCLE/PRISM	MDR	abs_spearman_rho	0.05	1413	28246	58	487	0.0351190550791386	3.5509331349048154e-09	0.0413599018486522	0.0406502886895189	1.0174565343078692	0.2027594481103779	external_validation/processed/DepMap_PRISM/model_enrichment/PRISM_CCLE_seed9_enrichment_summary.csv	formal_runs/table_exports/external_enrichment_final_raw.tsv
DepMap_PRISM_CCLE	CCLE/PRISM	MDR	is_p_lt_0_05	0.05	1413	28246	58	487	0.0351190550791386	3.5509331349048154e-09	0.1111111111111111	0.0970048856475253	1.1454176804541767	0.0411917616476704	external_validation/processed/DepMap_PRISM/model_enrichment/PRISM_CCLE_seed9_enrichment_summary.csv	formal_runs/table_exports/external_enrichment_final_raw.tsv
DepMap_PRISM_CCLE	CCLE/PRISM	MDR	is_fdr_lt_0_1	0.05	1413	28246	58	487	0.0351190550791386	3.5509331349048154e-09	0.0099079971691436	0.0108687955816752	0.9116002867740456	0.6796640671865627	external_validation/processed/DepMap_PRISM/model_enrichment/PRISM_CCLE_seed9_enrichment_summary.csv	formal_runs/table_exports/external_enrichment_final_raw.tsv
DepMap_PRISM_CCLE	CCLE/PRISM	MDR	is_fdr_lt_0_05	0.05	1413	28246	58	487	0.0351190550791386	3.5509331349048154e-09	0.0049539985845718	0.0072930680450329	0.6792749709699806	0.9006198760247951	external_validation/processed/DepMap_PRISM/model_enrichment/PRISM_CCLE_seed9_enrichment_summary.csv	formal_runs/table_exports/external_enrichment_final_raw.tsv
DepMap_PRISM_CCLE	CCLE/PRISM	MDR	abs_spearman_rho	0.1	2825	28246	58	487	0.0351190550791386	3.5509331349048154e-09	0.0422910737968296	0.0406502886895189	1.0403634306226666	0.0037992401519696	external_validation/processed/DepMap_PRISM/model_enrichment/PRISM_CCLE_seed9_enrichment_summary.csv	formal_runs/table_exports/external_enrichment_final_raw.tsv
DepMap_PRISM_CCLE	CCLE/PRISM	MDR	is_p_lt_0_05	0.1	2825	28246	58	487	0.0351190550791386	3.5509331349048154e-09	0.111858407079646	0.0970048856475253	1.153121374588205	0.0027994401119776	external_validation/processed/DepMap_PRISM/model_enrichment/PRISM_CCLE_seed9_enrichment_summary.csv	formal_runs/table_exports/external_enrichment_final_raw.tsv
DepMap_PRISM_CCLE	CCLE/PRISM	MDR	is_fdr_lt_0_1	0.1	2825	28246	58	487	0.0351190550791386	3.5509331349048154e-09	0.0099115044247787	0.0108687955816752	0.9119229771410452	0.7236552689462108	external_validation/processed/DepMap_PRISM/model_enrichment/PRISM_CCLE_seed9_enrichment_summary.csv	formal_runs/table_exports/external_enrichment_final_raw.tsv
DepMap_PRISM_CCLE	CCLE/PRISM	MDR	is_fdr_lt_0_05	0.1	2825	28246	58	487	0.0351190550791386	3.5509331349048154e-09	0.0053097345132743	0.0072930680450329	0.7280522381647908	0.9266146770645872	external_validation/processed/DepMap_PRISM/model_enrichment/PRISM_CCLE_seed9_enrichment_summary.csv	formal_runs/table_exports/external_enrichment_final_raw.tsv
DepMap_PRISM_CCLE	CCLE/PRISM	MDS	abs_spearman_rho	0.01	304	30380	62	490	0.0316303255629971	3.50222472007292e-08	0.0402621973071734	0.0403706259660942	0.9973141694901676	0.5170965806838632	external_validation/processed/DepMap_PRISM/model_enrichment/PRISM_CCLE_seed9_enrichment_summary.csv	formal_runs/table_exports/external_enrichment_final_raw.tsv
DepMap_PRISM_CCLE	CCLE/PRISM	MDS	is_p_lt_0_05	0.01	304	30380	62	490	0.0316303255629971	3.50222472007292e-08	0.1118421052631579	0.0938446346280447	1.1917794310398937	0.1599680063987202	external_validation/processed/DepMap_PRISM/model_enrichment/PRISM_CCLE_seed9_enrichment_summary.csv	formal_runs/table_exports/external_enrichment_final_raw.tsv
DepMap_PRISM_CCLE	CCLE/PRISM	MDS	is_fdr_lt_0_1	0.01	304	30380	62	490	0.0316303255629971	3.50222472007292e-08	0.0	0.0087228439763001	0.0	1.0	external_validation/processed/DepMap_PRISM/model_enrichment/PRISM_CCLE_seed9_enrichment_summary.csv	formal_runs/table_exports/external_enrichment_final_raw.tsv
DepMap_PRISM_CCLE	CCLE/PRISM	MDS	is_fdr_lt_0_05	0.01	304	30380	62	490	0.0316303255629971	3.50222472007292e-08	0.0	0.005892034233048	0.0	1.0	external_validation/processed/DepMap_PRISM/model_enrichment/PRISM_CCLE_seed9_enrichment_summary.csv	formal_runs/table_exports/external_enrichment_final_raw.tsv
DepMap_PRISM_CCLE	CCLE/PRISM	MDS	abs_spearman_rho	0.05	1519	30380	62	490	0.0316303255629971	3.50222472007292e-08	0.0409514924230561	0.0403706259660942	1.014388344075958	0.2403519296140772	external_validation/processed/DepMap_PRISM/model_enrichment/PRISM_CCLE_seed9_enrichment_summary.csv	formal_runs/table_exports/external_enrichment_final_raw.tsv
DepMap_PRISM_CCLE	CCLE/PRISM	MDS	is_p_lt_0_05	0.05	1519	30380	62	490	0.0316303255629971	3.50222472007292e-08	0.1073074391046741	0.0938446346280447	1.1434584356366186	0.0345930813837232	external_validation/processed/DepMap_PRISM/model_enrichment/PRISM_CCLE_seed9_enrichment_summary.csv	formal_runs/table_exports/external_enrichment_final_raw.tsv
DepMap_PRISM_CCLE	CCLE/PRISM	MDS	is_fdr_lt_0_1	0.05	1519	30380	62	490	0.0316303255629971	3.50222472007292e-08	0.0052666227781435	0.0087228439763001	0.6037735849056604	0.9562087582483504	external_validation/processed/DepMap_PRISM/model_enrichment/PRISM_CCLE_seed9_enrichment_summary.csv	formal_runs/table_exports/external_enrichment_final_raw.tsv
DepMap_PRISM_CCLE	CCLE/PRISM	MDS	is_fdr_lt_0_05	0.05	1519	30380	62	490	0.0316303255629971	3.50222472007292e-08	0.0046082949308755	0.005892034233048	0.7821229050279329	0.7860427914417116	external_validation/processed/DepMap_PRISM/model_enrichment/PRISM_CCLE_seed9_enrichment_summary.csv	formal_runs/table_exports/external_enrichment_final_raw.tsv
DepMap_PRISM_CCLE	CCLE/PRISM	MDS	abs_spearman_rho	0.1	3038	30380	62	490	0.0316303255629971	3.50222472007292e-08	0.0419392423590366	0.0403706259660942	1.0388553894175403	0.003999200159968	external_validation/processed/DepMap_PRISM/model_enrichment/PRISM_CCLE_seed9_enrichment_summary.csv	formal_runs/table_exports/external_enrichment_final_raw.tsv
DepMap_PRISM_CCLE	CCLE/PRISM	MDS	is_p_lt_0_05	0.1	3038	30380	62	490	0.0316303255629971	3.50222472007292e-08	0.1105990783410138	0.0938446346280447	1.1785338477727114	0.0005998800239952	external_validation/processed/DepMap_PRISM/model_enrichment/PRISM_CCLE_seed9_enrichment_summary.csv	formal_runs/table_exports/external_enrichment_final_raw.tsv
DepMap_PRISM_CCLE	CCLE/PRISM	MDS	is_fdr_lt_0_1	0.1	3038	30380	62	490	0.0316303255629971	3.50222472007292e-08	0.0092165898617511	0.0087228439763001	1.0566037735849056	0.4147170565886822	external_validation/processed/DepMap_PRISM/model_enrichment/PRISM_CCLE_seed9_enrichment_summary.csv	formal_runs/table_exports/external_enrichment_final_raw.tsv
DepMap_PRISM_CCLE	CCLE/PRISM	MDS	is_fdr_lt_0_05	0.1	3038	30380	62	490	0.0316303255629971	3.50222472007292e-08	0.0059249506254114	0.005892034233048	1.005586592178771	0.5306938612277544	external_validation/processed/DepMap_PRISM/model_enrichment/PRISM_CCLE_seed9_enrichment_summary.csv	formal_runs/table_exports/external_enrichment_final_raw.tsv
