model_name	task_type	dataset	setting	seed	AUROC	AUPR	ACC	F1	MCC	Brier	ECE	NLL	loss	train_loss_final	test_loss	run_status	run_dir	source_file	schema_note
ISG-MDA	MDA	MDR	random	0	0.9147894806974148	0.9047594362182052	0.8484288354898336	0.8481481481481481	0.6968624329205784	0.118142197096515	0.0717625314357507	0.4426885695263392		0.2485237993518539	0.4426885724838912	PASS	formal_runs/isg_clean_fixedfinal_20260706/04_formal_runs/MDR/random/seed_0	formal_runs/isg_clean_fixedfinal_20260706/08_final_audit_20260710_after_4seed_rerun/ISG_FORMAL_250_RAW_METRICS.tsv	
ISG-MDA	MDA	MDR	random	1	0.9030360699874608	0.8857671205145338	0.8262476894639557	0.8292461398728429	0.6528981535471741	0.1287769457493418	0.071306090694246	0.4645780975881194		0.2505276376606548	0.4645780989290826	PASS	formal_runs/isg_clean_fixedfinal_20260706/04_formal_runs/MDR/random/seed_1	formal_runs/isg_clean_fixedfinal_20260706/08_final_audit_20260710_after_4seed_rerun/ISG_FORMAL_250_RAW_METRICS.tsv	
ISG-MDA	MDA	MDR	random	2	0.9197368466009068	0.9010475550845992	0.8484288354898336	0.855379188712522	0.70009918803198	0.1142063682052476	0.0627375835378769	0.4118296569433829		0.2675221379124339	0.411829656461691	PASS	formal_runs/isg_clean_fixedfinal_20260706/04_formal_runs/MDR/random/seed_2	formal_runs/isg_clean_fixedfinal_20260706/08_final_audit_20260710_after_4seed_rerun/ISG_FORMAL_250_RAW_METRICS.tsv	
ISG-MDA	MDA	MDR	random	3	0.9055447740030956	0.8857153950511218	0.8308687615526802	0.840174672489083	0.6662705372660035	0.1276784297279235	0.0743744839717018	0.447279417684888		0.2485216930629089	0.4472794206658044	PASS	formal_runs/isg_clean_fixedfinal_20260706/04_formal_runs/MDR/random/seed_3	formal_runs/isg_clean_fixedfinal_20260706/08_final_audit_20260710_after_4seed_rerun/ISG_FORMAL_250_RAW_METRICS.tsv	
ISG-MDA	MDA	MDR	random	4	0.9113147078218266	0.8929548362610455	0.8391866913123844	0.8446428571428571	0.6800530454894083	0.1195055063634069	0.0482952360197392	0.4236150987282392		0.271572274936212	0.4236151000928967	PASS	formal_runs/isg_clean_fixedfinal_20260706/04_formal_runs/MDR/random/seed_4	formal_runs/isg_clean_fixedfinal_20260706/08_final_audit_20260710_after_4seed_rerun/ISG_FORMAL_250_RAW_METRICS.tsv	
ISG-MDA	MDA	MDR	random	5	0.8974121996303142	0.8774029950000051	0.8317929759704251	0.8361836183618362	0.6645413972359817	0.129295586530564	0.0622333530818594	0.4518491422558205		0.2533070450705891	0.4518491438488423	PASS	formal_runs/isg_clean_fixedfinal_20260706/04_formal_runs/MDR/random/seed_5	formal_runs/isg_clean_fixedfinal_20260706/08_final_audit_20260710_after_4seed_rerun/ISG_FORMAL_250_RAW_METRICS.tsv	
ISG-MDA	MDA	MDR	random	6	0.9164235122881226	0.8951312328664245	0.8576709796672828	0.8608852755194218	0.7161069663668633	0.113610217546418	0.0518929071910409	0.3901958018815322		0.2580356561413371	0.3901958055449942	PASS	formal_runs/isg_clean_fixedfinal_20260706/04_formal_runs/MDR/random/seed_6	formal_runs/isg_clean_fixedfinal_20260706/08_final_audit_20260710_after_4seed_rerun/ISG_FORMAL_250_RAW_METRICS.tsv	
ISG-MDA	MDA	MDR	random	7	0.9148714812372516	0.9039533588773386	0.8456561922365989	0.852863436123348	0.694653884628356	0.119184478176304	0.0643433410570182	0.4206215800341224		0.2593431409373518	0.4206215857137373	PASS	formal_runs/isg_clean_fixedfinal_20260706/04_formal_runs/MDR/random/seed_7	formal_runs/isg_clean_fixedfinal_20260706/08_final_audit_20260710_after_4seed_rerun/ISG_FORMAL_250_RAW_METRICS.tsv	
ISG-MDA	MDA	MDR	random	8	0.9208041348772212	0.901170126672445	0.8498151571164511	0.8479176415535797	0.699848242974657	0.1162856761370537	0.0605928105992817	0.4087794268798023		0.2527691455147893	0.4087794280977654	PASS	formal_runs/isg_clean_fixedfinal_20260706/04_formal_runs/MDR/random/seed_8	formal_runs/isg_clean_fixedfinal_20260706/08_final_audit_20260710_after_4seed_rerun/ISG_FORMAL_250_RAW_METRICS.tsv	
ISG-MDA	MDA	MDR	random	9	0.92070376963315	0.9042728101130462	0.8530499075785583	0.8594164456233422	0.7090139917996877	0.1114708965693198	0.044551051486327	0.3847054602971012		0.2598176857038771	0.3847054577468724	PASS	formal_runs/isg_clean_fixedfinal_20260706/04_formal_runs/MDR/random/seed_9	formal_runs/isg_clean_fixedfinal_20260706/08_final_audit_20260710_after_4seed_rerun/ISG_FORMAL_250_RAW_METRICS.tsv	
ISG-MDA	MDA	MDR	random	10	0.9167946501481132	0.8986650268431691	0.8424214417744916	0.852060737527115	0.6907329406462998	0.1165012552502142	0.0624095787350739	0.4056085474170243		0.253241901291755	0.405608543186223	PASS	formal_runs/isg_clean_fixedfinal_20260706/04_formal_runs/MDR/random/seed_10	formal_runs/isg_clean_fixedfinal_20260706/08_final_audit_20260710_after_4seed_rerun/ISG_FORMAL_250_RAW_METRICS.tsv	
ISG-MDA	MDA	MDR	random	11	0.9194032923216744	0.9031978180306706	0.8456561922365989	0.8536371603856266	0.6954604830907376	0.1160773056543076	0.0634756782970198	0.4086968176316227		0.2655829676485249	0.4086968225604285	PASS	formal_runs/isg_clean_fixedfinal_20260706/04_formal_runs/MDR/random/seed_11	formal_runs/isg_clean_fixedfinal_20260706/08_final_audit_20260710_after_4seed_rerun/ISG_FORMAL_250_RAW_METRICS.tsv	
ISG-MDA	MDA	MDR	random	12	0.9214187118398528	0.9083505845701898	0.8525878003696857	0.8610021786492374	0.710401515173932	0.1107658649030635	0.0495156962706423	0.3882448185704339		0.2531890306448821	0.3882448197292532	PASS	formal_runs/isg_clean_fixedfinal_20260706/04_formal_runs/MDR/random/seed_12	formal_runs/isg_clean_fixedfinal_20260706/08_final_audit_20260710_after_4seed_rerun/ISG_FORMAL_250_RAW_METRICS.tsv	
ISG-MDA	MDA	MDR	random	13	0.911642282895029	0.891860415406929	0.8285582255083179	0.8397408207343412	0.6636104585832416	0.124906798621436	0.0788954499739755	0.4363766470854388		0.2662188973967102	0.4363766453623111	PASS	formal_runs/isg_clean_fixedfinal_20260706/04_formal_runs/MDR/random/seed_13	formal_runs/isg_clean_fixedfinal_20260706/08_final_audit_20260710_after_4seed_rerun/ISG_FORMAL_250_RAW_METRICS.tsv	
ISG-MDA	MDA	MDR	random	14	0.9150350552307804	0.9004459390758558	0.8419593345656192	0.8453887884267631	0.684592644489604	0.1183627832422433	0.0592501339544698	0.4262465246261228		0.2478061911690232	0.42624652727254	PASS	formal_runs/isg_clean_fixedfinal_20260706/04_formal_runs/MDR/random/seed_14	formal_runs/isg_clean_fixedfinal_20260706/08_final_audit_20260710_after_4seed_rerun/ISG_FORMAL_250_RAW_METRICS.tsv	
ISG-MDA	MDA	MDR	random	15	0.9194293445765184	0.9043225326904492	0.8401109057301294	0.8485113835376532	0.6844441950597903	0.1144686403701319	0.0538112888331068	0.3876134134348805		0.2751864071846779	0.3876134156079037	PASS	formal_runs/isg_clean_fixedfinal_20260706/04_formal_runs/MDR/random/seed_15	formal_runs/isg_clean_fixedfinal_20260706/08_final_audit_20260710_after_4seed_rerun/ISG_FORMAL_250_RAW_METRICS.tsv	
ISG-MDA	MDA	MDR	random	16	0.9165311379966584	0.8926154242618587	0.8498151571164511	0.8556197245668592	0.7019029756186219	0.1120445632881038	0.0434080444497274	0.3835527252464743		0.2703769059641362	0.3835527270536546	PASS	formal_runs/isg_clean_fixedfinal_20260706/04_formal_runs/MDR/random/seed_16	formal_runs/isg_clean_fixedfinal_20260706/08_final_audit_20260710_after_4seed_rerun/ISG_FORMAL_250_RAW_METRICS.tsv	
ISG-MDA	MDA	MDR	random	17	0.8934291942421954	0.873713403185614	0.8100739371534196	0.8276729559748428	0.6335030885837787	0.1399771222707431	0.0932012885937761	0.498435535464269		0.248444114815806	0.4984355389300644	PASS	formal_runs/isg_clean_fixedfinal_20260706/04_formal_runs/MDR/random/seed_17	formal_runs/isg_clean_fixedfinal_20260706/08_final_audit_20260710_after_4seed_rerun/ISG_FORMAL_250_RAW_METRICS.tsv	
ISG-MDA	MDA	MDR	random	18	0.9084852621113088	0.8916221489594812	0.8313308687615527	0.8375611927013796	0.6646200654655277	0.1238305404015649	0.0675763299595859	0.4417179873766362		0.2634852949756209	0.4417179878009225	PASS	formal_runs/isg_clean_fixedfinal_20260706/04_formal_runs/MDR/random/seed_18	formal_runs/isg_clean_fixedfinal_20260706/08_final_audit_20260710_after_4seed_rerun/ISG_FORMAL_250_RAW_METRICS.tsv	
ISG-MDA	MDA	MDR	random	19	0.9173302161739232	0.90250557464639	0.844731977818854	0.8539130434782609	0.6949756927724462	0.1149146453059153	0.056214928455432	0.401414534054645		0.2759082710723674	0.4014145328685669	PASS	formal_runs/isg_clean_fixedfinal_20260706/04_formal_runs/MDR/random/seed_19	formal_runs/isg_clean_fixedfinal_20260706/08_final_audit_20260710_after_4seed_rerun/ISG_FORMAL_250_RAW_METRICS.tsv	
ISG-MDA	MDA	MDR	random	20	0.9210659386840964	0.9073193707726313	0.8442698706099815	0.8518681318681318	0.6921917773813875	0.1164977594055214	0.0629359237809202	0.3984638163287372		0.2484698261412496	0.3984638156159307	PASS	formal_runs/isg_clean_fixedfinal_20260706/04_formal_runs/MDR/random/seed_20	formal_runs/isg_clean_fixedfinal_20260706/08_final_audit_20260710_after_4seed_rerun/ISG_FORMAL_250_RAW_METRICS.tsv	
ISG-MDA	MDA	MDR	random	21	0.9252424140958928	0.9071233739217496	0.8544362292051756	0.8610498456109396	0.7121063244099631	0.1075234278180757	0.0466719769962659	0.3782544812262076		0.2637108226975163	0.3782544794067217	PASS	formal_runs/isg_clean_fixedfinal_20260706/04_formal_runs/MDR/random/seed_21	formal_runs/isg_clean_fixedfinal_20260706/08_final_audit_20260710_after_4seed_rerun/ISG_FORMAL_250_RAW_METRICS.tsv	
ISG-MDA	MDA	MDR	random	22	0.9177312500640628	0.903865366113549	0.8414972273567468	0.8457040035987404	0.6840121235976825	0.1152266097345642	0.0561663506962006	0.4001638575185471		0.2766379072529032	0.4001638569805406	PASS	formal_runs/isg_clean_fixedfinal_20260706/04_formal_runs/MDR/random/seed_22	formal_runs/isg_clean_fixedfinal_20260706/08_final_audit_20260710_after_4seed_rerun/ISG_FORMAL_250_RAW_METRICS.tsv	
ISG-MDA	MDA	MDR	random	23	0.9226017404614582	0.9180531328267932	0.8364140480591498	0.845414847161572	0.6774370825833108	0.115681152585986	0.0544485418455589	0.3753595093502608		0.2713272002589953	0.3753595075633741	PASS	formal_runs/isg_clean_fixedfinal_20260706/04_formal_runs/MDR/random/seed_23	formal_runs/isg_clean_fixedfinal_20260706/08_final_audit_20260710_after_4seed_rerun/ISG_FORMAL_250_RAW_METRICS.tsv	
ISG-MDA	MDA	MDR	random	24	0.9136615461885124	0.8866188490091308	0.8484288354898336	0.8523852385238524	0.6978610216099306	0.1142476309089868	0.047965851416831	0.4215944219650818		0.2710879510373985	0.4215944233090511	PASS	formal_runs/isg_clean_fixedfinal_20260706/04_formal_runs/MDR/random/seed_24	formal_runs/isg_clean_fixedfinal_20260706/08_final_audit_20260710_after_4seed_rerun/ISG_FORMAL_250_RAW_METRICS.tsv	
ISG-MDA	MDA	MDR	mirna_cold	0	0.8994387805283381	0.8762921888636352	0.8273480662983426	0.8302399275690358	0.6550764374464216	0.1264892741568609	0.058702643633075	0.4609771378386014		0.2482287385250102	0.4609771420283871	PASS	formal_runs/isg_clean_fixedfinal_20260706/04_formal_runs/MDR/mirna_cold/seed_0	formal_runs/isg_clean_fixedfinal_20260706/08_final_audit_20260710_after_4seed_rerun/ISG_FORMAL_250_RAW_METRICS.tsv	
ISG-MDA	MDA	MDR	mirna_cold	1	0.8989282212932831	0.8878299029877927	0.8251845018450185	0.8242929995363931	0.650402491765322	0.1337341858701667	0.0683314569309838	0.4695662385582888		0.2619131027770588	0.4695662425562904	PASS	formal_runs/isg_clean_fixedfinal_20260706/04_formal_runs/MDR/mirna_cold/seed_1	formal_runs/isg_clean_fixedfinal_20260706/08_final_audit_20260710_after_4seed_rerun/ISG_FORMAL_250_RAW_METRICS.tsv	
ISG-MDA	MDA	MDR	mirna_cold	2	0.9104504236658244	0.891745892971056	0.8327188940092166	0.838163174320107	0.6669490551310933	0.121577668543767	0.0601814006605891	0.4258674415903339		0.2675142393680397	0.4258674433703796	PASS	formal_runs/isg_clean_fixedfinal_20260706/04_formal_runs/MDR/mirna_cold/seed_2	formal_runs/isg_clean_fixedfinal_20260706/08_final_audit_20260710_after_4seed_rerun/ISG_FORMAL_250_RAW_METRICS.tsv	
ISG-MDA	MDA	MDR	mirna_cold	3	0.8990176194011797	0.8789169677001422	0.8220494053064958	0.8211494252873563	0.6441314318586003	0.1352198428194555	0.0862315259584937	0.516744581023642		0.2471211965076346	0.5167445821273469	PASS	formal_runs/isg_clean_fixedfinal_20260706/04_formal_runs/MDR/mirna_cold/seed_3	formal_runs/isg_clean_fixedfinal_20260706/08_final_audit_20260710_after_4seed_rerun/ISG_FORMAL_250_RAW_METRICS.tsv	
ISG-MDA	MDA	MDR	mirna_cold	4	0.9041342988808426	0.8869361041771492	0.832258064516129	0.8330275229357799	0.6645443546674503	0.1258900332790432	0.0628884416980146	0.4358387589399925		0.2616102151087021	0.4358387620218338	PASS	formal_runs/isg_clean_fixedfinal_20260706/04_formal_runs/MDR/mirna_cold/seed_4	formal_runs/isg_clean_fixedfinal_20260706/08_final_audit_20260710_after_4seed_rerun/ISG_FORMAL_250_RAW_METRICS.tsv	
ISG-MDA	MDA	MDR	mirna_cold	5	0.919310187542068	0.9035176302943952	0.844731977818854	0.8491921005385996	0.690673239967421	0.1140814703556807	0.0530446562308889	0.3903379145053346		0.2597292740767975	0.3903379141182644	PASS	formal_runs/isg_clean_fixedfinal_20260706/04_formal_runs/MDR/mirna_cold/seed_5	formal_runs/isg_clean_fixedfinal_20260706/08_final_audit_20260710_after_4seed_rerun/ISG_FORMAL_250_RAW_METRICS.tsv	
ISG-MDA	MDA	MDR	mirna_cold	6	0.9019873150826718	0.874955487960585	0.8333333333333334	0.8324825986078886	0.6667010573501113	0.1268081282327916	0.0652235284910273	0.4593651884522648		0.2497743555721646	0.4593651876169999	PASS	formal_runs/isg_clean_fixedfinal_20260706/04_formal_runs/MDR/mirna_cold/seed_6	formal_runs/isg_clean_fixedfinal_20260706/08_final_audit_20260710_after_4seed_rerun/ISG_FORMAL_250_RAW_METRICS.tsv	
ISG-MDA	MDA	MDR	mirna_cold	7	0.9007606746149196	0.8854163815402604	0.8356290174471993	0.8354779411764706	0.671259166942373	0.1293797397462747	0.0781796446315807	0.4758901488533667		0.26376777532916	0.4758901590048665	PASS	formal_runs/isg_clean_fixedfinal_20260706/04_formal_runs/MDR/mirna_cold/seed_7	formal_runs/isg_clean_fixedfinal_20260706/08_final_audit_20260710_after_4seed_rerun/ISG_FORMAL_250_RAW_METRICS.tsv	
ISG-MDA	MDA	MDR	mirna_cold	8	0.9062248812103822	0.8873357360194261	0.8305709023941068	0.8374558303886925	0.6635270108545408	0.1232004413296613	0.0576222117691089	0.4401062775700239		0.259052093153055	0.4401062793659241	PASS	formal_runs/isg_clean_fixedfinal_20260706/04_formal_runs/MDR/mirna_cold/seed_8	formal_runs/isg_clean_fixedfinal_20260706/08_final_audit_20260710_after_4seed_rerun/ISG_FORMAL_250_RAW_METRICS.tsv	
ISG-MDA	MDA	MDR	mirna_cold	9	0.882762426839562	0.8484737660720247	0.8140495867768595	0.8122392211404729	0.6282159895185653	0.1431699716133786	0.0767802663359616	0.5199247088991124		0.2497794162007958	0.5199247061542626	PASS	formal_runs/isg_clean_fixedfinal_20260706/04_formal_runs/MDR/mirna_cold/seed_9	formal_runs/isg_clean_fixedfinal_20260706/08_final_audit_20260710_after_4seed_rerun/ISG_FORMAL_250_RAW_METRICS.tsv	
ISG-MDA	MDA	MDR	mirna_cold	10	0.8965899721561419	0.8702017347422467	0.8308823529411765	0.834681042228212	0.6624646194206236	0.1284034965677509	0.0633898212352331	0.4758334969950257		0.264214163242378	0.4758335008998127	PASS	formal_runs/isg_clean_fixedfinal_20260706/04_formal_runs/MDR/mirna_cold/seed_10	formal_runs/isg_clean_fixedfinal_20260706/08_final_audit_20260710_after_4seed_rerun/ISG_FORMAL_250_RAW_METRICS.tsv	
ISG-MDA	MDA	MDR	mirna_cold	11	0.904024719148846	0.8790044258544751	0.8373271889400922	0.8401991851516524	0.6750906346432477	0.1231641402125787	0.0582135629254724	0.4545982348713034		0.2510668175864208	0.4545982325681343	PASS	formal_runs/isg_clean_fixedfinal_20260706/04_formal_runs/MDR/mirna_cold/seed_11	formal_runs/isg_clean_fixedfinal_20260706/08_final_audit_20260710_after_4seed_rerun/ISG_FORMAL_250_RAW_METRICS.tsv	
ISG-MDA	MDA	MDR	mirna_cold	12	0.8930825424490406	0.8671236409327189	0.8178044280442804	0.821991888237945	0.6363134898553737	0.1357753153524821	0.0748727625506336	0.4727788703401497		0.264221188141563	0.4727788732500533	PASS	formal_runs/isg_clean_fixedfinal_20260706/04_formal_runs/MDR/mirna_cold/seed_12	formal_runs/isg_clean_fixedfinal_20260706/08_final_audit_20260710_after_4seed_rerun/ISG_FORMAL_250_RAW_METRICS.tsv	
ISG-MDA	MDA	MDR	mirna_cold	13	0.9014732070447666	0.8837604240756362	0.8359375	0.8349514563106796	0.6719229660444053	0.1289891704262387	0.0704660316484354	0.4786418169522266		0.262881925608338	0.4786418175653499	PASS	formal_runs/isg_clean_fixedfinal_20260706/04_formal_runs/MDR/mirna_cold/seed_13	formal_runs/isg_clean_fixedfinal_20260706/08_final_audit_20260710_after_4seed_rerun/ISG_FORMAL_250_RAW_METRICS.tsv	
ISG-MDA	MDA	MDR	mirna_cold	14	0.9075328600079952	0.8902745414156183	0.8294824399260629	0.8423750533959846	0.6679629517351643	0.1252418605487872	0.0716976856301873	0.4357562331129072		0.2538047842586748	0.4357562351579366	PASS	formal_runs/isg_clean_fixedfinal_20260706/04_formal_runs/MDR/mirna_cold/seed_14	formal_runs/isg_clean_fixedfinal_20260706/08_final_audit_20260710_after_4seed_rerun/ISG_FORMAL_250_RAW_METRICS.tsv	
ISG-MDA	MDA	MDR	mirna_cold	15	0.9157370086432076	0.9012292249000692	0.8497695852534562	0.8540734109221128	0.7007593328792048	0.1153837029003794	0.0527404469062197	0.3982918318257615		0.2519686457994246	0.398291832497043	PASS	formal_runs/isg_clean_fixedfinal_20260706/04_formal_runs/MDR/mirna_cold/seed_15	formal_runs/isg_clean_fixedfinal_20260706/08_final_audit_20260710_after_4seed_rerun/ISG_FORMAL_250_RAW_METRICS.tsv	
ISG-MDA	MDA	MDR	mirna_cold	16	0.900936581097443	0.8767936386649291	0.8365561694290976	0.8471803702109342	0.6797147928382502	0.1265584665930532	0.070977915574565	0.4538231306905878		0.256396490362166	0.4538231372943021	PASS	formal_runs/isg_clean_fixedfinal_20260706/04_formal_runs/MDR/mirna_cold/seed_16	formal_runs/isg_clean_fixedfinal_20260706/08_final_audit_20260710_after_4seed_rerun/ISG_FORMAL_250_RAW_METRICS.tsv	
ISG-MDA	MDA	MDR	mirna_cold	17	0.8966870073561318	0.8799711755711196	0.8179297597042514	0.8189338235294118	0.6358986286342785	0.1365487874430891	0.0806524636122809	0.4934591857919308		0.2474715740063444	0.4934591874617966	PASS	formal_runs/isg_clean_fixedfinal_20260706/04_formal_runs/MDR/mirna_cold/seed_17	formal_runs/isg_clean_fixedfinal_20260706/08_final_audit_20260710_after_4seed_rerun/ISG_FORMAL_250_RAW_METRICS.tsv	
ISG-MDA	MDA	MDR	mirna_cold	18	0.88772952597859	0.8633892430930206	0.8152573529411765	0.8197309417040358	0.6312927392661887	0.1442537275901876	0.0944833630886679	0.5491597844647967		0.2398443505660875	0.5500413161866805	PASS	formal_runs/isg_clean_fixedfinal_20260706/04_formal_runs/MDR/mirna_cold/seed_18	formal_runs/isg_clean_fixedfinal_20260706/08_final_audit_20260710_after_4seed_rerun/ISG_FORMAL_250_RAW_METRICS.tsv	
ISG-MDA	MDA	MDR	mirna_cold	19	0.9080530509325854	0.8843033199498774	0.8350277264325323	0.8352561144439317	0.670058028422517	0.1242054328836477	0.0680734978136939	0.4530216555392489		0.2507941837563033	0.4530216572520473	PASS	formal_runs/isg_clean_fixedfinal_20260706/04_formal_runs/MDR/mirna_cold/seed_19	formal_runs/isg_clean_fixedfinal_20260706/08_final_audit_20260710_after_4seed_rerun/ISG_FORMAL_250_RAW_METRICS.tsv	
ISG-MDA	MDA	MDR	mirna_cold	20	0.906319935356241	0.8880011092947114	0.839648798521257	0.8486698648059311	0.6841775463255638	0.1248123874440158	0.0754771056181179	0.4760227682489734		0.2561299965752826	0.4760227700258139	PASS	formal_runs/isg_clean_fixedfinal_20260706/04_formal_runs/MDR/mirna_cold/seed_20	formal_runs/isg_clean_fixedfinal_20260706/08_final_audit_20260710_after_4seed_rerun/ISG_FORMAL_250_RAW_METRICS.tsv	
ISG-MDA	MDA	MDR	mirna_cold	21	0.9046935889217872	0.8862255765751753	0.8416206261510129	0.8456014362657092	0.6841514330247452	0.1213084762029305	0.043971139882511	0.4149739283881974		0.2855036696188712	0.4149739301007097	PASS	formal_runs/isg_clean_fixedfinal_20260706/04_formal_runs/MDR/mirna_cold/seed_21	formal_runs/isg_clean_fixedfinal_20260706/08_final_audit_20260710_after_4seed_rerun/ISG_FORMAL_250_RAW_METRICS.tsv	
ISG-MDA	MDA	MDR	mirna_cold	22	0.885169775284354	0.854647105553391	0.8183918669131238	0.8249443207126949	0.6385756083713491	0.141845860493271	0.0855959549562138	0.5385316355367898		0.2576386588643896	0.5385316363819866	PASS	formal_runs/isg_clean_fixedfinal_20260706/04_formal_runs/MDR/mirna_cold/seed_22	formal_runs/isg_clean_fixedfinal_20260706/08_final_audit_20260710_after_4seed_rerun/ISG_FORMAL_250_RAW_METRICS.tsv	
ISG-MDA	MDA	MDR	mirna_cold	23	0.9003593463460267	0.8851636957707408	0.8256130790190735	0.8290293855743545	0.6517468167557491	0.1326559400934749	0.0781259153653659	0.4996258425807403		0.2422702945578679	0.4996258466488442	PASS	formal_runs/isg_clean_fixedfinal_20260706/04_formal_runs/MDR/mirna_cold/seed_23	formal_runs/isg_clean_fixedfinal_20260706/08_final_audit_20260710_after_4seed_rerun/ISG_FORMAL_250_RAW_METRICS.tsv	
ISG-MDA	MDA	MDR	mirna_cold	24	0.8975650964702184	0.8810631905247547	0.8211645101663586	0.8240109140518418	0.6426653383240333	0.1311098343747282	0.0704729984556315	0.4762257097580425		0.261013498308202	0.4762257113364179	PASS	formal_runs/isg_clean_fixedfinal_20260706/04_formal_runs/MDR/mirna_cold/seed_24	formal_runs/isg_clean_fixedfinal_20260706/08_final_audit_20260710_after_4seed_rerun/ISG_FORMAL_250_RAW_METRICS.tsv	
ISG-MDA	MDA	MDR	drug_cold	0	0.5785255936909263	0.54898526338741	0.5302309782608695	0.4082156611039794	0.066367385349702	0.3744322997864014	0.3330926787755244	1.5575755599015155		0.2538810397660741	1.5588592807559862	PASS	formal_runs/isg_clean_fixedfinal_20260706/04_formal_runs/MDR/drug_cold/seed_0	formal_runs/isg_clean_fixedfinal_20260706/08_final_audit_20260710_after_4seed_rerun/ISG_FORMAL_250_RAW_METRICS.tsv	
ISG-MDA	MDA	MDR	drug_cold	1	0.4883880742337937	0.5478754008223223	0.5337026777469991	0.2937062937062937	0.091884397764772	0.400381803110652	0.3596623315137016	2.3870455786542832		0.2631532283234728	2.3870455953993406	PASS	formal_runs/isg_clean_fixedfinal_20260706/04_formal_runs/MDR/drug_cold/seed_1	formal_runs/isg_clean_fixedfinal_20260706/08_final_audit_20260710_after_4seed_rerun/ISG_FORMAL_250_RAW_METRICS.tsv	
ISG-MDA	MDA	MDR	drug_cold	2	0.5493451088439587	0.549238628661858	0.5415035238841034	0.3439775910364145	0.1039731482654298	0.3883771459236307	0.3455060401735179	2.2989779224049776		0.2674774866015887	2.2989779455337844	PASS	formal_runs/isg_clean_fixedfinal_20260706/04_formal_runs/MDR/drug_cold/seed_2	formal_runs/isg_clean_fixedfinal_20260706/08_final_audit_20260710_after_4seed_rerun/ISG_FORMAL_250_RAW_METRICS.tsv	
ISG-MDA	MDA	MDR	drug_cold	3	0.5006782608695651	0.5246577707958071	0.5230434782608696	0.2954399486191393	0.0603814249805643	0.3982994912837022	0.3506576921007505	2.151902001452551		0.2637097811130984	2.1519019981570864	PASS	formal_runs/isg_clean_fixedfinal_20260706/04_formal_runs/MDR/drug_cold/seed_3	formal_runs/isg_clean_fixedfinal_20260706/08_final_audit_20260710_after_4seed_rerun/ISG_FORMAL_250_RAW_METRICS.tsv	
ISG-MDA	MDA	MDR	drug_cold	4	0.4176031087875328	0.4459177477884198	0.4720068906115418	0.131728045325779	-0.0901543001642293	0.4661848151357933	0.4455656823514604	3.3137209999994965		0.2601613405311809	3.31664644229217	PASS	formal_runs/isg_clean_fixedfinal_20260706/04_formal_runs/MDR/drug_cold/seed_4	formal_runs/isg_clean_fixedfinal_20260706/08_final_audit_20260710_after_4seed_rerun/ISG_FORMAL_250_RAW_METRICS.tsv	
ISG-MDA	MDA	MDR	drug_cold	5	0.5580482207554338	0.5814474910470454	0.538664323374341	0.3613138686131387	0.0929866882705764	0.3774039247650654	0.3324992574769864	1.654529136291776		0.2587824418265507	1.6545291386924434	PASS	formal_runs/isg_clean_fixedfinal_20260706/04_formal_runs/MDR/drug_cold/seed_5	formal_runs/isg_clean_fixedfinal_20260706/08_final_audit_20260710_after_4seed_rerun/ISG_FORMAL_250_RAW_METRICS.tsv	
ISG-MDA	MDA	MDR	drug_cold	6	0.5459494248583454	0.5340598854882537	0.5174013921113689	0.3354632587859425	0.0415921179868243	0.4064797750702453	0.3731285797851857	2.0098967453410954		0.2724159876515183	2.0098967487186954	PASS	formal_runs/isg_clean_fixedfinal_20260706/04_formal_runs/MDR/drug_cold/seed_6	formal_runs/isg_clean_fixedfinal_20260706/08_final_audit_20260710_after_4seed_rerun/ISG_FORMAL_250_RAW_METRICS.tsv	
ISG-MDA	MDA	MDR	drug_cold	7	0.4636412405043464	0.5185735712250055	0.4858407079646017	0.3671023965141612	-0.0305507671798225	0.4006539636379972	0.3564087522743557	1.6975815096282358		0.2643595753610482	1.697581505247977	PASS	formal_runs/isg_clean_fixedfinal_20260706/04_formal_runs/MDR/drug_cold/seed_7	formal_runs/isg_clean_fixedfinal_20260706/08_final_audit_20260710_after_4seed_rerun/ISG_FORMAL_250_RAW_METRICS.tsv	
ISG-MDA	MDA	MDR	drug_cold	8	0.3965044938271605	0.4270170088625241	0.4391111111111111	0.1484480431848853	-0.1666522387181496	0.4981065091999249	0.4885154255589929	3.1277293435217315		0.239196006789268	3.128739078786638	PASS	formal_runs/isg_clean_fixedfinal_20260706/04_formal_runs/MDR/drug_cold/seed_8	formal_runs/isg_clean_fixedfinal_20260706/08_final_audit_20260710_after_4seed_rerun/ISG_FORMAL_250_RAW_METRICS.tsv	
ISG-MDA	MDA	MDR	drug_cold	9	0.5318244095907698	0.5362233486824002	0.5112403100775194	0.2847419171866137	0.0290492657566616	0.3913203917136981	0.3510189696463957	1.5375727729301432		0.263733699530891	1.537572774914808	PASS	formal_runs/isg_clean_fixedfinal_20260706/04_formal_runs/MDR/drug_cold/seed_9	formal_runs/isg_clean_fixedfinal_20260706/08_final_audit_20260710_after_4seed_rerun/ISG_FORMAL_250_RAW_METRICS.tsv	
ISG-MDA	MDA	MDR	drug_cold	10	0.6111383570455111	0.6080532379703406	0.5992935635792779	0.5060474117077891	0.2144595385147993	0.3177733552496912	0.2452824010221868	1.3834494212935735		0.2961913566457381	1.383449437292629	PASS	formal_runs/isg_clean_fixedfinal_20260706/04_formal_runs/MDR/drug_cold/seed_10	formal_runs/isg_clean_fixedfinal_20260706/08_final_audit_20260710_after_4seed_rerun/ISG_FORMAL_250_RAW_METRICS.tsv	
ISG-MDA	MDA	MDR	drug_cold	11	0.5731211110875152	0.5733469915659455	0.5460829493087558	0.3722115997450606	0.1107002327598825	0.3838432046437752	0.3439375569584204	1.924458887235791		0.2673081621644786	1.9245810080233807	PASS	formal_runs/isg_clean_fixedfinal_20260706/04_formal_runs/MDR/drug_cold/seed_11	formal_runs/isg_clean_fixedfinal_20260706/08_final_audit_20260710_after_4seed_rerun/ISG_FORMAL_250_RAW_METRICS.tsv	
ISG-MDA	MDA	MDR	drug_cold	12	0.6841715776384083	0.6564232859539276	0.6309742647058824	0.5526462395543176	0.2796560732104441	0.2890237435729222	0.2243052118855562	1.112090529522658		0.2580587271115803	1.1120905308600737	PASS	formal_runs/isg_clean_fixedfinal_20260706/04_formal_runs/MDR/drug_cold/seed_12	formal_runs/isg_clean_fixedfinal_20260706/08_final_audit_20260710_after_4seed_rerun/ISG_FORMAL_250_RAW_METRICS.tsv	
ISG-MDA	MDA	MDR	drug_cold	13	0.477968349283793	0.5220263689244238	0.4904109589041096	0.3396449704142011	-0.0215566101782044	0.4113783153232946	0.3867398232001482	2.785820738554485		0.303762496677784	2.8445439317999366	PASS	formal_runs/isg_clean_fixedfinal_20260706/04_formal_runs/MDR/drug_cold/seed_13	formal_runs/isg_clean_fixedfinal_20260706/08_final_audit_20260710_after_4seed_rerun/ISG_FORMAL_250_RAW_METRICS.tsv	
ISG-MDA	MDA	MDR	drug_cold	14	0.4716010774287801	0.4747612393046229	0.4925675675675676	0.1774370208105148	-0.0231329937124647	0.4416572968770793	0.4124933299463953	1.997816232867816		0.2804056091773786	1.9978162274167344	PASS	formal_runs/isg_clean_fixedfinal_20260706/04_formal_runs/MDR/drug_cold/seed_14	formal_runs/isg_clean_fixedfinal_20260706/08_final_audit_20260710_after_4seed_rerun/ISG_FORMAL_250_RAW_METRICS.tsv	
ISG-MDA	MDA	MDR	drug_cold	15	0.645596016646849	0.65774944349166	0.5956896551724138	0.4771460423634336	0.2147234914983178	0.305362664401957	0.2563164797502225	1.2254266204818391		0.2616160446771367	1.2254266046244522	PASS	formal_runs/isg_clean_fixedfinal_20260706/04_formal_runs/MDR/drug_cold/seed_15	formal_runs/isg_clean_fixedfinal_20260706/08_final_audit_20260710_after_4seed_rerun/ISG_FORMAL_250_RAW_METRICS.tsv	
ISG-MDA	MDA	MDR	drug_cold	16	0.5934923943751054	0.6261063849181077	0.5564123376623377	0.2785478547854785	0.176926851747176	0.3893468095715049	0.3750500118542623	2.336217166660269		0.2552064139682101	2.3397014291061984	PASS	formal_runs/isg_clean_fixedfinal_20260706/04_formal_runs/MDR/drug_cold/seed_16	formal_runs/isg_clean_fixedfinal_20260706/08_final_audit_20260710_after_4seed_rerun/ISG_FORMAL_250_RAW_METRICS.tsv	
ISG-MDA	MDA	MDR	drug_cold	17	0.4825526768051222	0.542327006402773	0.5180221811460258	0.3402909550917141	0.042786544658744	0.4143234157733118	0.3910270860286731	2.3567208316504185		0.2714888179830933	2.3567208533146022	PASS	formal_runs/isg_clean_fixedfinal_20260706/04_formal_runs/MDR/drug_cold/seed_17	formal_runs/isg_clean_fixedfinal_20260706/08_final_audit_20260710_after_4seed_rerun/ISG_FORMAL_250_RAW_METRICS.tsv	
ISG-MDA	MDA	MDR	drug_cold	18	0.4231525685852609	0.4508127067701074	0.4763986013986014	0.1575246132208157	-0.072239267422628	0.4685986509421316	0.4456917057995895	2.809199266062976		0.2754267638395116	2.809199279421693	PASS	formal_runs/isg_clean_fixedfinal_20260706/04_formal_runs/MDR/drug_cold/seed_18	formal_runs/isg_clean_fixedfinal_20260706/08_final_audit_20260710_after_4seed_rerun/ISG_FORMAL_250_RAW_METRICS.tsv	
ISG-MDA	MDA	MDR	drug_cold	19	0.570210115175798	0.5470069120633212	0.5364061456245826	0.4726443768996961	0.0750393169661292	0.358044924381917	0.3138475172543069	1.3687097864976088		0.2304649890748347	1.3687097945050868	PASS	formal_runs/isg_clean_fixedfinal_20260706/04_formal_runs/MDR/drug_cold/seed_19	formal_runs/isg_clean_fixedfinal_20260706/08_final_audit_20260710_after_4seed_rerun/ISG_FORMAL_250_RAW_METRICS.tsv	
ISG-MDA	MDA	MDR	drug_cold	20	0.4177429637014276	0.4609626926307367	0.4854628921193573	0.1783750763591936	-0.0437702046203044	0.4686071630535947	0.4486662018796378	3.2607836800679597		0.261783180500564	3.2635454249204163	PASS	formal_runs/isg_clean_fixedfinal_20260706/04_formal_runs/MDR/drug_cold/seed_20	formal_runs/isg_clean_fixedfinal_20260706/08_final_audit_20260710_after_4seed_rerun/ISG_FORMAL_250_RAW_METRICS.tsv	
ISG-MDA	MDA	MDR	drug_cold	21	0.6572272770655045	0.6598885296802868	0.5834473324213406	0.397029702970297	0.2123564011868203	0.3402773542072534	0.3055755827378449	1.6261097313241484		0.2341874834252901	1.6266894172749669	PASS	formal_runs/isg_clean_fixedfinal_20260706/04_formal_runs/MDR/drug_cold/seed_21	formal_runs/isg_clean_fixedfinal_20260706/08_final_audit_20260710_after_4seed_rerun/ISG_FORMAL_250_RAW_METRICS.tsv	
ISG-MDA	MDA	MDR	drug_cold	22	0.5098944346212426	0.5429082900747677	0.5297071129707113	0.2161785216178521	0.0990237099023709	0.4350384628989566	0.4122353990403645	2.447932839152		0.2741844410348888	2.4479328535403666	PASS	formal_runs/isg_clean_fixedfinal_20260706/04_formal_runs/MDR/drug_cold/seed_22	formal_runs/isg_clean_fixedfinal_20260706/08_final_audit_20260710_after_4seed_rerun/ISG_FORMAL_250_RAW_METRICS.tsv	
ISG-MDA	MDA	MDR	drug_cold	23	0.6572625786385	0.6465516315863493	0.6044226044226044	0.4984423676012461	0.2304335511691559	0.3113910349755986	0.2553880715244446	1.558247715426266		0.2643845907116847	1.5583187771273088	PASS	formal_runs/isg_clean_fixedfinal_20260706/04_formal_runs/MDR/drug_cold/seed_23	formal_runs/isg_clean_fixedfinal_20260706/08_final_audit_20260710_after_4seed_rerun/ISG_FORMAL_250_RAW_METRICS.tsv	
ISG-MDA	MDA	MDR	drug_cold	24	0.5836358804140748	0.5446713711559693	0.5145586897179254	0.3384996900185988	0.0343951632622798	0.3680016568649715	0.3309801914013309	1.381331071578077		0.2433317361714004	1.3813310852367515	PASS	formal_runs/isg_clean_fixedfinal_20260706/04_formal_runs/MDR/drug_cold/seed_24	formal_runs/isg_clean_fixedfinal_20260706/08_final_audit_20260710_after_4seed_rerun/ISG_FORMAL_250_RAW_METRICS.tsv	
ISG-MDA	MDA	MDR	strict_cold	0	0.5762057297694748	0.5762792175159318	0.5433579335793358	0.4071856287425149	0.0976283177580412	0.4010162825813733	0.3831865566916906	2.440399733084895		0.1137979055623715	2.442840738600031	PASS	formal_runs/isg_clean_fixedfinal_20260706/04_formal_runs/MDR/strict_cold/seed_0	formal_runs/isg_clean_fixedfinal_20260706/08_final_audit_20260710_after_4seed_rerun/ISG_FORMAL_250_RAW_METRICS.tsv	
ISG-MDA	MDA	MDR	strict_cold	1	0.5560115405871345	0.5541765609211685	0.5423183072677092	0.5162858531842489	0.0851311924627501	0.400716157774227	0.3842869821943311	2.5125859243555464		0.0262290985227433	2.527198832519798	PASS	formal_runs/isg_clean_fixedfinal_20260706/04_formal_runs/MDR/strict_cold/seed_1	formal_runs/isg_clean_fixedfinal_20260706/08_final_audit_20260710_after_4seed_rerun/ISG_FORMAL_250_RAW_METRICS.tsv	
ISG-MDA	MDA	MDR	strict_cold	2	0.5180127585408696	0.5263394434147983	0.5115313653136532	0.309197651663405	0.0284563307358122	0.4328122856181241	0.4117329313575505	2.6006718983309987		0.1845438707926118	2.6015841388504444	PASS	formal_runs/isg_clean_fixedfinal_20260706/04_formal_runs/MDR/strict_cold/seed_2	formal_runs/isg_clean_fixedfinal_20260706/08_final_audit_20260710_after_4seed_rerun/ISG_FORMAL_250_RAW_METRICS.tsv	
ISG-MDA	MDA	MDR	strict_cold	3	0.5144331646046643	0.5370969298046522	0.5249307479224377	0.4336818932305999	0.0526713222434108	0.4157697005274216	0.3851803071438487	2.6318238460024816		0.0871367211019363	2.6501559752176345	PASS	formal_runs/isg_clean_fixedfinal_20260706/04_formal_runs/MDR/strict_cold/seed_3	formal_runs/isg_clean_fixedfinal_20260706/08_final_audit_20260710_after_4seed_rerun/ISG_FORMAL_250_RAW_METRICS.tsv	
ISG-MDA	MDA	MDR	strict_cold	4	0.6074459052688763	0.6038911777901917	0.5646950092421442	0.5355029585798816	0.1304243927454992	0.3886424006028662	0.3708380061493536	2.3594935512956194		0.0584574802057763	2.360455032197032	PASS	formal_runs/isg_clean_fixedfinal_20260706/04_formal_runs/MDR/strict_cold/seed_4	formal_runs/isg_clean_fixedfinal_20260706/08_final_audit_20260710_after_4seed_rerun/ISG_FORMAL_250_RAW_METRICS.tsv	
ISG-MDA	MDA	MDR	strict_cold	5	0.5022656919991391	0.516553571679007	0.5101663585951941	0.4426919032597266	0.0209563730227139	0.4362211325237504	0.4127933011189701	2.918005339280851		0.0575737434445919	2.9344097146705868	PASS	formal_runs/isg_clean_fixedfinal_20260706/04_formal_runs/MDR/strict_cold/seed_5	formal_runs/isg_clean_fixedfinal_20260706/08_final_audit_20260710_after_4seed_rerun/ISG_FORMAL_250_RAW_METRICS.tsv	
ISG-MDA	MDA	MDR	strict_cold	6	0.5375560880315009	0.523382042633825	0.5267034990791897	0.4030197444831591	0.0586818541840847	0.4351797699639129	0.4160185569141819	3.067161990322823		0.0306014204217541	3.0868393296914425	PASS	formal_runs/isg_clean_fixedfinal_20260706/04_formal_runs/MDR/strict_cold/seed_6	formal_runs/isg_clean_fixedfinal_20260706/08_final_audit_20260710_after_4seed_rerun/ISG_FORMAL_250_RAW_METRICS.tsv	
ISG-MDA	MDA	MDR	strict_cold	7	0.5806693468226195	0.5758014804576852	0.5465867158671587	0.4088995790739627	0.1052980050712901	0.4075484661821543	0.3912316707448762	2.608291791826641		0.0541708018308362	2.667636932702082	PASS	formal_runs/isg_clean_fixedfinal_20260706/04_formal_runs/MDR/strict_cold/seed_7	formal_runs/isg_clean_fixedfinal_20260706/08_final_audit_20260710_after_4seed_rerun/ISG_FORMAL_250_RAW_METRICS.tsv	
ISG-MDA	MDA	MDR	strict_cold	8	0.5786943558307791	0.5804204657448235	0.5575342465753425	0.5857203933304831	0.1161488159197034	0.4016748096784484	0.3834255221406419	2.719013111764163		0.0212542256394218	2.763432692392776	PASS	formal_runs/isg_clean_fixedfinal_20260706/04_formal_runs/MDR/strict_cold/seed_8	formal_runs/isg_clean_fixedfinal_20260706/08_final_audit_20260710_after_4seed_rerun/ISG_FORMAL_250_RAW_METRICS.tsv	
ISG-MDA	MDA	MDR	strict_cold	9	0.5397150904249568	0.541046813403996	0.5238970588235294	0.4703476482617587	0.0488022234452981	0.417208945408523	0.3943781381630865	2.5005251800355923		0.0702638110921064	2.5022260818411324	PASS	formal_runs/isg_clean_fixedfinal_20260706/04_formal_runs/MDR/strict_cold/seed_9	formal_runs/isg_clean_fixedfinal_20260706/08_final_audit_20260710_after_4seed_rerun/ISG_FORMAL_250_RAW_METRICS.tsv	
ISG-MDA	MDA	MDR	strict_cold	10	0.5310951137647908	0.5318843998386591	0.5083025830258303	0.1887366818873668	0.0269607333259428	0.4500633087424265	0.4429021595851267	3.893016091593835		0.0903288307627277	4.011810843279496	PASS	formal_runs/isg_clean_fixedfinal_20260706/04_formal_runs/MDR/strict_cold/seed_10	formal_runs/isg_clean_fixedfinal_20260706/08_final_audit_20260710_after_4seed_rerun/ISG_FORMAL_250_RAW_METRICS.tsv	
ISG-MDA	MDA	MDR	strict_cold	11	0.5572332362402682	0.5428850774274274	0.5431985294117647	0.4033613445378151	0.0978082631494987	0.4098320820843736	0.3840100456733607	2.6328577235447588		0.0762870223801524	2.6384164388565456	PASS	formal_runs/isg_clean_fixedfinal_20260706/04_formal_runs/MDR/strict_cold/seed_11	formal_runs/isg_clean_fixedfinal_20260706/08_final_audit_20260710_after_4seed_rerun/ISG_FORMAL_250_RAW_METRICS.tsv	
ISG-MDA	MDA	MDR	strict_cold	12	0.5370286987727076	0.5190397541161207	0.5252757352941176	0.4639335755059678	0.0519297229320568	0.4253139189733168	0.4066274725883269	2.5873635728042923		0.05113889199664	2.5882644688381866	PASS	formal_runs/isg_clean_fixedfinal_20260706/04_formal_runs/MDR/strict_cold/seed_12	formal_runs/isg_clean_fixedfinal_20260706/08_final_audit_20260710_after_4seed_rerun/ISG_FORMAL_250_RAW_METRICS.tsv	
ISG-MDA	MDA	MDR	strict_cold	13	0.5387258562662198	0.5545535416968377	0.5358455882352942	0.4587352625937835	0.0747913234942099	0.4201507392411183	0.4002041743581689	2.914656113333818		0.0801730488472786	2.940446089734049	PASS	formal_runs/isg_clean_fixedfinal_20260706/04_formal_runs/MDR/strict_cold/seed_13	formal_runs/isg_clean_fixedfinal_20260706/08_final_audit_20260710_after_4seed_rerun/ISG_FORMAL_250_RAW_METRICS.tsv	
ISG-MDA	MDA	MDR	strict_cold	14	0.5852032689099477	0.57001963134124	0.565416285452882	0.5585501858736059	0.1308959168352673	0.3897047668790142	0.3701739777310164	2.514682847913156		0.0346067354160671	2.5213903724220184	PASS	formal_runs/isg_clean_fixedfinal_20260706/04_formal_runs/MDR/strict_cold/seed_14	formal_runs/isg_clean_fixedfinal_20260706/08_final_audit_20260710_after_4seed_rerun/ISG_FORMAL_250_RAW_METRICS.tsv	
ISG-MDA	MDA	MDR	strict_cold	15	0.5799859751365042	0.5828797406146027	0.5553505535055351	0.5005181347150259	0.113469812428839	0.3954490516964203	0.3712069977528243	2.5089315051290737		0.0503534741517632	2.5159657762499315	PASS	formal_runs/isg_clean_fixedfinal_20260706/04_formal_runs/MDR/strict_cold/seed_15	formal_runs/isg_clean_fixedfinal_20260706/08_final_audit_20260710_after_4seed_rerun/ISG_FORMAL_250_RAW_METRICS.tsv	
ISG-MDA	MDA	MDR	strict_cold	16	0.532088863808391	0.5379213329649963	0.5206801470588235	0.355775169857937	0.0481484490310285	0.4432535783086037	0.4309544897005373	3.396280692283805		0.0389163275906004	3.456373542547226	PASS	formal_runs/isg_clean_fixedfinal_20260706/04_formal_runs/MDR/strict_cold/seed_16	formal_runs/isg_clean_fixedfinal_20260706/08_final_audit_20260710_after_4seed_rerun/ISG_FORMAL_250_RAW_METRICS.tsv	
ISG-MDA	MDA	MDR	strict_cold	17	0.6269396976695221	0.6444914721229176	0.600091407678245	0.5184369840396258	0.2127924200981722	0.3602936929811781	0.3399645216709146	2.486190289658984		0.0458658575854251	2.498656414217661	PASS	formal_runs/isg_clean_fixedfinal_20260706/04_formal_runs/MDR/strict_cold/seed_17	formal_runs/isg_clean_fixedfinal_20260706/08_final_audit_20260710_after_4seed_rerun/ISG_FORMAL_250_RAW_METRICS.tsv	
ISG-MDA	MDA	MDR	strict_cold	18	0.5186798249305614	0.5184552186371445	0.5041284403669725	0.4283447911158117	0.0085633583505816	0.4447991088844548	0.4276159349824679	2.963876745831431		0.0277671819003146	3.003470309283755	PASS	formal_runs/isg_clean_fixedfinal_20260706/04_formal_runs/MDR/strict_cold/seed_18	formal_runs/isg_clean_fixedfinal_20260706/08_final_audit_20260710_after_4seed_rerun/ISG_FORMAL_250_RAW_METRICS.tsv	
ISG-MDA	MDA	MDR	strict_cold	19	0.4876230435183697	0.5043625586905611	0.5036968576709797	0.3897727272727272	0.0079701360590302	0.4537831289595851	0.4347393685347036	3.455503810625038		0.0684801599564262	3.564787839124472	PASS	formal_runs/isg_clean_fixedfinal_20260706/04_formal_runs/MDR/strict_cold/seed_19	formal_runs/isg_clean_fixedfinal_20260706/08_final_audit_20260710_after_4seed_rerun/ISG_FORMAL_250_RAW_METRICS.tsv	
ISG-MDA	MDA	MDR	strict_cold	20	0.5599996316909821	0.5335221156591277	0.5361390667886551	0.4138728323699422	0.0795301252189382	0.4183441470490492	0.3968101204916626	2.7287769697327584		0.0735506119368516	2.72984936413477	PASS	formal_runs/isg_clean_fixedfinal_20260706/04_formal_runs/MDR/strict_cold/seed_20	formal_runs/isg_clean_fixedfinal_20260706/08_final_audit_20260710_after_4seed_rerun/ISG_FORMAL_250_RAW_METRICS.tsv	
ISG-MDA	MDA	MDR	strict_cold	21	0.5718374158143755	0.5933866588424546	0.559228650137741	0.48990435706695	0.1230915470163456	0.3902630658450876	0.3669555152385607	2.406269630555304		0.0945399790847053	2.41456152825754	PASS	formal_runs/isg_clean_fixedfinal_20260706/04_formal_runs/MDR/strict_cold/seed_21	formal_runs/isg_clean_fixedfinal_20260706/08_final_audit_20260710_after_4seed_rerun/ISG_FORMAL_250_RAW_METRICS.tsv	
ISG-MDA	MDA	MDR	strict_cold	22	0.5538584640149239	0.5671671393879117	0.5313942751615882	0.490205926670015	0.0636246883245845	0.4120781586010254	0.39613481386236	2.398680968391869		0.1376295408421156	2.39932098194943	PASS	formal_runs/isg_clean_fixedfinal_20260706/04_formal_runs/MDR/strict_cold/seed_22	formal_runs/isg_clean_fixedfinal_20260706/08_final_audit_20260710_after_4seed_rerun/ISG_FORMAL_250_RAW_METRICS.tsv	
ISG-MDA	MDA	MDR	strict_cold	23	0.5089893091796188	0.5411862158841276	0.5166358595194085	0.443024494142705	0.0344987149468019	0.4415632277203182	0.4262253375089124	3.119081417998676		0.0382100007793104	3.127697412385958	PASS	formal_runs/isg_clean_fixedfinal_20260706/04_formal_runs/MDR/strict_cold/seed_23	formal_runs/isg_clean_fixedfinal_20260706/08_final_audit_20260710_after_4seed_rerun/ISG_FORMAL_250_RAW_METRICS.tsv	
ISG-MDA	MDA	MDR	strict_cold	24	0.5140507386386507	0.5391554568017516	0.4977106227106227	0.4167995746943115	-0.0047658942207047	0.4453934857787986	0.4331304787640091	2.895446586047585		0.0704880818964973	2.897880935297781	PASS	formal_runs/isg_clean_fixedfinal_20260706/04_formal_runs/MDR/strict_cold/seed_24	formal_runs/isg_clean_fixedfinal_20260706/08_final_audit_20260710_after_4seed_rerun/ISG_FORMAL_250_RAW_METRICS.tsv	
ISG-MDA	MDA	MDR	scaffold_cold	0	0.4168971851471147	0.4425509068279001	0.4373379429559205	0.2070645554202192	-0.1539537529415511	0.4647803888853528	0.4468739474164132	2.315131693858554		0.2634088076444427	2.315487676173732	PASS	formal_runs/isg_clean_fixedfinal_20260706/04_formal_runs/MDR/scaffold_cold/seed_0	formal_runs/isg_clean_fixedfinal_20260706/08_final_audit_20260710_after_4seed_rerun/ISG_FORMAL_250_RAW_METRICS.tsv	
ISG-MDA	MDA	MDR	scaffold_cold	1	0.627135729852375	0.6226521458832237	0.5746869409660107	0.5069984447900466	0.1553454766079756	0.3132288179769193	0.2528652495966104	1.055662972302422		0.2561961072858275	1.0556629839651486	PASS	formal_runs/isg_clean_fixedfinal_20260706/04_formal_runs/MDR/scaffold_cold/seed_1	formal_runs/isg_clean_fixedfinal_20260706/08_final_audit_20260710_after_4seed_rerun/ISG_FORMAL_250_RAW_METRICS.tsv	
ISG-MDA	MDA	MDR	scaffold_cold	2	0.5841218034551565	0.5977884325710325	0.5366847826086957	0.3429672447013487	0.0908442319458976	0.3696209553687904	0.3349195567737174	1.6940549620314589		0.2571963337117069	1.694482960778734	PASS	formal_runs/isg_clean_fixedfinal_20260706/04_formal_runs/MDR/scaffold_cold/seed_2	formal_runs/isg_clean_fixedfinal_20260706/08_final_audit_20260710_after_4seed_rerun/ISG_FORMAL_250_RAW_METRICS.tsv	
ISG-MDA	MDA	MDR	scaffold_cold	3	0.5123794132596542	0.5077870494800427	0.4815884476534296	0.3370267774699907	-0.0409192125543991	0.407731467491224	0.3775868487839125	1.6496782786996431		0.2492066038170088	1.64967828304759	PASS	formal_runs/isg_clean_fixedfinal_20260706/04_formal_runs/MDR/scaffold_cold/seed_3	formal_runs/isg_clean_fixedfinal_20260706/08_final_audit_20260710_after_4seed_rerun/ISG_FORMAL_250_RAW_METRICS.tsv	
ISG-MDA	MDA	MDR	scaffold_cold	4	0.7062573827160494	0.6554808251199943	0.5853333333333334	0.4707884288145207	0.189325176603266	0.2969772435087494	0.2495493079678199	0.9258272004136952		0.2788595907108504	0.925827211327023	PASS	formal_runs/isg_clean_fixedfinal_20260706/04_formal_runs/MDR/scaffold_cold/seed_4	formal_runs/isg_clean_fixedfinal_20260706/08_final_audit_20260710_after_4seed_rerun/ISG_FORMAL_250_RAW_METRICS.tsv	
ISG-MDA	MDA	MDR	scaffold_cold	5	0.7476862757528039	0.7647395451630403	0.6860706860706861	0.6071118820468343	0.4064161397247816	0.2467907524230706	0.1938246520770886	1.04620361421823		0.2639213569702641	1.0467121674009932	PASS	formal_runs/isg_clean_fixedfinal_20260706/04_formal_runs/MDR/scaffold_cold/seed_5	formal_runs/isg_clean_fixedfinal_20260706/08_final_audit_20260710_after_4seed_rerun/ISG_FORMAL_250_RAW_METRICS.tsv	
ISG-MDA	MDA	MDR	scaffold_cold	6	0.6024075035017925	0.5864455095389758	0.5593922651933702	0.4912280701754385	0.1232932145539479	0.3055760522677114	0.2309033186293853	0.9522115124839236		0.2572055652341402	0.9522115197410022	PASS	formal_runs/isg_clean_fixedfinal_20260706/04_formal_runs/MDR/scaffold_cold/seed_6	formal_runs/isg_clean_fixedfinal_20260706/08_final_audit_20260710_after_4seed_rerun/ISG_FORMAL_250_RAW_METRICS.tsv	
ISG-MDA	MDA	MDR	scaffold_cold	7	0.6500406952320941	0.6341395471013709	0.6154891304347826	0.5452597750401714	0.2428532880736397	0.292744520946106	0.2170119852495799	0.9636265314387892		0.2775535551527965	0.9636265289956244	PASS	formal_runs/isg_clean_fixedfinal_20260706/04_formal_runs/MDR/scaffold_cold/seed_7	formal_runs/isg_clean_fixedfinal_20260706/08_final_audit_20260710_after_4seed_rerun/ISG_FORMAL_250_RAW_METRICS.tsv	
ISG-MDA	MDA	MDR	scaffold_cold	8	0.633508428743691	0.6669155513361731	0.5980015372790162	0.4358144552319309	0.2395557698542125	0.3373107495563603	0.2933914064639457	1.9823519572181143		0.2510064875267428	1.9832258898103403	PASS	formal_runs/isg_clean_fixedfinal_20260706/04_formal_runs/MDR/scaffold_cold/seed_8	formal_runs/isg_clean_fixedfinal_20260706/08_final_audit_20260710_after_4seed_rerun/ISG_FORMAL_250_RAW_METRICS.tsv	
ISG-MDA	MDA	MDR	scaffold_cold	9	0.560706852522217	0.590227168396017	0.5630165289256198	0.386066763425254	0.1542377337809425	0.3680143767330347	0.3155812825286626	1.8129267773660844		0.2383535053278948	1.8129267637148376	PASS	formal_runs/isg_clean_fixedfinal_20260706/04_formal_runs/MDR/scaffold_cold/seed_9	formal_runs/isg_clean_fixedfinal_20260706/08_final_audit_20260710_after_4seed_rerun/ISG_FORMAL_250_RAW_METRICS.tsv	
ISG-MDA	MDA	MDR	scaffold_cold	10	0.4606564001485542	0.4558410990974375	0.4505541346973572	0.1480502313284864	-0.140460130106976	0.4643643912899949	0.4510287809294168	2.487684619142052		0.2655538617017529	2.4876846457940336	PASS	formal_runs/isg_clean_fixedfinal_20260706/04_formal_runs/MDR/scaffold_cold/seed_10	formal_runs/isg_clean_fixedfinal_20260706/08_final_audit_20260710_after_4seed_rerun/ISG_FORMAL_250_RAW_METRICS.tsv	
ISG-MDA	MDA	MDR	scaffold_cold	11	0.5592774322020353	0.5438805121404927	0.5182481751824818	0.3795534665099882	0.0408011202835793	0.3794297554586966	0.3419594631750724	1.4358476807029534		0.2610495783638982	1.435847684849788	PASS	formal_runs/isg_clean_fixedfinal_20260706/04_formal_runs/MDR/scaffold_cold/seed_11	formal_runs/isg_clean_fixedfinal_20260706/08_final_audit_20260710_after_4seed_rerun/ISG_FORMAL_250_RAW_METRICS.tsv	
ISG-MDA	MDA	MDR	scaffold_cold	12	0.6387784652040972	0.6790708879603806	0.5692239858906526	0.2670667666916729	0.2446768433354323	0.3945049261830153	0.3952374134306795	2.962602079704736		0.2672375938673289	3.0176811119774767	PASS	formal_runs/isg_clean_fixedfinal_20260706/04_formal_runs/MDR/scaffold_cold/seed_12	formal_runs/isg_clean_fixedfinal_20260706/08_final_audit_20260710_after_4seed_rerun/ISG_FORMAL_250_RAW_METRICS.tsv	
ISG-MDA	MDA	MDR	scaffold_cold	13	0.5603073843289484	0.5450281252108076	0.5132850241545893	0.2641509433962264	0.0361074749476019	0.4139069518464795	0.3935590447149578	2.138649632103357		0.2566128678174864	2.138649631861519	PASS	formal_runs/isg_clean_fixedfinal_20260706/04_formal_runs/MDR/scaffold_cold/seed_13	formal_runs/isg_clean_fixedfinal_20260706/08_final_audit_20260710_after_4seed_rerun/ISG_FORMAL_250_RAW_METRICS.tsv	
ISG-MDA	MDA	MDR	scaffold_cold	14	0.4500098319633357	0.5133296426731719	0.5118050266565118	0.3137044967880085	0.0289151302417256	0.4108607178703282	0.3660352895356418	2.092898478196683		0.2572482769455253	2.092898482486594	PASS	formal_runs/isg_clean_fixedfinal_20260706/04_formal_runs/MDR/scaffold_cold/seed_14	formal_runs/isg_clean_fixedfinal_20260706/08_final_audit_20260710_after_4seed_rerun/ISG_FORMAL_250_RAW_METRICS.tsv	
ISG-MDA	MDA	MDR	scaffold_cold	15	0.6942552146895032	0.6793229462290489	0.6284644194756555	0.5866666666666667	0.2623504405283987	0.2659333782972514	0.1927650941509659	0.9010840566960656		0.2357693163200964	0.9010840502571076	PASS	formal_runs/isg_clean_fixedfinal_20260706/04_formal_runs/MDR/scaffold_cold/seed_15	formal_runs/isg_clean_fixedfinal_20260706/08_final_audit_20260710_after_4seed_rerun/ISG_FORMAL_250_RAW_METRICS.tsv	
ISG-MDA	MDA	MDR	scaffold_cold	16	0.5645535283540196	0.5442304789313384	0.4986754966887417	0.2951582867783985	-0.0032447315630138	0.4173213610321201	0.3932808694992808	1.9711002751992064		0.247083199441326	1.971100286182189	PASS	formal_runs/isg_clean_fixedfinal_20260706/04_formal_runs/MDR/scaffold_cold/seed_16	formal_runs/isg_clean_fixedfinal_20260706/08_final_audit_20260710_after_4seed_rerun/ISG_FORMAL_250_RAW_METRICS.tsv	
ISG-MDA	MDA	MDR	scaffold_cold	17	0.5461760380650189	0.5483583080559702	0.5167644593461861	0.3124627310673822	0.0416900152707322	0.3960338800458118	0.3565410756348504	2.0778453549796185		0.2530356060842475	2.078521927564162	PASS	formal_runs/isg_clean_fixedfinal_20260706/04_formal_runs/MDR/scaffold_cold/seed_17	formal_runs/isg_clean_fixedfinal_20260706/08_final_audit_20260710_after_4seed_rerun/ISG_FORMAL_250_RAW_METRICS.tsv	
ISG-MDA	MDA	MDR	scaffold_cold	18	0.512963348604748	0.5175387226860989	0.5098639455782313	0.3621071270473661	0.0222607243090975	0.3861181092102126	0.3387933640909726	1.5575955073444032		0.2488126036207919	1.5575955163053914	PASS	formal_runs/isg_clean_fixedfinal_20260706/04_formal_runs/MDR/scaffold_cold/seed_18	formal_runs/isg_clean_fixedfinal_20260706/08_final_audit_20260710_after_4seed_rerun/ISG_FORMAL_250_RAW_METRICS.tsv	
ISG-MDA	MDA	MDR	scaffold_cold	19	0.6429237134841287	0.6597082412346258	0.6063449508489723	0.4631322364411944	0.2514681945921299	0.3335386223776591	0.2874139353079628	1.5894892265852083		0.2719888121361835	1.58948922045429	PASS	formal_runs/isg_clean_fixedfinal_20260706/04_formal_runs/MDR/scaffold_cold/seed_19	formal_runs/isg_clean_fixedfinal_20260706/08_final_audit_20260710_after_4seed_rerun/ISG_FORMAL_250_RAW_METRICS.tsv	
ISG-MDA	MDA	MDR	scaffold_cold	20	0.525507002128069	0.5407816486723931	0.5105407882676444	0.3431734317343173	0.0245021472452723	0.4062833543230943	0.3781891110015369	2.1654731557211075		0.2707523601198638	2.1654731624723027	PASS	formal_runs/isg_clean_fixedfinal_20260706/04_formal_runs/MDR/scaffold_cold/seed_20	formal_runs/isg_clean_fixedfinal_20260706/08_final_audit_20260710_after_4seed_rerun/ISG_FORMAL_250_RAW_METRICS.tsv	
ISG-MDA	MDA	MDR	scaffold_cold	21	0.5685651765728879	0.5464676464587062	0.5374806800618238	0.4017991004497751	0.0841138728426293	0.3568309750613372	0.3117151654185719	1.6039523814072072		0.260890361418387	1.6039523732901726	PASS	formal_runs/isg_clean_fixedfinal_20260706/04_formal_runs/MDR/scaffold_cold/seed_21	formal_runs/isg_clean_fixedfinal_20260706/08_final_audit_20260710_after_4seed_rerun/ISG_FORMAL_250_RAW_METRICS.tsv	
ISG-MDA	MDA	MDR	scaffold_cold	22	0.5036390775766044	0.5174438745245955	0.5142378559463987	0.1977869986168741	0.0463423467540141	0.418830794347219	0.391889283026183	2.3726692985085323		0.2533341843439612	2.372669293028825	PASS	formal_runs/isg_clean_fixedfinal_20260706/04_formal_runs/MDR/scaffold_cold/seed_22	formal_runs/isg_clean_fixedfinal_20260706/08_final_audit_20260710_after_4seed_rerun/ISG_FORMAL_250_RAW_METRICS.tsv	
ISG-MDA	MDA	MDR	scaffold_cold	23	0.6455256229438897	0.6297604979400813	0.5705270972531552	0.4665744582757031	0.1531668461732241	0.3205664591563782	0.2789661273011063	1.1511395147158534		0.2623631678462967	1.1511395173154235	PASS	formal_runs/isg_clean_fixedfinal_20260706/04_formal_runs/MDR/scaffold_cold/seed_23	formal_runs/isg_clean_fixedfinal_20260706/08_final_audit_20260710_after_4seed_rerun/ISG_FORMAL_250_RAW_METRICS.tsv	
ISG-MDA	MDA	MDR	scaffold_cold	24	0.6272541561903981	0.6090779526333305	0.5614035087719298	0.3941326530612244	0.1472980220044011	0.3616266550421083	0.321781454849769	1.915788455865188		0.2407888371270156	1.9160680440654383	PASS	formal_runs/isg_clean_fixedfinal_20260706/04_formal_runs/MDR/scaffold_cold/seed_24	formal_runs/isg_clean_fixedfinal_20260706/08_final_audit_20260710_after_4seed_rerun/ISG_FORMAL_250_RAW_METRICS.tsv	
ISG-MDA	MDA	MDS	random	0	0.908492243090593	0.8960214986126395	0.8456973293768546	0.8543417366946778	0.6963170369105575	0.1244344053141308	0.084710536856622	0.4686183879515115		0.2385079303119196	0.468618388345758	PASS	formal_runs/isg_clean_fixedfinal_20260706/04_formal_runs/MDS/random/seed_0	formal_runs/isg_clean_fixedfinal_20260706/08_final_audit_20260710_after_4seed_rerun/ISG_FORMAL_250_RAW_METRICS.tsv	
ISG-MDA	MDA	MDS	random	1	0.9103887895855776	0.9002763493218232	0.8323442136498517	0.8386482627320324	0.6667270385180211	0.1234628905090196	0.064713898424404	0.4181598952224065		0.2376563634917844	0.418159898101517	PASS	formal_runs/isg_clean_fixedfinal_20260706/04_formal_runs/MDS/random/seed_1	formal_runs/isg_clean_fixedfinal_20260706/08_final_audit_20260710_after_4seed_rerun/ISG_FORMAL_250_RAW_METRICS.tsv	
ISG-MDA	MDA	MDS	random	2	0.9099539095664798	0.897247892851763	0.8422354104846687	0.8514205868653936	0.6897632754420454	0.1222434280904335	0.0656480716388695	0.4296871612788127		0.2320355836033909	0.4296871640679862	PASS	formal_runs/isg_clean_fixedfinal_20260706/04_formal_runs/MDS/random/seed_2	formal_runs/isg_clean_fixedfinal_20260706/08_final_audit_20260710_after_4seed_rerun/ISG_FORMAL_250_RAW_METRICS.tsv	
ISG-MDA	MDA	MDS	random	3	0.9173145840854458	0.8986950896486212	0.8560830860534124	0.854717923115327	0.7122919693995964	0.1136530491402395	0.0680598652304823	0.427152848558213		0.2397281538944801	0.4271528489158132	PASS	formal_runs/isg_clean_fixedfinal_20260706/04_formal_runs/MDS/random/seed_3	formal_runs/isg_clean_fixedfinal_20260706/08_final_audit_20260710_after_4seed_rerun/ISG_FORMAL_250_RAW_METRICS.tsv	
ISG-MDA	MDA	MDS	random	4	0.917657987655082	0.9110654107732888	0.8545994065281899	0.8567251461988304	0.7095112519727368	0.114815437209136	0.0624441904110478	0.4429181839375103		0.2494891044816669	0.4429181878345362	PASS	formal_runs/isg_clean_fixedfinal_20260706/04_formal_runs/MDS/random/seed_4	formal_runs/isg_clean_fixedfinal_20260706/08_final_audit_20260710_after_4seed_rerun/ISG_FORMAL_250_RAW_METRICS.tsv	
ISG-MDA	MDA	MDS	random	5	0.91028948627413	0.8954937440600631	0.8506429277942631	0.8545279383429673	0.7022883472197767	0.1187305786002106	0.0648161868098846	0.4416186570471958		0.2438186397211639	0.4416186610268084	PASS	formal_runs/isg_clean_fixedfinal_20260706/04_formal_runs/MDS/random/seed_5	formal_runs/isg_clean_fixedfinal_20260706/08_final_audit_20260710_after_4seed_rerun/ISG_FORMAL_250_RAW_METRICS.tsv	
ISG-MDA	MDA	MDS	random	6	0.907233096668594	0.8961244419317834	0.8397626112759644	0.8427184466019417	0.6800057308895135	0.1240704166433994	0.080272279897963	0.4938428546247814		0.2392097815204132	0.493842853106094	PASS	formal_runs/isg_clean_fixedfinal_20260706/04_formal_runs/MDS/random/seed_6	formal_runs/isg_clean_fixedfinal_20260706/08_final_audit_20260710_after_4seed_rerun/ISG_FORMAL_250_RAW_METRICS.tsv	
ISG-MDA	MDA	MDS	random	7	0.9123650722370444	0.8948822382434058	0.8437190900098912	0.843098311817279	0.6874597029655661	0.1183865856047231	0.0698674795204825	0.4371472219572704		0.2504957927841967	0.4371472223340344	PASS	formal_runs/isg_clean_fixedfinal_20260706/04_formal_runs/MDS/random/seed_7	formal_runs/isg_clean_fixedfinal_20260706/08_final_audit_20260710_after_4seed_rerun/ISG_FORMAL_250_RAW_METRICS.tsv	
ISG-MDA	MDA	MDS	random	8	0.9057469712490008	0.8872354353469346	0.8531157270029673	0.8608899297423888	0.7106845723707061	0.1188230928205597	0.0561654078034484	0.4226724174224437		0.2358534195444945	0.4226724142844316	PASS	formal_runs/isg_clean_fixedfinal_20260706/04_formal_runs/MDS/random/seed_8	formal_runs/isg_clean_fixedfinal_20260706/08_final_audit_20260710_after_4seed_rerun/ISG_FORMAL_250_RAW_METRICS.tsv	
ISG-MDA	MDA	MDS	random	9	0.9068285457396924	0.8901894696907622	0.8432245301681504	0.8467858869018849	0.6871920390433657	0.1234887035503048	0.0721450036072937	0.4644009449102856		0.2342623707986013	0.4644009448536307	PASS	formal_runs/isg_clean_fixedfinal_20260706/04_formal_runs/MDS/random/seed_9	formal_runs/isg_clean_fixedfinal_20260706/08_final_audit_20260710_after_4seed_rerun/ISG_FORMAL_250_RAW_METRICS.tsv	
ISG-MDA	MDA	MDS	random	10	0.9113055107956888	0.8991039399190307	0.8486646884272997	0.8557964184731386	0.7007658008991655	0.1231154810500665	0.0857735937930532	0.5049283196190829		0.2343428432425443	0.5049283212211082	PASS	formal_runs/isg_clean_fixedfinal_20260706/04_formal_runs/MDS/random/seed_10	formal_runs/isg_clean_fixedfinal_20260706/08_final_audit_20260710_after_4seed_rerun/ISG_FORMAL_250_RAW_METRICS.tsv	
ISG-MDA	MDA	MDS	random	11	0.9209966334709884	0.9081828169762935	0.8570722057368941	0.8579852579852579	0.7142034579927611	0.111687387401683	0.0710495359649804	0.433142476386819		0.2424730466802669	0.4331424769555779	PASS	formal_runs/isg_clean_fixedfinal_20260706/04_formal_runs/MDS/random/seed_11	formal_runs/isg_clean_fixedfinal_20260706/08_final_audit_20260710_after_4seed_rerun/ISG_FORMAL_250_RAW_METRICS.tsv	
ISG-MDA	MDA	MDS	random	12	0.917034284590572	0.9022393065311304	0.8570722057368941	0.8633569739952719	0.717185202462852	0.1143525728948734	0.0612166244221944	0.4126499117957081		0.2440894677988114	0.4126499098026434	PASS	formal_runs/isg_clean_fixedfinal_20260706/04_formal_runs/MDS/random/seed_12	formal_runs/isg_clean_fixedfinal_20260706/08_final_audit_20260710_after_4seed_rerun/ISG_FORMAL_250_RAW_METRICS.tsv	
ISG-MDA	MDA	MDS	random	13	0.9079913239234888	0.893956391358613	0.8397626112759644	0.8468809073724007	0.6824815734593774	0.1245250744546927	0.0734936589227903	0.442954914894105		0.2559680800858241	0.4429549129438447	PASS	formal_runs/isg_clean_fixedfinal_20260706/04_formal_runs/MDS/random/seed_13	formal_runs/isg_clean_fixedfinal_20260706/08_final_audit_20260710_after_4seed_rerun/ISG_FORMAL_250_RAW_METRICS.tsv	
ISG-MDA	MDA	MDS	random	14	0.9097386708618648	0.89488188361583	0.8526211671612265	0.8607476635514019	0.7100956127993885	0.120214824341928	0.07441148461966	0.447475794563604		0.2384667338238121	0.4474758026802693	PASS	formal_runs/isg_clean_fixedfinal_20260706/04_formal_runs/MDS/random/seed_14	formal_runs/isg_clean_fixedfinal_20260706/08_final_audit_20260710_after_4seed_rerun/ISG_FORMAL_250_RAW_METRICS.tsv	
ISG-MDA	MDA	MDS	random	15	0.9282496886376468	0.9194551809126216	0.8699307616221563	0.8713936430317848	0.7400530557210805	0.1034684514544463	0.052127548865576	0.3884175510270386		0.2648725866637488	0.3892061460973247	PASS	formal_runs/isg_clean_fixedfinal_20260706/04_formal_runs/MDS/random/seed_15	formal_runs/isg_clean_fixedfinal_20260706/08_final_audit_20260710_after_4seed_rerun/ISG_FORMAL_250_RAW_METRICS.tsv	
ISG-MDA	MDA	MDS	random	16	0.9205299568250728	0.911726871854308	0.8674579624134521	0.8711538461538462	0.7361282942370737	0.1076097986227725	0.0551066405152842	0.4299961652340933		0.2354436580818713	0.429996169432924	PASS	formal_runs/isg_clean_fixedfinal_20260706/04_formal_runs/MDS/random/seed_16	formal_runs/isg_clean_fixedfinal_20260706/08_final_audit_20260710_after_4seed_rerun/ISG_FORMAL_250_RAW_METRICS.tsv	
ISG-MDA	MDA	MDS	random	17	0.92154940559875	0.9078893593087484	0.8437190900098912	0.8486590038314177	0.6889077154632922	0.1131531954083869	0.0631330401192455	0.4069103928136186		0.2524087593206344	0.4069103916662973	PASS	formal_runs/isg_clean_fixedfinal_20260706/04_formal_runs/MDS/random/seed_17	formal_runs/isg_clean_fixedfinal_20260706/08_final_audit_20260710_after_4seed_rerun/ISG_FORMAL_250_RAW_METRICS.tsv	
ISG-MDA	MDA	MDS	random	18	0.901486223255368	0.8840958193145894	0.8283877349159249	0.8264132066033016	0.6569454933139004	0.1284825781274564	0.0678866624982554	0.4484280428963942		0.2314223587262344	0.4484280407959347	PASS	formal_runs/isg_clean_fixedfinal_20260706/04_formal_runs/MDS/random/seed_18	formal_runs/isg_clean_fixedfinal_20260706/08_final_audit_20260710_after_4seed_rerun/ISG_FORMAL_250_RAW_METRICS.tsv	
ISG-MDA	MDA	MDS	random	19	0.9155887610175312	0.9016054542518034	0.8481701285855588	0.8544333807491702	0.6989329314073013	0.1152818477669197	0.0612997886585965	0.4284375258061154		0.2280579507240351	0.4284375288793642	PASS	formal_runs/isg_clean_fixedfinal_20260706/04_formal_runs/MDS/random/seed_19	formal_runs/isg_clean_fixedfinal_20260706/08_final_audit_20260710_after_4seed_rerun/ISG_FORMAL_250_RAW_METRICS.tsv	
ISG-MDA	MDA	MDS	random	20	0.911988893682842	0.902052308317663	0.8501483679525222	0.8539759036144579	0.7012610040331233	0.1168998689097523	0.052330588452259	0.4270202775333464		0.2414868049048976	0.4270202778132391	PASS	formal_runs/isg_clean_fixedfinal_20260706/04_formal_runs/MDS/random/seed_20	formal_runs/isg_clean_fixedfinal_20260706/08_final_audit_20260710_after_4seed_rerun/ISG_FORMAL_250_RAW_METRICS.tsv	
ISG-MDA	MDA	MDS	random	21	0.912983883512813	0.8944104621418945	0.8521266073194856	0.8583609663666508	0.7069980086142952	0.1176218882652468	0.060805605316642	0.4253276563959035		0.2285333110308429	0.4253276597734257	PASS	formal_runs/isg_clean_fixedfinal_20260706/04_formal_runs/MDS/random/seed_21	formal_runs/isg_clean_fixedfinal_20260706/08_final_audit_20260710_after_4seed_rerun/ISG_FORMAL_250_RAW_METRICS.tsv	
ISG-MDA	MDA	MDS	random	22	0.9071137370233074	0.8848193055102324	0.854104846686449	0.8551791850760923	0.7082876555191195	0.1189335257523183	0.0635495867087576	0.4672085316628035		0.2428353624328539	0.4672085353340051	PASS	formal_runs/isg_clean_fixedfinal_20260706/04_formal_runs/MDS/random/seed_22	formal_runs/isg_clean_fixedfinal_20260706/08_final_audit_20260710_after_4seed_rerun/ISG_FORMAL_250_RAW_METRICS.tsv	
ISG-MDA	MDA	MDS	random	23	0.906280665400672	0.8949817127020284	0.8447082096933729	0.8518867924528302	0.6926783539768041	0.1262700024611125	0.086236236400692	0.4907652737713984		0.2283978802037952	0.4907652750449175	PASS	formal_runs/isg_clean_fixedfinal_20260706/04_formal_runs/MDS/random/seed_23	formal_runs/isg_clean_fixedfinal_20260706/08_final_audit_20260710_after_4seed_rerun/ISG_FORMAL_250_RAW_METRICS.tsv	
ISG-MDA	MDA	MDS	random	24	0.9094040725119628	0.8838443437411105	0.8456973293768546	0.8491295938104448	0.6921114361912148	0.1178733121560535	0.0566376558760403	0.4132353104240083		0.2545381380637153	0.4132353113973412	PASS	formal_runs/isg_clean_fixedfinal_20260706/04_formal_runs/MDS/random/seed_24	formal_runs/isg_clean_fixedfinal_20260706/08_final_audit_20260710_after_4seed_rerun/ISG_FORMAL_250_RAW_METRICS.tsv	
ISG-MDA	MDA	MDS	mirna_cold	0	0.8754149807058383	0.8445581269677112	0.8221343873517787	0.8316183348924229	0.6483958583882814	0.1432472000295475	0.0913531736363653	0.5653144357849598		0.2298733441178483	0.5653144396812078	PASS	formal_runs/isg_clean_fixedfinal_20260706/04_formal_runs/MDS/mirna_cold/seed_0	formal_runs/isg_clean_fixedfinal_20260706/08_final_audit_20260710_after_4seed_rerun/ISG_FORMAL_250_RAW_METRICS.tsv	
ISG-MDA	MDA	MDS	mirna_cold	1	0.9143352887875142	0.8981008014316852	0.8448616600790514	0.8509021842355176	0.6919987139622553	0.1160674712024221	0.0635563393845264	0.4310075571165864		0.2351275639095146	0.4310075575890748	PASS	formal_runs/isg_clean_fixedfinal_20260706/04_formal_runs/MDS/mirna_cold/seed_1	formal_runs/isg_clean_fixedfinal_20260706/08_final_audit_20260710_after_4seed_rerun/ISG_FORMAL_250_RAW_METRICS.tsv	
ISG-MDA	MDA	MDS	mirna_cold	2	0.8870192472319814	0.8626720639079628	0.8066271018793274	0.7995899538698104	0.6147720752018814	0.1430777367737246	0.0986528120527091	0.5339157108828718		0.2311418021105611	0.533915705558808	PASS	formal_runs/isg_clean_fixedfinal_20260706/04_formal_runs/MDS/mirna_cold/seed_2	formal_runs/isg_clean_fixedfinal_20260706/08_final_audit_20260710_after_4seed_rerun/ISG_FORMAL_250_RAW_METRICS.tsv	
ISG-MDA	MDA	MDS	mirna_cold	3	0.9116909837484996	0.8922814271978531	0.8456973293768546	0.8517110266159695	0.6936801031168256	0.1188845811008585	0.0618438162521771	0.4410232049064257		0.2405663144682823	0.4410232036244622	PASS	formal_runs/isg_clean_fixedfinal_20260706/04_formal_runs/MDS/mirna_cold/seed_3	formal_runs/isg_clean_fixedfinal_20260706/08_final_audit_20260710_after_4seed_rerun/ISG_FORMAL_250_RAW_METRICS.tsv	
ISG-MDA	MDA	MDS	mirna_cold	4	0.894055631904511	0.8743775238266622	0.8346418056918548	0.8383693045563549	0.6699966633061155	0.1306835204377275	0.0691593609126772	0.4993819935366053		0.235910545832384	0.4993820020799197	PASS	formal_runs/isg_clean_fixedfinal_20260706/04_formal_runs/MDS/mirna_cold/seed_4	formal_runs/isg_clean_fixedfinal_20260706/08_final_audit_20260710_after_4seed_rerun/ISG_FORMAL_250_RAW_METRICS.tsv	
ISG-MDA	MDA	MDS	mirna_cold	5	0.8914649048400336	0.8719769020681734	0.8422354104846687	0.8440097799511003	0.6846480141162937	0.1285988018622546	0.068705282754738	0.5014886452488054		0.2494078989433469	0.5014886499984093	PASS	formal_runs/isg_clean_fixedfinal_20260706/04_formal_runs/MDS/mirna_cold/seed_5	formal_runs/isg_clean_fixedfinal_20260706/08_final_audit_20260710_after_4seed_rerun/ISG_FORMAL_250_RAW_METRICS.tsv	
ISG-MDA	MDA	MDS	mirna_cold	6	0.9035499214627668	0.8919382089999243	0.8341511285574092	0.8399621212121212	0.6700714693022686	0.1266989237582648	0.070258547921733	0.4645263866585814		0.2478039677849194	0.4645263921173327	PASS	formal_runs/isg_clean_fixedfinal_20260706/04_formal_runs/MDS/mirna_cold/seed_6	formal_runs/isg_clean_fixedfinal_20260706/08_final_audit_20260710_after_4seed_rerun/ISG_FORMAL_250_RAW_METRICS.tsv	
ISG-MDA	MDA	MDS	mirna_cold	7	0.9075951427104112	0.8925615431959517	0.843040473840079	0.8462282398452611	0.6866714007900434	0.1186771090545686	0.0513353412328017	0.4369364640229988		0.231306981594956	0.4369364685037882	PASS	formal_runs/isg_clean_fixedfinal_20260706/04_formal_runs/MDS/mirna_cold/seed_7	formal_runs/isg_clean_fixedfinal_20260706/08_final_audit_20260710_after_4seed_rerun/ISG_FORMAL_250_RAW_METRICS.tsv	
ISG-MDA	MDA	MDS	mirna_cold	8	0.9036309791369582	0.8796868709831283	0.8390748031496063	0.8419526341227647	0.6785997423447377	0.1216625647579942	0.0488366467867782	0.4348268234159836		0.2529096999429369	0.4348268250780781	PASS	formal_runs/isg_clean_fixedfinal_20260706/04_formal_runs/MDS/mirna_cold/seed_8	formal_runs/isg_clean_fixedfinal_20260706/08_final_audit_20260710_after_4seed_rerun/ISG_FORMAL_250_RAW_METRICS.tsv	
ISG-MDA	MDA	MDS	mirna_cold	9	0.9055654858867004	0.8868108793602435	0.8288822947576657	0.8393686165273909	0.6634437277173223	0.1288721637422186	0.0908174765063631	0.4837815995462674		0.2354302316564986	0.4837816016846193	PASS	formal_runs/isg_clean_fixedfinal_20260706/04_formal_runs/MDS/mirna_cold/seed_9	formal_runs/isg_clean_fixedfinal_20260706/08_final_audit_20260710_after_4seed_rerun/ISG_FORMAL_250_RAW_METRICS.tsv	
ISG-MDA	MDA	MDS	mirna_cold	10	0.8963949405552343	0.8808647725990306	0.8330039525691699	0.8325074331020813	0.6660196109710654	0.1308647538599158	0.0631942547977729	0.4792304579215634		0.2484630513079151	0.4792304552590894	PASS	formal_runs/isg_clean_fixedfinal_20260706/04_formal_runs/MDS/mirna_cold/seed_10	formal_runs/isg_clean_fixedfinal_20260706/08_final_audit_20260710_after_4seed_rerun/ISG_FORMAL_250_RAW_METRICS.tsv	
ISG-MDA	MDA	MDS	mirna_cold	11	0.9099019058623063	0.9000693069782675	0.8338264299802761	0.8360097323600973	0.667889671766826	0.1261548548503346	0.085360948120594	0.4607985082984053		0.2368612150154491	0.46079851254909	PASS	formal_runs/isg_clean_fixedfinal_20260706/04_formal_runs/MDS/mirna_cold/seed_11	formal_runs/isg_clean_fixedfinal_20260706/08_final_audit_20260710_after_4seed_rerun/ISG_FORMAL_250_RAW_METRICS.tsv	
ISG-MDA	MDA	MDS	mirna_cold	12	0.9036567076183356	0.8824529983294516	0.8415597235932872	0.8400597907324364	0.6832396375282301	0.1249958871307961	0.0786151251788083	0.4675504047323685		0.2498057222077233	0.4675504074294969	PASS	formal_runs/isg_clean_fixedfinal_20260706/04_formal_runs/MDS/mirna_cold/seed_12	formal_runs/isg_clean_fixedfinal_20260706/08_final_audit_20260710_after_4seed_rerun/ISG_FORMAL_250_RAW_METRICS.tsv	
ISG-MDA	MDA	MDS	mirna_cold	13	0.9110115142923392	0.8991620520997163	0.8506429277942631	0.8553639846743295	0.702784993184855	0.1183163086864176	0.0671678482517801	0.4589294162508581		0.2314217627387574	0.4589294205787274	PASS	formal_runs/isg_clean_fixedfinal_20260706/04_formal_runs/MDS/mirna_cold/seed_13	formal_runs/isg_clean_fixedfinal_20260706/08_final_audit_20260710_after_4seed_rerun/ISG_FORMAL_250_RAW_METRICS.tsv	
ISG-MDA	MDA	MDS	mirna_cold	14	0.9050212271425104	0.8935169583090896	0.839724680432645	0.8360160965794768	0.6801454548133274	0.1247401320946027	0.0774381189029929	0.494994425816153		0.2348073147678393	0.4949944318806058	PASS	formal_runs/isg_clean_fixedfinal_20260706/04_formal_runs/MDS/mirna_cold/seed_14	formal_runs/isg_clean_fixedfinal_20260706/08_final_audit_20260710_after_4seed_rerun/ISG_FORMAL_250_RAW_METRICS.tsv	
ISG-MDA	MDA	MDS	mirna_cold	15	0.8989307398072417	0.877554453523437	0.837426326129666	0.8455436304246383	0.6786116129167776	0.1265021889100318	0.0669494831546912	0.4670091276611298		0.2308557603445468	0.4670091259690305	PASS	formal_runs/isg_clean_fixedfinal_20260706/04_formal_runs/MDS/mirna_cold/seed_15	formal_runs/isg_clean_fixedfinal_20260706/08_final_audit_20260710_after_4seed_rerun/ISG_FORMAL_250_RAW_METRICS.tsv	
ISG-MDA	MDA	MDS	mirna_cold	16	0.9086585639077956	0.8929755054657609	0.8471810089020771	0.8463451019393337	0.6944031211884366	0.1185494361445907	0.0681278196646404	0.4853967947656615		0.2382507139787855	0.4853967969424647	PASS	formal_runs/isg_clean_fixedfinal_20260706/04_formal_runs/MDS/mirna_cold/seed_16	formal_runs/isg_clean_fixedfinal_20260706/08_final_audit_20260710_after_4seed_rerun/ISG_FORMAL_250_RAW_METRICS.tsv	
ISG-MDA	MDA	MDS	mirna_cold	17	0.9064200794401068	0.8966803285804142	0.841715976331361	0.8442503639010189	0.6837941643039923	0.1252855643317518	0.0763984626555701	0.4786953678589654		0.2237411115134116	0.478695368155455	PASS	formal_runs/isg_clean_fixedfinal_20260706/04_formal_runs/MDS/mirna_cold/seed_17	formal_runs/isg_clean_fixedfinal_20260706/08_final_audit_20260710_after_4seed_rerun/ISG_FORMAL_250_RAW_METRICS.tsv	
ISG-MDA	MDA	MDS	mirna_cold	18	0.8979269577672311	0.887383537128262	0.8323442136498517	0.8378766140602583	0.6662419028983664	0.1293470644308015	0.0762094540142302	0.4944222796643523		0.2380041005866173	0.4944222811185759	PASS	formal_runs/isg_clean_fixedfinal_20260706/04_formal_runs/MDS/mirna_cold/seed_18	formal_runs/isg_clean_fixedfinal_20260706/08_final_audit_20260710_after_4seed_rerun/ISG_FORMAL_250_RAW_METRICS.tsv	
ISG-MDA	MDA	MDS	mirna_cold	19	0.902128206952266	0.8798529950181145	0.8316880552813426	0.8399812294697325	0.6669686900416972	0.1255430509309261	0.0608030555681341	0.4576284095385284		0.2365604433069958	0.4576284065180681	PASS	formal_runs/isg_clean_fixedfinal_20260706/04_formal_runs/MDS/mirna_cold/seed_19	formal_runs/isg_clean_fixedfinal_20260706/08_final_audit_20260710_after_4seed_rerun/ISG_FORMAL_250_RAW_METRICS.tsv	
ISG-MDA	MDA	MDS	mirna_cold	20	0.8941588128998427	0.8723188186447174	0.8338278931750742	0.8416588124410933	0.6709459795843075	0.1277220559365176	0.0534534258559007	0.4726242033921187		0.2341345317132868	0.472624205929825	PASS	formal_runs/isg_clean_fixedfinal_20260706/04_formal_runs/MDS/mirna_cold/seed_20	formal_runs/isg_clean_fixedfinal_20260706/08_final_audit_20260710_after_4seed_rerun/ISG_FORMAL_250_RAW_METRICS.tsv	
ISG-MDA	MDA	MDS	mirna_cold	21	0.8994912144101019	0.8766382758674547	0.8390918065153011	0.8466603951081844	0.6815124062293177	0.1250512687981469	0.0681151963667414	0.4692173887892252		0.236315660071724	0.4692173887334712	PASS	formal_runs/isg_clean_fixedfinal_20260706/04_formal_runs/MDS/mirna_cold/seed_21	formal_runs/isg_clean_fixedfinal_20260706/08_final_audit_20260710_after_4seed_rerun/ISG_FORMAL_250_RAW_METRICS.tsv	
ISG-MDA	MDA	MDS	mirna_cold	22	0.8888691823666474	0.8635571490851252	0.8331688055281342	0.8360814742967992	0.6667587855379314	0.1347243167750943	0.0830394660304962	0.5225370183713852		0.2276959333700639	0.52253701975468	PASS	formal_runs/isg_clean_fixedfinal_20260706/04_formal_runs/MDS/mirna_cold/seed_22	formal_runs/isg_clean_fixedfinal_20260706/08_final_audit_20260710_after_4seed_rerun/ISG_FORMAL_250_RAW_METRICS.tsv	
ISG-MDA	MDA	MDS	mirna_cold	23	0.8733371479010764	0.8427853585719514	0.8137351778656127	0.8188370975492552	0.6284680253049728	0.1415613579152027	0.0688916849742682	0.5231122600143142		0.2352185080188268	0.5231122657244385	PASS	formal_runs/isg_clean_fixedfinal_20260706/04_formal_runs/MDS/mirna_cold/seed_23	formal_runs/isg_clean_fixedfinal_20260706/08_final_audit_20260710_after_4seed_rerun/ISG_FORMAL_250_RAW_METRICS.tsv	
ISG-MDA	MDA	MDS	mirna_cold	24	0.9015372555427176	0.8747693658628645	0.8441814595660749	0.844946025515211	0.6883963958785415	0.1230794090509579	0.0650072492531659	0.4515245570818927		0.2514416920666647	0.4515245560358262	PASS	formal_runs/isg_clean_fixedfinal_20260706/04_formal_runs/MDS/mirna_cold/seed_24	formal_runs/isg_clean_fixedfinal_20260706/08_final_audit_20260710_after_4seed_rerun/ISG_FORMAL_250_RAW_METRICS.tsv	
ISG-MDA	MDA	MDS	drug_cold	0	0.6987405663811304	0.6885423103300568	0.6103448275862069	0.507778469197262	0.2427771014146907	0.2815233435095982	0.2266961725569581	0.9427050326742772		0.2525383401740509	0.9427050375586072	PASS	formal_runs/isg_clean_fixedfinal_20260706/04_formal_runs/MDS/drug_cold/seed_0	formal_runs/isg_clean_fixedfinal_20260706/08_final_audit_20260710_after_4seed_rerun/ISG_FORMAL_250_RAW_METRICS.tsv	
ISG-MDA	MDA	MDS	drug_cold	1	0.6786179618111505	0.6097528605123846	0.597511768661735	0.521391443422631	0.2057079066666943	0.2968479843545843	0.2630469884271205	1.200940035500644		0.2320341295702369	1.2009400292659815	PASS	formal_runs/isg_clean_fixedfinal_20260706/04_formal_runs/MDS/drug_cold/seed_1	formal_runs/isg_clean_fixedfinal_20260706/08_final_audit_20260710_after_4seed_rerun/ISG_FORMAL_250_RAW_METRICS.tsv	
ISG-MDA	MDA	MDS	drug_cold	2	0.8202182101505919	0.7581693511291994	0.6101928374655647	0.4290517821116341	0.2851410237436949	0.2656395475534482	0.2798210381407934	0.8570167544898207		0.2719408466491242	0.8570167525672278	PASS	formal_runs/isg_clean_fixedfinal_20260706/04_formal_runs/MDS/drug_cold/seed_2	formal_runs/isg_clean_fixedfinal_20260706/08_final_audit_20260710_after_4seed_rerun/ISG_FORMAL_250_RAW_METRICS.tsv	
ISG-MDA	MDA	MDS	drug_cold	3	0.613437936700999	0.592077191227689	0.5642985611510791	0.4376088218224028	0.1440450201426198	0.3336955012812122	0.281048884126479	1.211654371674467		0.2510553534293404	1.2116543792134566	PASS	formal_runs/isg_clean_fixedfinal_20260706/04_formal_runs/MDS/drug_cold/seed_3	formal_runs/isg_clean_fixedfinal_20260706/08_final_audit_20260710_after_4seed_rerun/ISG_FORMAL_250_RAW_METRICS.tsv	
ISG-MDA	MDA	MDS	drug_cold	4	0.681522597161029	0.6063062901393699	0.5594749794913864	0.4150326797385621	0.1367950704184348	0.3157135592121068	0.2961189153645624	1.1899303529712089		0.2457140812060202	1.189930354526925	PASS	formal_runs/isg_clean_fixedfinal_20260706/04_formal_runs/MDS/drug_cold/seed_4	formal_runs/isg_clean_fixedfinal_20260706/08_final_audit_20260710_after_4seed_rerun/ISG_FORMAL_250_RAW_METRICS.tsv	
ISG-MDA	MDA	MDS	drug_cold	5	0.6808007579498992	0.6805563510181323	0.6084220716360116	0.5027658266748617	0.2395526010916945	0.3084827202707429	0.267046200449258	1.350425256149709		0.2440658784148349	1.3504252691986716	PASS	formal_runs/isg_clean_fixedfinal_20260706/04_formal_runs/MDS/drug_cold/seed_5	formal_runs/isg_clean_fixedfinal_20260706/08_final_audit_20260710_after_4seed_rerun/ISG_FORMAL_250_RAW_METRICS.tsv	
ISG-MDA	MDA	MDS	drug_cold	6	0.7907891169512471	0.7249006797476781	0.6846612062546538	0.6306149149585696	0.3862291189576817	0.2343030276079071	0.2009492642055112	0.8151186410998773		0.2234632232196566	0.8151186448775026	PASS	formal_runs/isg_clean_fixedfinal_20260706/04_formal_runs/MDS/drug_cold/seed_6	formal_runs/isg_clean_fixedfinal_20260706/08_final_audit_20260710_after_4seed_rerun/ISG_FORMAL_250_RAW_METRICS.tsv	
ISG-MDA	MDA	MDS	drug_cold	7	0.5464314710743802	0.5299284520691063	0.5018181818181818	0.2689434364994664	0.0047177180706593	0.3978005737204791	0.3664410505414361	1.726983643678146		0.2234745604426811	1.7269836532419378	PASS	formal_runs/isg_clean_fixedfinal_20260706/04_formal_runs/MDS/drug_cold/seed_7	formal_runs/isg_clean_fixedfinal_20260706/08_final_audit_20260710_after_4seed_rerun/ISG_FORMAL_250_RAW_METRICS.tsv	
ISG-MDA	MDA	MDS	drug_cold	8	0.7314888419847165	0.6835411742363684	0.6527050610820244	0.5701943844492441	0.3307608522927537	0.2710393038988384	0.232202602741996	1.0946576749992736		0.2228690443242096	1.0946576712591278	PASS	formal_runs/isg_clean_fixedfinal_20260706/04_formal_runs/MDS/drug_cold/seed_8	formal_runs/isg_clean_fixedfinal_20260706/08_final_audit_20260710_after_4seed_rerun/ISG_FORMAL_250_RAW_METRICS.tsv	
ISG-MDA	MDA	MDS	drug_cold	9	0.7276251174271031	0.6793245170299277	0.6472103004291846	0.5856854838709677	0.3083329492245035	0.2652577175009363	0.2125266452702893	1.0218924538846912		0.2356223080160686	1.021892461474873	PASS	formal_runs/isg_clean_fixedfinal_20260706/04_formal_runs/MDS/drug_cold/seed_9	formal_runs/isg_clean_fixedfinal_20260706/08_final_audit_20260710_after_4seed_rerun/ISG_FORMAL_250_RAW_METRICS.tsv	
ISG-MDA	MDA	MDS	drug_cold	10	0.6655067920905653	0.6373293279217034	0.5612959719789843	0.3381770145310436	0.1660017329316254	0.3330146392872972	0.305655589039241	1.2599013878990737		0.2772533768951771	1.2599014009360463	PASS	formal_runs/isg_clean_fixedfinal_20260706/04_formal_runs/MDS/drug_cold/seed_10	formal_runs/isg_clean_fixedfinal_20260706/08_final_audit_20260710_after_4seed_rerun/ISG_FORMAL_250_RAW_METRICS.tsv	
ISG-MDA	MDA	MDS	drug_cold	11	0.6873227768488314	0.721084303869397	0.6535776614310645	0.6053677932405567	0.3167553469785526	0.2687921325834242	0.2021204554730646	1.0951242645197474		0.2458595327857572	1.0951242676788184	PASS	formal_runs/isg_clean_fixedfinal_20260706/04_formal_runs/MDS/drug_cold/seed_11	formal_runs/isg_clean_fixedfinal_20260706/08_final_audit_20260710_after_4seed_rerun/ISG_FORMAL_250_RAW_METRICS.tsv	
ISG-MDA	MDA	MDS	drug_cold	12	0.7687538060255765	0.7436053013897708	0.6590056285178236	0.5833810888252149	0.3412966330530071	0.2540333819884305	0.2212467893548007	0.8814619157843613		0.2528804661472559	0.8815639730242358	PASS	formal_runs/isg_clean_fixedfinal_20260706/04_formal_runs/MDS/drug_cold/seed_12	formal_runs/isg_clean_fixedfinal_20260706/08_final_audit_20260710_after_4seed_rerun/ISG_FORMAL_250_RAW_METRICS.tsv	
ISG-MDA	MDA	MDS	drug_cold	13	0.7267651585103109	0.6404663005615854	0.6140350877192983	0.5383001049317944	0.2414326635005364	0.2711885519734234	0.2256375962083028	0.8596017426129907		0.2282543557529006	0.8596017507084629	PASS	formal_runs/isg_clean_fixedfinal_20260706/04_formal_runs/MDS/drug_cold/seed_13	formal_runs/isg_clean_fixedfinal_20260706/08_final_audit_20260710_after_4seed_rerun/ISG_FORMAL_250_RAW_METRICS.tsv	
ISG-MDA	MDA	MDS	drug_cold	14	0.5877284807956105	0.5405661134872783	0.5101851851851852	0.3066841415465268	0.0251622714194946	0.3664413952594766	0.3373913774742055	1.4114295555929826		0.2559872570953359	1.4114295461663493	PASS	formal_runs/isg_clean_fixedfinal_20260706/04_formal_runs/MDS/drug_cold/seed_14	formal_runs/isg_clean_fixedfinal_20260706/08_final_audit_20260710_after_4seed_rerun/ISG_FORMAL_250_RAW_METRICS.tsv	
ISG-MDA	MDA	MDS	drug_cold	15	0.7106461374154502	0.6833340047423034	0.5306603773584906	0.1444539982803095	0.1426073124025667	0.3816066333705161	0.386343109946002	1.373364271838987		0.2600887652316807	1.3733642893579772	PASS	formal_runs/isg_clean_fixedfinal_20260706/04_formal_runs/MDS/drug_cold/seed_15	formal_runs/isg_clean_fixedfinal_20260706/08_final_audit_20260710_after_4seed_rerun/ISG_FORMAL_250_RAW_METRICS.tsv	
ISG-MDA	MDA	MDS	drug_cold	16	0.5533719411047988	0.5073787132681625	0.48227969348659	0.2172338884866039	-0.0481663459462697	0.4198907437490596	0.4000479838427465	1.8222215301826976		0.262841059873229	1.827986172789358	PASS	formal_runs/isg_clean_fixedfinal_20260706/04_formal_runs/MDS/drug_cold/seed_16	formal_runs/isg_clean_fixedfinal_20260706/08_final_audit_20260710_after_4seed_rerun/ISG_FORMAL_250_RAW_METRICS.tsv	
ISG-MDA	MDA	MDS	drug_cold	17	0.6142735276571328	0.5815858320207757	0.5307017543859649	0.2753950338600451	0.0865414824699798	0.3785290815599683	0.350250434231903	1.5212270484956694		0.2643836446646545	1.5212270477478034	PASS	formal_runs/isg_clean_fixedfinal_20260706/04_formal_runs/MDS/drug_cold/seed_17	formal_runs/isg_clean_fixedfinal_20260706/08_final_audit_20260710_after_4seed_rerun/ISG_FORMAL_250_RAW_METRICS.tsv	
ISG-MDA	MDA	MDS	drug_cold	18	0.7219164796238332	0.6634419924580406	0.5697786333012512	0.3632478632478632	0.1833761660828129	0.3314130525992383	0.3266998548985874	1.3392605665156927		0.2328719945320602	1.3392605624942393	PASS	formal_runs/isg_clean_fixedfinal_20260706/04_formal_runs/MDS/drug_cold/seed_18	formal_runs/isg_clean_fixedfinal_20260706/08_final_audit_20260710_after_4seed_rerun/ISG_FORMAL_250_RAW_METRICS.tsv	
ISG-MDA	MDA	MDS	drug_cold	19	0.6399002409307586	0.6546074505182411	0.5984481086323957	0.446524064171123	0.2355684386279506	0.3263484236060819	0.2843058491685514	1.7976451150477923		0.2422516636444862	1.7976451221886014	PASS	formal_runs/isg_clean_fixedfinal_20260706/04_formal_runs/MDS/drug_cold/seed_19	formal_runs/isg_clean_fixedfinal_20260706/08_final_audit_20260710_after_4seed_rerun/ISG_FORMAL_250_RAW_METRICS.tsv	
ISG-MDA	MDA	MDS	drug_cold	20	0.6184590568048084	0.5818227202180475	0.5423892100192679	0.2952522255192878	0.1189341233031751	0.3642771459614359	0.337631541985428	1.5705917915979009		0.2476814698531808	1.5705917985223392	PASS	formal_runs/isg_clean_fixedfinal_20260706/04_formal_runs/MDS/drug_cold/seed_20	formal_runs/isg_clean_fixedfinal_20260706/08_final_audit_20260710_after_4seed_rerun/ISG_FORMAL_250_RAW_METRICS.tsv	
ISG-MDA	MDA	MDS	drug_cold	21	0.689255378510757	0.6797025017378369	0.5856299212598425	0.4103641456582633	0.212982113798962	0.3192258861009584	0.2864661929984462	1.286810167087658		0.2535409859025047	1.2868101579232478	PASS	formal_runs/isg_clean_fixedfinal_20260706/04_formal_runs/MDS/drug_cold/seed_21	formal_runs/isg_clean_fixedfinal_20260706/08_final_audit_20260710_after_4seed_rerun/ISG_FORMAL_250_RAW_METRICS.tsv	
ISG-MDA	MDA	MDS	drug_cold	22	0.4581078957100591	0.4505984969924014	0.460576923076923	0.0727272727272727	-0.1439039477071126	0.4939279293139401	0.4886692897949951	3.0113105105178355		0.2386557401770908	3.011310518017182	PASS	formal_runs/isg_clean_fixedfinal_20260706/04_formal_runs/MDS/drug_cold/seed_22	formal_runs/isg_clean_fixedfinal_20260706/08_final_audit_20260710_after_4seed_rerun/ISG_FORMAL_250_RAW_METRICS.tsv	
ISG-MDA	MDA	MDS	drug_cold	23	0.6547909843611026	0.6035068704207306	0.5845410628019324	0.4921259842519685	0.1815302668603209	0.3259852181980542	0.2821048788126787	1.341103907265213		0.2355684926352245	1.3411038994981086	PASS	formal_runs/isg_clean_fixedfinal_20260706/04_formal_runs/MDS/drug_cold/seed_23	formal_runs/isg_clean_fixedfinal_20260706/08_final_audit_20260710_after_4seed_rerun/ISG_FORMAL_250_RAW_METRICS.tsv	
ISG-MDA	MDA	MDS	drug_cold	24	0.6746824269208527	0.6416222828813916	0.5469667318982387	0.2662440570522979	0.1458973304832155	0.379796583214823	0.3726803682608874	1.6660380586784047		0.2465569766918345	1.6660380565986008	PASS	formal_runs/isg_clean_fixedfinal_20260706/04_formal_runs/MDS/drug_cold/seed_24	formal_runs/isg_clean_fixedfinal_20260706/08_final_audit_20260710_after_4seed_rerun/ISG_FORMAL_250_RAW_METRICS.tsv	
ISG-MDA	MDA	MDS	strict_cold	0	0.519918949743988	0.5150232996960887	0.5142857142857142	0.4186320754716981	0.0302564845801604	0.4303992746783258	0.4046987083126661	2.531486862256503		0.0582043487917293	2.6155072027239306	PASS	formal_runs/isg_clean_fixedfinal_20260706/04_formal_runs/MDS/strict_cold/seed_0	formal_runs/isg_clean_fixedfinal_20260706/08_final_audit_20260710_after_4seed_rerun/ISG_FORMAL_250_RAW_METRICS.tsv	
ISG-MDA	MDA	MDS	strict_cold	1	0.5914883932635412	0.5806951515230377	0.5453648915187377	0.6215106732348111	0.0991064036999574	0.4084368528273179	0.3929898350975042	2.561018118467345		0.0612587545468257	2.726465666082484	PASS	formal_runs/isg_clean_fixedfinal_20260706/04_formal_runs/MDS/strict_cold/seed_1	formal_runs/isg_clean_fixedfinal_20260706/08_final_audit_20260710_after_4seed_rerun/ISG_FORMAL_250_RAW_METRICS.tsv	
ISG-MDA	MDA	MDS	strict_cold	2	0.5604298390401385	0.5632890817930409	0.547945205479452	0.5461689587426326	0.0958933489016324	0.4104802353925154	0.3912002994872656	2.841220001161099		0.0499333189014928	3.088316992071044	PASS	formal_runs/isg_clean_fixedfinal_20260706/04_formal_runs/MDS/strict_cold/seed_2	formal_runs/isg_clean_fixedfinal_20260706/08_final_audit_20260710_after_4seed_rerun/ISG_FORMAL_250_RAW_METRICS.tsv	
ISG-MDA	MDA	MDS	strict_cold	3	0.5706780312702704	0.5542836807081066	0.5400593471810089	0.5829596412556054	0.0818701136808477	0.3835066795798716	0.356703706488933	1.7991971333726773		0.1325782411870594	1.7991971384759708	PASS	formal_runs/isg_clean_fixedfinal_20260706/04_formal_runs/MDS/strict_cold/seed_3	formal_runs/isg_clean_fixedfinal_20260706/08_final_audit_20260710_after_4seed_rerun/ISG_FORMAL_250_RAW_METRICS.tsv	
ISG-MDA	MDA	MDS	strict_cold	4	0.5416911844724522	0.534361018578703	0.5250245338567223	0.508130081300813	0.0501675774715469	0.4145952633190836	0.3934047550178612	2.341875167373444		0.0652363456144768	2.342172675441596	PASS	formal_runs/isg_clean_fixedfinal_20260706/04_formal_runs/MDS/strict_cold/seed_4	formal_runs/isg_clean_fixedfinal_20260706/08_final_audit_20260710_after_4seed_rerun/ISG_FORMAL_250_RAW_METRICS.tsv	
ISG-MDA	MDA	MDS	strict_cold	5	0.582308233638283	0.5775217594439394	0.5536945812807882	0.4927211646136618	0.110633446992505	0.3863799046454625	0.3592286484571048	1.9900388623684215		0.0619111883229222	1.9900388792817816	PASS	formal_runs/isg_clean_fixedfinal_20260706/04_formal_runs/MDS/strict_cold/seed_5	formal_runs/isg_clean_fixedfinal_20260706/08_final_audit_20260710_after_4seed_rerun/ISG_FORMAL_250_RAW_METRICS.tsv	
ISG-MDA	MDA	MDS	strict_cold	6	0.5602683048288803	0.5521698150714321	0.5385756676557863	0.521783700666325	0.0773422933318495	0.4008589941970312	0.3799161278549516	2.088259787467348		0.0850414839055803	2.088259791761902	PASS	formal_runs/isg_clean_fixedfinal_20260706/04_formal_runs/MDS/strict_cold/seed_6	formal_runs/isg_clean_fixedfinal_20260706/08_final_audit_20260710_after_4seed_rerun/ISG_FORMAL_250_RAW_METRICS.tsv	
ISG-MDA	MDA	MDS	strict_cold	7	0.6249213977721884	0.6476444119185285	0.5968379446640316	0.5531215772179627	0.1974927620686559	0.3606345716125178	0.3419556202253176	2.3851744388852527		0.0442216347834867	2.471699392371498	PASS	formal_runs/isg_clean_fixedfinal_20260706/04_formal_runs/MDS/strict_cold/seed_7	formal_runs/isg_clean_fixedfinal_20260706/08_final_audit_20260710_after_4seed_rerun/ISG_FORMAL_250_RAW_METRICS.tsv	
ISG-MDA	MDA	MDS	strict_cold	8	0.6263120436919337	0.61134428018885	0.5848871442590775	0.5257847533632287	0.1753077774202633	0.3533739865229034	0.3241320279511408	1.6592572669918666		0.1332306041203055	1.6592572667764844	PASS	formal_runs/isg_clean_fixedfinal_20260706/04_formal_runs/MDS/strict_cold/seed_8	formal_runs/isg_clean_fixedfinal_20260706/08_final_audit_20260710_after_4seed_rerun/ISG_FORMAL_250_RAW_METRICS.tsv	
ISG-MDA	MDA	MDS	strict_cold	9	0.5689600290584137	0.5653566635117663	0.5513833992094862	0.5280665280665281	0.1032722232202601	0.3876707499066138	0.3557232131880362	2.029858786308305		0.1076237918275882	2.029858815340185	PASS	formal_runs/isg_clean_fixedfinal_20260706/04_formal_runs/MDS/strict_cold/seed_9	formal_runs/isg_clean_fixedfinal_20260706/08_final_audit_20260710_after_4seed_rerun/ISG_FORMAL_250_RAW_METRICS.tsv	
ISG-MDA	MDA	MDS	strict_cold	10	0.5384829351602224	0.519406658127955	0.5261341222879684	0.4542873367404884	0.0541802498983784	0.4099981709586987	0.3904984852816496	2.2459157795641054		0.082535645138118	2.2474078304433727	PASS	formal_runs/isg_clean_fixedfinal_20260706/04_formal_runs/MDS/strict_cold/seed_10	formal_runs/isg_clean_fixedfinal_20260706/08_final_audit_20260710_after_4seed_rerun/ISG_FORMAL_250_RAW_METRICS.tsv	
ISG-MDA	MDA	MDS	strict_cold	11	0.5866421128278835	0.5836110791787863	0.5691699604743083	0.56312625250501	0.1383929021738743	0.3842884857633926	0.3590370318139172	2.3264802300410032		0.0409495798761353	2.451931170324092	PASS	formal_runs/isg_clean_fixedfinal_20260706/04_formal_runs/MDS/strict_cold/seed_11	formal_runs/isg_clean_fixedfinal_20260706/08_final_audit_20260710_after_4seed_rerun/ISG_FORMAL_250_RAW_METRICS.tsv	
ISG-MDA	MDA	MDS	strict_cold	12	0.5162938018290826	0.5068897133755227	0.5137659783677483	0.4377487208641273	0.0285972862054512	0.4300627151027417	0.4115949893849665	2.638024916353983		0.0476834513509357	2.638690216468616	PASS	formal_runs/isg_clean_fixedfinal_20260706/04_formal_runs/MDS/strict_cold/seed_12	formal_runs/isg_clean_fixedfinal_20260706/08_final_audit_20260710_after_4seed_rerun/ISG_FORMAL_250_RAW_METRICS.tsv	
ISG-MDA	MDA	MDS	strict_cold	13	0.5334148398937565	0.5278920239357205	0.5180311890838206	0.507715281234445	0.0360940912999299	0.3958411704903877	0.3624990123562182	1.7675127215469773		0.1245743008427141	1.7675127295257984	PASS	formal_runs/isg_clean_fixedfinal_20260706/04_formal_runs/MDS/strict_cold/seed_13	formal_runs/isg_clean_fixedfinal_20260706/08_final_audit_20260710_after_4seed_rerun/ISG_FORMAL_250_RAW_METRICS.tsv	
ISG-MDA	MDA	MDS	strict_cold	14	0.6700571404021309	0.6862380744011638	0.6190711462450593	0.6031909418425115	0.2389087858080083	0.3287622460525435	0.3011782602046638	1.6983649326754415		0.0536997182452061	1.698364928305856	PASS	formal_runs/isg_clean_fixedfinal_20260706/04_formal_runs/MDS/strict_cold/seed_14	formal_runs/isg_clean_fixedfinal_20260706/08_final_audit_20260710_after_4seed_rerun/ISG_FORMAL_250_RAW_METRICS.tsv	
ISG-MDA	MDA	MDS	strict_cold	15	0.6065666393704855	0.6239284794443276	0.5756676557863502	0.5206703910614525	0.155484512981304	0.3628476396205934	0.3373407604796424	1.8356437387924385		0.0619695620122835	1.8356437367100624	PASS	formal_runs/isg_clean_fixedfinal_20260706/04_formal_runs/MDS/strict_cold/seed_15	formal_runs/isg_clean_fixedfinal_20260706/08_final_audit_20260710_after_4seed_rerun/ISG_FORMAL_250_RAW_METRICS.tsv	
ISG-MDA	MDA	MDS	strict_cold	16	0.5418702962182642	0.5437072258739459	0.5310957551826259	0.5329400196656834	0.0621934498327532	0.4179711811415824	0.3952978164347	2.470340464806274		0.0657339911141716	2.4722134198511694	PASS	formal_runs/isg_clean_fixedfinal_20260706/04_formal_runs/MDS/strict_cold/seed_16	formal_runs/isg_clean_fixedfinal_20260706/08_final_audit_20260710_after_4seed_rerun/ISG_FORMAL_250_RAW_METRICS.tsv	
ISG-MDA	MDA	MDS	strict_cold	17	0.5623486278980053	0.5583737821683388	0.5496558505408063	0.5268595041322314	0.0997760218772006	0.4048790390349624	0.3791814792892729	2.367058986001481		0.07108893736765	2.3670590001221603	PASS	formal_runs/isg_clean_fixedfinal_20260706/04_formal_runs/MDS/strict_cold/seed_17	formal_runs/isg_clean_fixedfinal_20260706/08_final_audit_20260710_after_4seed_rerun/ISG_FORMAL_250_RAW_METRICS.tsv	
ISG-MDA	MDA	MDS	strict_cold	18	0.5390911824899624	0.5222709266247242	0.5187747035573123	0.4330616996507567	0.0393934068091088	0.4245019720675362	0.4038888482632592	2.447868150913121		0.0549300265833368	2.4504155914774053	PASS	formal_runs/isg_clean_fixedfinal_20260706/04_formal_runs/MDS/strict_cold/seed_18	formal_runs/isg_clean_fixedfinal_20260706/08_final_audit_20260710_after_4seed_rerun/ISG_FORMAL_250_RAW_METRICS.tsv	
ISG-MDA	MDA	MDS	strict_cold	19	0.5821083237216454	0.5786830713488802	0.5563725490196079	0.5561549779303581	0.1127451522227889	0.3691074861700121	0.3378012125311913	1.6248817817089438		0.1327939747661485	1.625258990830066	PASS	formal_runs/isg_clean_fixedfinal_20260706/04_formal_runs/MDS/strict_cold/seed_19	formal_runs/isg_clean_fixedfinal_20260706/08_final_audit_20260710_after_4seed_rerun/ISG_FORMAL_250_RAW_METRICS.tsv	
ISG-MDA	MDA	MDS	strict_cold	20	0.6033178499041039	0.5861670046149934	0.5724852071005917	0.5889046941678521	0.145435173476648	0.3378493675645381	0.2957336553957923	1.2937622852519717		0.2003043829801792	1.2937622905012651	PASS	formal_runs/isg_clean_fixedfinal_20260706/04_formal_runs/MDS/strict_cold/seed_20	formal_runs/isg_clean_fixedfinal_20260706/08_final_audit_20260710_after_4seed_rerun/ISG_FORMAL_250_RAW_METRICS.tsv	
ISG-MDA	MDA	MDS	strict_cold	21	0.6396411739957772	0.6432797787445266	0.6075638506876228	0.5774722369116869	0.2173437397982514	0.3450200856167892	0.320836476852448	2.025375043866297		0.1031074766798059	2.108840428073186	PASS	formal_runs/isg_clean_fixedfinal_20260706/04_formal_runs/MDS/strict_cold/seed_21	formal_runs/isg_clean_fixedfinal_20260706/08_final_audit_20260710_after_4seed_rerun/ISG_FORMAL_250_RAW_METRICS.tsv	
ISG-MDA	MDA	MDS	strict_cold	22	0.5127560594513655	0.5130755206432362	0.5073385518590998	0.5921425678412313	0.0161387475398981	0.4438718810048216	0.4255005136283445	2.670907050481558		0.1030362771871762	2.6709070420311853	PASS	formal_runs/isg_clean_fixedfinal_20260706/04_formal_runs/MDS/strict_cold/seed_22	formal_runs/isg_clean_fixedfinal_20260706/08_final_audit_20260710_after_4seed_rerun/ISG_FORMAL_250_RAW_METRICS.tsv	
ISG-MDA	MDA	MDS	strict_cold	23	0.5511783829898809	0.5314484421966521	0.5281899109792285	0.513265306122449	0.056486138750066	0.4017991171060451	0.3822362064447845	2.150939265683052		0.0580283232320602	2.1509392731975026	PASS	formal_runs/isg_clean_fixedfinal_20260706/04_formal_runs/MDS/strict_cold/seed_23	formal_runs/isg_clean_fixedfinal_20260706/08_final_audit_20260710_after_4seed_rerun/ISG_FORMAL_250_RAW_METRICS.tsv	
ISG-MDA	MDA	MDS	strict_cold	24	0.5617367700321729	0.5456126640363976	0.5340236686390533	0.5337937839171188	0.0680473703687754	0.4112786129948968	0.397238500082805	2.436565917469434		0.0434668222387806	2.4365659005190494	PASS	formal_runs/isg_clean_fixedfinal_20260706/04_formal_runs/MDS/strict_cold/seed_24	formal_runs/isg_clean_fixedfinal_20260706/08_final_audit_20260710_after_4seed_rerun/ISG_FORMAL_250_RAW_METRICS.tsv	
ISG-MDA	MDA	MDS	scaffold_cold	0	0.4547697165868917	0.4505201112877993	0.4498567335243553	0.1777301927194861	-0.1337867315479442	0.4696526856163221	0.4519717103709579	2.228771000519325		0.2320209617877736	2.2287710168129395	PASS	formal_runs/isg_clean_fixedfinal_20260706/04_formal_runs/MDS/scaffold_cold/seed_0	formal_runs/isg_clean_fixedfinal_20260706/08_final_audit_20260710_after_4seed_rerun/ISG_FORMAL_250_RAW_METRICS.tsv	
ISG-MDA	MDA	MDS	scaffold_cold	1	0.4878811684804937	0.4787028898143371	0.4844934527911785	0.15	-0.0502726774429418	0.4464997509890656	0.4220430826064032	2.200080771738296		0.2297632853719482	2.200080773897782	PASS	formal_runs/isg_clean_fixedfinal_20260706/04_formal_runs/MDS/scaffold_cold/seed_1	formal_runs/isg_clean_fixedfinal_20260706/08_final_audit_20260710_after_4seed_rerun/ISG_FORMAL_250_RAW_METRICS.tsv	
ISG-MDA	MDA	MDS	scaffold_cold	2	0.6645910239120052	0.6624381339848998	0.5866551126516465	0.3764705882352941	0.2346564586444246	0.3474011767204814	0.3290597592109599	1.698046278334468		0.2452309716511995	1.6980462764846598	PASS	formal_runs/isg_clean_fixedfinal_20260706/04_formal_runs/MDS/scaffold_cold/seed_2	formal_runs/isg_clean_fixedfinal_20260706/08_final_audit_20260710_after_4seed_rerun/ISG_FORMAL_250_RAW_METRICS.tsv	
ISG-MDA	MDA	MDS	scaffold_cold	3	0.4387074829931973	0.4685299418753856	0.4523809523809524	0.2513020833333333	-0.1129094001573504	0.4613002536703551	0.4409853463261412	2.541385146940436		0.2503286906472453	2.541385156427111	PASS	formal_runs/isg_clean_fixedfinal_20260706/04_formal_runs/MDS/scaffold_cold/seed_3	formal_runs/isg_clean_fixedfinal_20260706/08_final_audit_20260710_after_4seed_rerun/ISG_FORMAL_250_RAW_METRICS.tsv	
ISG-MDA	MDA	MDS	scaffold_cold	4	0.7059572061457253	0.6481671976971215	0.6422330097087379	0.5852560495216658	0.2958523044315745	0.2591776841588605	0.1905678294904306	0.8785551829773854		0.233498317080274	0.8785551896373045	PASS	formal_runs/isg_clean_fixedfinal_20260706/04_formal_runs/MDS/scaffold_cold/seed_4	formal_runs/isg_clean_fixedfinal_20260706/08_final_audit_20260710_after_4seed_rerun/ISG_FORMAL_250_RAW_METRICS.tsv	
ISG-MDA	MDA	MDS	scaffold_cold	5	0.5213442201967593	0.5198513765570207	0.5173611111111112	0.3451118963486455	0.040827636042858	0.3976830564202538	0.3534808993801819	1.984115480022728		0.2433563216810407	1.984263704882728	PASS	formal_runs/isg_clean_fixedfinal_20260706/04_formal_runs/MDS/scaffold_cold/seed_5	formal_runs/isg_clean_fixedfinal_20260706/08_final_audit_20260710_after_4seed_rerun/ISG_FORMAL_250_RAW_METRICS.tsv	
ISG-MDA	MDA	MDS	scaffold_cold	6	0.5734359558561766	0.551702934591155	0.5135849056603774	0.2721626199887069	0.0363102531130109	0.3896248940862631	0.365566548578363	1.589750939701744		0.2378500100713723	1.5897509463103312	PASS	formal_runs/isg_clean_fixedfinal_20260706/04_formal_runs/MDS/scaffold_cold/seed_6	formal_runs/isg_clean_fixedfinal_20260706/08_final_audit_20260710_after_4seed_rerun/ISG_FORMAL_250_RAW_METRICS.tsv	
ISG-MDA	MDA	MDS	scaffold_cold	7	0.5667545940387153	0.5814408426746902	0.554520037278658	0.3979848866498741	0.127660125401706	0.3827933437710843	0.3410288390999296	2.113261608598085		0.2412756690949658	2.1132616216572	PASS	formal_runs/isg_clean_fixedfinal_20260706/04_formal_runs/MDS/scaffold_cold/seed_7	formal_runs/isg_clean_fixedfinal_20260706/08_final_audit_20260710_after_4seed_rerun/ISG_FORMAL_250_RAW_METRICS.tsv	
ISG-MDA	MDA	MDS	scaffold_cold	8	0.487796814974408	0.4929247603115425	0.4980506822612086	0.1889763779527559	-0.00602234824378	0.450432901554297	0.4309647752539577	2.3767688472489668		0.2376113963251435	2.376768902405283	PASS	formal_runs/isg_clean_fixedfinal_20260706/04_formal_runs/MDS/scaffold_cold/seed_8	formal_runs/isg_clean_fixedfinal_20260706/08_final_audit_20260710_after_4seed_rerun/ISG_FORMAL_250_RAW_METRICS.tsv	
ISG-MDA	MDA	MDS	scaffold_cold	9	0.6670232374982366	0.6298511085970675	0.5699100572363042	0.4344086021505376	0.1592968216916576	0.3179573814981949	0.2782182966892559	1.155772204081675		0.2629545396735979	1.1557722072423915	PASS	formal_runs/isg_clean_fixedfinal_20260706/04_formal_runs/MDS/scaffold_cold/seed_9	formal_runs/isg_clean_fixedfinal_20260706/08_final_audit_20260710_after_4seed_rerun/ISG_FORMAL_250_RAW_METRICS.tsv	
ISG-MDA	MDA	MDS	scaffold_cold	10	0.5443639358985457	0.5429346140231309	0.5226151315789473	0.3101604278074866	0.0574146830700934	0.3812845085460329	0.3497828076117725	2.078585495031745		0.2627574846948293	2.078644757208071	PASS	formal_runs/isg_clean_fixedfinal_20260706/04_formal_runs/MDS/scaffold_cold/seed_10	formal_runs/isg_clean_fixedfinal_20260706/08_final_audit_20260710_after_4seed_rerun/ISG_FORMAL_250_RAW_METRICS.tsv	
ISG-MDA	MDA	MDS	scaffold_cold	11	0.6088066604192698	0.570121020489985	0.5310374149659864	0.3237277743715512	0.0785748383716988	0.3717622517723739	0.3332357437690952	1.4287627882598648		0.2419362259378379	1.4287627893848485	PASS	formal_runs/isg_clean_fixedfinal_20260706/04_formal_runs/MDS/scaffold_cold/seed_11	formal_runs/isg_clean_fixedfinal_20260706/08_final_audit_20260710_after_4seed_rerun/ISG_FORMAL_250_RAW_METRICS.tsv	
ISG-MDA	MDA	MDS	scaffold_cold	12	0.6242918423336846	0.6190915788794593	0.593996062992126	0.5449531163816879	0.1925177280209141	0.3173948331246511	0.2555962373228622	1.1968242096668569		0.2560334717241356	1.1968242197524843	PASS	formal_runs/isg_clean_fixedfinal_20260706/04_formal_runs/MDS/scaffold_cold/seed_12	formal_runs/isg_clean_fixedfinal_20260706/08_final_audit_20260710_after_4seed_rerun/ISG_FORMAL_250_RAW_METRICS.tsv	
ISG-MDA	MDA	MDS	scaffold_cold	13	0.5898503099198732	0.554668592684349	0.5250578257517348	0.3170731707317073	0.0631899704749987	0.3732202214149246	0.3385954719638426	1.5313013651702168		0.2302127310593203	1.5313013781583025	PASS	formal_runs/isg_clean_fixedfinal_20260706/04_formal_runs/MDS/scaffold_cold/seed_13	formal_runs/isg_clean_fixedfinal_20260706/08_final_audit_20260710_after_4seed_rerun/ISG_FORMAL_250_RAW_METRICS.tsv	
ISG-MDA	MDA	MDS	scaffold_cold	14	0.666022746060337	0.6318772324781334	0.5486725663716814	0.3309037900874635	0.1282317797638666	0.3336342961980416	0.3109152918095869	1.2770668906869276		0.2533679267750065	1.277066890820641	PASS	formal_runs/isg_clean_fixedfinal_20260706/04_formal_runs/MDS/scaffold_cold/seed_14	formal_runs/isg_clean_fixedfinal_20260706/08_final_audit_20260710_after_4seed_rerun/ISG_FORMAL_250_RAW_METRICS.tsv	
ISG-MDA	MDA	MDS	scaffold_cold	15	0.5570165295903798	0.5234185010705169	0.4992526158445441	0.3279839518555667	-0.0017374102976502	0.3912677473875672	0.3632079751392623	1.4662151497507467		0.2603660335261034	1.4662151576781308	PASS	formal_runs/isg_clean_fixedfinal_20260706/04_formal_runs/MDS/scaffold_cold/seed_15	formal_runs/isg_clean_fixedfinal_20260706/08_final_audit_20260710_after_4seed_rerun/ISG_FORMAL_250_RAW_METRICS.tsv	
ISG-MDA	MDA	MDS	scaffold_cold	16	0.717208044390963	0.7100345174959576	0.6526586620926244	0.5754716981132075	0.3277551188393187	0.2684630193733888	0.2043355989644375	0.96959432240247		0.2458266444166991	0.9695943219788488	PASS	formal_runs/isg_clean_fixedfinal_20260706/04_formal_runs/MDS/scaffold_cold/seed_16	formal_runs/isg_clean_fixedfinal_20260706/08_final_audit_20260710_after_4seed_rerun/ISG_FORMAL_250_RAW_METRICS.tsv	
ISG-MDA	MDA	MDS	scaffold_cold	17	0.5252537074040641	0.5370159449097073	0.5137120470127327	0.1281826163301141	0.0587644253825886	0.4247363625638526	0.4015603017413178	1.9847383720186111		0.2533902385425189	1.9847383599848751	PASS	formal_runs/isg_clean_fixedfinal_20260706/04_formal_runs/MDS/scaffold_cold/seed_17	formal_runs/isg_clean_fixedfinal_20260706/08_final_audit_20260710_after_4seed_rerun/ISG_FORMAL_250_RAW_METRICS.tsv	
ISG-MDA	MDA	MDS	scaffold_cold	18	0.6117097850055283	0.600703398299534	0.5666917859834213	0.4815148782687105	0.1412239187022592	0.3284924458158011	0.2775350432833528	1.1859399423900905		0.2767103136201502	1.1859399427034485	PASS	formal_runs/isg_clean_fixedfinal_20260706/04_formal_runs/MDS/scaffold_cold/seed_18	formal_runs/isg_clean_fixedfinal_20260706/08_final_audit_20260710_after_4seed_rerun/ISG_FORMAL_250_RAW_METRICS.tsv	
ISG-MDA	MDA	MDS	scaffold_cold	19	0.7622200761092096	0.7169034585503452	0.6024146544546212	0.4463768115942029	0.2479828629749325	0.2673701372003221	0.2333849435151626	0.8093727879115488		0.2570804220699441	0.8093727961070929	PASS	formal_runs/isg_clean_fixedfinal_20260706/04_formal_runs/MDS/scaffold_cold/seed_19	formal_runs/isg_clean_fixedfinal_20260706/08_final_audit_20260710_after_4seed_rerun/ISG_FORMAL_250_RAW_METRICS.tsv	
ISG-MDA	MDA	MDS	scaffold_cold	20	0.6270053378606623	0.6061327128059324	0.5870307167235495	0.485653560042508	0.1893978161068598	0.3091361899250047	0.2399977115254278	1.380867349892012		0.2311409886797822	1.3838875845023797	PASS	formal_runs/isg_clean_fixedfinal_20260706/04_formal_runs/MDS/scaffold_cold/seed_20	formal_runs/isg_clean_fixedfinal_20260706/08_final_audit_20260710_after_4seed_rerun/ISG_FORMAL_250_RAW_METRICS.tsv	
ISG-MDA	MDA	MDS	scaffold_cold	21	0.6223441775164185	0.5643699320985482	0.50626204238921	0.21455938697318	0.0187054619583344	0.4153097423308926	0.4050976339430371	1.8370117924528389		0.2265737897816644	1.8370118208358743	PASS	formal_runs/isg_clean_fixedfinal_20260706/04_formal_runs/MDS/scaffold_cold/seed_21	formal_runs/isg_clean_fixedfinal_20260706/08_final_audit_20260710_after_4seed_rerun/ISG_FORMAL_250_RAW_METRICS.tsv	
ISG-MDA	MDA	MDS	scaffold_cold	22	0.5396646164739018	0.5114649257517383	0.5103550295857988	0.4028863499699338	0.0221980493845465	0.3674797782016818	0.3144617299873981	1.443324578922474		0.2474996388696207	1.4433245803477497	PASS	formal_runs/isg_clean_fixedfinal_20260706/04_formal_runs/MDS/scaffold_cold/seed_22	formal_runs/isg_clean_fixedfinal_20260706/08_final_audit_20260710_after_4seed_rerun/ISG_FORMAL_250_RAW_METRICS.tsv	
ISG-MDA	MDA	MDS	scaffold_cold	23	0.6402370147911435	0.6248641768226604	0.5636811832374692	0.3278481012658228	0.178767405108671	0.3642105514127837	0.3353979394982552	1.6727409459007367		0.2518911127322411	1.6727409369772148	PASS	formal_runs/isg_clean_fixedfinal_20260706/04_formal_runs/MDS/scaffold_cold/seed_23	formal_runs/isg_clean_fixedfinal_20260706/08_final_audit_20260710_after_4seed_rerun/ISG_FORMAL_250_RAW_METRICS.tsv	
ISG-MDA	MDA	MDS	scaffold_cold	24	0.6017820372741668	0.623827726252686	0.5689972401103955	0.5400098183603338	0.1391037210186643	0.3146539686162126	0.2481105057683333	1.1037656596116006		0.2349524451295284	1.1037656617142677	PASS	formal_runs/isg_clean_fixedfinal_20260706/04_formal_runs/MDS/scaffold_cold/seed_24	formal_runs/isg_clean_fixedfinal_20260706/08_final_audit_20260710_after_4seed_rerun/ISG_FORMAL_250_RAW_METRICS.tsv	
Bi-SGTAR	CDA	Dataset1	random	0	0.5166301814843585	0.4857200243306298	0.5084033613445378	0.502127659574468	0.0168120659784771	0.2492922319985288	0.0422818847313648	0.6910442809299061	0.2415718287229538			PASS	04_formal_runs/random/seed_0/predictions.tsv	formal_runs/bisgtar_masked_pairloss_fixedfinal_20260706/06_metrics/BISGTAR_FIXEDFINAL_E200_RAW_METRICS.tsv	
Bi-SGTAR	CDA	Dataset1	random	1	0.5686745286349834	0.5104511300147114	0.5546218487394958	0.5508474576271186	0.1092591295595148	0.2484771049413945	0.0642165539770567	0.6912245924755183	0.2357615828514099			PASS	04_formal_runs/random/seed_1/predictions.tsv	formal_runs/bisgtar_masked_pairloss_fixedfinal_20260706/06_metrics/BISGTAR_FIXEDFINAL_E200_RAW_METRICS.tsv	
Bi-SGTAR	CDA	Dataset1	random	2	0.5227031989266294	0.4968243799162273	0.5084033613445378	0.4978540772532189	0.0168215777563122	0.2509722902640214	0.0698172652921756	0.6952356385942013	0.2395361363887787			PASS	04_formal_runs/random/seed_2/predictions.tsv	formal_runs/bisgtar_masked_pairloss_fixedfinal_20260706/06_metrics/BISGTAR_FIXEDFINAL_E200_RAW_METRICS.tsv	
Bi-SGTAR	CDA	Dataset1	random	3	0.5261634065390862	0.4982504294565429	0.5252100840336135	0.5387755102040817	0.0505076272276105	0.2492102791285705	0.034941792550708	0.6910407666917022	0.2399046272039413			PASS	04_formal_runs/random/seed_3/predictions.tsv	formal_runs/bisgtar_masked_pairloss_fixedfinal_20260706/06_metrics/BISGTAR_FIXEDFINAL_E200_RAW_METRICS.tsv	
Bi-SGTAR	CDA	Dataset1	random	4	0.511016171174352	0.4797166497249319	0.5126050420168067	0.5206611570247934	0.02522433809315	0.2547079321205613	0.0493266424085913	0.7030090853005361	0.2419311702251434			PASS	04_formal_runs/random/seed_4/predictions.tsv	formal_runs/bisgtar_masked_pairloss_fixedfinal_20260706/06_metrics/BISGTAR_FIXEDFINAL_E200_RAW_METRICS.tsv	
Bi-SGTAR	CDA	Dataset1	random	5	0.5535626015111927	0.5280615531244364	0.5336134453781513	0.5194805194805194	0.0673435029701473	0.2459193643006136	0.0353968902295376	0.6847717496521318	0.2437580823898315			PASS	04_formal_runs/random/seed_5/predictions.tsv	formal_runs/bisgtar_masked_pairloss_fixedfinal_20260706/06_metrics/BISGTAR_FIXEDFINAL_E200_RAW_METRICS.tsv	
Bi-SGTAR	CDA	Dataset1	random	6	0.5901419391285926	0.5315338718630671	0.5672268907563025	0.5422222222222223	0.1352633329456488	0.2445662771994552	0.0614132253813142	0.6818211530361228	0.2340456247329712			PASS	04_formal_runs/random/seed_6/predictions.tsv	formal_runs/bisgtar_masked_pairloss_fixedfinal_20260706/06_metrics/BISGTAR_FIXEDFINAL_E200_RAW_METRICS.tsv	
Bi-SGTAR	CDA	Dataset1	random	7	0.5551867805945908	0.5086433500583257	0.5588235294117647	0.5414847161572053	0.1179849759310673	0.2509817946752979	0.051173239382876	0.6956350816869228	0.2357085943222046			PASS	04_formal_runs/random/seed_7/predictions.tsv	formal_runs/bisgtar_masked_pairloss_fixedfinal_20260706/06_metrics/BISGTAR_FIXEDFINAL_E200_RAW_METRICS.tsv	
Bi-SGTAR	CDA	Dataset1	random	8	0.555610479485912	0.5132277720032947	0.5126050420168067	0.4821428571428571	0.0253863804753896	0.2450402527067518	0.0733574147359663	0.6824261644590308	0.236619234085083			PASS	04_formal_runs/random/seed_8/predictions.tsv	formal_runs/bisgtar_masked_pairloss_fixedfinal_20260706/06_metrics/BISGTAR_FIXEDFINAL_E200_RAW_METRICS.tsv	
Bi-SGTAR	CDA	Dataset1	random	9	0.6204364098580609	0.5768579396108643	0.5756302521008403	0.5627705627705628	0.1515228816828316	0.2370834685413948	0.0701122465504318	0.665769525572389	0.2344555258750915			PASS	04_formal_runs/random/seed_9/predictions.tsv	formal_runs/bisgtar_masked_pairloss_fixedfinal_20260706/06_metrics/BISGTAR_FIXEDFINAL_E200_RAW_METRICS.tsv	
Bi-SGTAR	CDA	Dataset1	random	10	0.5252807005155004	0.4940034630656248	0.5336134453781513	0.5647058823529412	0.0679235610811324	0.2478306053601334	0.0812142306015271	0.6880700986790992	0.2383219599723816			PASS	04_formal_runs/random/seed_10/predictions.tsv	formal_runs/bisgtar_masked_pairloss_fixedfinal_20260706/06_metrics/BISGTAR_FIXEDFINAL_E200_RAW_METRICS.tsv	
Bi-SGTAR	CDA	Dataset1	random	11	0.5513734905726997	0.523864599714149	0.5168067226890757	0.5188284518828452	0.0336146322726407	0.2481450379899781	0.0620679227995271	0.6895522810014824	0.2348293513059616			PASS	04_formal_runs/random/seed_11/predictions.tsv	formal_runs/bisgtar_masked_pairloss_fixedfinal_20260706/06_metrics/BISGTAR_FIXEDFINAL_E200_RAW_METRICS.tsv	
Bi-SGTAR	CDA	Dataset1	random	12	0.532130499258527	0.4885746521897972	0.5630252100840336	0.5737704918032787	0.1262109485735013	0.2503402716429405	0.0721384642504844	0.6940684940442259	0.238581120967865			PASS	04_formal_runs/random/seed_12/predictions.tsv	formal_runs/bisgtar_masked_pairloss_fixedfinal_20260706/06_metrics/BISGTAR_FIXEDFINAL_E200_RAW_METRICS.tsv	
Bi-SGTAR	CDA	Dataset1	random	13	0.5169126474119059	0.4947571860864586	0.5042016806722689	0.5390625	0.0085011764316887	0.2519265593097137	0.0653498308623538	0.6975800572021738	0.2348250299692154			PASS	04_formal_runs/random/seed_13/predictions.tsv	formal_runs/bisgtar_masked_pairloss_fixedfinal_20260706/06_metrics/BISGTAR_FIXEDFINAL_E200_RAW_METRICS.tsv	
Bi-SGTAR	CDA	Dataset1	random	14	0.5607654826636537	0.5308622189610015	0.5252100840336135	0.5150214592274678	0.0504647332689366	0.2454255949185166	0.0615157506295613	0.6834852916704406	0.2405917644500732			PASS	04_formal_runs/random/seed_14/predictions.tsv	formal_runs/bisgtar_masked_pairloss_fixedfinal_20260706/06_metrics/BISGTAR_FIXEDFINAL_E200_RAW_METRICS.tsv	
Bi-SGTAR	CDA	Dataset1	random	15	0.4776145752418614	0.4564731881212471	0.4789915966386555	0.4833333333333333	-0.0420227421382749	0.2526256468105265	0.0844795399603723	0.6983184904301086	0.2441272884607315			PASS	04_formal_runs/random/seed_15/predictions.tsv	formal_runs/bisgtar_masked_pairloss_fixedfinal_20260706/06_metrics/BISGTAR_FIXEDFINAL_E200_RAW_METRICS.tsv	
Bi-SGTAR	CDA	Dataset1	random	16	0.6200833274486265	0.5875129538302446	0.5966386554621849	0.5789473684210527	0.1939633748128577	0.2408717705805212	0.066033157418255	0.676060709120855	0.2399172186851501			PASS	04_formal_runs/random/seed_16/predictions.tsv	formal_runs/bisgtar_masked_pairloss_fixedfinal_20260706/06_metrics/BISGTAR_FIXEDFINAL_E200_RAW_METRICS.tsv	
Bi-SGTAR	CDA	Dataset1	random	17	0.5768307322929171	0.5264556283384986	0.5504201680672269	0.5523012552301255	0.1008438968179221	0.2429351183092568	0.0662009677841883	0.6786776313290533	0.2407973259687423			PASS	04_formal_runs/random/seed_17/predictions.tsv	formal_runs/bisgtar_masked_pairloss_fixedfinal_20260706/06_metrics/BISGTAR_FIXEDFINAL_E200_RAW_METRICS.tsv	
Bi-SGTAR	CDA	Dataset1	random	18	0.5951204011016171	0.5684905791744607	0.5546218487394958	0.5655737704918032	0.1093828220970345	0.2410921716519603	0.0364220260697252	0.6742122502983956	0.2426210343837738			PASS	04_formal_runs/random/seed_18/predictions.tsv	formal_runs/bisgtar_masked_pairloss_fixedfinal_20260706/06_metrics/BISGTAR_FIXEDFINAL_E200_RAW_METRICS.tsv	
Bi-SGTAR	CDA	Dataset1	random	19	0.5402867029164607	0.5143309355977653	0.5294117647058824	0.4954954954954955	0.0593625493200581	0.2484285386140852	0.0321001092425915	0.6893913979776508	0.2410341203212738			PASS	04_formal_runs/random/seed_19/predictions.tsv	formal_runs/bisgtar_masked_pairloss_fixedfinal_20260706/06_metrics/BISGTAR_FIXEDFINAL_E200_RAW_METRICS.tsv	
Bi-SGTAR	CDA	Dataset1	random	20	0.583857072240661	0.542399915694922	0.5504201680672269	0.5286343612334802	0.1012739367083666	0.2434381639513465	0.0547974138450221	0.6789747715142816	0.234095960855484			PASS	04_formal_runs/random/seed_20/predictions.tsv	formal_runs/bisgtar_masked_pairloss_fixedfinal_20260706/06_metrics/BISGTAR_FIXEDFINAL_E200_RAW_METRICS.tsv	
Bi-SGTAR	CDA	Dataset1	random	21	0.5829037497351882	0.5514101957737578	0.5252100840336135	0.4886877828054298	0.0509426708108493	0.2411085958881459	0.0412332964669756	0.6743334740717392	0.2415568679571151			PASS	04_formal_runs/random/seed_21/predictions.tsv	formal_runs/bisgtar_masked_pairloss_fixedfinal_20260706/06_metrics/BISGTAR_FIXEDFINAL_E200_RAW_METRICS.tsv	
Bi-SGTAR	CDA	Dataset1	random	22	0.4766612527363886	0.4590700974652387	0.4957983193277311	0.5238095238095238	-0.0084621268251298	0.2510554044322494	0.0698073918954665	0.6947261337635652	0.2388687133789062			PASS	04_formal_runs/random/seed_22/predictions.tsv	formal_runs/bisgtar_masked_pairloss_fixedfinal_20260706/06_metrics/BISGTAR_FIXEDFINAL_E200_RAW_METRICS.tsv	
Bi-SGTAR	CDA	Dataset1	random	23	0.5402513946755173	0.5043963049981749	0.542016806722689	0.540084388185654	0.0840365806816017	0.2498827912654675	0.0490258204586365	0.6928874339569203	0.2435463219881057			PASS	04_formal_runs/random/seed_23/predictions.tsv	formal_runs/bisgtar_masked_pairloss_fixedfinal_20260706/06_metrics/BISGTAR_FIXEDFINAL_E200_RAW_METRICS.tsv	
Bi-SGTAR	CDA	Dataset1	random	24	0.5422639644092931	0.5223010372025669	0.5084033613445378	0.4890829694323144	0.016854996561581	0.2487196586127497	0.0501028609876873	0.6905295287578764	0.2396241426467895			PASS	04_formal_runs/random/seed_24/predictions.tsv	formal_runs/bisgtar_masked_pairloss_fixedfinal_20260706/06_metrics/BISGTAR_FIXEDFINAL_E200_RAW_METRICS.tsv	
Bi-SGTAR	CDA	Dataset1	circrna_cold	0	0.4783108302212008	0.5477634419244349	0.461864406779661	0.4773662551440329	-0.0764057447960416	0.2502605487691218	0.045801552549257	0.6936680729851501	0.2256752997636795			PASS	04_formal_runs/circrna_cold/seed_0/predictions.tsv	formal_runs/bisgtar_masked_pairloss_fixedfinal_20260706/06_metrics/BISGTAR_FIXEDFINAL_E200_RAW_METRICS.tsv	
Bi-SGTAR	CDA	Dataset1	circrna_cold	1	0.5243144132653061	0.534356986900267	0.5491071428571429	0.5429864253393665	0.098249537807045	0.2499354941599176	0.0412372587514775	0.6930189924981187	0.2220214754343032			PASS	04_formal_runs/circrna_cold/seed_1/predictions.tsv	formal_runs/bisgtar_masked_pairloss_fixedfinal_20260706/06_metrics/BISGTAR_FIXEDFINAL_E200_RAW_METRICS.tsv	
Bi-SGTAR	CDA	Dataset1	circrna_cold	2	0.4205909510618651	0.459995765389513	0.4473684210526316	0.4661016949152542	-0.105523308202879	0.2514131252211704	0.0603913228239929	0.6959742645186079	0.2248666733503341			PASS	04_formal_runs/circrna_cold/seed_2/predictions.tsv	formal_runs/bisgtar_masked_pairloss_fixedfinal_20260706/06_metrics/BISGTAR_FIXEDFINAL_E200_RAW_METRICS.tsv	
Bi-SGTAR	CDA	Dataset1	circrna_cold	3	0.5020478779747193	0.5351435720929757	0.5210084033613446	0.495575221238938	0.0422320796100722	0.2500715683047888	0.0129409364792478	0.6932902368731224	0.2224317044019699			PASS	04_formal_runs/circrna_cold/seed_3/predictions.tsv	formal_runs/bisgtar_masked_pairloss_fixedfinal_20260706/06_metrics/BISGTAR_FIXEDFINAL_E200_RAW_METRICS.tsv	
Bi-SGTAR	CDA	Dataset1	circrna_cold	4	0.5508599838753023	0.5925891303847298	0.5491803278688525	0.5564516129032258	0.0984135662610245	0.249132712761648	0.0419877183730485	0.6914113939807547	0.2245710492134094			PASS	04_formal_runs/circrna_cold/seed_4/predictions.tsv	formal_runs/bisgtar_masked_pairloss_fixedfinal_20260706/06_metrics/BISGTAR_FIXEDFINAL_E200_RAW_METRICS.tsv	
Bi-SGTAR	CDA	Dataset1	circrna_cold	5	0.5037199467460255	0.5236943334514045	0.5353982300884956	0.5606694560669456	0.0712696645099798	0.2501049204625648	0.0281473568319219	0.6933575117449348	0.221325471997261			PASS	04_formal_runs/circrna_cold/seed_5/predictions.tsv	formal_runs/bisgtar_masked_pairloss_fixedfinal_20260706/06_metrics/BISGTAR_FIXEDFINAL_E200_RAW_METRICS.tsv	
Bi-SGTAR	CDA	Dataset1	circrna_cold	6	0.5036684513186596	0.5016144963778362	0.532520325203252	0.5344129554655871	0.0650428000487437	0.2503329906508393	0.0259039930211818	0.6938140124908025	0.2255108207464218			PASS	04_formal_runs/circrna_cold/seed_6/predictions.tsv	formal_runs/bisgtar_masked_pairloss_fixedfinal_20260706/06_metrics/BISGTAR_FIXEDFINAL_E200_RAW_METRICS.tsv	
Bi-SGTAR	CDA	Dataset1	circrna_cold	7	0.5501605450700916	0.5494415806942359	0.5309734513274337	0.5309734513274337	0.0619469026548672	0.2492188104663605	0.0233084252186581	0.6915842454948316	0.2204922586679458			PASS	04_formal_runs/circrna_cold/seed_7/predictions.tsv	formal_runs/bisgtar_masked_pairloss_fixedfinal_20260706/06_metrics/BISGTAR_FIXEDFINAL_E200_RAW_METRICS.tsv	
Bi-SGTAR	CDA	Dataset1	circrna_cold	8	0.440736	0.4902850581187931	0.46	0.466403162055336	-0.0800230499580599	0.250885432402587	0.0470647599697113	0.6949183314209547	0.2220880836248397			PASS	04_formal_runs/circrna_cold/seed_8/predictions.tsv	formal_runs/bisgtar_masked_pairloss_fixedfinal_20260706/06_metrics/BISGTAR_FIXEDFINAL_E200_RAW_METRICS.tsv	
Bi-SGTAR	CDA	Dataset1	circrna_cold	9	0.5442443828870421	0.5478238654245147	0.5526315789473685	0.5714285714285714	0.105670493051452	0.2494414967001118	0.0455233607637254	0.6920297322639208	0.2257808297872543			PASS	04_formal_runs/circrna_cold/seed_9/predictions.tsv	formal_runs/bisgtar_masked_pairloss_fixedfinal_20260706/06_metrics/BISGTAR_FIXEDFINAL_E200_RAW_METRICS.tsv	
Bi-SGTAR	CDA	Dataset1	circrna_cold	10	0.4599313317262035	0.5040747940197638	0.4786324786324786	0.4786324786324786	-0.0427350427350427	0.2505273746375216	0.0289966958200829	0.6942020681139063	0.2262243330478668			PASS	04_formal_runs/circrna_cold/seed_10/predictions.tsv	formal_runs/bisgtar_masked_pairloss_fixedfinal_20260706/06_metrics/BISGTAR_FIXEDFINAL_E200_RAW_METRICS.tsv	
Bi-SGTAR	CDA	Dataset1	circrna_cold	11	0.5018360285290587	0.5066569494253699	0.4663865546218487	0.4773662551440329	-0.0672863110252489	0.2501461473594655	0.0408223372798006	0.6934403254529753	0.2242521792650222			PASS	04_formal_runs/circrna_cold/seed_11/predictions.tsv	formal_runs/bisgtar_masked_pairloss_fixedfinal_20260706/06_metrics/BISGTAR_FIXEDFINAL_E200_RAW_METRICS.tsv	
Bi-SGTAR	CDA	Dataset1	circrna_cold	12	0.5067186240257995	0.56623037195214	0.4959016393442623	0.5287356321839081	-0.0082774763834882	0.2498665505482104	0.0111974202951446	0.6928798884672577	0.2237481921911239			PASS	04_formal_runs/circrna_cold/seed_12/predictions.tsv	formal_runs/bisgtar_masked_pairloss_fixedfinal_20260706/06_metrics/BISGTAR_FIXEDFINAL_E200_RAW_METRICS.tsv	
Bi-SGTAR	CDA	Dataset1	circrna_cold	13	0.4880692709366118	0.5171216369355174	0.491869918699187	0.48559670781893	-0.0162650012158088	0.2502334132912362	0.0149977957087803	0.6936143049270647	0.2234964519739151			PASS	04_formal_runs/circrna_cold/seed_13/predictions.tsv	formal_runs/bisgtar_masked_pairloss_fixedfinal_20260706/06_metrics/BISGTAR_FIXEDFINAL_E200_RAW_METRICS.tsv	
Bi-SGTAR	CDA	Dataset1	circrna_cold	14	0.5153691106072058	0.5663762628065094	0.5158730158730159	0.5378787878787878	0.0318909915489959	0.2498496092766757	0.0085824343656736	0.6928463595288584	0.2239605337381363			PASS	04_formal_runs/circrna_cold/seed_14/predictions.tsv	formal_runs/bisgtar_masked_pairloss_fixedfinal_20260706/06_metrics/BISGTAR_FIXEDFINAL_E200_RAW_METRICS.tsv	
Bi-SGTAR	CDA	Dataset1	circrna_cold	15	0.4666319857312723	0.5076079946709977	0.4655172413793103	0.4959349593495935	-0.0694733474291874	0.250633931700549	0.0418421527178122	0.6944157331952286	0.2284184098243713			PASS	04_formal_runs/circrna_cold/seed_15/predictions.tsv	formal_runs/bisgtar_masked_pairloss_fixedfinal_20260706/06_metrics/BISGTAR_FIXEDFINAL_E200_RAW_METRICS.tsv	
Bi-SGTAR	CDA	Dataset1	circrna_cold	16	0.5277169691405974	0.5436058617084436	0.5126050420168067	0.532258064516129	0.025299570627764	0.2496231377091627	0.0046499707117802	0.6923932655567727	0.220678299665451			PASS	04_formal_runs/circrna_cold/seed_16/predictions.tsv	formal_runs/bisgtar_masked_pairloss_fixedfinal_20260706/06_metrics/BISGTAR_FIXEDFINAL_E200_RAW_METRICS.tsv	
Bi-SGTAR	CDA	Dataset1	circrna_cold	17	0.4622802734375	0.4780887711138831	0.48046875	0.5092250922509225	-0.0393335154916357	0.2508238579932824	0.0268212208757176	0.6947957022663103	0.2303742915391922			PASS	04_formal_runs/circrna_cold/seed_17/predictions.tsv	formal_runs/bisgtar_masked_pairloss_fixedfinal_20260706/06_metrics/BISGTAR_FIXEDFINAL_E200_RAW_METRICS.tsv	
Bi-SGTAR	CDA	Dataset1	circrna_cold	18	0.5278604005552251	0.5133569152806263	0.516260162601626	0.5258964143426295	0.0325472277452059	0.2499077455608699	0.0088917951031429	0.6929637011295873	0.2273025065660476			PASS	04_formal_runs/circrna_cold/seed_18/predictions.tsv	formal_runs/bisgtar_masked_pairloss_fixedfinal_20260706/06_metrics/BISGTAR_FIXEDFINAL_E200_RAW_METRICS.tsv	
Bi-SGTAR	CDA	Dataset1	circrna_cold	19	0.4763705103969754	0.5119841081377987	0.4521739130434782	0.4661016949152542	-0.0957826285221151	0.2503187817254396	0.0554194511278816	0.6937848963892137	0.2243480384349823			PASS	04_formal_runs/circrna_cold/seed_19/predictions.tsv	formal_runs/bisgtar_masked_pairloss_fixedfinal_20260706/06_metrics/BISGTAR_FIXEDFINAL_E200_RAW_METRICS.tsv	
Bi-SGTAR	CDA	Dataset1	circrna_cold	20	0.5274699907663897	0.5271501961631169	0.5219298245614035	0.5439330543933054	0.0440652649239231	0.2496957825518622	0.0143057098775579	0.6925388603277712	0.2239197045564651			PASS	04_formal_runs/circrna_cold/seed_20/predictions.tsv	formal_runs/bisgtar_masked_pairloss_fixedfinal_20260706/06_metrics/BISGTAR_FIXEDFINAL_E200_RAW_METRICS.tsv	
Bi-SGTAR	CDA	Dataset1	circrna_cold	21	0.5047607421875	0.5077206356156125	0.51171875	0.5387453874538746	0.0236001092949814	0.2505723927382496	0.004270252189599	0.6942952007767256	0.2273333072662353			PASS	04_formal_runs/circrna_cold/seed_21/predictions.tsv	formal_runs/bisgtar_masked_pairloss_fixedfinal_20260706/06_metrics/BISGTAR_FIXEDFINAL_E200_RAW_METRICS.tsv	
Bi-SGTAR	CDA	Dataset1	circrna_cold	22	0.5503029336734694	0.5960948766695284	0.5491071428571429	0.5627705627705628	0.0984066743133806	0.2492350291157494	0.0403213091194629	0.6916162013994064	0.2213406413793563			PASS	04_formal_runs/circrna_cold/seed_22/predictions.tsv	formal_runs/bisgtar_masked_pairloss_fixedfinal_20260706/06_metrics/BISGTAR_FIXEDFINAL_E200_RAW_METRICS.tsv	
Bi-SGTAR	CDA	Dataset1	circrna_cold	23	0.4355470279583366	0.4879157211202267	0.4513274336283185	0.4876033057851239	-0.0983358696458755	0.2511174592962752	0.0557273987647706	0.6953828321606178	0.2260743528604507			PASS	04_formal_runs/circrna_cold/seed_23/predictions.tsv	formal_runs/bisgtar_masked_pairloss_fixedfinal_20260706/06_metrics/BISGTAR_FIXEDFINAL_E200_RAW_METRICS.tsv	
Bi-SGTAR	CDA	Dataset1	circrna_cold	24	0.4509937845775562	0.4761788585078774	0.4297520661157025	0.4566929133858268	-0.1411919225678773	0.2506343222264634	0.0768881526367723	0.6944161793878821	0.227143719792366			PASS	04_formal_runs/circrna_cold/seed_24/predictions.tsv	formal_runs/bisgtar_masked_pairloss_fixedfinal_20260706/06_metrics/BISGTAR_FIXEDFINAL_E200_RAW_METRICS.tsv	
Bi-SGTAR	CDA	Dataset1	disease_cold	0	0.4793165280123433	0.5504306609232891	0.6187214611872146	0.7085514834205934	0.3015519002769958	0.2500483543122657	0.1170010734094331	0.6932439051889467	0.2468665391206741			PASS	04_formal_runs/disease_cold/seed_0/predictions.tsv	formal_runs/bisgtar_masked_pairloss_fixedfinal_20260706/06_metrics/BISGTAR_FIXEDFINAL_E200_RAW_METRICS.tsv	
Bi-SGTAR	CDA	Dataset1	disease_cold	1	0.506951449497829	0.5797750559439142	0.6622516556291391	0.7357512953367875	0.3905033352924957	0.2497897481878991	0.1602338504120213	0.6927265362349182	0.23550546169281			PASS	04_formal_runs/disease_cold/seed_1/predictions.tsv	formal_runs/bisgtar_masked_pairloss_fixedfinal_20260706/06_metrics/BISGTAR_FIXEDFINAL_E200_RAW_METRICS.tsv	
Bi-SGTAR	CDA	Dataset1	disease_cold	2	0.470534169550173	0.551458533994394	0.6360294117647058	0.7044776119402985	0.3069825970018189	0.2502699563014149	0.1336417522500542	0.6936871704318279	0.2345819771289825			PASS	04_formal_runs/disease_cold/seed_2/predictions.tsv	formal_runs/bisgtar_masked_pairloss_fixedfinal_20260706/06_metrics/BISGTAR_FIXEDFINAL_E200_RAW_METRICS.tsv	
Bi-SGTAR	CDA	Dataset1	disease_cold	3	0.51955	0.5642241092898418	0.67	0.736	0.3925981830489455	0.2500751713683324	0.1673652093112468	0.693297772496445	0.2278587222099304			PASS	04_formal_runs/disease_cold/seed_3/predictions.tsv	formal_runs/bisgtar_masked_pairloss_fixedfinal_20260706/06_metrics/BISGTAR_FIXEDFINAL_E200_RAW_METRICS.tsv	
Bi-SGTAR	CDA	Dataset1	disease_cold	4	0.4650524458386432	0.561522617049931	0.6683168316831684	0.7471698113207547	0.4306904031474189	0.2502292715072548	0.1660130484269397	0.693605808717857	0.2281035333871841			PASS	04_formal_runs/disease_cold/seed_4/predictions.tsv	formal_runs/bisgtar_masked_pairloss_fixedfinal_20260706/06_metrics/BISGTAR_FIXEDFINAL_E200_RAW_METRICS.tsv	
Bi-SGTAR	CDA	Dataset1	disease_cold	5	0.408203125	0.561445643361662	0.60546875	0.7038123167155426	0.2821238063731993	0.2504148027422316	0.1033089983975515	0.6939767005285655	0.2307623326778412			PASS	04_formal_runs/disease_cold/seed_5/predictions.tsv	formal_runs/bisgtar_masked_pairloss_fixedfinal_20260706/06_metrics/BISGTAR_FIXEDFINAL_E200_RAW_METRICS.tsv	
Bi-SGTAR	CDA	Dataset1	disease_cold	6	0.5628411376041368	0.5942147670124388	0.690677966101695	0.7491408934707904	0.4310416013535586	0.249672389985807	0.1880716164991006	0.692491911860274	0.230575680732727			PASS	04_formal_runs/disease_cold/seed_6/predictions.tsv	formal_runs/bisgtar_masked_pairloss_fixedfinal_20260706/06_metrics/BISGTAR_FIXEDFINAL_E200_RAW_METRICS.tsv	
Bi-SGTAR	CDA	Dataset1	disease_cold	7	0.5229881656804733	0.5937667857826217	0.676923076923077	0.7407407407407407	0.4065228849431547	0.2499042367542006	0.1745768819863979	0.6929556567331044	0.2313631027936935			PASS	04_formal_runs/disease_cold/seed_7/predictions.tsv	formal_runs/bisgtar_masked_pairloss_fixedfinal_20260706/06_metrics/BISGTAR_FIXEDFINAL_E200_RAW_METRICS.tsv	
Bi-SGTAR	CDA	Dataset1	disease_cold	8	0.4277181440443213	0.5386564045917102	0.631578947368421	0.7142857142857143	0.3227486121839514	0.2501242363586345	0.1291205777149452	0.6933955853363809	0.2205265611410141			PASS	04_formal_runs/disease_cold/seed_8/predictions.tsv	formal_runs/bisgtar_masked_pairloss_fixedfinal_20260706/06_metrics/BISGTAR_FIXEDFINAL_E200_RAW_METRICS.tsv	
Bi-SGTAR	CDA	Dataset1	disease_cold	9	0.4996371882086168	0.5842735446068456	0.638095238095238	0.7121212121212122	0.3220433589155053	0.249836575603366	0.1358720383473805	0.6928202329609832	0.2271987944841385			PASS	04_formal_runs/disease_cold/seed_9/predictions.tsv	formal_runs/bisgtar_masked_pairloss_fixedfinal_20260706/06_metrics/BISGTAR_FIXEDFINAL_E200_RAW_METRICS.tsv	
Bi-SGTAR	CDA	Dataset1	disease_cold	10	0.5342315027629713	0.5877669951863437	0.6818181818181818	0.7436619718309859	0.4151638716044166	0.2497886448733305	0.1795037611797972	0.6927244463504195	0.2339927703142166			PASS	04_formal_runs/disease_cold/seed_10/predictions.tsv	formal_runs/bisgtar_masked_pairloss_fixedfinal_20260706/06_metrics/BISGTAR_FIXEDFINAL_E200_RAW_METRICS.tsv	
Bi-SGTAR	CDA	Dataset1	disease_cold	11	0.5954040642722117	0.6396854416497004	0.717391304347826	0.7636363636363637	0.472455591261534	0.2495648068959498	0.2149866299460763	0.692276713822333	0.2284839451313018			PASS	04_formal_runs/disease_cold/seed_11/predictions.tsv	formal_runs/bisgtar_masked_pairloss_fixedfinal_20260706/06_metrics/BISGTAR_FIXEDFINAL_E200_RAW_METRICS.tsv	
Bi-SGTAR	CDA	Dataset1	disease_cold	12	0.4260181331747919	0.5541945072423275	0.6422413793103449	0.7278688524590164	0.366057079101847	0.2503331663935623	0.1400496305833603	0.6938135463570063	0.2308183014392852			PASS	04_formal_runs/disease_cold/seed_12/predictions.tsv	formal_runs/bisgtar_masked_pairloss_fixedfinal_20260706/06_metrics/BISGTAR_FIXEDFINAL_E200_RAW_METRICS.tsv	
Bi-SGTAR	CDA	Dataset1	disease_cold	13	0.4556508624752569	0.5633092850937471	0.6601941747572816	0.7388059701492538	0.4012176588288426	0.2505187419213805	0.1578894635138001	0.6941848289358094	0.2296643257141113			PASS	04_formal_runs/disease_cold/seed_13/predictions.tsv	formal_runs/bisgtar_masked_pairloss_fixedfinal_20260706/06_metrics/BISGTAR_FIXEDFINAL_E200_RAW_METRICS.tsv	
Bi-SGTAR	CDA	Dataset1	disease_cold	14	0.5529406721536351	0.6044745288019714	0.6898148148148148	0.7527675276752768	0.441115298229104	0.2492404474211446	0.1871097548692314	0.6916277233151001	0.2277843803167343			PASS	04_formal_runs/disease_cold/seed_14/predictions.tsv	formal_runs/bisgtar_masked_pairloss_fixedfinal_20260706/06_metrics/BISGTAR_FIXEDFINAL_E200_RAW_METRICS.tsv	
Bi-SGTAR	CDA	Dataset1	disease_cold	15	0.4223433908748594	0.5352507408888483	0.6083916083916084	0.6989247311827957	0.2713354417204931	0.2502262697136004	0.1065752944954625	0.6935997718398916	0.2328605204820633			PASS	04_formal_runs/disease_cold/seed_15/predictions.tsv	formal_runs/bisgtar_masked_pairloss_fixedfinal_20260706/06_metrics/BISGTAR_FIXEDFINAL_E200_RAW_METRICS.tsv	
Bi-SGTAR	CDA	Dataset1	disease_cold	16	0.5434271149887266	0.5996928989454658	0.7128712871287128	0.768	0.4838796820112308	0.2498101658582613	0.2104218705455855	0.6927674728661415	0.2253021001815796			PASS	04_formal_runs/disease_cold/seed_16/predictions.tsv	formal_runs/bisgtar_masked_pairloss_fixedfinal_20260706/06_metrics/BISGTAR_FIXEDFINAL_E200_RAW_METRICS.tsv	
Bi-SGTAR	CDA	Dataset1	disease_cold	17	0.475494384765625	0.5929541929844737	0.640625	0.7160493827160493	0.3319700011034929	0.2496159332736174	0.1383788520470261	0.6923787974262263	0.2289371490478515			PASS	04_formal_runs/disease_cold/seed_17/predictions.tsv	formal_runs/bisgtar_masked_pairloss_fixedfinal_20260706/06_metrics/BISGTAR_FIXEDFINAL_E200_RAW_METRICS.tsv	
Bi-SGTAR	CDA	Dataset1	disease_cold	18	0.4612392775321008	0.5683815998885404	0.6459854014598541	0.7252124645892352	0.3573708449459316	0.2503062232734874	0.1440790141150899	0.6937596782885377	0.2357281148433685			PASS	04_formal_runs/disease_cold/seed_18/predictions.tsv	formal_runs/bisgtar_masked_pairloss_fixedfinal_20260706/06_metrics/BISGTAR_FIXEDFINAL_E200_RAW_METRICS.tsv	
Bi-SGTAR	CDA	Dataset1	disease_cold	19	0.4651692708333333	0.5802037253707155	0.6458333333333334	0.7213114754098361	0.3469771179676268	0.2503702605272016	0.1435012196501096	0.6938877003683096	0.2282253205776214			PASS	04_formal_runs/disease_cold/seed_19/predictions.tsv	formal_runs/bisgtar_masked_pairloss_fixedfinal_20260706/06_metrics/BISGTAR_FIXEDFINAL_E200_RAW_METRICS.tsv	
Bi-SGTAR	CDA	Dataset1	disease_cold	20	0.5335957748545161	0.5959003699690966	0.6608391608391608	0.7282913165266106	0.3705823208008377	0.2496655469256726	0.1584222308405629	0.6924781885463636	0.2337295114994049			PASS	04_formal_runs/disease_cold/seed_20/predictions.tsv	formal_runs/bisgtar_masked_pairloss_fixedfinal_20260706/06_metrics/BISGTAR_FIXEDFINAL_E200_RAW_METRICS.tsv	
Bi-SGTAR	CDA	Dataset1	disease_cold	21	0.5605867346938775	0.6252016105619498	0.7023809523809523	0.75	0.4377722722309141	0.2496450412097586	0.1996256595566159	0.6924373360808169	0.2274145931005478			PASS	04_formal_runs/disease_cold/seed_21/predictions.tsv	formal_runs/bisgtar_masked_pairloss_fixedfinal_20260706/06_metrics/BISGTAR_FIXEDFINAL_E200_RAW_METRICS.tsv	
Bi-SGTAR	CDA	Dataset1	disease_cold	22	0.4651826816619078	0.56696572885429	0.6335877862595419	0.7090909090909091	0.3125872295899752	0.2503041775690787	0.1311172969241178	0.693755574357519	0.2326467484235763			PASS	04_formal_runs/disease_cold/seed_22/predictions.tsv	formal_runs/bisgtar_masked_pairloss_fixedfinal_20260706/06_metrics/BISGTAR_FIXEDFINAL_E200_RAW_METRICS.tsv	
Bi-SGTAR	CDA	Dataset1	disease_cold	23	0.5132461355529132	0.6015644202967659	0.6689655172413793	0.7303370786516854	0.3795258020519563	0.2498135109971169	0.1667541875921447	0.6927741194969278	0.2325780838727951			PASS	04_formal_runs/disease_cold/seed_23/predictions.tsv	formal_runs/bisgtar_masked_pairloss_fixedfinal_20260706/06_metrics/BISGTAR_FIXEDFINAL_E200_RAW_METRICS.tsv	
Bi-SGTAR	CDA	Dataset1	disease_cold	24	0.5381598920559959	0.5839724272253258	0.6590909090909091	0.7341772151898734	0.3856116599165258	0.2496200492674837	0.1571732883329515	0.6923870846954824	0.2374369949102401			PASS	04_formal_runs/disease_cold/seed_24/predictions.tsv	formal_runs/bisgtar_masked_pairloss_fixedfinal_20260706/06_metrics/BISGTAR_FIXEDFINAL_E200_RAW_METRICS.tsv	
Bi-SGTAR	CDA	Dataset1	strict_cold	0	0.5	0.5	0.5	0.6666666666666666	0.0	0.25	0.0	0.6931471805599454	0.2438660264015197			PASS	04_formal_runs/strict_cold/seed_0/predictions.tsv	formal_runs/bisgtar_masked_pairloss_fixedfinal_20260706/06_metrics/BISGTAR_FIXEDFINAL_E200_RAW_METRICS.tsv	
Bi-SGTAR	CDA	Dataset1	strict_cold	1	0.5	0.5	0.5	0.6666666666666666	0.0	0.25	0.0	0.6931471805599453	0.2403654903173446			PASS	04_formal_runs/strict_cold/seed_1/predictions.tsv	formal_runs/bisgtar_masked_pairloss_fixedfinal_20260706/06_metrics/BISGTAR_FIXEDFINAL_E200_RAW_METRICS.tsv	
Bi-SGTAR	CDA	Dataset1	strict_cold	2	0.5	0.5	0.5	0.6666666666666666	0.0	0.25	0.0	0.6931471805599454	0.2406534403562545			PASS	04_formal_runs/strict_cold/seed_2/predictions.tsv	formal_runs/bisgtar_masked_pairloss_fixedfinal_20260706/06_metrics/BISGTAR_FIXEDFINAL_E200_RAW_METRICS.tsv	
Bi-SGTAR	CDA	Dataset1	strict_cold	3	0.5	0.5	0.5	0.6666666666666666	0.0	0.25	0.0	0.6931471805599453	0.2293536812067031			PASS	04_formal_runs/strict_cold/seed_3/predictions.tsv	formal_runs/bisgtar_masked_pairloss_fixedfinal_20260706/06_metrics/BISGTAR_FIXEDFINAL_E200_RAW_METRICS.tsv	
Bi-SGTAR	CDA	Dataset1	strict_cold	4	0.5	0.5	0.5	0.6666666666666666	0.0	0.25	0.0	0.6931471805599451	0.2325329631567001			PASS	04_formal_runs/strict_cold/seed_4/predictions.tsv	formal_runs/bisgtar_masked_pairloss_fixedfinal_20260706/06_metrics/BISGTAR_FIXEDFINAL_E200_RAW_METRICS.tsv	
Bi-SGTAR	CDA	Dataset1	strict_cold	5	0.5	0.5	0.5	0.6666666666666666	0.0	0.25	0.0	0.6931471805599451	0.2328905761241912			PASS	04_formal_runs/strict_cold/seed_5/predictions.tsv	formal_runs/bisgtar_masked_pairloss_fixedfinal_20260706/06_metrics/BISGTAR_FIXEDFINAL_E200_RAW_METRICS.tsv	
Bi-SGTAR	CDA	Dataset1	strict_cold	6	0.5	0.5	0.5	0.6666666666666666	0.0	0.25	0.0	0.6931471805599454	0.2426076829433441			PASS	04_formal_runs/strict_cold/seed_6/predictions.tsv	formal_runs/bisgtar_masked_pairloss_fixedfinal_20260706/06_metrics/BISGTAR_FIXEDFINAL_E200_RAW_METRICS.tsv	
Bi-SGTAR	CDA	Dataset1	strict_cold	7	0.5	0.5	0.5	0.6666666666666666	0.0	0.25	0.0	0.6931471805599454	0.2425900846719741			PASS	04_formal_runs/strict_cold/seed_7/predictions.tsv	formal_runs/bisgtar_masked_pairloss_fixedfinal_20260706/06_metrics/BISGTAR_FIXEDFINAL_E200_RAW_METRICS.tsv	
Bi-SGTAR	CDA	Dataset1	strict_cold	8	0.5	0.5	0.5	0.6666666666666666	0.0	0.25	0.0	0.6931471805599454	0.2512651085853576			PASS	04_formal_runs/strict_cold/seed_8/predictions.tsv	formal_runs/bisgtar_masked_pairloss_fixedfinal_20260706/06_metrics/BISGTAR_FIXEDFINAL_E200_RAW_METRICS.tsv	
Bi-SGTAR	CDA	Dataset1	strict_cold	9	0.5	0.5	0.5	0.6666666666666666	0.0	0.25	0.0	0.6931471805599454	0.2449570894241333			PASS	04_formal_runs/strict_cold/seed_9/predictions.tsv	formal_runs/bisgtar_masked_pairloss_fixedfinal_20260706/06_metrics/BISGTAR_FIXEDFINAL_E200_RAW_METRICS.tsv	
Bi-SGTAR	CDA	Dataset1	strict_cold	10	0.5	0.5	0.5	0.6666666666666666	0.0	0.25	0.0	0.6931471805599454	0.2393568009138107			PASS	04_formal_runs/strict_cold/seed_10/predictions.tsv	formal_runs/bisgtar_masked_pairloss_fixedfinal_20260706/06_metrics/BISGTAR_FIXEDFINAL_E200_RAW_METRICS.tsv	
Bi-SGTAR	CDA	Dataset1	strict_cold	11	0.5	0.5	0.5	0.6666666666666666	0.0	0.25	0.0	0.6931471805599451	0.2362088561058044			PASS	04_formal_runs/strict_cold/seed_11/predictions.tsv	formal_runs/bisgtar_masked_pairloss_fixedfinal_20260706/06_metrics/BISGTAR_FIXEDFINAL_E200_RAW_METRICS.tsv	
Bi-SGTAR	CDA	Dataset1	strict_cold	12	0.5	0.5	0.5	0.6666666666666666	0.0	0.25	0.0	0.6931471805599454	0.2393415421247482			PASS	04_formal_runs/strict_cold/seed_12/predictions.tsv	formal_runs/bisgtar_masked_pairloss_fixedfinal_20260706/06_metrics/BISGTAR_FIXEDFINAL_E200_RAW_METRICS.tsv	
Bi-SGTAR	CDA	Dataset1	strict_cold	13	0.5	0.5	0.5	0.6666666666666666	0.0	0.25	0.0	0.6931471805599453	0.236287847161293			PASS	04_formal_runs/strict_cold/seed_13/predictions.tsv	formal_runs/bisgtar_masked_pairloss_fixedfinal_20260706/06_metrics/BISGTAR_FIXEDFINAL_E200_RAW_METRICS.tsv	
Bi-SGTAR	CDA	Dataset1	strict_cold	14	0.5	0.5	0.5	0.6666666666666666	0.0	0.25	0.0	0.6931471805599451	0.2361145913600921			PASS	04_formal_runs/strict_cold/seed_14/predictions.tsv	formal_runs/bisgtar_masked_pairloss_fixedfinal_20260706/06_metrics/BISGTAR_FIXEDFINAL_E200_RAW_METRICS.tsv	
Bi-SGTAR	CDA	Dataset1	strict_cold	15	0.5	0.5	0.5	0.6666666666666666	0.0	0.25	0.0	0.6931471805599451	0.235869362950325			PASS	04_formal_runs/strict_cold/seed_15/predictions.tsv	formal_runs/bisgtar_masked_pairloss_fixedfinal_20260706/06_metrics/BISGTAR_FIXEDFINAL_E200_RAW_METRICS.tsv	
Bi-SGTAR	CDA	Dataset1	strict_cold	16	0.5	0.5	0.5	0.6666666666666666	0.0	0.25	0.0	0.6931471805599451	0.2342426478862762			PASS	04_formal_runs/strict_cold/seed_16/predictions.tsv	formal_runs/bisgtar_masked_pairloss_fixedfinal_20260706/06_metrics/BISGTAR_FIXEDFINAL_E200_RAW_METRICS.tsv	
Bi-SGTAR	CDA	Dataset1	strict_cold	17	0.5	0.5	0.5	0.6666666666666666	0.0	0.25	0.0	0.6931471805599453	0.229137897491455			PASS	04_formal_runs/strict_cold/seed_17/predictions.tsv	formal_runs/bisgtar_masked_pairloss_fixedfinal_20260706/06_metrics/BISGTAR_FIXEDFINAL_E200_RAW_METRICS.tsv	
Bi-SGTAR	CDA	Dataset1	strict_cold	18	0.5	0.5	0.5	0.6666666666666666	0.0	0.25	0.0	0.6931471805599454	0.2494319230318069			PASS	04_formal_runs/strict_cold/seed_18/predictions.tsv	formal_runs/bisgtar_masked_pairloss_fixedfinal_20260706/06_metrics/BISGTAR_FIXEDFINAL_E200_RAW_METRICS.tsv	
Bi-SGTAR	CDA	Dataset1	strict_cold	19	0.5	0.5	0.5	0.6666666666666666	0.0	0.25	0.0	0.6931471805599452	0.2425307482481002			PASS	04_formal_runs/strict_cold/seed_19/predictions.tsv	formal_runs/bisgtar_masked_pairloss_fixedfinal_20260706/06_metrics/BISGTAR_FIXEDFINAL_E200_RAW_METRICS.tsv	
Bi-SGTAR	CDA	Dataset1	strict_cold	20	0.5	0.5	0.5	0.6666666666666666	0.0	0.25	0.0	0.6931471805599452	0.2433885037899017			PASS	04_formal_runs/strict_cold/seed_20/predictions.tsv	formal_runs/bisgtar_masked_pairloss_fixedfinal_20260706/06_metrics/BISGTAR_FIXEDFINAL_E200_RAW_METRICS.tsv	
Bi-SGTAR	CDA	Dataset1	strict_cold	21	0.5	0.5	0.5	0.6666666666666666	0.0	0.25	0.0	0.6931471805599453	0.2486337274312973			PASS	04_formal_runs/strict_cold/seed_21/predictions.tsv	formal_runs/bisgtar_masked_pairloss_fixedfinal_20260706/06_metrics/BISGTAR_FIXEDFINAL_E200_RAW_METRICS.tsv	
Bi-SGTAR	CDA	Dataset1	strict_cold	22	0.5	0.5	0.5	0.6666666666666666	0.0	0.25	0.0	0.6931471805599452	0.2396900653839111			PASS	04_formal_runs/strict_cold/seed_22/predictions.tsv	formal_runs/bisgtar_masked_pairloss_fixedfinal_20260706/06_metrics/BISGTAR_FIXEDFINAL_E200_RAW_METRICS.tsv	
Bi-SGTAR	CDA	Dataset1	strict_cold	23	0.5	0.5	0.5	0.6666666666666666	0.0	0.25	0.0	0.6931471805599451	0.2344180345535278			PASS	04_formal_runs/strict_cold/seed_23/predictions.tsv	formal_runs/bisgtar_masked_pairloss_fixedfinal_20260706/06_metrics/BISGTAR_FIXEDFINAL_E200_RAW_METRICS.tsv	
Bi-SGTAR	CDA	Dataset1	strict_cold	24	0.5	0.5	0.5	0.6666666666666666	0.0	0.25	0.0	0.6931471805599451	0.239409938454628			PASS	04_formal_runs/strict_cold/seed_24/predictions.tsv	formal_runs/bisgtar_masked_pairloss_fixedfinal_20260706/06_metrics/BISGTAR_FIXEDFINAL_E200_RAW_METRICS.tsv	
MSMCDA	CDA	CircR2Disease	random	0	0.935621301775148	0.8990674332552722	0.9	0.9044117647058824	0.8034302205918255	0.1061421465852179	0.1468536501607069	0.3716778006821639	0.3716778006821638			PASS	formal_runs/cda_msmcda_corrected_fullmetric_20260619/runs/random/seed_00	formal_runs/cda_msmcda_corrected_fullmetric_20260619/MSMCDA_CORRECTED_FULL100_RAW_METRICS.tsv	
MSMCDA	CDA	CircR2Disease	random	1	0.9525443786982248	0.9162506333659683	0.8923076923076924	0.8931297709923665	0.7847082549932461	0.0920454480890092	0.1455800167786387	0.3343752749664496	0.3343752749664496			PASS	formal_runs/cda_msmcda_corrected_fullmetric_20260619/runs/random/seed_01	formal_runs/cda_msmcda_corrected_fullmetric_20260619/MSMCDA_CORRECTED_FULL100_RAW_METRICS.tsv	
MSMCDA	CDA	CircR2Disease	random	2	0.9396449704142013	0.917935405258088	0.8615384615384616	0.8714285714285714	0.7317890075118315	0.1036837997862914	0.1174334071719875	0.356914676541513	0.356914676541513			PASS	formal_runs/cda_msmcda_corrected_fullmetric_20260619/runs/random/seed_02	formal_runs/cda_msmcda_corrected_fullmetric_20260619/MSMCDA_CORRECTED_FULL100_RAW_METRICS.tsv	
MSMCDA	CDA	CircR2Disease	random	3	0.9299408284023668	0.9219915677628862	0.7653846153846153	0.7214611872146118	0.5593144405486671	0.1394396460415037	0.1608867762610316	0.4322448890431904	0.4322448890431904			PASS	formal_runs/cda_msmcda_corrected_fullmetric_20260619/runs/random/seed_03	formal_runs/cda_msmcda_corrected_fullmetric_20260619/MSMCDA_CORRECTED_FULL100_RAW_METRICS.tsv	
MSMCDA	CDA	CircR2Disease	random	4	0.9042011834319528	0.825652829641059	0.8576923076923076	0.8673835125448028	0.7231498907947804	0.1223789367392139	0.1215721228876366	0.4127972700780694	0.4127972700780694			PASS	formal_runs/cda_msmcda_corrected_fullmetric_20260619/runs/random/seed_04	formal_runs/cda_msmcda_corrected_fullmetric_20260619/MSMCDA_CORRECTED_FULL100_RAW_METRICS.tsv	
MSMCDA	CDA	CircR2Disease	random	5	0.9437869822485208	0.9097691464434694	0.9153846153846154	0.917910447761194	0.8323467669267418	0.0914641611502592	0.1418309584976388	0.3369026995972077	0.3369026995972077			PASS	formal_runs/cda_msmcda_corrected_fullmetric_20260619/runs/random/seed_05	formal_runs/cda_msmcda_corrected_fullmetric_20260619/MSMCDA_CORRECTED_FULL100_RAW_METRICS.tsv	
MSMCDA	CDA	CircR2Disease	random	6	0.93301775147929	0.9281509682212338	0.8576923076923076	0.8614232209737828	0.7164239721111795	0.108661362433274	0.1020087014024074	0.3702180184264839	0.3702180184264839			PASS	formal_runs/cda_msmcda_corrected_fullmetric_20260619/runs/random/seed_06	formal_runs/cda_msmcda_corrected_fullmetric_20260619/MSMCDA_CORRECTED_FULL100_RAW_METRICS.tsv	
MSMCDA	CDA	CircR2Disease	random	7	0.9185798816568048	0.8876722080251941	0.8923076923076924	0.8955223880597015	0.7861052798752562	0.1070096409564701	0.1424637562237106	0.3788716069800866	0.3788716069800866			PASS	formal_runs/cda_msmcda_corrected_fullmetric_20260619/runs/random/seed_07	formal_runs/cda_msmcda_corrected_fullmetric_20260619/MSMCDA_CORRECTED_FULL100_RAW_METRICS.tsv	
MSMCDA	CDA	CircR2Disease	random	8	0.8698816568047338	0.8429903328973147	0.8	0.803030303030303	0.6002842255014931	0.1461442252206047	0.0829807023589428	0.4582273389491643	0.4582273389491643			PASS	formal_runs/cda_msmcda_corrected_fullmetric_20260619/runs/random/seed_08	formal_runs/cda_msmcda_corrected_fullmetric_20260619/MSMCDA_CORRECTED_FULL100_RAW_METRICS.tsv	
MSMCDA	CDA	CircR2Disease	random	9	0.9514201183431952	0.923856596702024	0.8769230769230769	0.8823529411764706	0.7570784770961432	0.1009566802663246	0.1388272113095109	0.3579426607722806	0.3579426607722806			PASS	formal_runs/cda_msmcda_corrected_fullmetric_20260619/runs/random/seed_09	formal_runs/cda_msmcda_corrected_fullmetric_20260619/MSMCDA_CORRECTED_FULL100_RAW_METRICS.tsv	
MSMCDA	CDA	CircR2Disease	random	10	0.9302958579881656	0.9031593729498084	0.8807692307692307	0.8847583643122676	0.7633700367119739	0.106125969300265	0.1061997070478705	0.3672808183110667	0.3672808183110667			PASS	formal_runs/cda_msmcda_corrected_fullmetric_20260619/runs/random/seed_10	formal_runs/cda_msmcda_corrected_fullmetric_20260619/MSMCDA_CORRECTED_FULL100_RAW_METRICS.tsv	
MSMCDA	CDA	CircR2Disease	random	11	0.9308875739644972	0.9295220974365868	0.8384615384615385	0.8173913043478261	0.6957010852370434	0.1407102385151151	0.1525310921912583	0.4474753845591522	0.4474753845591522			PASS	formal_runs/cda_msmcda_corrected_fullmetric_20260619/runs/random/seed_11	formal_runs/cda_msmcda_corrected_fullmetric_20260619/MSMCDA_CORRECTED_FULL100_RAW_METRICS.tsv	
MSMCDA	CDA	CircR2Disease	random	12	0.9268047337278108	0.9076036116315318	0.8576923076923076	0.8582375478927203	0.7154057815492542	0.1113841418934377	0.1109029256738722	0.3817375367521451	0.3817375367521451			PASS	formal_runs/cda_msmcda_corrected_fullmetric_20260619/runs/random/seed_12	formal_runs/cda_msmcda_corrected_fullmetric_20260619/MSMCDA_CORRECTED_FULL100_RAW_METRICS.tsv	
MSMCDA	CDA	CircR2Disease	random	13	0.9532544378698224	0.9568065645088902	0.8846153846153846	0.8863636363636364	0.7695951608993501	0.0959747686027192	0.1084183229034981	0.3387799582660825	0.3387799582660825			PASS	formal_runs/cda_msmcda_corrected_fullmetric_20260619/runs/random/seed_13	formal_runs/cda_msmcda_corrected_fullmetric_20260619/MSMCDA_CORRECTED_FULL100_RAW_METRICS.tsv	
MSMCDA	CDA	CircR2Disease	random	14	0.9194674556213016	0.9096897686858232	0.8423076923076923	0.8379446640316206	0.6856100378268276	0.1229036972580403	0.1004712974151166	0.3973582445880215	0.3973582445880215			PASS	formal_runs/cda_msmcda_corrected_fullmetric_20260619/runs/random/seed_14	formal_runs/cda_msmcda_corrected_fullmetric_20260619/MSMCDA_CORRECTED_FULL100_RAW_METRICS.tsv	
MSMCDA	CDA	CircR2Disease	random	15	0.9550295857988166	0.926324269977266	0.8923076923076924	0.8962962962962963	0.7869470848066688	0.0949200803668514	0.1704901137031041	0.3436358914481924	0.3436358914481924			PASS	formal_runs/cda_msmcda_corrected_fullmetric_20260619/runs/random/seed_15	formal_runs/cda_msmcda_corrected_fullmetric_20260619/MSMCDA_CORRECTED_FULL100_RAW_METRICS.tsv	
MSMCDA	CDA	CircR2Disease	random	16	0.9446153846153844	0.9214238304476564	0.8692307692307693	0.8794326241134752	0.7492686492653551	0.1082609749099356	0.1472303393655098	0.3756993812435257	0.3756993812435256			PASS	formal_runs/cda_msmcda_corrected_fullmetric_20260619/runs/random/seed_16	formal_runs/cda_msmcda_corrected_fullmetric_20260619/MSMCDA_CORRECTED_FULL100_RAW_METRICS.tsv	
MSMCDA	CDA	CircR2Disease	random	17	0.9096449704142012	0.8926319942616618	0.8576923076923076	0.8582375478927203	0.7154057815492542	0.1281097311611488	0.115888661903759	0.428206014628231	0.428206014628231			PASS	formal_runs/cda_msmcda_corrected_fullmetric_20260619/runs/random/seed_17	formal_runs/cda_msmcda_corrected_fullmetric_20260619/MSMCDA_CORRECTED_FULL100_RAW_METRICS.tsv	
MSMCDA	CDA	CircR2Disease	random	18	0.9610650887573964	0.9445248794096576	0.9076923076923076	0.9111111111111112	0.8178077547990872	0.0928430703367722	0.1590609569818927	0.3408400529268207	0.3408400529268207			PASS	formal_runs/cda_msmcda_corrected_fullmetric_20260619/runs/random/seed_18	formal_runs/cda_msmcda_corrected_fullmetric_20260619/MSMCDA_CORRECTED_FULL100_RAW_METRICS.tsv	
MSMCDA	CDA	CircR2Disease	random	19	0.9426627218934912	0.8905094419807749	0.9192307692307692	0.9195402298850576	0.8384863461168678	0.1125798225310291	0.1931881787971808	0.390042935028438	0.390042935028438			PASS	formal_runs/cda_msmcda_corrected_fullmetric_20260619/runs/random/seed_19	formal_runs/cda_msmcda_corrected_fullmetric_20260619/MSMCDA_CORRECTED_FULL100_RAW_METRICS.tsv	
MSMCDA	CDA	CircR2Disease	random	20	0.94792899408284	0.9338171120932144	0.9115384615384616	0.9111969111969112	0.8231012755459161	0.0912055292130655	0.1463026447794758	0.3360071020293473	0.3360071020293473			PASS	formal_runs/cda_msmcda_corrected_fullmetric_20260619/runs/random/seed_20	formal_runs/cda_msmcda_corrected_fullmetric_20260619/MSMCDA_CORRECTED_FULL100_RAW_METRICS.tsv	
MSMCDA	CDA	CircR2Disease	random	21	0.8918934911242603	0.8773245539626968	0.7961538461538461	0.7725321888412017	0.6055113478143513	0.1510660391445729	0.1074504861966348	0.4669298136211393	0.4669298136211393			PASS	formal_runs/cda_msmcda_corrected_fullmetric_20260619/runs/random/seed_21	formal_runs/cda_msmcda_corrected_fullmetric_20260619/MSMCDA_CORRECTED_FULL100_RAW_METRICS.tsv	
MSMCDA	CDA	CircR2Disease	random	22	0.9480473372781066	0.9555421281275044	0.9	0.8992248062015504	0.8000946913656628	0.0902853171350202	0.1498305245087697	0.3312922770607923	0.3312922770607923			PASS	formal_runs/cda_msmcda_corrected_fullmetric_20260619/runs/random/seed_22	formal_runs/cda_msmcda_corrected_fullmetric_20260619/MSMCDA_CORRECTED_FULL100_RAW_METRICS.tsv	
MSMCDA	CDA	CircR2Disease	random	23	0.90905325443787	0.8671384592870934	0.8461538461538461	0.8449612403100775	0.6923896367587467	0.1264044228674819	0.1313356487438655	0.4126083364108445	0.4126083364108445			PASS	formal_runs/cda_msmcda_corrected_fullmetric_20260619/runs/random/seed_23	formal_runs/cda_msmcda_corrected_fullmetric_20260619/MSMCDA_CORRECTED_FULL100_RAW_METRICS.tsv	
MSMCDA	CDA	CircR2Disease	random	24	0.922189349112426	0.8661799165767128	0.8769230769230769	0.8823529411764706	0.7570784770961432	0.1095208616297765	0.139980979120502	0.3793794650328104	0.3793794650328104			PASS	formal_runs/cda_msmcda_corrected_fullmetric_20260619/runs/random/seed_24	formal_runs/cda_msmcda_corrected_fullmetric_20260619/MSMCDA_CORRECTED_FULL100_RAW_METRICS.tsv	
MSMCDA	CDA	CircR2Disease	circRNA_cold	0	0.9457490822213158	0.9064770947019716	0.916030534351145	0.9197080291970804	0.8355741551606322	0.102555704276508	0.1668123857523421	0.3640834995424254	0.3640834995424254			PASS	formal_runs/cda_msmcda_corrected_fullmetric_20260619/runs/circRNA_cold/seed_00	formal_runs/cda_msmcda_corrected_fullmetric_20260619/MSMCDA_CORRECTED_FULL100_RAW_METRICS.tsv	
MSMCDA	CDA	CircR2Disease	circRNA_cold	1	0.97283935546875	0.9440105277996756	0.92578125	0.9309090909090908	0.861101967620244	0.0808796682392596	0.1691979186653043	0.3082110074148177	0.3082110074148177			PASS	formal_runs/cda_msmcda_corrected_fullmetric_20260619/runs/circRNA_cold/seed_01	formal_runs/cda_msmcda_corrected_fullmetric_20260619/MSMCDA_CORRECTED_FULL100_RAW_METRICS.tsv	
MSMCDA	CDA	CircR2Disease	circRNA_cold	2	0.9061038093116508	0.9051672898907016	0.8544776119402985	0.8550185873605948	0.7089749661627712	0.1202020310548641	0.1115551320696944	0.4039982200447986	0.4039982200447986			PASS	formal_runs/cda_msmcda_corrected_fullmetric_20260619/runs/circRNA_cold/seed_02	formal_runs/cda_msmcda_corrected_fullmetric_20260619/MSMCDA_CORRECTED_FULL100_RAW_METRICS.tsv	
MSMCDA	CDA	CircR2Disease	circRNA_cold	3	0.9171058342116684	0.8658616246493489	0.8700787401574803	0.8764044943820225	0.7440659145620316	0.1165843607404269	0.1194430141614412	0.391457688205507	0.391457688205507			PASS	formal_runs/cda_msmcda_corrected_fullmetric_20260619/runs/circRNA_cold/seed_03	formal_runs/cda_msmcda_corrected_fullmetric_20260619/MSMCDA_CORRECTED_FULL100_RAW_METRICS.tsv	
MSMCDA	CDA	CircR2Disease	circRNA_cold	4	0.8949654711517041	0.8809944634783664	0.8246268656716418	0.8290909090909091	0.6501414204958249	0.1324180817331963	0.0771920151813928	0.4253766848503109	0.4253766848503109			PASS	formal_runs/cda_msmcda_corrected_fullmetric_20260619/runs/circRNA_cold/seed_04	formal_runs/cda_msmcda_corrected_fullmetric_20260619/MSMCDA_CORRECTED_FULL100_RAW_METRICS.tsv	
MSMCDA	CDA	CircR2Disease	circRNA_cold	5	0.962496	0.9564186905183426	0.892	0.898876404494382	0.7913525857487984	0.0944471382987134	0.1632334896326065	0.3400280609177369	0.3400280609177369			PASS	formal_runs/cda_msmcda_corrected_fullmetric_20260619/runs/circRNA_cold/seed_05	formal_runs/cda_msmcda_corrected_fullmetric_20260619/MSMCDA_CORRECTED_FULL100_RAW_METRICS.tsv	
MSMCDA	CDA	CircR2Disease	circRNA_cold	6	0.9012958025916052	0.8380492860016174	0.8503937007874016	0.8602941176470589	0.7079339769071699	0.1277895080491727	0.1310182205276695	0.4235973826129186	0.4235973826129186			PASS	formal_runs/cda_msmcda_corrected_fullmetric_20260619/runs/circRNA_cold/seed_06	formal_runs/cda_msmcda_corrected_fullmetric_20260619/MSMCDA_CORRECTED_FULL100_RAW_METRICS.tsv	
MSMCDA	CDA	CircR2Disease	circRNA_cold	7	0.974375	0.9655350169007454	0.9208333333333332	0.924901185770751	0.8466495160297826	0.0804879783297626	0.1529451011524846	0.302950821831755	0.302950821831755			PASS	formal_runs/cda_msmcda_corrected_fullmetric_20260619/runs/circRNA_cold/seed_07	formal_runs/cda_msmcda_corrected_fullmetric_20260619/MSMCDA_CORRECTED_FULL100_RAW_METRICS.tsv	
MSMCDA	CDA	CircR2Disease	circRNA_cold	8	0.7730609006149575	0.6847677332390972	0.8098591549295775	0.8111888111888111	0.6197797868009122	0.1845295373982869	0.1934494289709849	0.7602248683478322	0.7602248683478322			PASS	formal_runs/cda_msmcda_corrected_fullmetric_20260619/runs/circRNA_cold/seed_08	formal_runs/cda_msmcda_corrected_fullmetric_20260619/MSMCDA_CORRECTED_FULL100_RAW_METRICS.tsv	
MSMCDA	CDA	CircR2Disease	circRNA_cold	9	0.976997953995908	0.9571853533892346	0.9251968503937008	0.9283018867924528	0.8536015945152168	0.0737956729807914	0.1412425727224138	0.284873936679304	0.284873936679304			PASS	formal_runs/cda_msmcda_corrected_fullmetric_20260619/runs/circRNA_cold/seed_09	formal_runs/cda_msmcda_corrected_fullmetric_20260619/MSMCDA_CORRECTED_FULL100_RAW_METRICS.tsv	
MSMCDA	CDA	CircR2Disease	circRNA_cold	10	0.9626480221718318	0.9638222798990572	0.9126984126984128	0.9166666666666666	0.8291657802738958	0.0867475429895759	0.1323427000777825	0.3211589625236657	0.3211589625236657			PASS	formal_runs/cda_msmcda_corrected_fullmetric_20260619/runs/circRNA_cold/seed_10	formal_runs/cda_msmcda_corrected_fullmetric_20260619/MSMCDA_CORRECTED_FULL100_RAW_METRICS.tsv	
MSMCDA	CDA	CircR2Disease	circRNA_cold	11	0.944832	0.9053499728285443	0.904	0.9104477611940298	0.816509921394211	0.0986478191996659	0.1432051007375121	0.3465523328214332	0.3465523328214332			PASS	formal_runs/cda_msmcda_corrected_fullmetric_20260619/runs/circRNA_cold/seed_11	formal_runs/cda_msmcda_corrected_fullmetric_20260619/MSMCDA_CORRECTED_FULL100_RAW_METRICS.tsv	
MSMCDA	CDA	CircR2Disease	circRNA_cold	12	0.9533038501560874	0.9089506256699168	0.9112903225806452	0.916030534351145	0.8278740810480458	0.0887366220414457	0.1486641221319235	0.3275356821652896	0.3275356821652896			PASS	formal_runs/cda_msmcda_corrected_fullmetric_20260619/runs/circRNA_cold/seed_12	formal_runs/cda_msmcda_corrected_fullmetric_20260619/MSMCDA_CORRECTED_FULL100_RAW_METRICS.tsv	
MSMCDA	CDA	CircR2Disease	circRNA_cold	13	0.8517643352236925	0.7994127902676876	0.8442028985507246	0.8458781362007168	0.6885685215564111	0.1401887194433586	0.1794226981928923	0.5094847699694348	0.5094847699694348			PASS	formal_runs/cda_msmcda_corrected_fullmetric_20260619/runs/circRNA_cold/seed_13	formal_runs/cda_msmcda_corrected_fullmetric_20260619/MSMCDA_CORRECTED_FULL100_RAW_METRICS.tsv	
MSMCDA	CDA	CircR2Disease	circRNA_cold	14	0.9482002283516616	0.930126358762961	0.8604651162790697	0.8741258741258742	0.7385373018896195	0.1094503964871503	0.1440523788766112	0.3693650531252953	0.3693650531252953			PASS	formal_runs/cda_msmcda_corrected_fullmetric_20260619/runs/circRNA_cold/seed_14	formal_runs/cda_msmcda_corrected_fullmetric_20260619/MSMCDA_CORRECTED_FULL100_RAW_METRICS.tsv	
MSMCDA	CDA	CircR2Disease	circRNA_cold	15	0.91782188615837	0.8799741590375331	0.8768115942028986	0.8811188811188811	0.7556096518348253	0.1061152981869546	0.1422813266745188	0.3811326219909228	0.3811326219909228			PASS	formal_runs/cda_msmcda_corrected_fullmetric_20260619/runs/circRNA_cold/seed_15	formal_runs/cda_msmcda_corrected_fullmetric_20260619/MSMCDA_CORRECTED_FULL100_RAW_METRICS.tsv	
MSMCDA	CDA	CircR2Disease	circRNA_cold	16	0.886432350718065	0.8146036736606903	0.8373015873015873	0.8540925266903915	0.6932138155579985	0.1333825553304752	0.106662566751419	0.4364243884091052	0.4364243884091052			PASS	formal_runs/cda_msmcda_corrected_fullmetric_20260619/runs/circRNA_cold/seed_16	formal_runs/cda_msmcda_corrected_fullmetric_20260619/MSMCDA_CORRECTED_FULL100_RAW_METRICS.tsv	
MSMCDA	CDA	CircR2Disease	circRNA_cold	17	0.92032	0.8568352952671754	0.892	0.8973384030418251	0.7882745788075389	0.1053582872502493	0.1305319237932563	0.3722021222924729	0.3722021222924729			PASS	formal_runs/cda_msmcda_corrected_fullmetric_20260619/runs/circRNA_cold/seed_17	formal_runs/cda_msmcda_corrected_fullmetric_20260619/MSMCDA_CORRECTED_FULL100_RAW_METRICS.tsv	
MSMCDA	CDA	CircR2Disease	circRNA_cold	18	0.9669016957053784	0.9182100825340463	0.9198473282442748	0.924187725631769	0.8452540544873491	0.0821949118155664	0.1565910260413439	0.3149989675072039	0.3149989675072039			PASS	formal_runs/cda_msmcda_corrected_fullmetric_20260619/runs/circRNA_cold/seed_18	formal_runs/cda_msmcda_corrected_fullmetric_20260619/MSMCDA_CORRECTED_FULL100_RAW_METRICS.tsv	
MSMCDA	CDA	CircR2Disease	circRNA_cold	19	0.8804889090086011	0.8384904353378364	0.8900709219858156	0.8904593639575972	0.7801614649986328	0.1235554675478741	0.1633856933537527	0.4345166159712426	0.4345166159712426			PASS	formal_runs/cda_msmcda_corrected_fullmetric_20260619/runs/circRNA_cold/seed_19	formal_runs/cda_msmcda_corrected_fullmetric_20260619/MSMCDA_CORRECTED_FULL100_RAW_METRICS.tsv	
MSMCDA	CDA	CircR2Disease	circRNA_cold	20	0.9254612180122992	0.9429538215410752	0.8908450704225352	0.89198606271777	0.7818646490581266	0.1081800315809996	0.1592570368305478	0.3874773237218449	0.387477323721845			PASS	formal_runs/cda_msmcda_corrected_fullmetric_20260619/runs/circRNA_cold/seed_20	formal_runs/cda_msmcda_corrected_fullmetric_20260619/MSMCDA_CORRECTED_FULL100_RAW_METRICS.tsv	
MSMCDA	CDA	CircR2Disease	circRNA_cold	21	0.8934217868435737	0.8161922263065098	0.8543307086614174	0.8603773584905661	0.7113346620960139	0.136899059851762	0.1486386257759112	0.4393237097853181	0.4393237097853181			PASS	formal_runs/cda_msmcda_corrected_fullmetric_20260619/runs/circRNA_cold/seed_21	formal_runs/cda_msmcda_corrected_fullmetric_20260619/MSMCDA_CORRECTED_FULL100_RAW_METRICS.tsv	
MSMCDA	CDA	CircR2Disease	circRNA_cold	22	0.987968	0.9897582760246818	0.932	0.933852140077821	0.8653579467266825	0.0706029018673645	0.181364422366023	0.2826002157729674	0.2826002157729674			PASS	formal_runs/cda_msmcda_corrected_fullmetric_20260619/runs/circRNA_cold/seed_22	formal_runs/cda_msmcda_corrected_fullmetric_20260619/MSMCDA_CORRECTED_FULL100_RAW_METRICS.tsv	
MSMCDA	CDA	CircR2Disease	circRNA_cold	23	0.9229224058769512	0.89170821549304	0.8371212121212122	0.8571428571428571	0.7024005641198362	0.1235504705728611	0.1502022828878552	0.4064060037725389	0.4064060037725389			PASS	formal_runs/cda_msmcda_corrected_fullmetric_20260619/runs/circRNA_cold/seed_23	formal_runs/cda_msmcda_corrected_fullmetric_20260619/MSMCDA_CORRECTED_FULL100_RAW_METRICS.tsv	
MSMCDA	CDA	CircR2Disease	circRNA_cold	24	0.8973836023541754	0.917378100998162	0.8702290076335878	0.8721804511278195	0.740803438583074	0.1196475147306981	0.1548717263570581	0.4470522642858569	0.4470522642858569			PASS	formal_runs/cda_msmcda_corrected_fullmetric_20260619/runs/circRNA_cold/seed_24	formal_runs/cda_msmcda_corrected_fullmetric_20260619/MSMCDA_CORRECTED_FULL100_RAW_METRICS.tsv	
MSMCDA	CDA	CircR2Disease	disease_cold	0	0.7703729583369726	0.8032739745739579	0.7149532710280374	0.6303030303030303	0.483594703560857	0.2212097372559278	0.2184089326125512	0.6847167507991823	0.6847167507991823			PASS	formal_runs/cda_msmcda_corrected_fullmetric_20260619/runs/disease_cold/seed_00	formal_runs/cda_msmcda_corrected_fullmetric_20260619/MSMCDA_CORRECTED_FULL100_RAW_METRICS.tsv	
MSMCDA	CDA	CircR2Disease	disease_cold	1	0.6790905890045772	0.6254669122555393	0.549645390070922	0.3981042654028436	0.1149240930780457	0.2701240882942227	0.2277635056261264	0.7441558864958235	0.7441558864958235			PASS	formal_runs/cda_msmcda_corrected_fullmetric_20260619/runs/disease_cold/seed_01	formal_runs/cda_msmcda_corrected_fullmetric_20260619/MSMCDA_CORRECTED_FULL100_RAW_METRICS.tsv	
MSMCDA	CDA	CircR2Disease	disease_cold	2	0.6483690429080219	0.5914341330068531	0.5338345864661654	0.3404255319148936	0.083544898753378	0.280602134214822	0.2187375663534591	0.7726544420354444	0.7726544420354444			PASS	formal_runs/cda_msmcda_corrected_fullmetric_20260619/runs/disease_cold/seed_02	formal_runs/cda_msmcda_corrected_fullmetric_20260619/MSMCDA_CORRECTED_FULL100_RAW_METRICS.tsv	
MSMCDA	CDA	CircR2Disease	disease_cold	3	0.5770085932335797	0.5481950623483937	0.4689922480620155	0.2594594594594595	-0.0752177414444601	0.2920263500436346	0.2445831216813981	0.7882385596927836	0.7882385596927836			PASS	formal_runs/cda_msmcda_corrected_fullmetric_20260619/runs/disease_cold/seed_03	formal_runs/cda_msmcda_corrected_fullmetric_20260619/MSMCDA_CORRECTED_FULL100_RAW_METRICS.tsv	
MSMCDA	CDA	CircR2Disease	disease_cold	4	0.4930149744338933	0.5324185912347307	0.5405405405405406	0.4285714285714285	0.0881305298478463	0.3265771984839576	0.2588668905805822	0.9259769100050336	0.9259769100050336			PASS	formal_runs/cda_msmcda_corrected_fullmetric_20260619/runs/disease_cold/seed_04	formal_runs/cda_msmcda_corrected_fullmetric_20260619/MSMCDA_CORRECTED_FULL100_RAW_METRICS.tsv	
MSMCDA	CDA	CircR2Disease	disease_cold	5	0.847603305785124	0.8074447236770013	0.7227272727272728	0.680628272251309	0.4617917506035398	0.1691249761474207	0.1053955509327351	0.5077559547298769	0.5077559547298769			PASS	formal_runs/cda_msmcda_corrected_fullmetric_20260619/runs/disease_cold/seed_05	formal_runs/cda_msmcda_corrected_fullmetric_20260619/MSMCDA_CORRECTED_FULL100_RAW_METRICS.tsv	
MSMCDA	CDA	CircR2Disease	disease_cold	6	0.6668937573953889	0.6329019406847822	0.5329341317365269	0.390625	0.0744928584934249	0.2570570598804347	0.2321831776543024	0.7157127844147613	0.7157127844147613			PASS	formal_runs/cda_msmcda_corrected_fullmetric_20260619/runs/disease_cold/seed_06	formal_runs/cda_msmcda_corrected_fullmetric_20260619/MSMCDA_CORRECTED_FULL100_RAW_METRICS.tsv	
MSMCDA	CDA	CircR2Disease	disease_cold	7	0.784760963208813	0.7821962511582973	0.6974789915966386	0.6170212765957447	0.4352411611562424	0.2137234551206911	0.1916457725888873	0.6650152316435531	0.6650152316435531			PASS	formal_runs/cda_msmcda_corrected_fullmetric_20260619/runs/disease_cold/seed_07	formal_runs/cda_msmcda_corrected_fullmetric_20260619/MSMCDA_CORRECTED_FULL100_RAW_METRICS.tsv	
MSMCDA	CDA	CircR2Disease	disease_cold	8	0.5403537455410226	0.543408709840862	0.4956896551724138	0.2451612903225806	-0.0115262767247211	0.3407265931424865	0.318923125489101	0.984717875097356	0.984717875097356			PASS	formal_runs/cda_msmcda_corrected_fullmetric_20260619/runs/disease_cold/seed_08	formal_runs/cda_msmcda_corrected_fullmetric_20260619/MSMCDA_CORRECTED_FULL100_RAW_METRICS.tsv	
MSMCDA	CDA	CircR2Disease	disease_cold	9	0.496413531398954	0.5575401178552016	0.5578231292517006	0.3981481481481481	0.1364373001638717	0.3257273128198769	0.2589562844966545	0.9992796710183502	0.9992796710183502			PASS	formal_runs/cda_msmcda_corrected_fullmetric_20260619/runs/disease_cold/seed_09	formal_runs/cda_msmcda_corrected_fullmetric_20260619/MSMCDA_CORRECTED_FULL100_RAW_METRICS.tsv	
MSMCDA	CDA	CircR2Disease	disease_cold	10	0.5221067002730518	0.6042743265701779	0.5652173913043478	0.3478260869565217	0.1749966243260705	0.3269057027485325	0.2718889362360536	1.2073587665675458	1.2073587665675458			PASS	formal_runs/cda_msmcda_corrected_fullmetric_20260619/runs/disease_cold/seed_10	formal_runs/cda_msmcda_corrected_fullmetric_20260619/MSMCDA_CORRECTED_FULL100_RAW_METRICS.tsv	
MSMCDA	CDA	CircR2Disease	disease_cold	11	0.6095235641217244	0.6256137930931214	0.5558375634517766	0.3859649122807017	0.1340666110899739	0.2857908613112366	0.2329355458572961	0.9140509236552936	0.9140509236552936			PASS	formal_runs/cda_msmcda_corrected_fullmetric_20260619/runs/disease_cold/seed_11	formal_runs/cda_msmcda_corrected_fullmetric_20260619/MSMCDA_CORRECTED_FULL100_RAW_METRICS.tsv	
MSMCDA	CDA	CircR2Disease	disease_cold	12	0.5213494809688581	0.5653375101702081	0.5235294117647059	0.25	0.0687919160490109	0.3284152320382459	0.3009429695413393	0.9529447997217224	0.9529447997217224			PASS	formal_runs/cda_msmcda_corrected_fullmetric_20260619/runs/disease_cold/seed_12	formal_runs/cda_msmcda_corrected_fullmetric_20260619/MSMCDA_CORRECTED_FULL100_RAW_METRICS.tsv	
MSMCDA	CDA	CircR2Disease	disease_cold	13	0.5425673227871031	0.6297367856878155	0.532967032967033	0.2975206611570248	0.0888523316638638	0.30963893040354	0.2865879745273799	0.8716040518285061	0.8716040518285061			PASS	formal_runs/cda_msmcda_corrected_fullmetric_20260619/runs/disease_cold/seed_13	formal_runs/cda_msmcda_corrected_fullmetric_20260619/MSMCDA_CORRECTED_FULL100_RAW_METRICS.tsv	
MSMCDA	CDA	CircR2Disease	disease_cold	14	0.4683514030612244	0.5088476235010625	0.4866071428571428	0.267515923566879	-0.0334263135232437	0.3375726132135224	0.2651332296248126	0.9537745043300886	0.9537745043300886			PASS	formal_runs/cda_msmcda_corrected_fullmetric_20260619/runs/disease_cold/seed_14	formal_runs/cda_msmcda_corrected_fullmetric_20260619/MSMCDA_CORRECTED_FULL100_RAW_METRICS.tsv	
MSMCDA	CDA	CircR2Disease	disease_cold	15	0.6749624234015492	0.7366769914258715	0.6451612903225806	0.547945205479452	0.3215881289322819	0.2361593857250069	0.1731370490274995	0.695373671445218	0.695373671445218			PASS	formal_runs/cda_msmcda_corrected_fullmetric_20260619/runs/disease_cold/seed_15	formal_runs/cda_msmcda_corrected_fullmetric_20260619/MSMCDA_CORRECTED_FULL100_RAW_METRICS.tsv	
MSMCDA	CDA	CircR2Disease	disease_cold	16	0.6861845171931586	0.6465849508603987	0.5239520958083832	0.3813229571984435	0.0539850886785943	0.2725568686604091	0.2741577403597578	0.7753119665416031	0.7753119665416031			PASS	formal_runs/cda_msmcda_corrected_fullmetric_20260619/runs/disease_cold/seed_16	formal_runs/cda_msmcda_corrected_fullmetric_20260619/MSMCDA_CORRECTED_FULL100_RAW_METRICS.tsv	
MSMCDA	CDA	CircR2Disease	disease_cold	17	0.6237254800476166	0.6395268017190883	0.5503597122302158	0.3386243386243386	0.1311220136214371	0.2800655503032681	0.2602052363975764	0.7799394731474607	0.7799394731474607			PASS	formal_runs/cda_msmcda_corrected_fullmetric_20260619/runs/disease_cold/seed_17	formal_runs/cda_msmcda_corrected_fullmetric_20260619/MSMCDA_CORRECTED_FULL100_RAW_METRICS.tsv	
MSMCDA	CDA	CircR2Disease	disease_cold	18	0.6188366505763847	0.621142306228858	0.6455399061032864	0.5746478873239437	0.3087367636166616	0.25945537664673	0.1839440940516375	0.7276380085549634	0.7276380085549634			PASS	formal_runs/cda_msmcda_corrected_fullmetric_20260619/runs/disease_cold/seed_18	formal_runs/cda_msmcda_corrected_fullmetric_20260619/MSMCDA_CORRECTED_FULL100_RAW_METRICS.tsv	
MSMCDA	CDA	CircR2Disease	disease_cold	19	0.6249832210260678	0.5820392333250175	0.5181347150259067	0.3673469387755102	0.0412586414064613	0.2812243705642314	0.2374300570552927	0.8139285476872807	0.8139285476872807			PASS	formal_runs/cda_msmcda_corrected_fullmetric_20260619/runs/disease_cold/seed_19	formal_runs/cda_msmcda_corrected_fullmetric_20260619/MSMCDA_CORRECTED_FULL100_RAW_METRICS.tsv	
MSMCDA	CDA	CircR2Disease	disease_cold	20	0.4836103416435827	0.5658469620513314	0.5307017543859649	0.3354037267080745	0.0758944160259444	0.3245034784839463	0.26418216722372	0.9504091325019476	0.9504091325019476			PASS	formal_runs/cda_msmcda_corrected_fullmetric_20260619/runs/disease_cold/seed_20	formal_runs/cda_msmcda_corrected_fullmetric_20260619/MSMCDA_CORRECTED_FULL100_RAW_METRICS.tsv	
MSMCDA	CDA	CircR2Disease	disease_cold	21	0.4480968858131487	0.513647859739476	0.4044117647058823	0.3135593220338983	-0.198248141432386	0.3125479475273991	0.2935189355424988	0.8377928202867034	0.8377928202867034			PASS	formal_runs/cda_msmcda_corrected_fullmetric_20260619/runs/disease_cold/seed_21	formal_runs/cda_msmcda_corrected_fullmetric_20260619/MSMCDA_CORRECTED_FULL100_RAW_METRICS.tsv	
MSMCDA	CDA	CircR2Disease	disease_cold	22	0.7107860110803325	0.6950946904850022	0.618421052631579	0.5671641791044776	0.2437780403195489	0.2270543073996757	0.2335697396499055	0.6895703086821657	0.6895703086821657			PASS	formal_runs/cda_msmcda_corrected_fullmetric_20260619/runs/disease_cold/seed_22	formal_runs/cda_msmcda_corrected_fullmetric_20260619/MSMCDA_CORRECTED_FULL100_RAW_METRICS.tsv	
MSMCDA	CDA	CircR2Disease	disease_cold	23	0.40185	0.4901572304855685	0.5	0.2805755395683453	0.0	0.3894581731921203	0.3459969553289077	1.6913199914982997	1.6913199914982997			PASS	formal_runs/cda_msmcda_corrected_fullmetric_20260619/runs/disease_cold/seed_23	formal_runs/cda_msmcda_corrected_fullmetric_20260619/MSMCDA_CORRECTED_FULL100_RAW_METRICS.tsv	
MSMCDA	CDA	CircR2Disease	disease_cold	24	0.4126023495906016	0.5027826348152797	0.4874213836477987	0.1809045226130653	-0.037932162090544	0.3713414085994941	0.2979535138821698	1.2393241035758502	1.2393241035758502			PASS	formal_runs/cda_msmcda_corrected_fullmetric_20260619/runs/disease_cold/seed_24	formal_runs/cda_msmcda_corrected_fullmetric_20260619/MSMCDA_CORRECTED_FULL100_RAW_METRICS.tsv	
MSMCDA	CDA	CircR2Disease	strict_cold	0	0.7866666666666667	0.7349335749516243	0.6666666666666666	0.6666666666666666	0.3333333333333333	0.1877149030633036	0.1465007601926723	0.5567839657446932	0.5567839657446932			PASS	formal_runs/cda_msmcda_corrected_fullmetric_20260619/runs/strict_cold/seed_00	formal_runs/cda_msmcda_corrected_fullmetric_20260619/MSMCDA_CORRECTED_FULL100_RAW_METRICS.tsv	
MSMCDA	CDA	CircR2Disease	strict_cold	1	0.7479224376731302	0.7763918846890983	0.5789473684210527	0.4285714285714285	0.1856953381770518	0.2331140255407848	0.3318595196071424	0.6599429292416737	0.6599429292416737			PASS	formal_runs/cda_msmcda_corrected_fullmetric_20260619/runs/strict_cold/seed_01	formal_runs/cda_msmcda_corrected_fullmetric_20260619/MSMCDA_CORRECTED_FULL100_RAW_METRICS.tsv	
MSMCDA	CDA	CircR2Disease	strict_cold	2	0.6372819100091828	0.6573875238923639	0.5454545454545454	0.3478260869565217	0.1142908976639189	0.2754438892888778	0.2639311331352501	0.7590865962856748	0.7590865962856748			PASS	formal_runs/cda_msmcda_corrected_fullmetric_20260619/runs/strict_cold/seed_02	formal_runs/cda_msmcda_corrected_fullmetric_20260619/MSMCDA_CORRECTED_FULL100_RAW_METRICS.tsv	
MSMCDA	CDA	CircR2Disease	strict_cold	3	0.754325259515571	0.7777766792991707	0.5882352941176471	0.4166666666666667	0.2182178902359924	0.2275296080840825	0.201676283031702	0.6343812671609141	0.6343812671609141			PASS	formal_runs/cda_msmcda_corrected_fullmetric_20260619/runs/strict_cold/seed_03	formal_runs/cda_msmcda_corrected_fullmetric_20260619/MSMCDA_CORRECTED_FULL100_RAW_METRICS.tsv	
MSMCDA	CDA	CircR2Disease	strict_cold	4	0.631875	0.5586874219458771	0.65	0.7021276595744681	0.3202563076101742	0.2512629869633804	0.2713194377720356	0.7353147401206742	0.7353147401206742			PASS	formal_runs/cda_msmcda_corrected_fullmetric_20260619/runs/strict_cold/seed_04	formal_runs/cda_msmcda_corrected_fullmetric_20260619/MSMCDA_CORRECTED_FULL100_RAW_METRICS.tsv	
MSMCDA	CDA	CircR2Disease	strict_cold	5	0.7575000000000001	0.6957480277222167	0.525	0.3870967741935484	0.0559892510955854	0.2453585876140743	0.2844838181976228	0.6735882785105922	0.6735882785105922			PASS	formal_runs/cda_msmcda_corrected_fullmetric_20260619/runs/strict_cold/seed_05	formal_runs/cda_msmcda_corrected_fullmetric_20260619/MSMCDA_CORRECTED_FULL100_RAW_METRICS.tsv	
MSMCDA	CDA	CircR2Disease	strict_cold	6	0.6023875114784206	0.5431595091395796	0.4090909090909091	0.0930232558139534	-0.253546276418555	0.3283111707245478	0.3744350553236224	0.8641685630481936	0.8641685630481934			PASS	formal_runs/cda_msmcda_corrected_fullmetric_20260619/runs/strict_cold/seed_06	formal_runs/cda_msmcda_corrected_fullmetric_20260619/MSMCDA_CORRECTED_FULL100_RAW_METRICS.tsv	
MSMCDA	CDA	CircR2Disease	strict_cold	7	0.9382716049382716	0.9290123456790124	0.6111111111111112	0.3636363636363636	0.3535533905932738	0.2161617072510838	0.2959056881566841	0.5940322318489981	0.5940322318489981			PASS	formal_runs/cda_msmcda_corrected_fullmetric_20260619/runs/strict_cold/seed_07	formal_runs/cda_msmcda_corrected_fullmetric_20260619/MSMCDA_CORRECTED_FULL100_RAW_METRICS.tsv	
MSMCDA	CDA	CircR2Disease	strict_cold	8	0.5484764542936289	0.5331664705530405	0.4210526315789473	0.1538461538461538	-0.2036532699906392	0.3417490462995375	0.3409583794633171	1.0074888930017794	1.0074888930017794			PASS	formal_runs/cda_msmcda_corrected_fullmetric_20260619/runs/strict_cold/seed_08	formal_runs/cda_msmcda_corrected_fullmetric_20260619/MSMCDA_CORRECTED_FULL100_RAW_METRICS.tsv	
MSMCDA	CDA	CircR2Disease	strict_cold	9	0.6464497041420119	0.7044655131193592	0.6538461538461539	0.5263157894736842	0.3651483716701107	0.269695389201198	0.2518523443633546	0.7580566656060239	0.7580566656060239			PASS	formal_runs/cda_msmcda_corrected_fullmetric_20260619/runs/strict_cold/seed_09	formal_runs/cda_msmcda_corrected_fullmetric_20260619/MSMCDA_CORRECTED_FULL100_RAW_METRICS.tsv	
MSMCDA	CDA	CircR2Disease	strict_cold	10	0.41	0.5943142921256188	0.55	0.3414634146341463	0.1292191476761844	0.3575867394133425	0.3573521871119737	1.1941944953468977	1.1941944953468977			PASS	formal_runs/cda_msmcda_corrected_fullmetric_20260619/runs/strict_cold/seed_10	formal_runs/cda_msmcda_corrected_fullmetric_20260619/MSMCDA_CORRECTED_FULL100_RAW_METRICS.tsv	
MSMCDA	CDA	CircR2Disease	strict_cold	11	0.7851239669421488	0.7288700547482012	0.5227272727272727	0.2222222222222222	0.0716114874039432	0.2501142365632219	0.3288468227467753	0.6754613402712688	0.6754613402712688			PASS	formal_runs/cda_msmcda_corrected_fullmetric_20260619/runs/strict_cold/seed_11	formal_runs/cda_msmcda_corrected_fullmetric_20260619/MSMCDA_CORRECTED_FULL100_RAW_METRICS.tsv	
MSMCDA	CDA	CircR2Disease	strict_cold	12	0.5275754422476587	0.6012857706186552	0.5645161290322581	0.425531914893617	0.1474419561548971	0.3088250959873126	0.2886549739407436	0.8633704821942101	0.86337048219421			PASS	formal_runs/cda_msmcda_corrected_fullmetric_20260619/runs/strict_cold/seed_12	formal_runs/cda_msmcda_corrected_fullmetric_20260619/MSMCDA_CORRECTED_FULL100_RAW_METRICS.tsv	
MSMCDA	CDA	CircR2Disease	strict_cold	13	0.4755859375	0.5314236396605618	0.484375	0.2666666666666666	-0.0388367818690308	0.3461969860164545	0.3170486339149647	0.9516258949589252	0.9516258949589252			PASS	formal_runs/cda_msmcda_corrected_fullmetric_20260619/runs/strict_cold/seed_13	formal_runs/cda_msmcda_corrected_fullmetric_20260619/MSMCDA_CORRECTED_FULL100_RAW_METRICS.tsv	
MSMCDA	CDA	CircR2Disease	strict_cold	14	0.4678204434829637	0.5229530817255393	0.4418604651162791	0.3333333333333333	-0.1229797419858204	0.3379338606593486	0.3872702377090274	0.905695940780944	0.905695940780944			PASS	formal_runs/cda_msmcda_corrected_fullmetric_20260619/runs/strict_cold/seed_14	formal_runs/cda_msmcda_corrected_fullmetric_20260619/MSMCDA_CORRECTED_FULL100_RAW_METRICS.tsv	
MSMCDA	CDA	CircR2Disease	strict_cold	15	0.8070934256055363	0.7937543710641679	0.7647058823529411	0.7714285714285715	0.5303300858899106	0.1917622290559039	0.156788311953492	0.5687569787937478	0.5687569787937478			PASS	formal_runs/cda_msmcda_corrected_fullmetric_20260619/runs/strict_cold/seed_15	formal_runs/cda_msmcda_corrected_fullmetric_20260619/MSMCDA_CORRECTED_FULL100_RAW_METRICS.tsv	
MSMCDA	CDA	CircR2Disease	strict_cold	16	0.6275	0.6193425796500247	0.575	0.4516129032258064	0.1679677532867562	0.2996517164894906	0.3509970976505429	0.8149695016106335	0.8149695016106335			PASS	formal_runs/cda_msmcda_corrected_fullmetric_20260619/runs/strict_cold/seed_16	formal_runs/cda_msmcda_corrected_fullmetric_20260619/MSMCDA_CORRECTED_FULL100_RAW_METRICS.tsv	
MSMCDA	CDA	CircR2Disease	strict_cold	17	0.5244444444444445	0.5424898848428261	0.5333333333333333	0.3636363636363636	0.07881104062391	0.2836224981155731	0.2441292705635229	0.7652508409627276	0.7652508409627276			PASS	formal_runs/cda_msmcda_corrected_fullmetric_20260619/runs/strict_cold/seed_17	formal_runs/cda_msmcda_corrected_fullmetric_20260619/MSMCDA_CORRECTED_FULL100_RAW_METRICS.tsv	
MSMCDA	CDA	CircR2Disease	strict_cold	18	0.8325	0.7983019031491236	0.65	0.6111111111111112	0.3061862178478973	0.169547409925853	0.1957992705516517	0.4954640498339859	0.4954640498339859			PASS	formal_runs/cda_msmcda_corrected_fullmetric_20260619/runs/strict_cold/seed_18	formal_runs/cda_msmcda_corrected_fullmetric_20260619/MSMCDA_CORRECTED_FULL100_RAW_METRICS.tsv	
MSMCDA	CDA	CircR2Disease	strict_cold	19	0.5011111111111111	0.5955870291413707	0.6	0.4782608695652174	0.2261335084333227	0.300645780909463	0.2802453188846508	0.8554804028311601	0.8554804028311601			PASS	formal_runs/cda_msmcda_corrected_fullmetric_20260619/runs/strict_cold/seed_19	formal_runs/cda_msmcda_corrected_fullmetric_20260619/MSMCDA_CORRECTED_FULL100_RAW_METRICS.tsv	
MSMCDA	CDA	CircR2Disease	strict_cold	20	0.4718934911242602	0.5476257053969354	0.6153846153846154	0.5652173913043478	0.2371708245126284	0.3321931792098092	0.3789379143585952	1.0798146302145477	1.0798146302145477			PASS	formal_runs/cda_msmcda_corrected_fullmetric_20260619/runs/strict_cold/seed_20	formal_runs/cda_msmcda_corrected_fullmetric_20260619/MSMCDA_CORRECTED_FULL100_RAW_METRICS.tsv	
MSMCDA	CDA	CircR2Disease	strict_cold	21	0.6545138888888888	0.6128282122952502	0.6041666666666666	0.5957446808510638	0.2085144140570747	0.2650662152682447	0.2830900279805064	0.747372036607907	0.747372036607907			PASS	formal_runs/cda_msmcda_corrected_fullmetric_20260619/runs/strict_cold/seed_21	formal_runs/cda_msmcda_corrected_fullmetric_20260619/MSMCDA_CORRECTED_FULL100_RAW_METRICS.tsv	
MSMCDA	CDA	CircR2Disease	strict_cold	22	0.923076923076923	0.9477361664268684	0.8269230769230769	0.8235294117647058	0.6543303050815759	0.1155974490042413	0.1805703349124927	0.3824692835419726	0.3824692835419726			PASS	formal_runs/cda_msmcda_corrected_fullmetric_20260619/runs/strict_cold/seed_22	formal_runs/cda_msmcda_corrected_fullmetric_20260619/MSMCDA_CORRECTED_FULL100_RAW_METRICS.tsv	
MSMCDA	CDA	CircR2Disease	strict_cold	23	0.4477040816326531	0.4905851937552618	0.5	0.1764705882352941	0.0	0.3639910441905849	0.2983521184817489	1.0570159113561026	1.0570159113561026			PASS	formal_runs/cda_msmcda_corrected_fullmetric_20260619/runs/strict_cold/seed_23	formal_runs/cda_msmcda_corrected_fullmetric_20260619/MSMCDA_CORRECTED_FULL100_RAW_METRICS.tsv	
MSMCDA	CDA	CircR2Disease	strict_cold	24	0.7107750472589792	0.7694329840332645	0.717391304347826	0.6486486486486487	0.472455591261534	0.2502984532332088	0.310108908014587	0.95691916014447	0.95691916014447			PASS	formal_runs/cda_msmcda_corrected_fullmetric_20260619/runs/strict_cold/seed_24	formal_runs/cda_msmcda_corrected_fullmetric_20260619/MSMCDA_CORRECTED_FULL100_RAW_METRICS.tsv	
DLST-MDA	MDA	DLST-native	drug_cold	0	0.7289894377183201	0.7823999465069518	0.6809453471196455	0.5636363636363636	0.4292087339623966	0.240542806109497	0.2024436244480394	0.85105799035051	0.85105799035051			PASS		formal_runs/dlst_native_fixedfinal_fullmetric_20260623/06_metrics/DLST_NATIVE_FIXEDFINAL_FULL125_RAW_METRICS.tsv	
DLST-MDA	MDA	DLST-native	drug_cold	1	0.5420678408850488	0.545963626766123	0.5280920060331825	0.265336072791312	0.0803997732991057	0.3541313319079005	0.3022237473896962	1.130308614599689	1.130308614599689			PASS		formal_runs/dlst_native_fixedfinal_fullmetric_20260623/06_metrics/DLST_NATIVE_FIXEDFINAL_FULL125_RAW_METRICS.tsv	
DLST-MDA	MDA	DLST-native	drug_cold	2	0.6679918006633515	0.6029462508216369	0.4774872912127814	0.0532894736842105	-0.1014659287254472	0.4122206060800036	0.4272501368008863	1.3739182548640303	1.3739182548640303			PASS		formal_runs/dlst_native_fixedfinal_fullmetric_20260623/06_metrics/DLST_NATIVE_FIXEDFINAL_FULL125_RAW_METRICS.tsv	
DLST-MDA	MDA	DLST-native	drug_cold	3	0.668883555779696	0.7206752849304281	0.6434075342465754	0.5142857142857142	0.3386460182379839	0.2966498738959134	0.2902488913392043	0.9870469387928426	0.9870469387928426			PASS		formal_runs/dlst_native_fixedfinal_fullmetric_20260623/06_metrics/DLST_NATIVE_FIXEDFINAL_FULL125_RAW_METRICS.tsv	
DLST-MDA	MDA	DLST-native	drug_cold	4	0.5988004983294145	0.533622954416785	0.484838497033619	0.0555891238670694	-0.0727644095707795	0.358090667952929	0.3370083715116215	1.0398280276051146	1.0398280276051146			PASS		formal_runs/dlst_native_fixedfinal_fullmetric_20260623/06_metrics/DLST_NATIVE_FIXEDFINAL_FULL125_RAW_METRICS.tsv	
DLST-MDA	MDA	DLST-native	drug_cold	5	0.575859133095851	0.5006382757202591	0.4794589178356713	0.0388529139685476	-0.1028933543386727	0.4338390898752196	0.4313426574683731	1.3923348319497926	1.3923348319497926			PASS		formal_runs/dlst_native_fixedfinal_fullmetric_20260623/06_metrics/DLST_NATIVE_FIXEDFINAL_FULL125_RAW_METRICS.tsv	
DLST-MDA	MDA	DLST-native	drug_cold	6	0.6151897919319569	0.6021781326281053	0.5073959408324733	0.1061173533083645	0.0335922225563449	0.3602831819107201	0.3524353678931239	1.121825210448436	1.121825210448436			PASS		formal_runs/dlst_native_fixedfinal_fullmetric_20260623/06_metrics/DLST_NATIVE_FIXEDFINAL_FULL125_RAW_METRICS.tsv	
DLST-MDA	MDA	DLST-native	drug_cold	7	0.4925446512319923	0.495924551729906	0.4889867841409692	0.1256281407035175	-0.0396103894248121	0.426390503866796	0.4175201343342037	1.482394562357616	1.482394562357616			PASS		formal_runs/dlst_native_fixedfinal_fullmetric_20260623/06_metrics/DLST_NATIVE_FIXEDFINAL_FULL125_RAW_METRICS.tsv	
DLST-MDA	MDA	DLST-native	drug_cold	8	0.598814882671261	0.5907157125711372	0.5461822660098522	0.3092783505154639	0.1269373563010438	0.3155469045328921	0.25152023588571	0.9257789699586984	0.9257789699586984			PASS		formal_runs/dlst_native_fixedfinal_fullmetric_20260623/06_metrics/DLST_NATIVE_FIXEDFINAL_FULL125_RAW_METRICS.tsv	
DLST-MDA	MDA	DLST-native	drug_cold	9	0.7442346901460067	0.7075139515069185	0.6976235146966854	0.6826386609780112	0.3970212688562547	0.2093633775217089	0.0762320070931125	0.6072219807103713	0.6072219807103713			PASS		formal_runs/dlst_native_fixedfinal_fullmetric_20260623/06_metrics/DLST_NATIVE_FIXEDFINAL_FULL125_RAW_METRICS.tsv	
DLST-MDA	MDA	DLST-native	drug_cold	10	0.7210465418848224	0.6693632474985418	0.681187479832204	0.6836375280179314	0.3624184352717101	0.2199767214387329	0.0866316986766413	0.6470578878858673	0.6470578878858673			PASS		formal_runs/dlst_native_fixedfinal_fullmetric_20260623/06_metrics/DLST_NATIVE_FIXEDFINAL_FULL125_RAW_METRICS.tsv	
DLST-MDA	MDA	DLST-native	drug_cold	11	0.5288425634203833	0.4731627266947336	0.4764492753623188	0.0269360269360269	-0.1231080477742128	0.4623099772784946	0.4586314726872583	1.6423395295023913	1.6423395295023913			PASS		formal_runs/dlst_native_fixedfinal_fullmetric_20260623/06_metrics/DLST_NATIVE_FIXEDFINAL_FULL125_RAW_METRICS.tsv	
DLST-MDA	MDA	DLST-native	drug_cold	12	0.6958110351373824	0.648410158914327	0.6472590469365819	0.6941121640515768	0.3093932317515667	0.2217444907872725	0.1028521166108642	0.6334406589762073	0.6334406589762073			PASS		formal_runs/dlst_native_fixedfinal_fullmetric_20260623/06_metrics/DLST_NATIVE_FIXEDFINAL_FULL125_RAW_METRICS.tsv	
DLST-MDA	MDA	DLST-native	drug_cold	13	0.4629117850663561	0.5231046820457224	0.5167850225952227	0.1575689364096792	0.0642828276005575	0.401082088020305	0.3626753108395116	1.4864807035867171	1.4864807035867171			PASS		formal_runs/dlst_native_fixedfinal_fullmetric_20260623/06_metrics/DLST_NATIVE_FIXEDFINAL_FULL125_RAW_METRICS.tsv	
DLST-MDA	MDA	DLST-native	drug_cold	14	0.4362701523689435	0.4335169411096483	0.4233358264771877	0.089728453364817	-0.225401465873124	0.4068374247067145	0.3943615454745743	1.1813036498478653	1.1813036498478653			PASS		formal_runs/dlst_native_fixedfinal_fullmetric_20260623/06_metrics/DLST_NATIVE_FIXEDFINAL_FULL125_RAW_METRICS.tsv	
DLST-MDA	MDA	DLST-native	drug_cold	15	0.6013578544568046	0.6137904639441215	0.5705213903743316	0.3175783324482209	0.2101469586047934	0.344150287433317	0.3141202743652801	1.1205821728200895	1.1205821728200895			PASS		formal_runs/dlst_native_fixedfinal_fullmetric_20260623/06_metrics/DLST_NATIVE_FIXEDFINAL_FULL125_RAW_METRICS.tsv	
DLST-MDA	MDA	DLST-native	drug_cold	16	0.6689123494841425	0.6383266389759262	0.606815578465063	0.5139823008849558	0.2311635995902404	0.2762731811491856	0.1901745949679146	0.8002585764414978	0.8002585764414978			PASS		formal_runs/dlst_native_fixedfinal_fullmetric_20260623/06_metrics/DLST_NATIVE_FIXEDFINAL_FULL125_RAW_METRICS.tsv	
DLST-MDA	MDA	DLST-native	drug_cold	17	0.4498475381670527	0.4430266064183877	0.4963522668056279	0.0252143217347453	-0.0284863693359442	0.4386419424360248	0.4244136685252416	1.4872377470968103	1.4872377470968103			PASS		formal_runs/dlst_native_fixedfinal_fullmetric_20260623/06_metrics/DLST_NATIVE_FIXEDFINAL_FULL125_RAW_METRICS.tsv	
DLST-MDA	MDA	DLST-native	drug_cold	18	0.8151871657754011	0.7971380559273153	0.7013368983957219	0.6267958569996659	0.4392413692969149	0.2170630404618913	0.2015351123034575	0.6698260373056687	0.6698260373056687			PASS		formal_runs/dlst_native_fixedfinal_fullmetric_20260623/06_metrics/DLST_NATIVE_FIXEDFINAL_FULL125_RAW_METRICS.tsv	
DLST-MDA	MDA	DLST-native	drug_cold	19	0.7243166233121805	0.7134188847660112	0.5175438596491229	0.1136556403731976	0.0852438011592095	0.3287228101679394	0.3321779143400163	0.958624307507982	0.958624307507982			PASS		formal_runs/dlst_native_fixedfinal_fullmetric_20260623/06_metrics/DLST_NATIVE_FIXEDFINAL_FULL125_RAW_METRICS.tsv	
DLST-MDA	MDA	DLST-native	drug_cold	20	0.6722116480471528	0.5890742966710585	0.5439360929557008	0.3368532206969377	0.1125141404438032	0.3074973911591772	0.289341153436291	0.8839416426713135	0.8839416426713135			PASS		formal_runs/dlst_native_fixedfinal_fullmetric_20260623/06_metrics/DLST_NATIVE_FIXEDFINAL_FULL125_RAW_METRICS.tsv	
DLST-MDA	MDA	DLST-native	drug_cold	21	0.6145721443616095	0.5750761861852554	0.487417943107221	0.031023784901758	-0.0749878190125952	0.3422012618145157	0.328720244225101	0.9758289952088426	0.9758289952088426			PASS		formal_runs/dlst_native_fixedfinal_fullmetric_20260623/06_metrics/DLST_NATIVE_FIXEDFINAL_FULL125_RAW_METRICS.tsv	
DLST-MDA	MDA	DLST-native	drug_cold	22	0.6826406165494862	0.6893354003324956	0.5947674418604652	0.4027420736932305	0.2474841190889857	0.2963634713483371	0.2640589212897674	0.9260748653977754	0.9260748653977754			PASS		formal_runs/dlst_native_fixedfinal_fullmetric_20260623/06_metrics/DLST_NATIVE_FIXEDFINAL_FULL125_RAW_METRICS.tsv	
DLST-MDA	MDA	DLST-native	drug_cold	23	0.5841045520322339	0.6400719405856842	0.5897947548460661	0.4016632016632017	0.230974980605328	0.3477548251184063	0.3235782786512265	1.1743427208712214	1.1743427208712214			PASS		formal_runs/dlst_native_fixedfinal_fullmetric_20260623/06_metrics/DLST_NATIVE_FIXEDFINAL_FULL125_RAW_METRICS.tsv	
DLST-MDA	MDA	DLST-native	drug_cold	24	0.4512565304271762	0.4729158367003042	0.4946883852691218	0.1064495929868503	-0.0214677090027801	0.4357819228074779	0.4257560912117351	1.51090069089494	1.51090069089494			PASS		formal_runs/dlst_native_fixedfinal_fullmetric_20260623/06_metrics/DLST_NATIVE_FIXEDFINAL_FULL125_RAW_METRICS.tsv	
DLST-MDA	MDA	DLST-native	mirna_cold	0	0.9397492255830904	0.932254809383579	0.8721301020408163	0.8786686838124055	0.7486211447639396	0.0966551526426896	0.0383383248592916	0.3176352443926842	0.3176352443926842			PASS		formal_runs/dlst_native_fixedfinal_fullmetric_20260623/06_metrics/DLST_NATIVE_FIXEDFINAL_FULL125_RAW_METRICS.tsv	
DLST-MDA	MDA	DLST-native	mirna_cold	1	0.9343485976621272	0.9222846546612844	0.8708074534161491	0.8755980861244019	0.7438243227578061	0.0972045069235991	0.0270097327422963	0.3250087725966641	0.3250087725966641			PASS		formal_runs/dlst_native_fixedfinal_fullmetric_20260623/06_metrics/DLST_NATIVE_FIXEDFINAL_FULL125_RAW_METRICS.tsv	
DLST-MDA	MDA	DLST-native	mirna_cold	2	0.9307799597139854	0.9138437184143248	0.8614730878186969	0.8589558696279204	0.7234071564834227	0.1050176445672387	0.0618592111830119	0.348403700979861	0.348403700979861			PASS		formal_runs/dlst_native_fixedfinal_fullmetric_20260623/06_metrics/DLST_NATIVE_FIXEDFINAL_FULL125_RAW_METRICS.tsv	
DLST-MDA	MDA	DLST-native	mirna_cold	3	0.9331296025490274	0.9140818874719456	0.8699776785714286	0.8700501952035694	0.7399558179931942	0.0970894964897074	0.0267020554708454	0.3236511910406278	0.3236511910406278			PASS		formal_runs/dlst_native_fixedfinal_fullmetric_20260623/06_metrics/DLST_NATIVE_FIXEDFINAL_FULL125_RAW_METRICS.tsv	
DLST-MDA	MDA	DLST-native	mirna_cold	4	0.9307760129808972	0.9166960334101766	0.8651018099547512	0.8673894912427023	0.7306386277517475	0.101310171227319	0.029127081401664	0.335011663729713	0.335011663729713			PASS		formal_runs/dlst_native_fixedfinal_fullmetric_20260623/06_metrics/DLST_NATIVE_FIXEDFINAL_FULL125_RAW_METRICS.tsv	
DLST-MDA	MDA	DLST-native	mirna_cold	5	0.9338635820279176	0.914713128079457	0.8764568764568764	0.8775981524249422	0.7530446994186494	0.0951080548699873	0.0313843516793019	0.3199761405247419	0.3199761405247419			PASS		formal_runs/dlst_native_fixedfinal_fullmetric_20260623/06_metrics/DLST_NATIVE_FIXEDFINAL_FULL125_RAW_METRICS.tsv	
DLST-MDA	MDA	DLST-native	mirna_cold	6	0.9208302913021884	0.9114230127655444	0.8673805601317958	0.8704746580852776	0.735601119779564	0.1064516732778637	0.0530551091747006	0.3701953262518739	0.3701953262518739			PASS		formal_runs/dlst_native_fixedfinal_fullmetric_20260623/06_metrics/DLST_NATIVE_FIXEDFINAL_FULL125_RAW_METRICS.tsv	
DLST-MDA	MDA	DLST-native	mirna_cold	7	0.9330791351300646	0.9159449929457308	0.8653147699757869	0.8649468892261002	0.730640382761181	0.0999403940494197	0.0335153405705819	0.331192370484638	0.331192370484638			PASS		formal_runs/dlst_native_fixedfinal_fullmetric_20260623/06_metrics/DLST_NATIVE_FIXEDFINAL_FULL125_RAW_METRICS.tsv	
DLST-MDA	MDA	DLST-native	mirna_cold	8	0.9313937710771673	0.9160583578059444	0.8645070422535212	0.8642393451876941	0.7290197535579157	0.1012905860128001	0.0297549538968236	0.3346025460188319	0.3346025460188319			PASS		formal_runs/dlst_native_fixedfinal_fullmetric_20260623/06_metrics/DLST_NATIVE_FIXEDFINAL_FULL125_RAW_METRICS.tsv	
DLST-MDA	MDA	DLST-native	mirna_cold	9	0.9367614797107318	0.9225225178416612	0.8699050809603573	0.8720483250961011	0.7402256584233264	0.0956500346174466	0.0247372271487422	0.3195082417305155	0.3195082417305155			PASS		formal_runs/dlst_native_fixedfinal_fullmetric_20260623/06_metrics/DLST_NATIVE_FIXEDFINAL_FULL125_RAW_METRICS.tsv	
DLST-MDA	MDA	DLST-native	mirna_cold	10	0.927396495983286	0.9141595313423316	0.8496692723992784	0.8588368153585545	0.7053132768784989	0.1063000451053723	0.0342909166669462	0.3452597098125954	0.3452597098125954			PASS		formal_runs/dlst_native_fixedfinal_fullmetric_20260623/06_metrics/DLST_NATIVE_FIXEDFINAL_FULL125_RAW_METRICS.tsv	
DLST-MDA	MDA	DLST-native	mirna_cold	11	0.9280853815360248	0.9137341927104624	0.8638814016172507	0.8651535380507344	0.7278923790929545	0.1056627046667135	0.0508124146114713	0.3515881860820804	0.3515881860820804			PASS		formal_runs/dlst_native_fixedfinal_fullmetric_20260623/06_metrics/DLST_NATIVE_FIXEDFINAL_FULL125_RAW_METRICS.tsv	
DLST-MDA	MDA	DLST-native	mirna_cold	12	0.9333612320713004	0.9170095216277389	0.8509874326750448	0.8654054054054054	0.7186619071043943	0.1110648997552343	0.0908531872332675	0.3655621458528448	0.3655621458528448			PASS		formal_runs/dlst_native_fixedfinal_fullmetric_20260623/06_metrics/DLST_NATIVE_FIXEDFINAL_FULL125_RAW_METRICS.tsv	
DLST-MDA	MDA	DLST-native	mirna_cold	13	0.9369775523621676	0.9253877197981332	0.8650793650793651	0.8752821670428894	0.7401324539271601	0.100842486540705	0.0606283502165974	0.335077922498421	0.335077922498421			PASS		formal_runs/dlst_native_fixedfinal_fullmetric_20260623/06_metrics/DLST_NATIVE_FIXEDFINAL_FULL125_RAW_METRICS.tsv	
DLST-MDA	MDA	DLST-native	mirna_cold	14	0.9266277353665427	0.9098436548962788	0.8640861466821886	0.8690042075736325	0.7302337702377092	0.1032326665273981	0.0195194203409282	0.3405266443669384	0.3405266443669384			PASS		formal_runs/dlst_native_fixedfinal_fullmetric_20260623/06_metrics/DLST_NATIVE_FIXEDFINAL_FULL125_RAW_METRICS.tsv	
DLST-MDA	MDA	DLST-native	mirna_cold	15	0.9315687533802056	0.9214531032866756	0.8677325581395349	0.8695153427014626	0.7357398514118085	0.0986393833707945	0.0331104586309033	0.3332164667644181	0.3332164667644181			PASS		formal_runs/dlst_native_fixedfinal_fullmetric_20260623/06_metrics/DLST_NATIVE_FIXEDFINAL_FULL125_RAW_METRICS.tsv	
DLST-MDA	MDA	DLST-native	mirna_cold	16	0.9227578979910076	0.8994285831413332	0.8584754797441365	0.8632500643832088	0.718705357804313	0.1043539184297554	0.0213616869804798	0.3445711750936033	0.3445711750936033			PASS		formal_runs/dlst_native_fixedfinal_fullmetric_20260623/06_metrics/DLST_NATIVE_FIXEDFINAL_FULL125_RAW_METRICS.tsv	
DLST-MDA	MDA	DLST-native	mirna_cold	17	0.9366852855367516	0.9272975487796744	0.8732678983833718	0.8790300358225407	0.7499466357071792	0.0955865087605384	0.0340756287682139	0.3212623631220491	0.3212623631220491			PASS		formal_runs/dlst_native_fixedfinal_fullmetric_20260623/06_metrics/DLST_NATIVE_FIXEDFINAL_FULL125_RAW_METRICS.tsv	
DLST-MDA	MDA	DLST-native	mirna_cold	18	0.9325475430430954	0.9195566897687296	0.8615291992775437	0.8568761667703796	0.7245917134833119	0.107221557443533	0.0806729271491747	0.3587872165071287	0.3587872165071287			PASS		formal_runs/dlst_native_fixedfinal_fullmetric_20260623/06_metrics/DLST_NATIVE_FIXEDFINAL_FULL125_RAW_METRICS.tsv	
DLST-MDA	MDA	DLST-native	mirna_cold	19	0.9332036510499956	0.9199263495260934	0.8712729357798165	0.8746860173039352	0.7436499892135117	0.0969461928761593	0.0177769460577844	0.3240398788956969	0.3240398788956969			PASS		formal_runs/dlst_native_fixedfinal_fullmetric_20260623/06_metrics/DLST_NATIVE_FIXEDFINAL_FULL125_RAW_METRICS.tsv	
DLST-MDA	MDA	DLST-native	mirna_cold	20	0.9429241848831	0.932574123956838	0.8799633475870495	0.8862518089725037	0.764614893996373	0.0898677056344407	0.033032244559498	0.3037878730228456	0.3037878730228456			PASS		formal_runs/dlst_native_fixedfinal_fullmetric_20260623/06_metrics/DLST_NATIVE_FIXEDFINAL_FULL125_RAW_METRICS.tsv	
DLST-MDA	MDA	DLST-native	mirna_cold	21	0.9234949569910608	0.9111344551264536	0.857922077922078	0.8591295390162246	0.7159493642972417	0.106373418085658	0.0303050142589521	0.3516726455244782	0.3516726455244782			PASS		formal_runs/dlst_native_fixedfinal_fullmetric_20260623/06_metrics/DLST_NATIVE_FIXEDFINAL_FULL125_RAW_METRICS.tsv	
DLST-MDA	MDA	DLST-native	mirna_cold	22	0.9313569167061744	0.9170949215845204	0.8562570462232244	0.8686244204018547	0.7254884865870418	0.1110132223810124	0.0811687436863294	0.3631802028177858	0.3631802028177858			PASS		formal_runs/dlst_native_fixedfinal_fullmetric_20260623/06_metrics/DLST_NATIVE_FIXEDFINAL_FULL125_RAW_METRICS.tsv	
DLST-MDA	MDA	DLST-native	mirna_cold	23	0.9156828394414724	0.8973592062876384	0.8485193621867881	0.855119825708061	0.6999503288808901	0.1120124570464496	0.0310306586611566	0.3654936688299884	0.3654936688299884			PASS		formal_runs/dlst_native_fixedfinal_fullmetric_20260623/06_metrics/DLST_NATIVE_FIXEDFINAL_FULL125_RAW_METRICS.tsv	
DLST-MDA	MDA	DLST-native	mirna_cold	24	0.9283379110689882	0.9142351968155518	0.838840874428063	0.8268705625341344	0.684255428199638	0.1248683652202059	0.115368426513705	0.414039997280604	0.414039997280604			PASS		formal_runs/dlst_native_fixedfinal_fullmetric_20260623/06_metrics/DLST_NATIVE_FIXEDFINAL_FULL125_RAW_METRICS.tsv	
DLST-MDA	MDA	DLST-native	random	0	0.933465360922902	0.9260639332304844	0.8540711009174312	0.8645916467145517	0.716849619302737	0.1036025612227921	0.0414509437844096	0.3381807183082226	0.3381807183082226			PASS		formal_runs/dlst_native_fixedfinal_fullmetric_20260623/06_metrics/DLST_NATIVE_FIXEDFINAL_FULL125_RAW_METRICS.tsv	
DLST-MDA	MDA	DLST-native	random	1	0.9296016880944364	0.9125889872410308	0.8666857798165137	0.8738127544097694	0.7380956060402543	0.1036326487471672	0.0580399987993253	0.3484410458378265	0.3484410458378265			PASS		formal_runs/dlst_native_fixedfinal_fullmetric_20260623/06_metrics/DLST_NATIVE_FIXEDFINAL_FULL125_RAW_METRICS.tsv	
DLST-MDA	MDA	DLST-native	random	2	0.936046622496002	0.9169498045820148	0.8744266055045872	0.8792723263506064	0.7512777826309828	0.0950346231345253	0.0220431232512989	0.3173772042933975	0.3173772042933975			PASS		formal_runs/dlst_native_fixedfinal_fullmetric_20260623/06_metrics/DLST_NATIVE_FIXEDFINAL_FULL125_RAW_METRICS.tsv	
DLST-MDA	MDA	DLST-native	random	3	0.9329480236301658	0.9175525660681324	0.8663990825688074	0.8654734411085451	0.7328675629194836	0.1012896223013006	0.0362201818156081	0.334099641020977	0.334099641020977			PASS		formal_runs/dlst_native_fixedfinal_fullmetric_20260623/06_metrics/DLST_NATIVE_FIXEDFINAL_FULL125_RAW_METRICS.tsv	
DLST-MDA	MDA	DLST-native	random	4	0.9281132953875936	0.9096274388868996	0.8684059633027523	0.8738664468260511	0.7395893225348887	0.1018332201871238	0.0330338582290772	0.3383481322781443	0.3383481322781443			PASS		formal_runs/dlst_native_fixedfinal_fullmetric_20260623/06_metrics/DLST_NATIVE_FIXEDFINAL_FULL125_RAW_METRICS.tsv	
DLST-MDA	MDA	DLST-native	random	5	0.9284710093847318	0.9136720227343806	0.862098623853211	0.8616623526028185	0.7242116533359465	0.10285570220874	0.0366705394414875	0.3397406993445525	0.3397406993445525			PASS		formal_runs/dlst_native_fixedfinal_fullmetric_20260623/06_metrics/DLST_NATIVE_FIXEDFINAL_FULL125_RAW_METRICS.tsv	
DLST-MDA	MDA	DLST-native	random	6	0.9290033062242234	0.910325135888093	0.8706995412844036	0.8748265334443519	0.7430162086285407	0.09978034545966	0.0297593489989377	0.3339456666088372	0.3339456666088372			PASS		formal_runs/dlst_native_fixedfinal_fullmetric_20260623/06_metrics/DLST_NATIVE_FIXEDFINAL_FULL125_RAW_METRICS.tsv	
DLST-MDA	MDA	DLST-native	random	7	0.930234263214376	0.9141542266402164	0.8340022935779816	0.852559205500382	0.6902299526827635	0.124106854778937	0.1184348165229285	0.4008874726226239	0.4008874726226239			PASS		formal_runs/dlst_native_fixedfinal_fullmetric_20260623/06_metrics/DLST_NATIVE_FIXEDFINAL_FULL125_RAW_METRICS.tsv	
DLST-MDA	MDA	DLST-native	random	8	0.9294096798459726	0.9179477725960058	0.8555045871559633	0.8668076109936576	0.7214767171921284	0.1071208817047796	0.060113939477268	0.3513371819652677	0.3513371819652677			PASS		formal_runs/dlst_native_fixedfinal_fullmetric_20260623/06_metrics/DLST_NATIVE_FIXEDFINAL_FULL125_RAW_METRICS.tsv	
DLST-MDA	MDA	DLST-native	random	9	0.930378269400724	0.9150231447014952	0.8595183486238532	0.8600799543118218	0.7190598661341424	0.1055461561824512	0.0421631700558405	0.3459806026458766	0.3459806026458766			PASS		formal_runs/dlst_native_fixedfinal_fullmetric_20260623/06_metrics/DLST_NATIVE_FIXEDFINAL_FULL125_RAW_METRICS.tsv	
DLST-MDA	MDA	DLST-native	random	10	0.9313126657057486	0.9185283464174404	0.8658256880733946	0.8744635193133047	0.7386792887489333	0.1026415898865668	0.0497671733205815	0.3404254970116589	0.3404254970116589			PASS		formal_runs/dlst_native_fixedfinal_fullmetric_20260623/06_metrics/DLST_NATIVE_FIXEDFINAL_FULL125_RAW_METRICS.tsv	
DLST-MDA	MDA	DLST-native	random	11	0.9329450645989396	0.9207332648765872	0.856651376146789	0.8668796592119276	0.7218770143091522	0.1067938994299856	0.0608239353260873	0.3481952616190077	0.3481952616190077			PASS		formal_runs/dlst_native_fixedfinal_fullmetric_20260623/06_metrics/DLST_NATIVE_FIXEDFINAL_FULL125_RAW_METRICS.tsv	
DLST-MDA	MDA	DLST-native	random	12	0.926786991835704	0.9115739958402616	0.8618119266055045	0.8613348676639816	0.7236409836239068	0.105823835749423	0.0396372963770789	0.3516064932072547	0.3516064932072547			PASS		formal_runs/dlst_native_fixedfinal_fullmetric_20260623/06_metrics/DLST_NATIVE_FIXEDFINAL_FULL125_RAW_METRICS.tsv	
DLST-MDA	MDA	DLST-native	random	13	0.9312605538780406	0.9126603033260356	0.8663990825688074	0.8739177489177489	0.7380662377187063	0.1011675541322396	0.0481964721143621	0.3386604796687636	0.3386604796687636			PASS		formal_runs/dlst_native_fixedfinal_fullmetric_20260623/06_metrics/DLST_NATIVE_FIXEDFINAL_FULL125_RAW_METRICS.tsv	
DLST-MDA	MDA	DLST-native	random	14	0.9308796608029628	0.9176016752391394	0.8603784403669725	0.8663923182441701	0.723695306236611	0.1019133386316838	0.0297838707358112	0.3351603018064036	0.3351603018064036			PASS		formal_runs/dlst_native_fixedfinal_fullmetric_20260623/06_metrics/DLST_NATIVE_FIXEDFINAL_FULL125_RAW_METRICS.tsv	
DLST-MDA	MDA	DLST-native	random	15	0.93279251010016	0.9147528016136938	0.8575114678899083	0.8678542940707259	0.7239476588630863	0.1098674055231988	0.0920659109684126	0.3671534525291068	0.3671534525291068			PASS		formal_runs/dlst_native_fixedfinal_fullmetric_20260623/06_metrics/DLST_NATIVE_FIXEDFINAL_FULL125_RAW_METRICS.tsv	
DLST-MDA	MDA	DLST-native	random	16	0.930615978242572	0.9177042183483384	0.8721330275229358	0.8787384448069603	0.7487226137312423	0.1002094211472918	0.0459450047102451	0.338019103042547	0.338019103042547			PASS		formal_runs/dlst_native_fixedfinal_fullmetric_20260623/06_metrics/DLST_NATIVE_FIXEDFINAL_FULL125_RAW_METRICS.tsv	
DLST-MDA	MDA	DLST-native	random	17	0.9334836082821312	0.9196261672070092	0.8666857798165137	0.8739495798319328	0.7382913473873381	0.1000949575757615	0.0428898480828689	0.3321847170757852	0.3321847170757852			PASS		formal_runs/dlst_native_fixedfinal_fullmetric_20260623/06_metrics/DLST_NATIVE_FIXEDFINAL_FULL125_RAW_METRICS.tsv	
DLST-MDA	MDA	DLST-native	random	18	0.9322454181045364	0.9183211226408832	0.8698394495412844	0.8747931605074463	0.7420055099970463	0.1003204036170714	0.0393735091678569	0.3347178747457444	0.3347178747457444			PASS		formal_runs/dlst_native_fixedfinal_fullmetric_20260623/06_metrics/DLST_NATIVE_FIXEDFINAL_FULL125_RAW_METRICS.tsv	
DLST-MDA	MDA	DLST-native	random	19	0.9310456953328844	0.9172015581183174	0.8678325688073395	0.876241610738255	0.7425535734995065	0.101736737404134	0.0470437820946878	0.3390326422005863	0.3390326422005863			PASS		formal_runs/dlst_native_fixedfinal_fullmetric_20260623/06_metrics/DLST_NATIVE_FIXEDFINAL_FULL125_RAW_METRICS.tsv	
DLST-MDA	MDA	DLST-native	random	20	0.9329786002861712	0.9183406062390442	0.8715596330275229	0.8736604624929498	0.743530559689262	0.0966221361223611	0.0145117523263602	0.3229012694223455	0.3229012694223455			PASS		formal_runs/dlst_native_fixedfinal_fullmetric_20260623/06_metrics/DLST_NATIVE_FIXEDFINAL_FULL125_RAW_METRICS.tsv	
DLST-MDA	MDA	DLST-native	random	21	0.935675099686474	0.923316211138624	0.8589449541284404	0.8668831168831169	0.7230508056524415	0.1026654452474894	0.056770321318304	0.3388580538504948	0.3388580538504948			PASS		formal_runs/dlst_native_fixedfinal_fullmetric_20260623/06_metrics/DLST_NATIVE_FIXEDFINAL_FULL125_RAW_METRICS.tsv	
DLST-MDA	MDA	DLST-native	random	22	0.9334326471887888	0.917896284521918	0.8758600917431193	0.8763210511282491	0.7517410686583069	0.0958645254964232	0.03607032775645	0.3233756642036364	0.3233756642036364			PASS		formal_runs/dlst_native_fixedfinal_fullmetric_20260623/06_metrics/DLST_NATIVE_FIXEDFINAL_FULL125_RAW_METRICS.tsv	
DLST-MDA	MDA	DLST-native	random	23	0.9392149229862804	0.9289019900564413	0.8755733944954128	0.8826392644672796	0.7566522644898719	0.0954729712947219	0.0362743286404186	0.3187912532449325	0.3187912532449325			PASS		formal_runs/dlst_native_fixedfinal_fullmetric_20260623/06_metrics/DLST_NATIVE_FIXEDFINAL_FULL125_RAW_METRICS.tsv	
DLST-MDA	MDA	DLST-native	random	24	0.9294977932202676	0.9115766235182208	0.8577981651376146	0.8694049499736703	0.727176423994021	0.1084737878129272	0.080800798529366	0.3600076663440543	0.3600076663440543			PASS		formal_runs/dlst_native_fixedfinal_fullmetric_20260623/06_metrics/DLST_NATIVE_FIXEDFINAL_FULL125_RAW_METRICS.tsv	
DLST-MDA	MDA	DLST-native	scaffold_cold	0	0.6575768408941486	0.6479587881324163	0.5987179487179487	0.4508771929824561	0.234303538488321	0.3051011747861433	0.2490903567223517	0.9779170780984884	0.9779170780984884			PASS		formal_runs/dlst_native_fixedfinal_fullmetric_20260623/06_metrics/DLST_NATIVE_FIXEDFINAL_FULL125_RAW_METRICS.tsv	
DLST-MDA	MDA	DLST-native	scaffold_cold	1	0.600664817016779	0.5425499097271317	0.5027586206896552	0.279240253248917	0.00703352883928	0.2979208517409125	0.2382462489729126	0.8148314607983759	0.8148314607983759			PASS		formal_runs/dlst_native_fixedfinal_fullmetric_20260623/06_metrics/DLST_NATIVE_FIXEDFINAL_FULL125_RAW_METRICS.tsv	
DLST-MDA	MDA	DLST-native	scaffold_cold	2	0.5899330561387978	0.557690961184186	0.5059676044330775	0.0660757453666398	0.035571052818056	0.4069427026943616	0.392095867894651	1.3716819810771586	1.3716819810771586			PASS		formal_runs/dlst_native_fixedfinal_fullmetric_20260623/06_metrics/DLST_NATIVE_FIXEDFINAL_FULL125_RAW_METRICS.tsv	
DLST-MDA	MDA	DLST-native	scaffold_cold	3	0.4100259513818408	0.4666663630729861	0.4870654810024252	0.2946081156197888	-0.0308700886438038	0.4083945243926493	0.3840410959814271	1.305695374606278	1.305695374606278			PASS		formal_runs/dlst_native_fixedfinal_fullmetric_20260623/06_metrics/DLST_NATIVE_FIXEDFINAL_FULL125_RAW_METRICS.tsv	
DLST-MDA	MDA	DLST-native	scaffold_cold	4	0.5064727566910575	0.476332251868108	0.461692739671079	0.1905910735826296	-0.1031882492897122	0.3422067939736388	0.2974166256376357	0.9466141273339916	0.9466141273339916			PASS		formal_runs/dlst_native_fixedfinal_fullmetric_20260623/06_metrics/DLST_NATIVE_FIXEDFINAL_FULL125_RAW_METRICS.tsv	
DLST-MDA	MDA	DLST-native	scaffold_cold	5	0.5591755434111709	0.543302314467125	0.514426125554851	0.1408134642356241	0.0584527458895837	0.3893610646055468	0.3525371064952993	1.216945865794555	1.216945865794555			PASS		formal_runs/dlst_native_fixedfinal_fullmetric_20260623/06_metrics/DLST_NATIVE_FIXEDFINAL_FULL125_RAW_METRICS.tsv	
DLST-MDA	MDA	DLST-native	scaffold_cold	6	0.5453940825237023	0.4799421387227458	0.4495347172512526	0.0178799489144316	-0.211695246593451	0.4178554633120082	0.423939546472183	1.2130786797001578	1.2130786797001578			PASS		formal_runs/dlst_native_fixedfinal_fullmetric_20260623/06_metrics/DLST_NATIVE_FIXEDFINAL_FULL125_RAW_METRICS.tsv	
DLST-MDA	MDA	DLST-native	scaffold_cold	7	0.4734521830285305	0.4465928641691113	0.4356589147286822	0.1820224719101123	-0.1640351442882405	0.382257716790638	0.3506701902560986	1.0769031002403286	1.0769031002403286			PASS		formal_runs/dlst_native_fixedfinal_fullmetric_20260623/06_metrics/DLST_NATIVE_FIXEDFINAL_FULL125_RAW_METRICS.tsv	
DLST-MDA	MDA	DLST-native	scaffold_cold	8	0.650740781286539	0.6250554487970367	0.5455032119914347	0.3597285067873303	0.111746187099547	0.3023938562998546	0.2475190983900234	0.8572079990616683	0.8572079990616683			PASS		formal_runs/dlst_native_fixedfinal_fullmetric_20260623/06_metrics/DLST_NATIVE_FIXEDFINAL_FULL125_RAW_METRICS.tsv	
DLST-MDA	MDA	DLST-native	scaffold_cold	9	0.497557291989584	0.5203218229457502	0.5258366141732284	0.2510687912942091	0.0760561513127313	0.3984264119072169	0.3739573144834941	1.347172418280703	1.347172418280703			PASS		formal_runs/dlst_native_fixedfinal_fullmetric_20260623/06_metrics/DLST_NATIVE_FIXEDFINAL_FULL125_RAW_METRICS.tsv	
DLST-MDA	MDA	DLST-native	scaffold_cold	10	0.6846523147031469	0.6901434738286796	0.6509587923296614	0.5318741450068399	0.3506993999971073	0.2723277181448995	0.2357117606744722	0.877415949015975	0.877415949015975			PASS		formal_runs/dlst_native_fixedfinal_fullmetric_20260623/06_metrics/DLST_NATIVE_FIXEDFINAL_FULL125_RAW_METRICS.tsv	
DLST-MDA	MDA	DLST-native	scaffold_cold	11	0.5746422141253211	0.549556786222634	0.5269865067466267	0.3260946956212175	0.0672280662225713	0.3441774681611976	0.3213601171417264	1.219665446491717	1.219665446491717			PASS		formal_runs/dlst_native_fixedfinal_fullmetric_20260623/06_metrics/DLST_NATIVE_FIXEDFINAL_FULL125_RAW_METRICS.tsv	
DLST-MDA	MDA	DLST-native	scaffold_cold	12	0.6378525672463654	0.5797885150096911	0.4934676102340773	0.1506161570059333	-0.0221381114173918	0.3081654705404097	0.2785791234621776	0.8549023667340059	0.8549023667340059			PASS		formal_runs/dlst_native_fixedfinal_fullmetric_20260623/06_metrics/DLST_NATIVE_FIXEDFINAL_FULL125_RAW_METRICS.tsv	
DLST-MDA	MDA	DLST-native	scaffold_cold	13	0.5391284656632378	0.4952102839052944	0.4865863141524105	0.1355155482815057	-0.0459870947661826	0.4051053504493707	0.3765604365313778	1.2753256267371194	1.2753256267371194			PASS		formal_runs/dlst_native_fixedfinal_fullmetric_20260623/06_metrics/DLST_NATIVE_FIXEDFINAL_FULL125_RAW_METRICS.tsv	
DLST-MDA	MDA	DLST-native	scaffold_cold	14	0.6126804308010358	0.5606556832594146	0.6363636363636364	0.6039963669391463	0.2764459185186659	0.2738591084133641	0.1886464997939998	0.835630680928031	0.835630680928031			PASS		formal_runs/dlst_native_fixedfinal_fullmetric_20260623/06_metrics/DLST_NATIVE_FIXEDFINAL_FULL125_RAW_METRICS.tsv	
DLST-MDA	MDA	DLST-native	scaffold_cold	15	0.6003454451499644	0.5451140083272211	0.4953917050691244	0.0836820083682008	-0.0210072907950783	0.3410959892499365	0.3080308185765139	0.9691396899916572	0.9691396899916572			PASS		formal_runs/dlst_native_fixedfinal_fullmetric_20260623/06_metrics/DLST_NATIVE_FIXEDFINAL_FULL125_RAW_METRICS.tsv	
DLST-MDA	MDA	DLST-native	scaffold_cold	16	0.67407958984375	0.6336432811707192	0.6125	0.5294117647058824	0.2404935180876877	0.264115605637596	0.1771590245829429	0.7664748561000206	0.7664748561000206			PASS		formal_runs/dlst_native_fixedfinal_fullmetric_20260623/06_metrics/DLST_NATIVE_FIXEDFINAL_FULL125_RAW_METRICS.tsv	
DLST-MDA	MDA	DLST-native	scaffold_cold	17	0.5674753523363402	0.5332189428214745	0.4906703524533518	0.1066666666666666	-0.0365307758796832	0.3591361556012585	0.3292739680677308	1.1381505685452395	1.1381505685452395			PASS		formal_runs/dlst_native_fixedfinal_fullmetric_20260623/06_metrics/DLST_NATIVE_FIXEDFINAL_FULL125_RAW_METRICS.tsv	
DLST-MDA	MDA	DLST-native	scaffold_cold	18	0.5233929509303722	0.4950467947208521	0.4950105042016807	0.2635005744925316	-0.0128319604072575	0.3912669015967455	0.3664672481591428	1.177730816557364	1.177730816557364			PASS		formal_runs/dlst_native_fixedfinal_fullmetric_20260623/06_metrics/DLST_NATIVE_FIXEDFINAL_FULL125_RAW_METRICS.tsv	
DLST-MDA	MDA	DLST-native	scaffold_cold	19	0.5915002837256551	0.5284903461084929	0.4556772908366533	0.0713678844519966	-0.1579606531347695	0.4071285397251599	0.4197110530827102	1.1938546775517425	1.1938546775517425			PASS		formal_runs/dlst_native_fixedfinal_fullmetric_20260623/06_metrics/DLST_NATIVE_FIXEDFINAL_FULL125_RAW_METRICS.tsv	
DLST-MDA	MDA	DLST-native	scaffold_cold	20	0.6654620632927197	0.6240826100305125	0.5685636856368563	0.396969696969697	0.1667679817192225	0.2878499942412478	0.2349932182963867	0.8159923667882576	0.8159923667882576			PASS		formal_runs/dlst_native_fixedfinal_fullmetric_20260623/06_metrics/DLST_NATIVE_FIXEDFINAL_FULL125_RAW_METRICS.tsv	
DLST-MDA	MDA	DLST-native	scaffold_cold	21	0.4617085486859198	0.4587682471821285	0.4735472679965308	0.1402266288951841	-0.0837762722043825	0.3965226066654684	0.3548019076420878	1.2299920471000387	1.2299920471000387			PASS		formal_runs/dlst_native_fixedfinal_fullmetric_20260623/06_metrics/DLST_NATIVE_FIXEDFINAL_FULL125_RAW_METRICS.tsv	
DLST-MDA	MDA	DLST-native	scaffold_cold	22	0.6397813744341323	0.558791242168501	0.4673151750972762	0.0352360817477096	-0.1470240036280483	0.3576310463312306	0.3609527144520381	1.0443842057427808	1.0443842057427808			PASS		formal_runs/dlst_native_fixedfinal_fullmetric_20260623/06_metrics/DLST_NATIVE_FIXEDFINAL_FULL125_RAW_METRICS.tsv	
DLST-MDA	MDA	DLST-native	scaffold_cold	23	0.6984573111661545	0.6338583573191121	0.5250121418164158	0.185	0.0907583397699277	0.3039827907020964	0.2778760456590224	0.8605666005308018	0.8605666005308018			PASS		formal_runs/dlst_native_fixedfinal_fullmetric_20260623/06_metrics/DLST_NATIVE_FIXEDFINAL_FULL125_RAW_METRICS.tsv	
DLST-MDA	MDA	DLST-native	scaffold_cold	24	0.5390915239563887	0.5885571126870649	0.590990990990991	0.4692127825409197	0.2048172239989219	0.3233865205051048	0.2442610774474504	1.0018628655991495	1.0018628655991495			PASS		formal_runs/dlst_native_fixedfinal_fullmetric_20260623/06_metrics/DLST_NATIVE_FIXEDFINAL_FULL125_RAW_METRICS.tsv	
DLST-MDA	MDA	DLST-native	strict_cold	0	0.58175310181182	0.5301910827914137	0.4663677130044843	0.1185185185185185	-0.1095357489916002	0.3601530630266895	0.3488917724049813	1.0135413468023704	1.0135413468023704			PASS		formal_runs/dlst_native_fixedfinal_fullmetric_20260623/06_metrics/DLST_NATIVE_FIXEDFINAL_FULL125_RAW_METRICS.tsv	
DLST-MDA	MDA	DLST-native	strict_cold	1	0.5524356139438086	0.5001574304388263	0.4959677419354839	0.1776315789473684	-0.0127411797859406	0.3635934373121002	0.3287505714312916	1.0268096168641698	1.0268096168641698			PASS		formal_runs/dlst_native_fixedfinal_fullmetric_20260623/06_metrics/DLST_NATIVE_FIXEDFINAL_FULL125_RAW_METRICS.tsv	
DLST-MDA	MDA	DLST-native	strict_cold	2	0.5743939613877196	0.5520293543653738	0.5220883534136547	0.45662100456621	0.045517934166458	0.2818487968831172	0.1921843105336149	0.7750689451577385	0.7750689451577385			PASS		formal_runs/dlst_native_fixedfinal_fullmetric_20260623/06_metrics/DLST_NATIVE_FIXEDFINAL_FULL125_RAW_METRICS.tsv	
DLST-MDA	MDA	DLST-native	strict_cold	3	0.6776438442791901	0.6383725576904831	0.5397236614853195	0.2566248256624825	0.1226078290263802	0.3260592442552488	0.2995443320304351	1.004206804718486	1.004206804718486			PASS		formal_runs/dlst_native_fixedfinal_fullmetric_20260623/06_metrics/DLST_NATIVE_FIXEDFINAL_FULL125_RAW_METRICS.tsv	
DLST-MDA	MDA	DLST-native	strict_cold	4	0.4197293257713806	0.4358377616842656	0.4434389140271493	0.0120481927710843	-0.2321992552397303	0.4460886453701812	0.4415787793748603	1.4765418228440417	1.4765418228440417			PASS		formal_runs/dlst_native_fixedfinal_fullmetric_20260623/06_metrics/DLST_NATIVE_FIXEDFINAL_FULL125_RAW_METRICS.tsv	
DLST-MDA	MDA	DLST-native	strict_cold	5	0.4374710820278935	0.4872250866336436	0.4451219512195122	0.1547987616099071	-0.1510408264247325	0.3980189451431007	0.3908895737514263	1.1403148373657248	1.1403148373657248			PASS		formal_runs/dlst_native_fixedfinal_fullmetric_20260623/06_metrics/DLST_NATIVE_FIXEDFINAL_FULL125_RAW_METRICS.tsv	
DLST-MDA	MDA	DLST-native	strict_cold	6	0.588948439794893	0.5435177955738227	0.5038071065989848	0.1871101871101871	0.0121479394742247	0.3537544976060651	0.3325767153631754	1.057322659880107	1.057322659880107			PASS		formal_runs/dlst_native_fixedfinal_fullmetric_20260623/06_metrics/DLST_NATIVE_FIXEDFINAL_FULL125_RAW_METRICS.tsv	
DLST-MDA	MDA	DLST-native	strict_cold	7	0.7214675855757957	0.6722560961423625	0.660427807486631	0.6186186186186187	0.3288572335054213	0.2394854484598982	0.1571805527219598	0.7341181856342055	0.7341181856342055			PASS		formal_runs/dlst_native_fixedfinal_fullmetric_20260623/06_metrics/DLST_NATIVE_FIXEDFINAL_FULL125_RAW_METRICS.tsv	
DLST-MDA	MDA	DLST-native	strict_cold	8	0.5259800295857988	0.543964834169605	0.5288461538461539	0.1764705882352941	0.1115133765994993	0.3951701271455351	0.3597949229003391	1.3560823215001316	1.3560823215001316			PASS		formal_runs/dlst_native_fixedfinal_fullmetric_20260623/06_metrics/DLST_NATIVE_FIXEDFINAL_FULL125_RAW_METRICS.tsv	
DLST-MDA	MDA	DLST-native	strict_cold	9	0.6516213032426065	0.6127266090664231	0.484251968503937	0.1656050955414012	-0.0487950036474266	0.3160227274695851	0.3215541509777586	0.94734091194909	0.94734091194909			PASS		formal_runs/dlst_native_fixedfinal_fullmetric_20260623/06_metrics/DLST_NATIVE_FIXEDFINAL_FULL125_RAW_METRICS.tsv	
DLST-MDA	MDA	DLST-native	strict_cold	10	0.5814285714285715	0.5739500339669056	0.5642857142857143	0.2988505747126437	0.1968183075783129	0.3762119866625297	0.3480983748017544	1.3090050635101005	1.3090050635101005			PASS		formal_runs/dlst_native_fixedfinal_fullmetric_20260623/06_metrics/DLST_NATIVE_FIXEDFINAL_FULL125_RAW_METRICS.tsv	
DLST-MDA	MDA	DLST-native	strict_cold	11	0.6657192288680178	0.5950316885494352	0.5010504201680672	0.1441441441441441	0.0038078456188115	0.3591930493277679	0.3589688014777615	1.1183118596735535	1.1183118596735535			PASS		formal_runs/dlst_native_fixedfinal_fullmetric_20260623/06_metrics/DLST_NATIVE_FIXEDFINAL_FULL125_RAW_METRICS.tsv	
DLST-MDA	MDA	DLST-native	strict_cold	12	0.7089435351241287	0.7067996987017802	0.6504424778761062	0.5269461077844312	0.3527912569399912	0.2743734859043321	0.244251743729115	0.8655121629200374	0.8655121629200374			PASS		formal_runs/dlst_native_fixedfinal_fullmetric_20260623/06_metrics/DLST_NATIVE_FIXEDFINAL_FULL125_RAW_METRICS.tsv	
DLST-MDA	MDA	DLST-native	strict_cold	13	0.5785680529300568	0.5391714499266821	0.5258152173913043	0.2462203023758099	0.0769950461360026	0.3779891811114648	0.352924160495446	1.1776397192092445	1.1776397192092445			PASS		formal_runs/dlst_native_fixedfinal_fullmetric_20260623/06_metrics/DLST_NATIVE_FIXEDFINAL_FULL125_RAW_METRICS.tsv	
DLST-MDA	MDA	DLST-native	strict_cold	14	0.6430152747470741	0.5691058569980392	0.476056338028169	0.0106382978723404	-0.1413284718479225	0.4315617976176029	0.4441839511565287	1.4455550133340962	1.4455550133340962			PASS		formal_runs/dlst_native_fixedfinal_fullmetric_20260623/06_metrics/DLST_NATIVE_FIXEDFINAL_FULL125_RAW_METRICS.tsv	
DLST-MDA	MDA	DLST-native	strict_cold	15	0.5147445772393626	0.4730557439768658	0.4800285306704707	0.3655352480417754	-0.0428296807291705	0.2955712392429759	0.2053340305169027	0.7991962562308282	0.7991962562308282			PASS		formal_runs/dlst_native_fixedfinal_fullmetric_20260623/06_metrics/DLST_NATIVE_FIXEDFINAL_FULL125_RAW_METRICS.tsv	
DLST-MDA	MDA	DLST-native	strict_cold	16	0.6384318499432264	0.5803132650939782	0.5560747663551402	0.418960244648318	0.1272086791082083	0.2913359815603853	0.2247243101010098	0.8192128965266081	0.8192128965266081			PASS		formal_runs/dlst_native_fixedfinal_fullmetric_20260623/06_metrics/DLST_NATIVE_FIXEDFINAL_FULL125_RAW_METRICS.tsv	
DLST-MDA	MDA	DLST-native	strict_cold	17	0.7654628027681661	0.7472613348078425	0.7132352941176471	0.6422018348623854	0.4646696066980927	0.2528372411452468	0.2486627604384386	0.8287525546630445	0.8287525546630445			PASS		formal_runs/dlst_native_fixedfinal_fullmetric_20260623/06_metrics/DLST_NATIVE_FIXEDFINAL_FULL125_RAW_METRICS.tsv	
DLST-MDA	MDA	DLST-native	strict_cold	18	0.4807874936080065	0.496098803054215	0.5042735042735043	0.064516129032258	0.0250863831692822	0.4150903292664116	0.4073195161982479	1.3465145379978367	1.3465145379978367			PASS		formal_runs/dlst_native_fixedfinal_fullmetric_20260623/06_metrics/DLST_NATIVE_FIXEDFINAL_FULL125_RAW_METRICS.tsv	
DLST-MDA	MDA	DLST-native	strict_cold	19	0.5828188928566265	0.5495188384360657	0.6007604562737643	0.5643153526970954	0.2044017569283355	0.2953279125116149	0.175423819548716	0.9486141305302382	0.9486141305302382			PASS		formal_runs/dlst_native_fixedfinal_fullmetric_20260623/06_metrics/DLST_NATIVE_FIXEDFINAL_FULL125_RAW_METRICS.tsv	
DLST-MDA	MDA	DLST-native	strict_cold	20	0.5092065070218013	0.5399814805614012	0.4923273657289002	0.279491833030853	-0.0190193673502865	0.3378012835528154	0.2802506190798509	0.9874743848476434	0.9874743848476434			PASS		formal_runs/dlst_native_fixedfinal_fullmetric_20260623/06_metrics/DLST_NATIVE_FIXEDFINAL_FULL125_RAW_METRICS.tsv	
DLST-MDA	MDA	DLST-native	strict_cold	21	0.6358967576979877	0.606934360431062	0.5993740219092332	0.5169811320754717	0.2114327517505748	0.2887724197306477	0.2087740217541753	0.8748288810062244	0.8748288810062244			PASS		formal_runs/dlst_native_fixedfinal_fullmetric_20260623/06_metrics/DLST_NATIVE_FIXEDFINAL_FULL125_RAW_METRICS.tsv	
DLST-MDA	MDA	DLST-native	strict_cold	22	0.6734491577507419	0.6137769008960635	0.5681233933161953	0.4473684210526316	0.1514774230464113	0.2689296495058638	0.2090453530199691	0.7674314777724625	0.7674314777724625			PASS		formal_runs/dlst_native_fixedfinal_fullmetric_20260623/06_metrics/DLST_NATIVE_FIXEDFINAL_FULL125_RAW_METRICS.tsv	
DLST-MDA	MDA	DLST-native	strict_cold	23	0.4806881430258053	0.4989546924181224	0.5357142857142857	0.2885572139303483	0.0993169793894458	0.386200663837248	0.3451608721967141	1.217539812435139	1.217539812435139			PASS		formal_runs/dlst_native_fixedfinal_fullmetric_20260623/06_metrics/DLST_NATIVE_FIXEDFINAL_FULL125_RAW_METRICS.tsv	
DLST-MDA	MDA	DLST-native	strict_cold	24	0.453145524488647	0.4785526452286862	0.5205479452054794	0.3203883495145631	0.0508547627715607	0.37265338521329	0.3051991559196684	1.2299734381872651	1.2299734381872651			PASS		formal_runs/dlst_native_fixedfinal_fullmetric_20260623/06_metrics/DLST_NATIVE_FIXEDFINAL_FULL125_RAW_METRICS.tsv	
MPHGNN	MDA	native	random	0	0.948281707690666	0.946254330848598	0.8812615955473099	0.8863232682060391	0.765564920650563	0.0904503006614403	0.0426623787566136	0.3005624161141184				PASS	result/B-dataset/audit_adapted_fixedtest_random_seed0/audit_predictions/MPHGNN_STRICT_random_seed0_predictions.tsv	formal_runs/native_mda_audit_20260601/MPHGNN_STRICT_FORMAL_GUARD_20260614/table_exports/MPHGNN_ADAPTED_FIXEDTEST_E10_FULL25_raw_metrics.tsv	loss unavailable; not imputed
MPHGNN	MDA	native	random	1	0.947877261884683	0.9464827325870422	0.87569573283859	0.877848678213309	0.7518587389100656	0.0897437354444027	0.0153411896784601	0.2933245271499678				PASS	result/B-dataset/audit_adapted_fixedtest_random_seed1/audit_predictions/MPHGNN_STRICT_random_seed1_predictions.tsv	formal_runs/native_mda_audit_20260601/MPHGNN_STRICT_FORMAL_GUARD_20260614/table_exports/MPHGNN_ADAPTED_FIXEDTEST_E10_FULL25_raw_metrics.tsv	loss unavailable; not imputed
MPHGNN	MDA	native	random	2	0.9505440226351968	0.9487462926243864	0.8794063079777366	0.8816029143897997	0.759335536561504	0.0875160166035718	0.0227567409034263	0.289871696434425				PASS	result/B-dataset/audit_adapted_fixedtest_random_seed2/audit_predictions/MPHGNN_STRICT_random_seed2_predictions.tsv	formal_runs/native_mda_audit_20260601/MPHGNN_STRICT_FORMAL_GUARD_20260614/table_exports/MPHGNN_ADAPTED_FIXEDTEST_E10_FULL25_raw_metrics.tsv	loss unavailable; not imputed
MPHGNN	MDA	native	random	3	0.9496378919251964	0.9475715758686996	0.884508348794063	0.8871771635704577	0.7698787593635529	0.0867901872548919	0.0202134475203214	0.2895856443957299				PASS	result/B-dataset/audit_adapted_fixedtest_random_seed3/audit_predictions/MPHGNN_STRICT_random_seed3_predictions.tsv	formal_runs/native_mda_audit_20260601/MPHGNN_STRICT_FORMAL_GUARD_20260614/table_exports/MPHGNN_ADAPTED_FIXEDTEST_E10_FULL25_raw_metrics.tsv	loss unavailable; not imputed
MPHGNN	MDA	native	random	4	0.9510525917231456	0.9493732825303346	0.8812615955473099	0.8809302325581395	0.76253500240632	0.0865948745010952	0.0223166529875232	0.2839671325470991				PASS	result/B-dataset/audit_adapted_fixedtest_random_seed4/audit_predictions/MPHGNN_STRICT_random_seed4_predictions.tsv	formal_runs/native_mda_audit_20260601/MPHGNN_STRICT_FORMAL_GUARD_20260614/table_exports/MPHGNN_ADAPTED_FIXEDTEST_E10_FULL25_raw_metrics.tsv	loss unavailable; not imputed
MPHGNN	MDA	native	random	5	0.9484477886280164	0.9461600871349168	0.87708719851577	0.8752941176470588	0.7544864275812223	0.0904960400335104	0.0330771579982914	0.2953829062271144				PASS	result/B-dataset/audit_adapted_fixedtest_random_seed5/audit_predictions/MPHGNN_STRICT_random_seed5_predictions.tsv	formal_runs/native_mda_audit_20260601/MPHGNN_STRICT_FORMAL_GUARD_20260614/table_exports/MPHGNN_ADAPTED_FIXEDTEST_E10_FULL25_raw_metrics.tsv	loss unavailable; not imputed
MPHGNN	MDA	native	random	6	0.9501318321222908	0.9488915702839296	0.864100185528757	0.8555938886150813	0.7333070744943381	0.0983476532646182	0.0668024469421261	0.3156922391897416				PASS	result/B-dataset/audit_adapted_fixedtest_random_seed6/audit_predictions/MPHGNN_STRICT_random_seed6_predictions.tsv	formal_runs/native_mda_audit_20260601/MPHGNN_STRICT_FORMAL_GUARD_20260614/table_exports/MPHGNN_ADAPTED_FIXEDTEST_E10_FULL25_raw_metrics.tsv	loss unavailable; not imputed
MPHGNN	MDA	native	random	7	0.9517444522082742	0.950234935686168	0.8863636363636364	0.889689329131022	0.7741358206934704	0.0858097521179625	0.0348123092159947	0.2883101681696715				PASS	result/B-dataset/audit_adapted_fixedtest_random_seed7/audit_predictions/MPHGNN_STRICT_random_seed7_predictions.tsv	formal_runs/native_mda_audit_20260601/MPHGNN_STRICT_FORMAL_GUARD_20260614/table_exports/MPHGNN_ADAPTED_FIXEDTEST_E10_FULL25_raw_metrics.tsv	loss unavailable; not imputed
MPHGNN	MDA	native	random	8	0.949248075010068	0.9469228123556904	0.87291280148423	0.8697718631178707	0.7466948338999209	0.0919522229488717	0.0439618396050249	0.2991151589579727				PASS	result/B-dataset/audit_adapted_fixedtest_random_seed8/audit_predictions/MPHGNN_STRICT_random_seed8_predictions.tsv	formal_runs/native_mda_audit_20260601/MPHGNN_STRICT_FORMAL_GUARD_20260614/table_exports/MPHGNN_ADAPTED_FIXEDTEST_E10_FULL25_raw_metrics.tsv	loss unavailable; not imputed
MPHGNN	MDA	native	random	9	0.9500475008691284	0.9480601996158592	0.8798701298701299	0.8802588996763754	0.7597562777088628	0.0872156836274796	0.0207755117246696	0.2863835519814844				PASS	result/B-dataset/audit_adapted_fixedtest_random_seed9/audit_predictions/MPHGNN_STRICT_random_seed9_predictions.tsv	formal_runs/native_mda_audit_20260601/MPHGNN_STRICT_FORMAL_GUARD_20260614/table_exports/MPHGNN_ADAPTED_FIXEDTEST_E10_FULL25_raw_metrics.tsv	loss unavailable; not imputed
MPHGNN	MDA	native	random	10	0.9503985942496412	0.9493295760375796	0.8854359925788498	0.8857010643220731	0.770880277204824	0.0871848243588584	0.027884755230948	0.286711189718334				PASS	result/B-dataset/audit_adapted_fixedtest_random_seed10/audit_predictions/MPHGNN_STRICT_random_seed10_predictions.tsv	formal_runs/native_mda_audit_20260601/MPHGNN_STRICT_FORMAL_GUARD_20260614/table_exports/MPHGNN_ADAPTED_FIXEDTEST_E10_FULL25_raw_metrics.tsv	loss unavailable; not imputed
MPHGNN	MDA	native	random	11	0.9503056577665644	0.9489074208235307	0.8812615955473099	0.8840579710144928	0.7634118824200683	0.0874842374052296	0.0204926398151328	0.2860960356608696				PASS	result/B-dataset/audit_adapted_fixedtest_random_seed11/audit_predictions/MPHGNN_STRICT_random_seed11_predictions.tsv	formal_runs/native_mda_audit_20260601/MPHGNN_STRICT_FORMAL_GUARD_20260614/table_exports/MPHGNN_ADAPTED_FIXEDTEST_E10_FULL25_raw_metrics.tsv	loss unavailable; not imputed
MPHGNN	MDA	native	random	12	0.9490295021702392	0.9468637247767592	0.8835807050092764	0.8876957494407159	0.7692297742853107	0.0887334876447934	0.0371332648488846	0.2972502603803075				PASS	result/B-dataset/audit_adapted_fixedtest_random_seed12/audit_predictions/MPHGNN_STRICT_random_seed12_predictions.tsv	formal_runs/native_mda_audit_20260601/MPHGNN_STRICT_FORMAL_GUARD_20260614/table_exports/MPHGNN_ADAPTED_FIXEDTEST_E10_FULL25_raw_metrics.tsv	loss unavailable; not imputed
MPHGNN	MDA	native	random	13	0.9460770477865628	0.9446131517745444	0.8692022263450835	0.8666035950804163	0.7389655266935515	0.0941294380730004	0.0320540256681366	0.3024780015060293				PASS	result/B-dataset/audit_adapted_fixedtest_random_seed13/audit_predictions/MPHGNN_STRICT_random_seed13_predictions.tsv	formal_runs/native_mda_audit_20260601/MPHGNN_STRICT_FORMAL_GUARD_20260614/table_exports/MPHGNN_ADAPTED_FIXEDTEST_E10_FULL25_raw_metrics.tsv	loss unavailable; not imputed
MPHGNN	MDA	native	random	14	0.9508589740500688	0.9493321540086778	0.8817254174397031	0.8839326354119252	0.7640036154261319	0.0869279684948554	0.0295941269155931	0.2905845775864092				PASS	result/B-dataset/audit_adapted_fixedtest_random_seed14/audit_predictions/MPHGNN_STRICT_random_seed14_predictions.tsv	formal_runs/native_mda_audit_20260601/MPHGNN_STRICT_FORMAL_GUARD_20260614/table_exports/MPHGNN_ADAPTED_FIXEDTEST_E10_FULL25_raw_metrics.tsv	loss unavailable; not imputed
MPHGNN	MDA	native	random	15	0.9503581496690428	0.9482393076983286	0.8724489795918368	0.8673420164013507	0.7471157553985993	0.0928031868403068	0.0482083640369311	0.2994823235563876				PASS	result/B-dataset/audit_adapted_fixedtest_random_seed15/audit_predictions/MPHGNN_STRICT_random_seed15_predictions.tsv	formal_runs/native_mda_audit_20260601/MPHGNN_STRICT_FORMAL_GUARD_20260614/table_exports/MPHGNN_ADAPTED_FIXEDTEST_E10_FULL25_raw_metrics.tsv	loss unavailable; not imputed
MPHGNN	MDA	native	random	16	0.9500079168115214	0.9476977089056507	0.8794063079777366	0.8818181818181818	0.7594454873048131	0.0878019918414377	0.0296991629585306	0.2926067455214508				PASS	result/B-dataset/audit_adapted_fixedtest_random_seed16/audit_predictions/MPHGNN_STRICT_random_seed16_predictions.tsv	formal_runs/native_mda_audit_20260601/MPHGNN_STRICT_FORMAL_GUARD_20260614/table_exports/MPHGNN_ADAPTED_FIXEDTEST_E10_FULL25_raw_metrics.tsv	loss unavailable; not imputed
MPHGNN	MDA	native	random	17	0.9513942193507524	0.949914936619371	0.8868274582560297	0.8886861313868614	0.7740866822891117	0.0855704542990988	0.0269780029799872	0.2910146702607842				PASS	result/B-dataset/audit_adapted_fixedtest_random_seed17/audit_predictions/MPHGNN_STRICT_random_seed17_predictions.tsv	formal_runs/native_mda_audit_20260601/MPHGNN_STRICT_FORMAL_GUARD_20260614/table_exports/MPHGNN_ADAPTED_FIXEDTEST_E10_FULL25_raw_metrics.tsv	loss unavailable; not imputed
MPHGNN	MDA	native	random	18	0.9502333738352822	0.9487300504025012	0.8673469387755102	0.8778821520068317	0.7458804384263522	0.0988419611942653	0.088600572471201	0.3434686578307218				PASS	result/B-dataset/audit_adapted_fixedtest_random_seed18/audit_predictions/MPHGNN_STRICT_random_seed18_predictions.tsv	formal_runs/native_mda_audit_20260601/MPHGNN_STRICT_FORMAL_GUARD_20260614/table_exports/MPHGNN_ADAPTED_FIXEDTEST_E10_FULL25_raw_metrics.tsv	loss unavailable; not imputed
MPHGNN	MDA	native	random	19	0.944995370386306	0.9412290454991352	0.8733766233766234	0.8775235531628535	0.7484713613911054	0.0916745404251735	0.0332192996206238	0.3062523394631935				PASS	result/B-dataset/audit_adapted_fixedtest_random_seed19/audit_predictions/MPHGNN_STRICT_random_seed19_predictions.tsv	formal_runs/native_mda_audit_20260601/MPHGNN_STRICT_FORMAL_GUARD_20260614/table_exports/MPHGNN_ADAPTED_FIXEDTEST_E10_FULL25_raw_metrics.tsv	loss unavailable; not imputed
MPHGNN	MDA	native	random	20	0.9514630611900688	0.9503163065316728	0.8752319109461967	0.8724513987671882	0.7511781169754498	0.0889956895748174	0.035947165194437	0.2906104392216032				PASS	result/B-dataset/audit_adapted_fixedtest_random_seed20/audit_predictions/MPHGNN_STRICT_random_seed20_predictions.tsv	formal_runs/native_mda_audit_20260601/MPHGNN_STRICT_FORMAL_GUARD_20260614/table_exports/MPHGNN_ADAPTED_FIXEDTEST_E10_FULL25_raw_metrics.tsv	loss unavailable; not imputed
MPHGNN	MDA	native	random	21	0.9479504063389566	0.94642081913747	0.87708719851577	0.8756452369779447	0.7543772865023315	0.0898150304906955	0.0284038759072109	0.2937386591278529				PASS	result/B-dataset/audit_adapted_fixedtest_random_seed21/audit_predictions/MPHGNN_STRICT_random_seed21_predictions.tsv	formal_runs/native_mda_audit_20260601/MPHGNN_STRICT_FORMAL_GUARD_20260614/table_exports/MPHGNN_ADAPTED_FIXEDTEST_E10_FULL25_raw_metrics.tsv	loss unavailable; not imputed
MPHGNN	MDA	native	random	22	0.9463214363161356	0.9438306525096252	0.8761595547309833	0.8739971684756961	0.7527626383880033	0.09229477301357	0.0303484387369653	0.2997269296999073				PASS	result/B-dataset/audit_adapted_fixedtest_random_seed22/audit_predictions/MPHGNN_STRICT_random_seed22_predictions.tsv	formal_runs/native_mda_audit_20260601/MPHGNN_STRICT_FORMAL_GUARD_20260614/table_exports/MPHGNN_ADAPTED_FIXEDTEST_E10_FULL25_raw_metrics.tsv	loss unavailable; not imputed
MPHGNN	MDA	native	random	23	0.9491895594466492	0.9473532904287064	0.8803339517625232	0.8827272727272727	0.7613023222370987	0.0875718007931859	0.0249726106059574	0.2885398199322256				PASS	result/B-dataset/audit_adapted_fixedtest_random_seed23/audit_predictions/MPHGNN_STRICT_random_seed23_predictions.tsv	formal_runs/native_mda_audit_20260601/MPHGNN_STRICT_FORMAL_GUARD_20260614/table_exports/MPHGNN_ADAPTED_FIXEDTEST_E10_FULL25_raw_metrics.tsv	loss unavailable; not imputed
MPHGNN	MDA	native	random	24	0.9488100688074184	0.9475628032261856	0.8724489795918368	0.8698532891623284	0.7454912734802708	0.0915567719933928	0.0316805588020733	0.2956245142865044				PASS	result/B-dataset/audit_adapted_fixedtest_random_seed24/audit_predictions/MPHGNN_STRICT_random_seed24_predictions.tsv	formal_runs/native_mda_audit_20260601/MPHGNN_STRICT_FORMAL_GUARD_20260614/table_exports/MPHGNN_ADAPTED_FIXEDTEST_E10_FULL25_raw_metrics.tsv	loss unavailable; not imputed
MPHGNN	MDA	native	mirna_cold	0	0.9259302126200276	0.9290961390922328	0.5990740740740741	0.3358895705521472	0.3249653736889706	0.3105101891789789	0.3678492813877878	1.1058464331205082				PASS	result/B-dataset/audit_adapted_fixedtest_mirna_cold_seed0/audit_predictions/MPHGNN_STRICT_mirna_cold_seed0_predictions.tsv	formal_runs/native_mda_audit_20260601/MPHGNN_STRICT_FORMAL_GUARD_20260614/table_exports/MPHGNN_ADAPTED_FIXEDTEST_E10_FULL25_raw_metrics.tsv	loss unavailable; not imputed
MPHGNN	MDA	native	mirna_cold	1	0.9248911179698216	0.92894146960929	0.6523148148148148	0.4737210932025227	0.4147938021218279	0.2757871366256047	0.3307017975844179	1.0473028106721198				PASS	result/B-dataset/audit_adapted_fixedtest_mirna_cold_seed1/audit_predictions/MPHGNN_STRICT_mirna_cold_seed1_predictions.tsv	formal_runs/native_mda_audit_20260601/MPHGNN_STRICT_FORMAL_GUARD_20260614/table_exports/MPHGNN_ADAPTED_FIXEDTEST_E10_FULL25_raw_metrics.tsv	loss unavailable; not imputed
MPHGNN	MDA	native	mirna_cold	2	0.922994684499314	0.9271897712434244	0.5416666666666666	0.1538461538461538	0.2085144140570747	0.3636342459167482	0.4107840192463671	1.435794418269487				PASS	result/B-dataset/audit_adapted_fixedtest_mirna_cold_seed2/audit_predictions/MPHGNN_STRICT_mirna_cold_seed2_predictions.tsv	formal_runs/native_mda_audit_20260601/MPHGNN_STRICT_FORMAL_GUARD_20260614/table_exports/MPHGNN_ADAPTED_FIXEDTEST_E10_FULL25_raw_metrics.tsv	loss unavailable; not imputed
MPHGNN	MDA	native	mirna_cold	3	0.925031721536351	0.9286297882483572	0.5388888888888889	0.1443298969072165	0.2011527472983273	0.3587874344682727	0.4075602748545389	1.3574947309425516				PASS	result/B-dataset/audit_adapted_fixedtest_mirna_cold_seed3/audit_predictions/MPHGNN_STRICT_mirna_cold_seed3_predictions.tsv	formal_runs/native_mda_audit_20260601/MPHGNN_STRICT_FORMAL_GUARD_20260614/table_exports/MPHGNN_ADAPTED_FIXEDTEST_E10_FULL25_raw_metrics.tsv	loss unavailable; not imputed
MPHGNN	MDA	native	mirna_cold	4	0.9226946159122086	0.9266667459512244	0.5337962962962963	0.1266261925411968	0.1870252334558345	0.3925589169527297	0.4328583196954023	1.55301135664095				PASS	result/B-dataset/audit_adapted_fixedtest_mirna_cold_seed4/audit_predictions/MPHGNN_STRICT_mirna_cold_seed4_predictions.tsv	formal_runs/native_mda_audit_20260601/MPHGNN_STRICT_FORMAL_GUARD_20260614/table_exports/MPHGNN_ADAPTED_FIXEDTEST_E10_FULL25_raw_metrics.tsv	loss unavailable; not imputed
MPHGNN	MDA	native	mirna_cold	5	0.921659807956104	0.9272368357568116	0.5300925925925926	0.1135371179039301	0.1761427063017187	0.3514402168253948	0.4043023147012178	1.2544209282334688				PASS	result/B-dataset/audit_adapted_fixedtest_mirna_cold_seed5/audit_predictions/MPHGNN_STRICT_mirna_cold_seed5_predictions.tsv	formal_runs/native_mda_audit_20260601/MPHGNN_STRICT_FORMAL_GUARD_20260614/table_exports/MPHGNN_ADAPTED_FIXEDTEST_E10_FULL25_raw_metrics.tsv	loss unavailable; not imputed
MPHGNN	MDA	native	mirna_cold	6	0.9210879629629628	0.9246454983347248	0.600925925925926	0.3409785932721713	0.3284622844467052	0.3005332609338139	0.3573399948108797	1.0899071360806318				PASS	result/B-dataset/audit_adapted_fixedtest_mirna_cold_seed6/audit_predictions/MPHGNN_STRICT_mirna_cold_seed6_predictions.tsv	formal_runs/native_mda_audit_20260601/MPHGNN_STRICT_FORMAL_GUARD_20260614/table_exports/MPHGNN_ADAPTED_FIXEDTEST_E10_FULL25_raw_metrics.tsv	loss unavailable; not imputed
MPHGNN	MDA	native	mirna_cold	7	0.9240800754458164	0.9276280812645064	0.500462962962963	0.001850138760407	0.0215215565641295	0.4341772683111366	0.4620879201043728	1.7821363918697373				PASS	result/B-dataset/audit_adapted_fixedtest_mirna_cold_seed7/audit_predictions/MPHGNN_STRICT_mirna_cold_seed7_predictions.tsv	formal_runs/native_mda_audit_20260601/MPHGNN_STRICT_FORMAL_GUARD_20260614/table_exports/MPHGNN_ADAPTED_FIXEDTEST_E10_FULL25_raw_metrics.tsv	loss unavailable; not imputed
MPHGNN	MDA	native	mirna_cold	8	0.9239737654320987	0.9281137068562187	0.5365740740740741	0.1363244176013804	0.194839723927598	0.3842628023446899	0.426480810856066	1.5386557598095083				PASS	result/B-dataset/audit_adapted_fixedtest_mirna_cold_seed8/audit_predictions/MPHGNN_STRICT_mirna_cold_seed8_predictions.tsv	formal_runs/native_mda_audit_20260601/MPHGNN_STRICT_FORMAL_GUARD_20260614/table_exports/MPHGNN_ADAPTED_FIXEDTEST_E10_FULL25_raw_metrics.tsv	loss unavailable; not imputed
MPHGNN	MDA	native	mirna_cold	9	0.924423868312757	0.928907969013264	0.5009259259259259	0.0036968576709796	0.0304431282773991	0.4239360280581045	0.4554596341181287	1.6525560401265469				PASS	result/B-dataset/audit_adapted_fixedtest_mirna_cold_seed9/audit_predictions/MPHGNN_STRICT_mirna_cold_seed9_predictions.tsv	formal_runs/native_mda_audit_20260601/MPHGNN_STRICT_FORMAL_GUARD_20260614/table_exports/MPHGNN_ADAPTED_FIXEDTEST_E10_FULL25_raw_metrics.tsv	loss unavailable; not imputed
MPHGNN	MDA	native	mirna_cold	10	0.9245250342935528	0.9283604629262218	0.5388888888888889	0.1443298969072165	0.2011527472983273	0.3563184526684035	0.4056791357644283	1.3494624509195374				PASS	result/B-dataset/audit_adapted_fixedtest_mirna_cold_seed10/audit_predictions/MPHGNN_STRICT_mirna_cold_seed10_predictions.tsv	formal_runs/native_mda_audit_20260601/MPHGNN_STRICT_FORMAL_GUARD_20260614/table_exports/MPHGNN_ADAPTED_FIXEDTEST_E10_FULL25_raw_metrics.tsv	loss unavailable; not imputed
MPHGNN	MDA	native	mirna_cold	11	0.9236256858710562	0.9275876038109668	0.5675925925925925	0.240650406504065	0.2658944041579678	0.3369068469000732	0.3873193904910564	1.2660161316984508				PASS	result/B-dataset/audit_adapted_fixedtest_mirna_cold_seed11/audit_predictions/MPHGNN_STRICT_mirna_cold_seed11_predictions.tsv	formal_runs/native_mda_audit_20260601/MPHGNN_STRICT_FORMAL_GUARD_20260614/table_exports/MPHGNN_ADAPTED_FIXEDTEST_E10_FULL25_raw_metrics.tsv	loss unavailable; not imputed
MPHGNN	MDA	native	mirna_cold	12	0.9254646776406036	0.9288876135895764	0.5291666666666667	0.1102362204724409	0.1733289313846238	0.3927867545208043	0.4337282774367244	1.487929549261166				PASS	result/B-dataset/audit_adapted_fixedtest_mirna_cold_seed12/audit_predictions/MPHGNN_STRICT_mirna_cold_seed12_predictions.tsv	formal_runs/native_mda_audit_20260601/MPHGNN_STRICT_FORMAL_GUARD_20260614/table_exports/MPHGNN_ADAPTED_FIXEDTEST_E10_FULL25_raw_metrics.tsv	loss unavailable; not imputed
MPHGNN	MDA	native	mirna_cold	13	0.918136145404664	0.9234196500069516	0.5365740740740741	0.1363244176013804	0.194839723927598	0.3849897460169555	0.4275936567044718	1.4919587055982393				PASS	result/B-dataset/audit_adapted_fixedtest_mirna_cold_seed13/audit_predictions/MPHGNN_STRICT_mirna_cold_seed13_predictions.tsv	formal_runs/native_mda_audit_20260601/MPHGNN_STRICT_FORMAL_GUARD_20260614/table_exports/MPHGNN_ADAPTED_FIXEDTEST_E10_FULL25_raw_metrics.tsv	loss unavailable; not imputed
MPHGNN	MDA	native	mirna_cold	14	0.9220267489711934	0.9257761286345044	0.5314814814814814	0.1184668989547038	0.1802908209386234	0.3953532345457296	0.4343101509346794	1.5530386582644544				PASS	result/B-dataset/audit_adapted_fixedtest_mirna_cold_seed14/audit_predictions/MPHGNN_STRICT_mirna_cold_seed14_predictions.tsv	formal_runs/native_mda_audit_20260601/MPHGNN_STRICT_FORMAL_GUARD_20260614/table_exports/MPHGNN_ADAPTED_FIXEDTEST_E10_FULL25_raw_metrics.tsv	loss unavailable; not imputed
MPHGNN	MDA	native	mirna_cold	15	0.9247925240054872	0.92817180075121	0.625462962962963	0.4073260073260073	0.370720177886769	0.2992375075507253	0.3516401165906548	1.1544572612118025				PASS	result/B-dataset/audit_adapted_fixedtest_mirna_cold_seed15/audit_predictions/MPHGNN_STRICT_mirna_cold_seed15_predictions.tsv	formal_runs/native_mda_audit_20260601/MPHGNN_STRICT_FORMAL_GUARD_20260614/table_exports/MPHGNN_ADAPTED_FIXEDTEST_E10_FULL25_raw_metrics.tsv	loss unavailable; not imputed
MPHGNN	MDA	native	mirna_cold	16	0.922872085048011	0.9273841520795358	0.5	0.0	0.0	0.4392776527810356	0.4649055726382964	1.8728656802796688				PASS	result/B-dataset/audit_adapted_fixedtest_mirna_cold_seed16/audit_predictions/MPHGNN_STRICT_mirna_cold_seed16_predictions.tsv	formal_runs/native_mda_audit_20260601/MPHGNN_STRICT_FORMAL_GUARD_20260614/table_exports/MPHGNN_ADAPTED_FIXEDTEST_E10_FULL25_raw_metrics.tsv	loss unavailable; not imputed
MPHGNN	MDA	native	mirna_cold	17	0.925	0.9296563130585364	0.5504629629629629	0.1833473507148864	0.2305315757353404	0.3310248037726366	0.3861011107475489	1.1951222855534147				PASS	result/B-dataset/audit_adapted_fixedtest_mirna_cold_seed17/audit_predictions/MPHGNN_STRICT_mirna_cold_seed17_predictions.tsv	formal_runs/native_mda_audit_20260601/MPHGNN_STRICT_FORMAL_GUARD_20260614/table_exports/MPHGNN_ADAPTED_FIXEDTEST_E10_FULL25_raw_metrics.tsv	loss unavailable; not imputed
MPHGNN	MDA	native	mirna_cold	18	0.9248649691358024	0.9285862126309732	0.5402777777777777	0.1491002570694087	0.2048613240314929	0.3403453071578861	0.3938940578221195	1.2325401873339057				PASS	result/B-dataset/audit_adapted_fixedtest_mirna_cold_seed18/audit_predictions/MPHGNN_STRICT_mirna_cold_seed18_predictions.tsv	formal_runs/native_mda_audit_20260601/MPHGNN_STRICT_FORMAL_GUARD_20260614/table_exports/MPHGNN_ADAPTED_FIXEDTEST_E10_FULL25_raw_metrics.tsv	loss unavailable; not imputed
MPHGNN	MDA	native	mirna_cold	19	0.9217806927297668	0.925075075979272	0.500462962962963	0.001850138760407	0.0215215565641295	0.4184553003426602	0.4516446401474089	1.6604844602481077				PASS	result/B-dataset/audit_adapted_fixedtest_mirna_cold_seed19/audit_predictions/MPHGNN_STRICT_mirna_cold_seed19_predictions.tsv	formal_runs/native_mda_audit_20260601/MPHGNN_STRICT_FORMAL_GUARD_20260614/table_exports/MPHGNN_ADAPTED_FIXEDTEST_E10_FULL25_raw_metrics.tsv	loss unavailable; not imputed
MPHGNN	MDA	native	mirna_cold	20	0.9254012345679012	0.928608940399572	0.5194444444444445	0.0748663101604278	0.1408191333896495	0.3668478019887956	0.4154095461558561	1.3731289078477598				PASS	result/B-dataset/audit_adapted_fixedtest_mirna_cold_seed20/audit_predictions/MPHGNN_STRICT_mirna_cold_seed20_predictions.tsv	formal_runs/native_mda_audit_20260601/MPHGNN_STRICT_FORMAL_GUARD_20260614/table_exports/MPHGNN_ADAPTED_FIXEDTEST_E10_FULL25_raw_metrics.tsv	loss unavailable; not imputed
MPHGNN	MDA	native	mirna_cold	21	0.9198859739369	0.9254169592961474	0.6583333333333333	0.4875	0.4248529157249601	0.2692186669717174	0.3208754117052902	1.0213575685431426				PASS	result/B-dataset/audit_adapted_fixedtest_mirna_cold_seed21/audit_predictions/MPHGNN_STRICT_mirna_cold_seed21_predictions.tsv	formal_runs/native_mda_audit_20260601/MPHGNN_STRICT_FORMAL_GUARD_20260614/table_exports/MPHGNN_ADAPTED_FIXEDTEST_E10_FULL25_raw_metrics.tsv	loss unavailable; not imputed
MPHGNN	MDA	native	mirna_cold	22	0.9199477023319615	0.9254647408042342	0.5027777777777778	0.011049723756906	0.0527779813969259	0.3955688276492196	0.4364541031380651	1.5437931022983826				PASS	result/B-dataset/audit_adapted_fixedtest_mirna_cold_seed22/audit_predictions/MPHGNN_STRICT_mirna_cold_seed22_predictions.tsv	formal_runs/native_mda_audit_20260601/MPHGNN_STRICT_FORMAL_GUARD_20260614/table_exports/MPHGNN_ADAPTED_FIXEDTEST_E10_FULL25_raw_metrics.tsv	loss unavailable; not imputed
MPHGNN	MDA	native	mirna_cold	23	0.9201457475994512	0.924267373581815	0.5023148148148148	0.0092165898617511	0.0481683050859088	0.4129462164815479	0.4482447289676976	1.6132091315543209				PASS	result/B-dataset/audit_adapted_fixedtest_mirna_cold_seed23/audit_predictions/MPHGNN_STRICT_mirna_cold_seed23_predictions.tsv	formal_runs/native_mda_audit_20260601/MPHGNN_STRICT_FORMAL_GUARD_20260614/table_exports/MPHGNN_ADAPTED_FIXEDTEST_E10_FULL25_raw_metrics.tsv	loss unavailable; not imputed
MPHGNN	MDA	native	mirna_cold	24	0.921016803840878	0.9256502799713836	0.6013888888888889	0.3422459893048128	0.3293329897491034	0.3072078744395476	0.363161210514577	1.1657161992401992				PASS	result/B-dataset/audit_adapted_fixedtest_mirna_cold_seed24/audit_predictions/MPHGNN_STRICT_mirna_cold_seed24_predictions.tsv	formal_runs/native_mda_audit_20260601/MPHGNN_STRICT_FORMAL_GUARD_20260614/table_exports/MPHGNN_ADAPTED_FIXEDTEST_E10_FULL25_raw_metrics.tsv	loss unavailable; not imputed
MPHGNN	MDA	native	drug_cold	0	0.7271153361873584	0.7148103983602396	0.5215311004784688	0.105145413870246	0.1176621388798399	0.3960728684341926	0.4094846233836236	1.4747695081518652				PASS	result/B-dataset/audit_adapted_fixedtest_drug_cold_seed0/audit_predictions/MPHGNN_STRICT_drug_cold_seed0_predictions.tsv	formal_runs/native_mda_audit_20260601/MPHGNN_STRICT_FORMAL_GUARD_20260614/table_exports/MPHGNN_ADAPTED_FIXEDTEST_E10_FULL25_raw_metrics.tsv	loss unavailable; not imputed
MPHGNN	MDA	native	drug_cold	1	0.7025050937478537	0.6950594829581105	0.5239234449760766	0.1135857461024499	0.1266051023200892	0.3938269375969848	0.4044303716111166	1.5026856865063738				PASS	result/B-dataset/audit_adapted_fixedtest_drug_cold_seed1/audit_predictions/MPHGNN_STRICT_drug_cold_seed1_predictions.tsv	formal_runs/native_mda_audit_20260601/MPHGNN_STRICT_FORMAL_GUARD_20260614/table_exports/MPHGNN_ADAPTED_FIXEDTEST_E10_FULL25_raw_metrics.tsv	loss unavailable; not imputed
MPHGNN	MDA	native	drug_cold	2	0.6781638469815252	0.6675310658660689	0.5173444976076556	0.0798175598631699	0.1121447866422277	0.4290745273459318	0.4371338800036846	1.799359779687897				PASS	result/B-dataset/audit_adapted_fixedtest_drug_cold_seed2/audit_predictions/MPHGNN_STRICT_drug_cold_seed2_predictions.tsv	formal_runs/native_mda_audit_20260601/MPHGNN_STRICT_FORMAL_GUARD_20260614/table_exports/MPHGNN_ADAPTED_FIXEDTEST_E10_FULL25_raw_metrics.tsv	loss unavailable; not imputed
MPHGNN	MDA	native	drug_cold	3	0.6692426340972047	0.6489783723788811	0.5119617224880383	0.0642201834862385	0.0824113627390248	0.4248976435036635	0.4315120532384806	1.644252400927695				PASS	result/B-dataset/audit_adapted_fixedtest_drug_cold_seed3/audit_predictions/MPHGNN_STRICT_drug_cold_seed3_predictions.tsv	formal_runs/native_mda_audit_20260601/MPHGNN_STRICT_FORMAL_GUARD_20260614/table_exports/MPHGNN_ADAPTED_FIXEDTEST_E10_FULL25_raw_metrics.tsv	loss unavailable; not imputed
MPHGNN	MDA	native	drug_cold	4	0.6734092053753348	0.6402264864074153	0.5119617224880383	0.0748299319727891	0.0731291977649979	0.4245763828019219	0.428395658383259	1.6346092398648302				PASS	result/B-dataset/audit_adapted_fixedtest_drug_cold_seed4/audit_predictions/MPHGNN_STRICT_drug_cold_seed4_predictions.tsv	formal_runs/native_mda_audit_20260601/MPHGNN_STRICT_FORMAL_GUARD_20260614/table_exports/MPHGNN_ADAPTED_FIXEDTEST_E10_FULL25_raw_metrics.tsv	loss unavailable; not imputed
MPHGNN	MDA	native	drug_cold	5	0.6626035919507337	0.6543230694410893	0.5101674641148325	0.0509849362688296	0.080664804977945	0.4288603136773278	0.4352853084920017	1.7395411105023229				PASS	result/B-dataset/audit_adapted_fixedtest_drug_cold_seed5/audit_predictions/MPHGNN_STRICT_drug_cold_seed5_predictions.tsv	formal_runs/native_mda_audit_20260601/MPHGNN_STRICT_FORMAL_GUARD_20260614/table_exports/MPHGNN_ADAPTED_FIXEDTEST_E10_FULL25_raw_metrics.tsv	loss unavailable; not imputed
MPHGNN	MDA	native	drug_cold	6	0.691107117511046	0.6912805239952817	0.5143540669856459	0.064516129032258	0.1047645443654367	0.4317372691788473	0.4424581535384442	1.8073120265165616				PASS	result/B-dataset/audit_adapted_fixedtest_drug_cold_seed6/audit_predictions/MPHGNN_STRICT_drug_cold_seed6_predictions.tsv	formal_runs/native_mda_audit_20260601/MPHGNN_STRICT_FORMAL_GUARD_20260614/table_exports/MPHGNN_ADAPTED_FIXEDTEST_E10_FULL25_raw_metrics.tsv	loss unavailable; not imputed
MPHGNN	MDA	native	drug_cold	7	0.6603800851628855	0.6631839808254283	0.5197368421052632	0.0947012401352875	0.1147723685933044	0.4247375586488304	0.4324463925224256	1.814619802750315				PASS	result/B-dataset/audit_adapted_fixedtest_drug_cold_seed7/audit_predictions/MPHGNN_STRICT_drug_cold_seed7_predictions.tsv	formal_runs/native_mda_audit_20260601/MPHGNN_STRICT_FORMAL_GUARD_20260614/table_exports/MPHGNN_ADAPTED_FIXEDTEST_E10_FULL25_raw_metrics.tsv	loss unavailable; not imputed
MPHGNN	MDA	native	drug_cold	8	0.6868103408804743	0.6697985839338251	0.5113636363636364	0.0662857142857143	0.0752884238005095	0.4264229397657782	0.4328815064768408	1.698264187161962				PASS	result/B-dataset/audit_adapted_fixedtest_drug_cold_seed8/audit_predictions/MPHGNN_STRICT_drug_cold_seed8_predictions.tsv	formal_runs/native_mda_audit_20260601/MPHGNN_STRICT_FORMAL_GUARD_20260614/table_exports/MPHGNN_ADAPTED_FIXEDTEST_E10_FULL25_raw_metrics.tsv	loss unavailable; not imputed
MPHGNN	MDA	native	drug_cold	9	0.6411626336393398	0.6443030158125583	0.5089712918660287	0.0464576074332171	0.0739221270954572	0.4523090334553494	0.4600972935453048	2.0766334772233166				PASS	result/B-dataset/audit_adapted_fixedtest_drug_cold_seed9/audit_predictions/MPHGNN_STRICT_drug_cold_seed9_predictions.tsv	formal_runs/native_mda_audit_20260601/MPHGNN_STRICT_FORMAL_GUARD_20260614/table_exports/MPHGNN_ADAPTED_FIXEDTEST_E10_FULL25_raw_metrics.tsv	loss unavailable; not imputed
MPHGNN	MDA	native	drug_cold	10	0.704556901169845	0.6800115405210705	0.5179425837320574	0.0923423423423423	0.1033622788243403	0.403499581431712	0.4109806694252874	1.5029136240882397				PASS	result/B-dataset/audit_adapted_fixedtest_drug_cold_seed10/audit_predictions/MPHGNN_STRICT_drug_cold_seed10_predictions.tsv	formal_runs/native_mda_audit_20260601/MPHGNN_STRICT_FORMAL_GUARD_20260614/table_exports/MPHGNN_ADAPTED_FIXEDTEST_E10_FULL25_raw_metrics.tsv	loss unavailable; not imputed
MPHGNN	MDA	native	drug_cold	11	0.6642018268812527	0.6569349385213501	0.5149521531100478	0.079455164585698	0.0923931928385771	0.4211783247529889	0.426681638493296	1.7067167035573951				PASS	result/B-dataset/audit_adapted_fixedtest_drug_cold_seed11/audit_predictions/MPHGNN_STRICT_drug_cold_seed11_predictions.tsv	formal_runs/native_mda_audit_20260601/MPHGNN_STRICT_FORMAL_GUARD_20260614/table_exports/MPHGNN_ADAPTED_FIXEDTEST_E10_FULL25_raw_metrics.tsv	loss unavailable; not imputed
MPHGNN	MDA	native	drug_cold	12	0.6368787344612074	0.6502603709028977	0.5167464114832536	0.0818181818181818	0.1046175373761364	0.4276449854073224	0.4360568977017247	1.962991298022601				PASS	result/B-dataset/audit_adapted_fixedtest_drug_cold_seed12/audit_predictions/MPHGNN_STRICT_drug_cold_seed12_predictions.tsv	formal_runs/native_mda_audit_20260601/MPHGNN_STRICT_FORMAL_GUARD_20260614/table_exports/MPHGNN_ADAPTED_FIXEDTEST_E10_FULL25_raw_metrics.tsv	loss unavailable; not imputed
MPHGNN	MDA	native	drug_cold	13	0.641265653258854	0.6578225100789322	0.5251196172248804	0.1158129175946548	0.1329353574360937	0.4081286151254761	0.41323456384074	1.7000632088447118				PASS	result/B-dataset/audit_adapted_fixedtest_drug_cold_seed13/audit_predictions/MPHGNN_STRICT_drug_cold_seed13_predictions.tsv	formal_runs/native_mda_audit_20260601/MPHGNN_STRICT_FORMAL_GUARD_20260614/table_exports/MPHGNN_ADAPTED_FIXEDTEST_E10_FULL25_raw_metrics.tsv	loss unavailable; not imputed
MPHGNN	MDA	native	drug_cold	14	0.6956571507062568	0.6739191114719203	0.5161483253588517	0.0838052095130237	0.0976985577340119	0.4247382678211443	0.4313543673098055	1.6969295242567295				PASS	result/B-dataset/audit_adapted_fixedtest_drug_cold_seed14/audit_predictions/MPHGNN_STRICT_drug_cold_seed14_predictions.tsv	formal_runs/native_mda_audit_20260601/MPHGNN_STRICT_FORMAL_GUARD_20260614/table_exports/MPHGNN_ADAPTED_FIXEDTEST_E10_FULL25_raw_metrics.tsv	loss unavailable; not imputed
MPHGNN	MDA	native	drug_cold	15	0.681786703601108	0.6731083031309067	0.5239234449760766	0.1056179775280898	0.1353236965994078	0.4224438641366959	0.4308062207884878	1.7562924814004777				PASS	result/B-dataset/audit_adapted_fixedtest_drug_cold_seed15/audit_predictions/MPHGNN_STRICT_drug_cold_seed15_predictions.tsv	formal_runs/native_mda_audit_20260601/MPHGNN_STRICT_FORMAL_GUARD_20260614/table_exports/MPHGNN_ADAPTED_FIXEDTEST_E10_FULL25_raw_metrics.tsv	loss unavailable; not imputed
MPHGNN	MDA	native	drug_cold	16	0.6953251985989333	0.6972047642821697	0.534688995215311	0.158008658008658	0.1553492170788627	0.3774145772564915	0.3869261884282636	1.4351252753247743				PASS	result/B-dataset/audit_adapted_fixedtest_drug_cold_seed16/audit_predictions/MPHGNN_STRICT_drug_cold_seed16_predictions.tsv	formal_runs/native_mda_audit_20260601/MPHGNN_STRICT_FORMAL_GUARD_20260614/table_exports/MPHGNN_ADAPTED_FIXEDTEST_E10_FULL25_raw_metrics.tsv	loss unavailable; not imputed
MPHGNN	MDA	native	drug_cold	17	0.6634792587166045	0.6775786006802151	0.5215311004784688	0.0950226244343891	0.1289403573887818	0.4182637072121213	0.4286550366782323	1.7976040601918044				PASS	result/B-dataset/audit_adapted_fixedtest_drug_cold_seed17/audit_predictions/MPHGNN_STRICT_drug_cold_seed17_predictions.tsv	formal_runs/native_mda_audit_20260601/MPHGNN_STRICT_FORMAL_GUARD_20260614/table_exports/MPHGNN_ADAPTED_FIXEDTEST_E10_FULL25_raw_metrics.tsv	loss unavailable; not imputed
MPHGNN	MDA	native	drug_cold	18	0.6697634555069711	0.6605302921307006	0.5251196172248804	0.1177777777777777	0.1309231003641268	0.4126517486509098	0.4183957423171214	1.720759916157659				PASS	result/B-dataset/audit_adapted_fixedtest_drug_cold_seed18/audit_predictions/MPHGNN_STRICT_drug_cold_seed18_predictions.tsv	formal_runs/native_mda_audit_20260601/MPHGNN_STRICT_FORMAL_GUARD_20260614/table_exports/MPHGNN_ADAPTED_FIXEDTEST_E10_FULL25_raw_metrics.tsv	loss unavailable; not imputed
MPHGNN	MDA	native	drug_cold	19	0.6800654174583914	0.6725303323824263	0.5203349282296651	0.0948081264108352	0.119390147827506	0.4251195220033638	0.4350369074386501	1.7649574475265817				PASS	result/B-dataset/audit_adapted_fixedtest_drug_cold_seed19/audit_predictions/MPHGNN_STRICT_drug_cold_seed19_predictions.tsv	formal_runs/native_mda_audit_20260601/MPHGNN_STRICT_FORMAL_GUARD_20260614/table_exports/MPHGNN_ADAPTED_FIXEDTEST_E10_FULL25_raw_metrics.tsv	loss unavailable; not imputed
MPHGNN	MDA	native	drug_cold	20	0.6929199766488863	0.6754811078818408	0.5107655502392344	0.0597701149425287	0.0762739254271382	0.4232199324082997	0.4330881142528971	1.6876185783817326				PASS	result/B-dataset/audit_adapted_fixedtest_drug_cold_seed20/audit_predictions/MPHGNN_STRICT_drug_cold_seed20_predictions.tsv	formal_runs/native_mda_audit_20260601/MPHGNN_STRICT_FORMAL_GUARD_20260614/table_exports/MPHGNN_ADAPTED_FIXEDTEST_E10_FULL25_raw_metrics.tsv	loss unavailable; not imputed
MPHGNN	MDA	native	drug_cold	21	0.6823246949474601	0.6651139506529945	0.5155502392344498	0.0816326530612245	0.0950679570944973	0.427083598462661	0.4322451057068365	1.7718099777996483				PASS	result/B-dataset/audit_adapted_fixedtest_drug_cold_seed21/audit_predictions/MPHGNN_STRICT_drug_cold_seed21_predictions.tsv	formal_runs/native_mda_audit_20260601/MPHGNN_STRICT_FORMAL_GUARD_20260614/table_exports/MPHGNN_ADAPTED_FIXEDTEST_E10_FULL25_raw_metrics.tsv	loss unavailable; not imputed
MPHGNN	MDA	native	drug_cold	22	0.6694386575398914	0.6516484434186591	0.513755980861244	0.0750853242320819	0.0869026592234532	0.4192714126716091	0.4234367093148208	1.6436531219281054				PASS	result/B-dataset/audit_adapted_fixedtest_drug_cold_seed22/audit_predictions/MPHGNN_STRICT_drug_cold_seed22_predictions.tsv	formal_runs/native_mda_audit_20260601/MPHGNN_STRICT_FORMAL_GUARD_20260614/table_exports/MPHGNN_ADAPTED_FIXEDTEST_E10_FULL25_raw_metrics.tsv	loss unavailable; not imputed
MPHGNN	MDA	native	drug_cold	23	0.6371606075868226	0.6581370876279018	0.5251196172248804	0.1138392857142857	0.1350489296496041	0.4146958929728321	0.4221866369310204	1.7707860011532766				PASS	result/B-dataset/audit_adapted_fixedtest_drug_cold_seed23/audit_predictions/MPHGNN_STRICT_drug_cold_seed23_predictions.tsv	formal_runs/native_mda_audit_20260601/MPHGNN_STRICT_FORMAL_GUARD_20260614/table_exports/MPHGNN_ADAPTED_FIXEDTEST_E10_FULL25_raw_metrics.tsv	loss unavailable; not imputed
MPHGNN	MDA	native	drug_cold	24	0.708082461482109	0.6839544047980195	0.5149521531100478	0.0752565564424173	0.096676540208817	0.4167791702930108	0.4262244519362971	1.5741313400855028				PASS	result/B-dataset/audit_adapted_fixedtest_drug_cold_seed24/audit_predictions/MPHGNN_STRICT_drug_cold_seed24_predictions.tsv	formal_runs/native_mda_audit_20260601/MPHGNN_STRICT_FORMAL_GUARD_20260614/table_exports/MPHGNN_ADAPTED_FIXEDTEST_E10_FULL25_raw_metrics.tsv	loss unavailable; not imputed
MPHGNN	MDA	native	strict_cold	0	0.3280697454570919	0.38536050202597	0.5	0.0	0.0	0.4993855432365046	0.4993008958785753	3.7258063035638975				PASS	result/B-dataset/audit_adapted_fixedtest_strict_cold_seed0/audit_predictions/MPHGNN_STRICT_strict_cold_seed0_predictions.tsv	formal_runs/native_mda_audit_20260601/MPHGNN_STRICT_FORMAL_GUARD_20260614/table_exports/MPHGNN_ADAPTED_FIXEDTEST_E10_FULL25_raw_metrics.tsv	loss unavailable; not imputed
MPHGNN	MDA	native	strict_cold	1	0.340875669619411	0.3941902635417567	0.5	0.0	0.0	0.4994256505575422	0.4993674435803736	3.7508962494643794				PASS	result/B-dataset/audit_adapted_fixedtest_strict_cold_seed1/audit_predictions/MPHGNN_STRICT_strict_cold_seed1_predictions.tsv	formal_runs/native_mda_audit_20260601/MPHGNN_STRICT_FORMAL_GUARD_20260614/table_exports/MPHGNN_ADAPTED_FIXEDTEST_E10_FULL25_raw_metrics.tsv	loss unavailable; not imputed
MPHGNN	MDA	native	strict_cold	2	0.2434263506179755	0.3557358856732328	0.5	0.0	0.0	0.4993682047015488	0.4992217354285468	3.6998376407785503				PASS	result/B-dataset/audit_adapted_fixedtest_strict_cold_seed2/audit_predictions/MPHGNN_STRICT_strict_cold_seed2_predictions.tsv	formal_runs/native_mda_audit_20260601/MPHGNN_STRICT_FORMAL_GUARD_20260614/table_exports/MPHGNN_ADAPTED_FIXEDTEST_E10_FULL25_raw_metrics.tsv	loss unavailable; not imputed
MPHGNN	MDA	native	strict_cold	3	0.2540352228563425	0.3618726258564512	0.5	0.0	0.0	0.499489691123602	0.4993559279232263	3.8304622750174815				PASS	result/B-dataset/audit_adapted_fixedtest_strict_cold_seed3/audit_predictions/MPHGNN_STRICT_strict_cold_seed3_predictions.tsv	formal_runs/native_mda_audit_20260601/MPHGNN_STRICT_FORMAL_GUARD_20260614/table_exports/MPHGNN_ADAPTED_FIXEDTEST_E10_FULL25_raw_metrics.tsv	loss unavailable; not imputed
MPHGNN	MDA	native	strict_cold	4	0.2761983123840201	0.3681819647110458	0.5	0.0	0.0	0.4993166030194555	0.499198863937722	3.667377720071854				PASS	result/B-dataset/audit_adapted_fixedtest_strict_cold_seed4/audit_predictions/MPHGNN_STRICT_strict_cold_seed4_predictions.tsv	formal_runs/native_mda_audit_20260601/MPHGNN_STRICT_FORMAL_GUARD_20260614/table_exports/MPHGNN_ADAPTED_FIXEDTEST_E10_FULL25_raw_metrics.tsv	loss unavailable; not imputed
MPHGNN	MDA	native	strict_cold	5	0.2205367459122579	0.3500240165561402	0.5	0.0	0.0	0.4993894136570421	0.4991917651256521	3.747324759140165				PASS	result/B-dataset/audit_adapted_fixedtest_strict_cold_seed5/audit_predictions/MPHGNN_STRICT_strict_cold_seed5_predictions.tsv	formal_runs/native_mda_audit_20260601/MPHGNN_STRICT_FORMAL_GUARD_20260614/table_exports/MPHGNN_ADAPTED_FIXEDTEST_E10_FULL25_raw_metrics.tsv	loss unavailable; not imputed
MPHGNN	MDA	native	strict_cold	6	0.2600399145688176	0.3605834684887922	0.5	0.0	0.0	0.4996683586215115	0.4995592223768713	4.047392172236999				PASS	result/B-dataset/audit_adapted_fixedtest_strict_cold_seed6/audit_predictions/MPHGNN_STRICT_strict_cold_seed6_predictions.tsv	formal_runs/native_mda_audit_20260601/MPHGNN_STRICT_FORMAL_GUARD_20260614/table_exports/MPHGNN_ADAPTED_FIXEDTEST_E10_FULL25_raw_metrics.tsv	loss unavailable; not imputed
MPHGNN	MDA	native	strict_cold	7	0.1385980883022303	0.3282985201826155	0.5	0.0	0.0	0.4998613173317723	0.499755369915094	4.5259324170758				PASS	result/B-dataset/audit_adapted_fixedtest_strict_cold_seed7/audit_predictions/MPHGNN_STRICT_strict_cold_seed7_predictions.tsv	formal_runs/native_mda_audit_20260601/MPHGNN_STRICT_FORMAL_GUARD_20260614/table_exports/MPHGNN_ADAPTED_FIXEDTEST_E10_FULL25_raw_metrics.tsv	loss unavailable; not imputed
MPHGNN	MDA	native	strict_cold	8	0.2754674206085221	0.3709555829921471	0.5	0.0	0.0	0.4995080528745162	0.4994033909214732	3.856784900453305				PASS	result/B-dataset/audit_adapted_fixedtest_strict_cold_seed8/audit_predictions/MPHGNN_STRICT_strict_cold_seed8_predictions.tsv	formal_runs/native_mda_audit_20260601/MPHGNN_STRICT_FORMAL_GUARD_20260614/table_exports/MPHGNN_ADAPTED_FIXEDTEST_E10_FULL25_raw_metrics.tsv	loss unavailable; not imputed
MPHGNN	MDA	native	strict_cold	9	0.1622579741605685	0.3365296546693507	0.5	0.0	0.0	0.4996588730820736	0.4995208965919382	4.0422367651000695				PASS	result/B-dataset/audit_adapted_fixedtest_strict_cold_seed9/audit_predictions/MPHGNN_STRICT_strict_cold_seed9_predictions.tsv	formal_runs/native_mda_audit_20260601/MPHGNN_STRICT_FORMAL_GUARD_20260614/table_exports/MPHGNN_ADAPTED_FIXEDTEST_E10_FULL25_raw_metrics.tsv	loss unavailable; not imputed
MPHGNN	MDA	native	strict_cold	10	0.2482231014320227	0.3583317299071438	0.5	0.0	0.0	0.4995407325843795	0.4994397317979811	3.86900094387482				PASS	result/B-dataset/audit_adapted_fixedtest_strict_cold_seed10/audit_predictions/MPHGNN_STRICT_strict_cold_seed10_predictions.tsv	formal_runs/native_mda_audit_20260601/MPHGNN_STRICT_FORMAL_GUARD_20260614/table_exports/MPHGNN_ADAPTED_FIXEDTEST_E10_FULL25_raw_metrics.tsv	loss unavailable; not imputed
MPHGNN	MDA	native	strict_cold	11	0.2883083575505059	0.3755447737003219	0.5	0.0	0.0	0.499347244115863	0.4992117335815027	3.705292661339654				PASS	result/B-dataset/audit_adapted_fixedtest_strict_cold_seed11/audit_predictions/MPHGNN_STRICT_strict_cold_seed11_predictions.tsv	formal_runs/native_mda_audit_20260601/MPHGNN_STRICT_FORMAL_GUARD_20260614/table_exports/MPHGNN_ADAPTED_FIXEDTEST_E10_FULL25_raw_metrics.tsv	loss unavailable; not imputed
MPHGNN	MDA	native	strict_cold	12	0.2610377787892581	0.3629593461751617	0.5	0.0	0.0	0.4995270299686628	0.4994251135290545	3.860350632975433				PASS	result/B-dataset/audit_adapted_fixedtest_strict_cold_seed12/audit_predictions/MPHGNN_STRICT_strict_cold_seed12_predictions.tsv	formal_runs/native_mda_audit_20260601/MPHGNN_STRICT_FORMAL_GUARD_20260614/table_exports/MPHGNN_ADAPTED_FIXEDTEST_E10_FULL25_raw_metrics.tsv	loss unavailable; not imputed
MPHGNN	MDA	native	strict_cold	13	0.2516718602289836	0.3589181740765533	0.5	0.0	0.0	0.4995177057823618	0.4993834191964358	3.8517720751639897				PASS	result/B-dataset/audit_adapted_fixedtest_strict_cold_seed13/audit_predictions/MPHGNN_STRICT_strict_cold_seed13_predictions.tsv	formal_runs/native_mda_audit_20260601/MPHGNN_STRICT_FORMAL_GUARD_20260614/table_exports/MPHGNN_ADAPTED_FIXEDTEST_E10_FULL25_raw_metrics.tsv	loss unavailable; not imputed
MPHGNN	MDA	native	strict_cold	14	0.3034295017681453	0.3757924036019353	0.5	0.0	0.0	0.4994529460977311	0.4993454682720465	3.784559312676125				PASS	result/B-dataset/audit_adapted_fixedtest_strict_cold_seed14/audit_predictions/MPHGNN_STRICT_strict_cold_seed14_predictions.tsv	formal_runs/native_mda_audit_20260601/MPHGNN_STRICT_FORMAL_GUARD_20260614/table_exports/MPHGNN_ADAPTED_FIXEDTEST_E10_FULL25_raw_metrics.tsv	loss unavailable; not imputed
MPHGNN	MDA	native	strict_cold	15	0.3148174083540492	0.3780626775038983	0.5	0.0	0.0	0.4992604846139818	0.4991413585340691	3.6242378385898175				PASS	result/B-dataset/audit_adapted_fixedtest_strict_cold_seed15/audit_predictions/MPHGNN_STRICT_strict_cold_seed15_predictions.tsv	formal_runs/native_mda_audit_20260601/MPHGNN_STRICT_FORMAL_GUARD_20260614/table_exports/MPHGNN_ADAPTED_FIXEDTEST_E10_FULL25_raw_metrics.tsv	loss unavailable; not imputed
MPHGNN	MDA	native	strict_cold	16	0.2064878680718462	0.3461956451216389	0.5	0.0	0.0	0.499538878233626	0.4993967913184952	3.879669190338906				PASS	result/B-dataset/audit_adapted_fixedtest_strict_cold_seed16/audit_predictions/MPHGNN_STRICT_strict_cold_seed16_predictions.tsv	formal_runs/native_mda_audit_20260601/MPHGNN_STRICT_FORMAL_GUARD_20260614/table_exports/MPHGNN_ADAPTED_FIXEDTEST_E10_FULL25_raw_metrics.tsv	loss unavailable; not imputed
MPHGNN	MDA	native	strict_cold	17	0.3052764258954518	0.3789335788460993	0.5	0.0	0.0	0.499404633774997	0.4992817037651634	3.759871657572344				PASS	result/B-dataset/audit_adapted_fixedtest_strict_cold_seed17/audit_predictions/MPHGNN_STRICT_strict_cold_seed17_predictions.tsv	formal_runs/native_mda_audit_20260601/MPHGNN_STRICT_FORMAL_GUARD_20260614/table_exports/MPHGNN_ADAPTED_FIXEDTEST_E10_FULL25_raw_metrics.tsv	loss unavailable; not imputed
MPHGNN	MDA	native	strict_cold	18	0.2558909001785652	0.3595520234898924	0.5	0.0	0.0	0.4997002658379037	0.4996217789017819	4.088944513294696				PASS	result/B-dataset/audit_adapted_fixedtest_strict_cold_seed18/audit_predictions/MPHGNN_STRICT_strict_cold_seed18_predictions.tsv	formal_runs/native_mda_audit_20260601/MPHGNN_STRICT_FORMAL_GUARD_20260614/table_exports/MPHGNN_ADAPTED_FIXEDTEST_E10_FULL25_raw_metrics.tsv	loss unavailable; not imputed
MPHGNN	MDA	native	strict_cold	19	0.2211057035818073	0.3520939960980534	0.5	0.0	0.0	0.4997000267850839	0.4995851501875943	4.112899041242392				PASS	result/B-dataset/audit_adapted_fixedtest_strict_cold_seed19/audit_predictions/MPHGNN_STRICT_strict_cold_seed19_predictions.tsv	formal_runs/native_mda_audit_20260601/MPHGNN_STRICT_FORMAL_GUARD_20260614/table_exports/MPHGNN_ADAPTED_FIXEDTEST_E10_FULL25_raw_metrics.tsv	loss unavailable; not imputed
MPHGNN	MDA	native	strict_cold	20	0.2799665627954203	0.3686417199462498	0.5	0.0	0.0	0.4997047701992451	0.4996459839421947	4.09147014423133				PASS	result/B-dataset/audit_adapted_fixedtest_strict_cold_seed20/audit_predictions/MPHGNN_STRICT_strict_cold_seed20_predictions.tsv	formal_runs/native_mda_audit_20260601/MPHGNN_STRICT_FORMAL_GUARD_20260614/table_exports/MPHGNN_ADAPTED_FIXEDTEST_E10_FULL25_raw_metrics.tsv	loss unavailable; not imputed
MPHGNN	MDA	native	strict_cold	21	0.2434175974230594	0.3580492733711729	0.5	0.0	0.0	0.4994650808061239	0.4993492761702742	3.800257796263178				PASS	result/B-dataset/audit_adapted_fixedtest_strict_cold_seed21/audit_predictions/MPHGNN_STRICT_strict_cold_seed21_predictions.tsv	formal_runs/native_mda_audit_20260601/MPHGNN_STRICT_FORMAL_GUARD_20260614/table_exports/MPHGNN_ADAPTED_FIXEDTEST_E10_FULL25_raw_metrics.tsv	loss unavailable; not imputed
MPHGNN	MDA	native	strict_cold	22	0.3819981793354574	0.4067781608037865	0.5	0.0	0.0	0.499174747699022	0.4991065832710402	3.570675650567416				PASS	result/B-dataset/audit_adapted_fixedtest_strict_cold_seed22/audit_predictions/MPHGNN_STRICT_strict_cold_seed22_predictions.tsv	formal_runs/native_mda_audit_20260601/MPHGNN_STRICT_FORMAL_GUARD_20260614/table_exports/MPHGNN_ADAPTED_FIXEDTEST_E10_FULL25_raw_metrics.tsv	loss unavailable; not imputed
MPHGNN	MDA	native	strict_cold	23	0.280251041630195	0.3728393010569417	0.5	0.0	0.0	0.4996010361725852	0.4994985406534052	3.95821062744172				PASS	result/B-dataset/audit_adapted_fixedtest_strict_cold_seed23/audit_predictions/MPHGNN_STRICT_strict_cold_seed23_predictions.tsv	formal_runs/native_mda_audit_20260601/MPHGNN_STRICT_FORMAL_GUARD_20260614/table_exports/MPHGNN_ADAPTED_FIXEDTEST_E10_FULL25_raw_metrics.tsv	loss unavailable; not imputed
MPHGNN	MDA	native	strict_cold	24	0.2498336892965932	0.3609647548927441	0.5	0.0	0.0	0.4993610965726356	0.4992007531321086	3.7100347431353073				PASS	result/B-dataset/audit_adapted_fixedtest_strict_cold_seed24/audit_predictions/MPHGNN_STRICT_strict_cold_seed24_predictions.tsv	formal_runs/native_mda_audit_20260601/MPHGNN_STRICT_FORMAL_GUARD_20260614/table_exports/MPHGNN_ADAPTED_FIXEDTEST_E10_FULL25_raw_metrics.tsv	loss unavailable; not imputed
MPHGNN	MDA	native	scaffold_cold	0	0.7646617283950617	0.742778826606403	0.5155555555555555	0.0723404255319148	0.1055289706022172	0.4249212840652794	0.4394616920454427	1.6367231564053963				PASS	result/B-dataset/audit_adapted_fixedtest_scaffold_cold_seed0/audit_predictions/MPHGNN_STRICT_scaffold_cold_seed0_predictions.tsv	formal_runs/native_mda_audit_20260601/MPHGNN_STRICT_FORMAL_GUARD_20260614/table_exports/MPHGNN_ADAPTED_FIXEDTEST_E10_FULL25_raw_metrics.tsv	loss unavailable; not imputed
MPHGNN	MDA	native	scaffold_cold	1	0.7700444444444443	0.7482799267977844	0.5255555555555556	0.1085594989561586	0.1447170695082474	0.4214841995276516	0.4354550108172568	1.602559455919523				PASS	result/B-dataset/audit_adapted_fixedtest_scaffold_cold_seed1/audit_predictions/MPHGNN_STRICT_scaffold_cold_seed1_predictions.tsv	formal_runs/native_mda_audit_20260601/MPHGNN_STRICT_FORMAL_GUARD_20260614/table_exports/MPHGNN_ADAPTED_FIXEDTEST_E10_FULL25_raw_metrics.tsv	loss unavailable; not imputed
MPHGNN	MDA	native	scaffold_cold	2	0.7604049382716049	0.7226577391931939	0.52	0.0886075949367088	0.1241408832903551	0.4281040562703692	0.439742491524149	1.6064163114399856				PASS	result/B-dataset/audit_adapted_fixedtest_scaffold_cold_seed2/audit_predictions/MPHGNN_STRICT_scaffold_cold_seed2_predictions.tsv	formal_runs/native_mda_audit_20260601/MPHGNN_STRICT_FORMAL_GUARD_20260614/table_exports/MPHGNN_ADAPTED_FIXEDTEST_E10_FULL25_raw_metrics.tsv	loss unavailable; not imputed
MPHGNN	MDA	native	scaffold_cold	3	0.7426469135802469	0.710892070696384	0.5211111111111111	0.0926315789473684	0.1284634467187345	0.4178898770853417	0.4299347626996072	1.5513419963437056				PASS	result/B-dataset/audit_adapted_fixedtest_scaffold_cold_seed3/audit_predictions/MPHGNN_STRICT_scaffold_cold_seed3_predictions.tsv	formal_runs/native_mda_audit_20260601/MPHGNN_STRICT_FORMAL_GUARD_20260614/table_exports/MPHGNN_ADAPTED_FIXEDTEST_E10_FULL25_raw_metrics.tsv	loss unavailable; not imputed
MPHGNN	MDA	native	scaffold_cold	4	0.7649432098765432	0.7293199922779352	0.5311111111111111	0.128099173553719	0.1631772564071311	0.4035661041386363	0.4173944673922636	1.4210705647512532				PASS	result/B-dataset/audit_adapted_fixedtest_scaffold_cold_seed4/audit_predictions/MPHGNN_STRICT_scaffold_cold_seed4_predictions.tsv	formal_runs/native_mda_audit_20260601/MPHGNN_STRICT_FORMAL_GUARD_20260614/table_exports/MPHGNN_ADAPTED_FIXEDTEST_E10_FULL25_raw_metrics.tsv	loss unavailable; not imputed
MPHGNN	MDA	native	scaffold_cold	5	0.7922666666666667	0.7716093766385174	0.5366666666666666	0.1507128309572301	0.175843139730187	0.3770154928735491	0.3965069005261953	1.295967558638616				PASS	result/B-dataset/audit_adapted_fixedtest_scaffold_cold_seed5/audit_predictions/MPHGNN_STRICT_scaffold_cold_seed5_predictions.tsv	formal_runs/native_mda_audit_20260601/MPHGNN_STRICT_FORMAL_GUARD_20260614/table_exports/MPHGNN_ADAPTED_FIXEDTEST_E10_FULL25_raw_metrics.tsv	loss unavailable; not imputed
MPHGNN	MDA	native	scaffold_cold	6	0.745674074074074	0.7238350445956319	0.5244444444444445	0.104602510460251	0.1407944133885129	0.4208603705659827	0.4325465987973277	1.6075953113024013				PASS	result/B-dataset/audit_adapted_fixedtest_scaffold_cold_seed6/audit_predictions/MPHGNN_STRICT_scaffold_cold_seed6_predictions.tsv	formal_runs/native_mda_audit_20260601/MPHGNN_STRICT_FORMAL_GUARD_20260614/table_exports/MPHGNN_ADAPTED_FIXEDTEST_E10_FULL25_raw_metrics.tsv	loss unavailable; not imputed
MPHGNN	MDA	native	scaffold_cold	7	0.7557333333333334	0.7258328640683425	0.5166666666666667	0.0764331210191082	0.1104046014063798	0.4335180422156097	0.4471977777999644	1.7487076438923168				PASS	result/B-dataset/audit_adapted_fixedtest_scaffold_cold_seed7/audit_predictions/MPHGNN_STRICT_scaffold_cold_seed7_predictions.tsv	formal_runs/native_mda_audit_20260601/MPHGNN_STRICT_FORMAL_GUARD_20260614/table_exports/MPHGNN_ADAPTED_FIXEDTEST_E10_FULL25_raw_metrics.tsv	loss unavailable; not imputed
MPHGNN	MDA	native	scaffold_cold	8	0.761762962962963	0.7417904220765397	0.5177777777777778	0.0805084745762711	0.1151228107059296	0.4300312069216814	0.4432188409725979	1.619536884280116				PASS	result/B-dataset/audit_adapted_fixedtest_scaffold_cold_seed8/audit_predictions/MPHGNN_STRICT_scaffold_cold_seed8_predictions.tsv	formal_runs/native_mda_audit_20260601/MPHGNN_STRICT_FORMAL_GUARD_20260614/table_exports/MPHGNN_ADAPTED_FIXEDTEST_E10_FULL25_raw_metrics.tsv	loss unavailable; not imputed
MPHGNN	MDA	native	scaffold_cold	9	0.7453679012345679	0.7193616610467723	0.53	0.1314168377823408	0.1510975784672242	0.3839933985419752	0.397297120720549	1.337741046503495				PASS	result/B-dataset/audit_adapted_fixedtest_scaffold_cold_seed9/audit_predictions/MPHGNN_STRICT_scaffold_cold_seed9_predictions.tsv	formal_runs/native_mda_audit_20260601/MPHGNN_STRICT_FORMAL_GUARD_20260614/table_exports/MPHGNN_ADAPTED_FIXEDTEST_E10_FULL25_raw_metrics.tsv	loss unavailable; not imputed
MPHGNN	MDA	native	scaffold_cold	10	0.7644691358024691	0.7276682496444239	0.5311111111111111	0.128099173553719	0.1631772564071311	0.4003355163068094	0.4136426673295339	1.4256036769288494				PASS	result/B-dataset/audit_adapted_fixedtest_scaffold_cold_seed10/audit_predictions/MPHGNN_STRICT_scaffold_cold_seed10_predictions.tsv	formal_runs/native_mda_audit_20260601/MPHGNN_STRICT_FORMAL_GUARD_20260614/table_exports/MPHGNN_ADAPTED_FIXEDTEST_E10_FULL25_raw_metrics.tsv	loss unavailable; not imputed
MPHGNN	MDA	native	scaffold_cold	11	0.7603851851851853	0.7416385091667903	0.5266666666666666	0.1125	0.1485562705416415	0.406143673438047	0.4217956042547141	1.458802846726892				PASS	result/B-dataset/audit_adapted_fixedtest_scaffold_cold_seed11/audit_predictions/MPHGNN_STRICT_scaffold_cold_seed11_predictions.tsv	formal_runs/native_mda_audit_20260601/MPHGNN_STRICT_FORMAL_GUARD_20260614/table_exports/MPHGNN_ADAPTED_FIXEDTEST_E10_FULL25_raw_metrics.tsv	loss unavailable; not imputed
MPHGNN	MDA	native	scaffold_cold	12	0.7539555555555555	0.7269361464802206	0.5188888888888888	0.0845665961945031	0.1196975349623361	0.4212951492903744	0.4365735510613173	1.5782270534612823				PASS	result/B-dataset/audit_adapted_fixedtest_scaffold_cold_seed12/audit_predictions/MPHGNN_STRICT_scaffold_cold_seed12_predictions.tsv	formal_runs/native_mda_audit_20260601/MPHGNN_STRICT_FORMAL_GUARD_20260614/table_exports/MPHGNN_ADAPTED_FIXEDTEST_E10_FULL25_raw_metrics.tsv	loss unavailable; not imputed
MPHGNN	MDA	native	scaffold_cold	13	0.7604345679012345	0.7296335215074018	0.5255555555555556	0.1085594989561586	0.1447170695082474	0.4021748580491122	0.4162036595682729	1.4637211207631842				PASS	result/B-dataset/audit_adapted_fixedtest_scaffold_cold_seed13/audit_predictions/MPHGNN_STRICT_scaffold_cold_seed13_predictions.tsv	formal_runs/native_mda_audit_20260601/MPHGNN_STRICT_FORMAL_GUARD_20260614/table_exports/MPHGNN_ADAPTED_FIXEDTEST_E10_FULL25_raw_metrics.tsv	loss unavailable; not imputed
MPHGNN	MDA	native	scaffold_cold	14	0.7672345679012347	0.7370249795886381	0.5188888888888888	0.0845665961945031	0.1196975349623361	0.425552909040115	0.4387879746267573	1.5939086205066708				PASS	result/B-dataset/audit_adapted_fixedtest_scaffold_cold_seed14/audit_predictions/MPHGNN_STRICT_scaffold_cold_seed14_predictions.tsv	formal_runs/native_mda_audit_20260601/MPHGNN_STRICT_FORMAL_GUARD_20260614/table_exports/MPHGNN_ADAPTED_FIXEDTEST_E10_FULL25_raw_metrics.tsv	loss unavailable; not imputed
MPHGNN	MDA	native	scaffold_cold	15	0.752158024691358	0.7208352361123729	0.5244444444444445	0.104602510460251	0.1407944133885129	0.4156244455334112	0.4300096027122344	1.5580743889020594				PASS	result/B-dataset/audit_adapted_fixedtest_scaffold_cold_seed15/audit_predictions/MPHGNN_STRICT_scaffold_cold_seed15_predictions.tsv	formal_runs/native_mda_audit_20260601/MPHGNN_STRICT_FORMAL_GUARD_20260614/table_exports/MPHGNN_ADAPTED_FIXEDTEST_E10_FULL25_raw_metrics.tsv	loss unavailable; not imputed
MPHGNN	MDA	native	scaffold_cold	16	0.7801283950617284	0.7550345766811286	0.5311111111111111	0.128099173553719	0.1631772564071311	0.3774981917348948	0.3951447389466274	1.248093571748528				PASS	result/B-dataset/audit_adapted_fixedtest_scaffold_cold_seed16/audit_predictions/MPHGNN_STRICT_scaffold_cold_seed16_predictions.tsv	formal_runs/native_mda_audit_20260601/MPHGNN_STRICT_FORMAL_GUARD_20260614/table_exports/MPHGNN_ADAPTED_FIXEDTEST_E10_FULL25_raw_metrics.tsv	loss unavailable; not imputed
MPHGNN	MDA	native	scaffold_cold	17	0.7648345679012346	0.740014011197385	0.5233333333333333	0.10062893081761	0.1367824224107948	0.4191000785649181	0.4330817473423021	1.555099909625314				PASS	result/B-dataset/audit_adapted_fixedtest_scaffold_cold_seed17/audit_predictions/MPHGNN_STRICT_scaffold_cold_seed17_predictions.tsv	formal_runs/native_mda_audit_20260601/MPHGNN_STRICT_FORMAL_GUARD_20260614/table_exports/MPHGNN_ADAPTED_FIXEDTEST_E10_FULL25_raw_metrics.tsv	loss unavailable; not imputed
MPHGNN	MDA	native	scaffold_cold	18	0.761511111111111	0.7382192821581824	0.5322222222222223	0.1390593047034765	0.1582574335989236	0.4069078724243979	0.4205541221648066	1.5984097689115837				PASS	result/B-dataset/audit_adapted_fixedtest_scaffold_cold_seed18/audit_predictions/MPHGNN_STRICT_scaffold_cold_seed18_predictions.tsv	formal_runs/native_mda_audit_20260601/MPHGNN_STRICT_FORMAL_GUARD_20260614/table_exports/MPHGNN_ADAPTED_FIXEDTEST_E10_FULL25_raw_metrics.tsv	loss unavailable; not imputed
MPHGNN	MDA	native	scaffold_cold	19	0.7480197530864198	0.705993607459719	0.5255555555555556	0.1085594989561586	0.1447170695082474	0.4145232388845708	0.4269552046007528	1.4907753403045338				PASS	result/B-dataset/audit_adapted_fixedtest_scaffold_cold_seed19/audit_predictions/MPHGNN_STRICT_scaffold_cold_seed19_predictions.tsv	formal_runs/native_mda_audit_20260601/MPHGNN_STRICT_FORMAL_GUARD_20260614/table_exports/MPHGNN_ADAPTED_FIXEDTEST_E10_FULL25_raw_metrics.tsv	loss unavailable; not imputed
MPHGNN	MDA	native	scaffold_cold	20	0.7509530864197532	0.7145538168282208	0.5311111111111111	0.128099173553719	0.1631772564071311	0.4166118473518515	0.4284492391553552	1.5723897999540268				PASS	result/B-dataset/audit_adapted_fixedtest_scaffold_cold_seed20/audit_predictions/MPHGNN_STRICT_scaffold_cold_seed20_predictions.tsv	formal_runs/native_mda_audit_20260601/MPHGNN_STRICT_FORMAL_GUARD_20260614/table_exports/MPHGNN_ADAPTED_FIXEDTEST_E10_FULL25_raw_metrics.tsv	loss unavailable; not imputed
MPHGNN	MDA	native	scaffold_cold	21	0.7710814814814814	0.7398123821717044	0.53	0.124223602484472	0.1596236530117572	0.4129055257901468	0.4254504137569651	1.547650197408626				PASS	result/B-dataset/audit_adapted_fixedtest_scaffold_cold_seed21/audit_predictions/MPHGNN_STRICT_scaffold_cold_seed21_predictions.tsv	formal_runs/native_mda_audit_20260601/MPHGNN_STRICT_FORMAL_GUARD_20260614/table_exports/MPHGNN_ADAPTED_FIXEDTEST_E10_FULL25_raw_metrics.tsv	loss unavailable; not imputed
MPHGNN	MDA	native	scaffold_cold	22	0.7676049382716049	0.7460715380644983	0.5322222222222223	0.1319587628865979	0.1666694191900426	0.3898322472272422	0.4057858166062376	1.3313479226022855				PASS	result/B-dataset/audit_adapted_fixedtest_scaffold_cold_seed22/audit_predictions/MPHGNN_STRICT_scaffold_cold_seed22_predictions.tsv	formal_runs/native_mda_audit_20260601/MPHGNN_STRICT_FORMAL_GUARD_20260614/table_exports/MPHGNN_ADAPTED_FIXEDTEST_E10_FULL25_raw_metrics.tsv	loss unavailable; not imputed
MPHGNN	MDA	native	scaffold_cold	23	0.7803358024691358	0.7513662067698341	0.54	0.1585365853658536	0.1896418623723042	0.3793934495309453	0.3966814152275522	1.291672708923609				PASS	result/B-dataset/audit_adapted_fixedtest_scaffold_cold_seed23/audit_predictions/MPHGNN_STRICT_scaffold_cold_seed23_predictions.tsv	formal_runs/native_mda_audit_20260601/MPHGNN_STRICT_FORMAL_GUARD_20260614/table_exports/MPHGNN_ADAPTED_FIXEDTEST_E10_FULL25_raw_metrics.tsv	loss unavailable; not imputed
MPHGNN	MDA	native	scaffold_cold	24	0.7688543209876543	0.7485167044591357	0.5188888888888888	0.0845665961945031	0.1196975349623361	0.4288862305309969	0.4431866787103031	1.673880922874054				PASS	result/B-dataset/audit_adapted_fixedtest_scaffold_cold_seed24/audit_predictions/MPHGNN_STRICT_scaffold_cold_seed24_predictions.tsv	formal_runs/native_mda_audit_20260601/MPHGNN_STRICT_FORMAL_GUARD_20260614/table_exports/MPHGNN_ADAPTED_FIXEDTEST_E10_FULL25_raw_metrics.tsv	loss unavailable; not imputed
MGCNA	MDA	native	drug_cold	0	0.5690650166147027	0.5658862812483345	0.5051698670605613	0.0401146131805157	0.0418382314325348	0.45075784642148	0.4454612122925399	3.3405907672479285	3.3405907672479285			PASS	formal_runs/mgcna_corrected_fast_full125_fixedfinal_20260629/formal_125runs/drug_cold/seed_0	formal_runs/mgcna_corrected_fast_full125_fixedfinal_20260629/audit/MGCNA_CORRECTED_FAST_FINAL125_RAW_METRICS.tsv	
MGCNA	MDA	native	drug_cold	1	0.6021636392693752	0.5932952284807129	0.5141402714932126	0.0980049002450122	0.0733570447133007	0.4317832153153124	0.4290780930193704	2.3757545526505943	2.3757545526505943			PASS	formal_runs/mgcna_corrected_fast_full125_fixedfinal_20260629/formal_125runs/drug_cold/seed_1	formal_runs/mgcna_corrected_fast_full125_fixedfinal_20260629/audit/MGCNA_CORRECTED_FAST_FINAL125_RAW_METRICS.tsv	
MGCNA	MDA	native	drug_cold	2	0.4878795825600474	0.4999236292552058	0.5027233115468409	0.083026447941078	0.0135301330268923	0.4560578604310605	0.4420409642319488	2.7020018905161947	2.7020018905161947			PASS	formal_runs/mgcna_corrected_fast_full125_fixedfinal_20260629/formal_125runs/drug_cold/seed_2	formal_runs/mgcna_corrected_fast_full125_fixedfinal_20260629/audit/MGCNA_CORRECTED_FAST_FINAL125_RAW_METRICS.tsv	
MGCNA	MDA	native	drug_cold	3	0.5773234454165885	0.5658042225062347	0.5184075342465754	0.1444866920152091	0.0758030896616109	0.4256213663544776	0.4106002533564909	2.5372032341830506	2.5372032341830506			PASS	formal_runs/mgcna_corrected_fast_full125_fixedfinal_20260629/formal_125runs/drug_cold/seed_3	formal_runs/mgcna_corrected_fast_full125_fixedfinal_20260629/audit/MGCNA_CORRECTED_FAST_FINAL125_RAW_METRICS.tsv	
MGCNA	MDA	native	drug_cold	4	0.5397657573646769	0.5437383559356533	0.5095583388266315	0.1267605633802817	0.0397450878316672	0.4377511233987167	0.4237468539824047	2.81132200875134	2.81132200875134			PASS	formal_runs/mgcna_corrected_fast_full125_fixedfinal_20260629/formal_125runs/drug_cold/seed_4	formal_runs/mgcna_corrected_fast_full125_fixedfinal_20260629/audit/MGCNA_CORRECTED_FAST_FINAL125_RAW_METRICS.tsv	
MGCNA	MDA	native	drug_cold	5	0.6397519487873543	0.6212715048456817	0.5556112224448898	0.3054032889584965	0.1603746529487552	0.3789963549640432	0.3558177032996927	2.120548596882028	2.120548596882028			PASS	formal_runs/mgcna_corrected_fast_full125_fixedfinal_20260629/formal_125runs/drug_cold/seed_5	formal_runs/mgcna_corrected_fast_full125_fixedfinal_20260629/audit/MGCNA_CORRECTED_FAST_FINAL125_RAW_METRICS.tsv	
MGCNA	MDA	native	drug_cold	6	0.492476968336988	0.5154980065233573	0.5111799105607155	0.1298224127372933	0.0464481857095904	0.4429006037652038	0.4276730029943074	3.148913187819656	3.148913187819656			PASS	formal_runs/mgcna_corrected_fast_full125_fixedfinal_20260629/formal_125runs/drug_cold/seed_6	formal_runs/mgcna_corrected_fast_full125_fixedfinal_20260629/audit/MGCNA_CORRECTED_FAST_FINAL125_RAW_METRICS.tsv	
MGCNA	MDA	native	drug_cold	7	0.445217471930585	0.463948899708377	0.4838472834067547	0.1157232704402515	-0.0583261032727796	0.4499799727695147	0.4254293416566768	2.8292201222125297	2.8292201222125293			PASS	formal_runs/mgcna_corrected_fast_full125_fixedfinal_20260629/formal_125runs/drug_cold/seed_7	formal_runs/mgcna_corrected_fast_full125_fixedfinal_20260629/audit/MGCNA_CORRECTED_FAST_FINAL125_RAW_METRICS.tsv	
MGCNA	MDA	native	drug_cold	8	0.5889990657380669	0.5648140808425617	0.5030788177339901	0.0860702151755379	0.0150575773262656	0.4373676807889854	0.4321791220161639	3.189402867409118	3.189402867409118			PASS	formal_runs/mgcna_corrected_fast_full125_fixedfinal_20260629/formal_125runs/drug_cold/seed_8	formal_runs/mgcna_corrected_fast_full125_fixedfinal_20260629/audit/MGCNA_CORRECTED_FAST_FINAL125_RAW_METRICS.tsv	
MGCNA	MDA	native	drug_cold	9	0.4346642542771221	0.4678959771440503	0.4946841776110068	0.1042128603104212	-0.0217029431317893	0.4597719726922262	0.4429141278173241	3.64656194729728	3.64656194729728			PASS	formal_runs/mgcna_corrected_fast_full125_fixedfinal_20260629/formal_125runs/drug_cold/seed_9	formal_runs/mgcna_corrected_fast_full125_fixedfinal_20260629/audit/MGCNA_CORRECTED_FAST_FINAL125_RAW_METRICS.tsv	
MGCNA	MDA	native	drug_cold	10	0.5822939792275995	0.5849147110641439	0.5235559858018716	0.1398193999417419	0.1043236183227218	0.439942402313209	0.435586269918988	2.5225787266752056	2.5225787266752056			PASS	formal_runs/mgcna_corrected_fast_full125_fixedfinal_20260629/formal_125runs/drug_cold/seed_10	formal_runs/mgcna_corrected_fast_full125_fixedfinal_20260629/audit/MGCNA_CORRECTED_FAST_FINAL125_RAW_METRICS.tsv	
MGCNA	MDA	native	drug_cold	11	0.6197482730052043	0.5850033986286123	0.5114734299516909	0.123510292524377	0.0493390004305412	0.4131473201128133	0.3983879748633386	2.507631204971733	2.507631204971733			PASS	formal_runs/mgcna_corrected_fast_full125_fixedfinal_20260629/formal_125runs/drug_cold/seed_11	formal_runs/mgcna_corrected_fast_full125_fixedfinal_20260629/audit/MGCNA_CORRECTED_FAST_FINAL125_RAW_METRICS.tsv	
MGCNA	MDA	native	drug_cold	12	0.5765397196624612	0.5889604201722882	0.5171981368685059	0.1108545034642032	0.0847839547417718	0.4358301036348053	0.4312327666558775	2.89614006908683	2.89614006908683			PASS	formal_runs/mgcna_corrected_fast_full125_fixedfinal_20260629/formal_125runs/drug_cold/seed_12	formal_runs/mgcna_corrected_fast_full125_fixedfinal_20260629/audit/MGCNA_CORRECTED_FAST_FINAL125_RAW_METRICS.tsv	
MGCNA	MDA	native	drug_cold	13	0.5331630686158754	0.5451719300255129	0.5164622336991608	0.1361014994232987	0.0694726827041219	0.4407844944831055	0.4280717936953834	3.0302470858770145	3.0302470858770145			PASS	formal_runs/mgcna_corrected_fast_full125_fixedfinal_20260629/formal_125runs/drug_cold/seed_13	formal_runs/mgcna_corrected_fast_full125_fixedfinal_20260629/audit/MGCNA_CORRECTED_FAST_FINAL125_RAW_METRICS.tsv	
MGCNA	MDA	native	drug_cold	14	0.6344675366377466	0.6078696029389892	0.5400149588631264	0.2756183745583039	0.1170960810281459	0.4023915652388627	0.3833408635911965	2.2544673381426845	2.2544673381426845			PASS	formal_runs/mgcna_corrected_fast_full125_fixedfinal_20260629/formal_125runs/drug_cold/seed_14	formal_runs/mgcna_corrected_fast_full125_fixedfinal_20260629/audit/MGCNA_CORRECTED_FAST_FINAL125_RAW_METRICS.tsv	
MGCNA	MDA	native	drug_cold	15	0.5254980303983527	0.5208302368996112	0.5116978609625669	0.1905817174515235	0.0384395653501442	0.4305987644446558	0.4091893930097776	2.815721936477502	2.815721936477502			PASS	formal_runs/mgcna_corrected_fast_full125_fixedfinal_20260629/formal_125runs/drug_cold/seed_15	formal_runs/mgcna_corrected_fast_full125_fixedfinal_20260629/audit/MGCNA_CORRECTED_FAST_FINAL125_RAW_METRICS.tsv	
MGCNA	MDA	native	drug_cold	16	0.6528507641094881	0.6520863453142646	0.5529782359679267	0.2584323040380047	0.1744392885244768	0.3863189607666197	0.3752550096804098	2.3976055833629197	2.3976055833629197			PASS	formal_runs/mgcna_corrected_fast_full125_fixedfinal_20260629/formal_125runs/drug_cold/seed_16	formal_runs/mgcna_corrected_fast_full125_fixedfinal_20260629/audit/MGCNA_CORRECTED_FAST_FINAL125_RAW_METRICS.tsv	
MGCNA	MDA	native	drug_cold	17	0.6512924022168267	0.6335623778845902	0.523970818134445	0.1320665083135392	0.1116261563428133	0.4296478359841961	0.4237181669902327	2.7707276831236616	2.7707276831236616			PASS	formal_runs/mgcna_corrected_fast_full125_fixedfinal_20260629/formal_125runs/drug_cold/seed_17	formal_runs/mgcna_corrected_fast_full125_fixedfinal_20260629/audit/MGCNA_CORRECTED_FAST_FINAL125_RAW_METRICS.tsv	
MGCNA	MDA	native	drug_cold	18	0.6337004203723298	0.617845744979677	0.5267379679144385	0.1563393708293613	0.1117520047707214	0.4262804131566781	0.4253594781464708	2.8926752317734348	2.8926752317734348			PASS	formal_runs/mgcna_corrected_fast_full125_fixedfinal_20260629/formal_125runs/drug_cold/seed_18	formal_runs/mgcna_corrected_fast_full125_fixedfinal_20260629/audit/MGCNA_CORRECTED_FAST_FINAL125_RAW_METRICS.tsv	
MGCNA	MDA	native	drug_cold	19	0.5266014089994876	0.5423058620226373	0.5073868882733149	0.0745880312228968	0.0417710433845116	0.4369468894223881	0.4221169938145805	3.051413495237353	3.051413495237353			PASS	formal_runs/mgcna_corrected_fast_full125_fixedfinal_20260629/formal_125runs/drug_cold/seed_19	formal_runs/mgcna_corrected_fast_full125_fixedfinal_20260629/audit/MGCNA_CORRECTED_FAST_FINAL125_RAW_METRICS.tsv	
MGCNA	MDA	native	drug_cold	20	0.5547806214661555	0.5538003348061948	0.5076252723311547	0.0887096774193548	0.0387711982854048	0.443104052489674	0.4364051940036468	2.4695581000839555	2.469558100083955			PASS	formal_runs/mgcna_corrected_fast_full125_fixedfinal_20260629/formal_125runs/drug_cold/seed_20	formal_runs/mgcna_corrected_fast_full125_fixedfinal_20260629/audit/MGCNA_CORRECTED_FAST_FINAL125_RAW_METRICS.tsv	
MGCNA	MDA	native	drug_cold	21	0.5378415346334753	0.5385929551241618	0.5061998541210795	0.096128170894526	0.0294992662914306	0.4282912052707435	0.4116217316791244	2.482110860277955	2.482110860277955			PASS	formal_runs/mgcna_corrected_fast_full125_fixedfinal_20260629/formal_125runs/drug_cold/seed_21	formal_runs/mgcna_corrected_fast_full125_fixedfinal_20260629/audit/MGCNA_CORRECTED_FAST_FINAL125_RAW_METRICS.tsv	
MGCNA	MDA	native	drug_cold	22	0.6482640015624062	0.6343655196319258	0.5521317829457364	0.2943511450381679	0.1527035544273105	0.3841190495023988	0.3715729161488655	1.8557744709510544	1.8557744709510544			PASS	formal_runs/mgcna_corrected_fast_full125_fixedfinal_20260629/formal_125runs/drug_cold/seed_22	formal_runs/mgcna_corrected_fast_full125_fixedfinal_20260629/audit/MGCNA_CORRECTED_FAST_FINAL125_RAW_METRICS.tsv	
MGCNA	MDA	native	drug_cold	23	0.4564086453637816	0.4952421388462602	0.5042759407069556	0.0900052328623757	0.0206801754478233	0.4577971710259484	0.4479267768757183	3.781944416162704	3.781944416162704			PASS	formal_runs/mgcna_corrected_fast_full125_fixedfinal_20260629/formal_125runs/drug_cold/seed_23	formal_runs/mgcna_corrected_fast_full125_fixedfinal_20260629/audit/MGCNA_CORRECTED_FAST_FINAL125_RAW_METRICS.tsv	
MGCNA	MDA	native	drug_cold	24	0.5930683678546493	0.5943003803298403	0.5191218130311614	0.1124183006535947	0.0955627986580233	0.4326017007181238	0.430928095974122	3.0762249727355977	3.0762249727355977			PASS	formal_runs/mgcna_corrected_fast_full125_fixedfinal_20260629/formal_125runs/drug_cold/seed_24	formal_runs/mgcna_corrected_fast_full125_fixedfinal_20260629/audit/MGCNA_CORRECTED_FAST_FINAL125_RAW_METRICS.tsv	
MGCNA	MDA	native	mirna_cold	0	0.7838402700046855	0.7642657849232757	0.5660076530612245	0.2678859601936525	0.2275006886413899	0.3591349719013664	0.3710383848049846	1.477143253806605	1.4771432538066045			PASS	formal_runs/mgcna_corrected_fast_full125_fixedfinal_20260629/formal_125runs/mirna_cold/seed_0	formal_runs/mgcna_corrected_fast_full125_fixedfinal_20260629/audit/MGCNA_CORRECTED_FAST_FINAL125_RAW_METRICS.tsv	
MGCNA	MDA	native	mirna_cold	1	0.7683441996836542	0.740209551779651	0.5385093167701863	0.1651685393258427	0.1722056136853957	0.3923347586164393	0.4091749672378115	1.690704874753997	1.690704874753997			PASS	formal_runs/mgcna_corrected_fast_full125_fixedfinal_20260629/formal_125runs/mirna_cold/seed_1	formal_runs/mgcna_corrected_fast_full125_fixedfinal_20260629/audit/MGCNA_CORRECTED_FAST_FINAL125_RAW_METRICS.tsv	
MGCNA	MDA	native	mirna_cold	2	0.7080329671211549	0.7045238070537176	0.5138810198300283	0.0774193548387096	0.0857770106084139	0.4371447515170104	0.4473791707579752	2.481697464460563	2.481697464460563			PASS	formal_runs/mgcna_corrected_fast_full125_fixedfinal_20260629/formal_125runs/mirna_cold/seed_2	formal_runs/mgcna_corrected_fast_full125_fixedfinal_20260629/audit/MGCNA_CORRECTED_FAST_FINAL125_RAW_METRICS.tsv	
MGCNA	MDA	native	mirna_cold	3	0.7852990286690849	0.7479918470644711	0.5150669642857143	0.0765143464399575	0.0962966224552	0.4026797730417885	0.4190240239306136	1.736526780991543	1.736526780991543			PASS	formal_runs/mgcna_corrected_fast_full125_fixedfinal_20260629/formal_125runs/mirna_cold/seed_3	formal_runs/mgcna_corrected_fast_full125_fixedfinal_20260629/audit/MGCNA_CORRECTED_FAST_FINAL125_RAW_METRICS.tsv	
MGCNA	MDA	native	mirna_cold	4	0.7913463777871051	0.7620838482066797	0.5438348416289592	0.1890397184514831	0.1810897190534388	0.3981001475073631	0.4148453488043595	1.8220372809684824	1.8220372809684824			PASS	formal_runs/mgcna_corrected_fast_full125_fixedfinal_20260629/formal_125runs/mirna_cold/seed_4	formal_runs/mgcna_corrected_fast_full125_fixedfinal_20260629/audit/MGCNA_CORRECTED_FAST_FINAL125_RAW_METRICS.tsv	
MGCNA	MDA	native	mirna_cold	5	0.8091262612678696	0.7916042649734562	0.664044289044289	0.5291955900367497	0.4002717733087229	0.3059718516108513	0.3261233611975739	1.2859614153869028	1.2859614153869028			PASS	formal_runs/mgcna_corrected_fast_full125_fixedfinal_20260629/formal_125runs/mirna_cold/seed_5	formal_runs/mgcna_corrected_fast_full125_fixedfinal_20260629/audit/MGCNA_CORRECTED_FAST_FINAL125_RAW_METRICS.tsv	
MGCNA	MDA	native	mirna_cold	6	0.7734225843407847	0.7586276229340666	0.5455793520043932	0.1762070681931309	0.2060003682831765	0.4327728464721063	0.4447372537056838	2.222021734550703	2.2220217345507027			PASS	formal_runs/mgcna_corrected_fast_full125_fixedfinal_20260629/formal_125runs/mirna_cold/seed_6	formal_runs/mgcna_corrected_fast_full125_fixedfinal_20260629/audit/MGCNA_CORRECTED_FAST_FINAL125_RAW_METRICS.tsv	
MGCNA	MDA	native	mirna_cold	7	0.8675898756514959	0.848509679741042	0.7112590799031477	0.6235201262825573	0.477566726579022	0.2372461535230516	0.2556890300744841	0.9516643696447348	0.9516643696447348			PASS	formal_runs/mgcna_corrected_fast_full125_fixedfinal_20260629/formal_125runs/mirna_cold/seed_7	formal_runs/mgcna_corrected_fast_full125_fixedfinal_20260629/audit/MGCNA_CORRECTED_FAST_FINAL125_RAW_METRICS.tsv	
MGCNA	MDA	native	mirna_cold	8	0.7536977583812736	0.7766025280355647	0.5459154929577464	0.1741803278688524	0.21095644618219	0.3722600050083227	0.3891513262504405	1.6668871217211365	1.6668871217211365			PASS	formal_runs/mgcna_corrected_fast_full125_fixedfinal_20260629/formal_125runs/mirna_cold/seed_8	formal_runs/mgcna_corrected_fast_full125_fixedfinal_20260629/audit/MGCNA_CORRECTED_FAST_FINAL125_RAW_METRICS.tsv	
MGCNA	MDA	native	mirna_cold	9	0.8045106418001042	0.8034902972679682	0.57928531546622	0.3013444598980065	0.2617699423254205	0.3343211270676248	0.3516884938844162	1.5710574415294472	1.5710574415294472			PASS	formal_runs/mgcna_corrected_fast_full125_fixedfinal_20260629/formal_125runs/mirna_cold/seed_9	formal_runs/mgcna_corrected_fast_full125_fixedfinal_20260629/audit/MGCNA_CORRECTED_FAST_FINAL125_RAW_METRICS.tsv	
MGCNA	MDA	native	mirna_cold	10	0.7307022533156831	0.7120907409352372	0.539386650631389	0.1798715203426124	0.1637749519911271	0.4326383615878249	0.4364341958691612	2.1360366106993047	2.1360366106993043			PASS	formal_runs/mgcna_corrected_fast_full125_fixedfinal_20260629/formal_125runs/mirna_cold/seed_10	formal_runs/mgcna_corrected_fast_full125_fixedfinal_20260629/audit/MGCNA_CORRECTED_FAST_FINAL125_RAW_METRICS.tsv	
MGCNA	MDA	native	mirna_cold	11	0.7719587913485081	0.7663181224198494	0.5768194070080862	0.3059239610963749	0.2458065031434166	0.3311115883468132	0.3378926999349226	1.3422417116523755	1.3422417116523755			PASS	formal_runs/mgcna_corrected_fast_full125_fixedfinal_20260629/formal_125runs/mirna_cold/seed_11	formal_runs/mgcna_corrected_fast_full125_fixedfinal_20260629/audit/MGCNA_CORRECTED_FAST_FINAL125_RAW_METRICS.tsv	
MGCNA	MDA	native	mirna_cold	12	0.7537601517920551	0.722154310487969	0.5344105326152004	0.1534276387377584	0.1579311289811146	0.3971058707089204	0.4112336292538666	1.9077273512872497	1.9077273512872497			PASS	formal_runs/mgcna_corrected_fast_full125_fixedfinal_20260629/formal_125runs/mirna_cold/seed_12	formal_runs/mgcna_corrected_fast_full125_fixedfinal_20260629/audit/MGCNA_CORRECTED_FAST_FINAL125_RAW_METRICS.tsv	
MGCNA	MDA	native	mirna_cold	13	0.8356499185253765	0.8078507995487145	0.5821123321123322	0.3103274559193955	0.266825822461754	0.3538652280958792	0.3717839283469954	1.4826491641692972	1.482649164169297			PASS	formal_runs/mgcna_corrected_fast_full125_fixedfinal_20260629/formal_125runs/mirna_cold/seed_13	formal_runs/mgcna_corrected_fast_full125_fixedfinal_20260629/audit/MGCNA_CORRECTED_FAST_FINAL125_RAW_METRICS.tsv	
MGCNA	MDA	native	mirna_cold	14	0.8204666470609759	0.8066736147434836	0.5506402793946449	0.205761316872428	0.2042878381122956	0.3830997874685135	0.402151485233069	2.0206427352456537	2.0206427352456537			PASS	formal_runs/mgcna_corrected_fast_full125_fixedfinal_20260629/formal_125runs/mirna_cold/seed_14	formal_runs/mgcna_corrected_fast_full125_fixedfinal_20260629/audit/MGCNA_CORRECTED_FAST_FINAL125_RAW_METRICS.tsv	
MGCNA	MDA	native	mirna_cold	15	0.8193660424553812	0.7964585480305049	0.5	0.0	0.0	0.3604515633943079	0.3901385288460888	1.4726425692109149	1.4726425692109149			PASS	formal_runs/mgcna_corrected_fast_full125_fixedfinal_20260629/formal_125runs/mirna_cold/seed_15	formal_runs/mgcna_corrected_fast_full125_fixedfinal_20260629/audit/MGCNA_CORRECTED_FAST_FINAL125_RAW_METRICS.tsv	
MGCNA	MDA	native	mirna_cold	16	0.7627538234050582	0.7605261116923732	0.5730277185501066	0.2911504424778761	0.2409344540000603	0.368869473808012	0.3967057046943216	1.6166500072190098	1.6166500072190098			PASS	formal_runs/mgcna_corrected_fast_full125_fixedfinal_20260629/formal_125runs/mirna_cold/seed_16	formal_runs/mgcna_corrected_fast_full125_fixedfinal_20260629/audit/MGCNA_CORRECTED_FAST_FINAL125_RAW_METRICS.tsv	
MGCNA	MDA	native	mirna_cold	17	0.7177517747707866	0.7105021174415256	0.5173210161662818	0.0823271130625686	0.1088823427028459	0.411906416668895	0.4285966201666932	1.9506185481315703	1.9506185481315703			PASS	formal_runs/mgcna_corrected_fast_full125_fixedfinal_20260629/formal_125runs/mirna_cold/seed_17	formal_runs/mgcna_corrected_fast_full125_fixedfinal_20260629/audit/MGCNA_CORRECTED_FAST_FINAL125_RAW_METRICS.tsv	
MGCNA	MDA	native	mirna_cold	18	0.7467303340690075	0.7286691287730953	0.5165562913907285	0.0895691609977324	0.0955176411442044	0.4105326807210089	0.4248578044350271	1.940640617596084	1.940640617596084			PASS	formal_runs/mgcna_corrected_fast_full125_fixedfinal_20260629/formal_125runs/mirna_cold/seed_18	formal_runs/mgcna_corrected_fast_full125_fixedfinal_20260629/audit/MGCNA_CORRECTED_FAST_FINAL125_RAW_METRICS.tsv	
MGCNA	MDA	native	mirna_cold	19	0.8453041489563169	0.8261414463076312	0.648795871559633	0.4906444906444906	0.3796677633719849	0.3119894283593906	0.3275209309571411	1.357166465205642	1.357166465205642			PASS	formal_runs/mgcna_corrected_fast_full125_fixedfinal_20260629/formal_125runs/mirna_cold/seed_19	formal_runs/mgcna_corrected_fast_full125_fixedfinal_20260629/audit/MGCNA_CORRECTED_FAST_FINAL125_RAW_METRICS.tsv	
MGCNA	MDA	native	mirna_cold	20	0.8115723780669154	0.7711807911849397	0.5320708613317043	0.1563876651982378	0.1410692823185725	0.3533444321477057	0.3766803894022664	1.2953763713460644	1.2953763713460644			PASS	formal_runs/mgcna_corrected_fast_full125_fixedfinal_20260629/formal_125runs/mirna_cold/seed_20	formal_runs/mgcna_corrected_fast_full125_fixedfinal_20260629/audit/MGCNA_CORRECTED_FAST_FINAL125_RAW_METRICS.tsv	
MGCNA	MDA	native	mirna_cold	21	0.8173123292292124	0.7996946789474222	0.5612987012987013	0.2449709432275368	0.2246238112066499	0.3417467901836779	0.3769320890818583	1.4652077479772	1.4652077479772			PASS	formal_runs/mgcna_corrected_fast_full125_fixedfinal_20260629/formal_125runs/mirna_cold/seed_21	formal_runs/mgcna_corrected_fast_full125_fixedfinal_20260629/audit/MGCNA_CORRECTED_FAST_FINAL125_RAW_METRICS.tsv	
MGCNA	MDA	native	mirna_cold	22	0.7740593172837262	0.7413346438337047	0.516065388951522	0.0763851533082302	0.1050604234813769	0.4232843163531628	0.4370319006722332	1.9221101292179816	1.9221101292179816			PASS	formal_runs/mgcna_corrected_fast_full125_fixedfinal_20260629/formal_125runs/mirna_cold/seed_22	formal_runs/mgcna_corrected_fast_full125_fixedfinal_20260629/audit/MGCNA_CORRECTED_FAST_FINAL125_RAW_METRICS.tsv	
MGCNA	MDA	native	mirna_cold	23	0.8392368371895124	0.8394840281605593	0.5615034168564921	0.2391304347826087	0.2316572685799975	0.3480678842738695	0.3869442447500976	1.622706667112963	1.6227066671129626			PASS	formal_runs/mgcna_corrected_fast_full125_fixedfinal_20260629/formal_125runs/mirna_cold/seed_23	formal_runs/mgcna_corrected_fast_full125_fixedfinal_20260629/audit/MGCNA_CORRECTED_FAST_FINAL125_RAW_METRICS.tsv	
MGCNA	MDA	native	mirna_cold	24	0.8299236590318807	0.8082904962387214	0.561514997458058	0.2410910690717114	0.2296788545272135	0.3527197162372286	0.3824758714352677	1.4986332001047642	1.4986332001047642			PASS	formal_runs/mgcna_corrected_fast_full125_fixedfinal_20260629/formal_125runs/mirna_cold/seed_24	formal_runs/mgcna_corrected_fast_full125_fixedfinal_20260629/audit/MGCNA_CORRECTED_FAST_FINAL125_RAW_METRICS.tsv	
MGCNA	MDA	native	random	0	0.8674544703728643	0.8781599375088054	0.7907110091743119	0.7571523619427811	0.6049865193188216	0.1837528365385594	0.1674084672414623	1.1201425640126437	1.1201425640126437			PASS	formal_runs/mgcna_corrected_fast_full125_fixedfinal_20260629/formal_125runs/random/seed_0	formal_runs/mgcna_corrected_fast_full125_fixedfinal_20260629/audit/MGCNA_CORRECTED_FAST_FINAL125_RAW_METRICS.tsv	
MGCNA	MDA	native	random	1	0.8726120618003534	0.8843925335587958	0.8081995412844036	0.7856456264017943	0.630517837633521	0.1673582893940121	0.146993579679938	0.9365028472738914	0.9365028472738914			PASS	formal_runs/mgcna_corrected_fast_full125_fixedfinal_20260629/formal_125runs/random/seed_1	formal_runs/mgcna_corrected_fast_full125_fixedfinal_20260629/audit/MGCNA_CORRECTED_FAST_FINAL125_RAW_METRICS.tsv	
MGCNA	MDA	native	random	2	0.8800112837724097	0.888389569168719	0.8041857798165137	0.7810195575504969	0.6224640674729165	0.1674735576452184	0.1490723862524089	0.8984604016605765	0.8984604016605765			PASS	formal_runs/mgcna_corrected_fast_full125_fixedfinal_20260629/formal_125runs/random/seed_2	formal_runs/mgcna_corrected_fast_full125_fixedfinal_20260629/audit/MGCNA_CORRECTED_FAST_FINAL125_RAW_METRICS.tsv	
MGCNA	MDA	native	random	3	0.8670959344226076	0.8842315477992236	0.8090596330275229	0.7869481765834933	0.631881377019302	0.1677798130020363	0.1457363003648587	0.9218689431241448	0.9218689431241448			PASS	formal_runs/mgcna_corrected_fast_full125_fixedfinal_20260629/formal_125runs/random/seed_3	formal_runs/mgcna_corrected_fast_full125_fixedfinal_20260629/audit/MGCNA_CORRECTED_FAST_FINAL125_RAW_METRICS.tsv	
MGCNA	MDA	native	random	4	0.8434083962839829	0.8612589829410534	0.7993119266055045	0.7747747747747747	0.6133608573499714	0.1786956374960447	0.1568728963377199	1.0950816993152506	1.0950816993152506			PASS	formal_runs/mgcna_corrected_fast_full125_fixedfinal_20260629/formal_125runs/random/seed_4	formal_runs/mgcna_corrected_fast_full125_fixedfinal_20260629/audit/MGCNA_CORRECTED_FAST_FINAL125_RAW_METRICS.tsv	
MGCNA	MDA	native	random	5	0.8719107713997138	0.8794764200324916	0.7924311926605505	0.768985322271857	0.5972965822482498	0.1729586236671784	0.1502318964469917	0.941823497124623	0.9418234971246228			PASS	formal_runs/mgcna_corrected_fast_full125_fixedfinal_20260629/formal_125runs/random/seed_5	formal_runs/mgcna_corrected_fast_full125_fixedfinal_20260629/audit/MGCNA_CORRECTED_FAST_FINAL125_RAW_METRICS.tsv	
MGCNA	MDA	native	random	6	0.8647742456443059	0.8792183495912992	0.7961582568807339	0.7683284457478006	0.610188646500185	0.1726580622539243	0.1505344025489351	0.8836301262848553	0.8836301262848552			PASS	formal_runs/mgcna_corrected_fast_full125_fixedfinal_20260629/formal_125runs/random/seed_6	formal_runs/mgcna_corrected_fast_full125_fixedfinal_20260629/audit/MGCNA_CORRECTED_FAST_FINAL125_RAW_METRICS.tsv	
MGCNA	MDA	native	random	7	0.8216037883490447	0.8432427216745645	0.7766628440366973	0.7563340631842352	0.5611930699912551	0.1906251759828101	0.1585309193826886	1.046482251812661	1.046482251812661			PASS	formal_runs/mgcna_corrected_fast_full125_fixedfinal_20260629/formal_125runs/random/seed_7	formal_runs/mgcna_corrected_fast_full125_fixedfinal_20260629/audit/MGCNA_CORRECTED_FAST_FINAL125_RAW_METRICS.tsv	
MGCNA	MDA	native	random	8	0.8348516999305615	0.8569581136621576	0.7717889908256881	0.7417261518494485	0.5589346719096228	0.2004315915490657	0.1814016936355038	1.1818625471922666	1.1818625471922666			PASS	formal_runs/mgcna_corrected_fast_full125_fixedfinal_20260629/formal_125runs/random/seed_8	formal_runs/mgcna_corrected_fast_full125_fixedfinal_20260629/audit/MGCNA_CORRECTED_FAST_FINAL125_RAW_METRICS.tsv	
MGCNA	MDA	native	random	9	0.8906674127809107	0.898387779832194	0.8087729357798165	0.7926639726453217	0.6251393036348566	0.1565288745869051	0.132029131938401	0.7446139944486262	0.7446139944486261			PASS	formal_runs/mgcna_corrected_fast_full125_fixedfinal_20260629/formal_125runs/random/seed_9	formal_runs/mgcna_corrected_fast_full125_fixedfinal_20260629/audit/MGCNA_CORRECTED_FAST_FINAL125_RAW_METRICS.tsv	
MGCNA	MDA	native	random	10	0.8556354420924165	0.8765143294363321	0.7901376146788991	0.7638709677419355	0.5951919758162616	0.177393215680343	0.146917472954236	0.9204062897410756	0.9204062897410756			PASS	formal_runs/mgcna_corrected_fast_full125_fixedfinal_20260629/formal_125runs/random/seed_10	formal_runs/mgcna_corrected_fast_full125_fixedfinal_20260629/audit/MGCNA_CORRECTED_FAST_FINAL125_RAW_METRICS.tsv	
MGCNA	MDA	native	random	11	0.8744331811295345	0.8876013684280846	0.8067660550458715	0.789375	0.6220728373365751	0.1621366156809932	0.1333408930230405	0.8528502285598447	0.8528502285598447			PASS	formal_runs/mgcna_corrected_fast_full125_fixedfinal_20260629/formal_125runs/random/seed_11	formal_runs/mgcna_corrected_fast_full125_fixedfinal_20260629/audit/MGCNA_CORRECTED_FAST_FINAL125_RAW_METRICS.tsv	
MGCNA	MDA	native	random	12	0.9006571022009932	0.9018072173906292	0.8216743119266054	0.806471686372122	0.6514387802206099	0.1541671431988957	0.1395680973576677	0.825607528952879	0.8256075289528789			PASS	formal_runs/mgcna_corrected_fast_full125_fixedfinal_20260629/formal_125runs/random/seed_12	formal_runs/mgcna_corrected_fast_full125_fixedfinal_20260629/audit/MGCNA_CORRECTED_FAST_FINAL125_RAW_METRICS.tsv	
MGCNA	MDA	native	random	13	0.8565035889760964	0.8694414129318344	0.7993119266055045	0.775208734746307	0.6128825230632402	0.1745900098454213	0.1485251604781222	1.0068841935591673	1.0068841935591673			PASS	formal_runs/mgcna_corrected_fast_full125_fixedfinal_20260629/formal_125runs/random/seed_13	formal_runs/mgcna_corrected_fast_full125_fixedfinal_20260629/audit/MGCNA_CORRECTED_FAST_FINAL125_RAW_METRICS.tsv	
MGCNA	MDA	native	random	14	0.8518381830759196	0.8728566546972493	0.7932912844036697	0.7611791984100695	0.6090175872008097	0.1811589790318243	0.1615904043363578	1.0057915740393313	1.0057915740393313			PASS	formal_runs/mgcna_corrected_fast_full125_fixedfinal_20260629/formal_125runs/random/seed_14	formal_runs/mgcna_corrected_fast_full125_fixedfinal_20260629/audit/MGCNA_CORRECTED_FAST_FINAL125_RAW_METRICS.tsv	
MGCNA	MDA	native	random	15	0.8902375312999747	0.8898186936524681	0.8018922018348624	0.7770248467247499	0.6193887255883491	0.1686631759870176	0.1493078519783891	0.8955415454646894	0.8955415454646894			PASS	formal_runs/mgcna_corrected_fast_full125_fixedfinal_20260629/formal_125runs/random/seed_15	formal_runs/mgcna_corrected_fast_full125_fixedfinal_20260629/audit/MGCNA_CORRECTED_FAST_FINAL125_RAW_METRICS.tsv	
MGCNA	MDA	native	random	16	0.877149243014056	0.8823663202375595	0.7967316513761468	0.7734100351550016	0.6064511539327183	0.1723127426918935	0.1477388500082461	0.8653269867026842	0.8653269867026842			PASS	formal_runs/mgcna_corrected_fast_full125_fixedfinal_20260629/formal_125runs/random/seed_16	formal_runs/mgcna_corrected_fast_full125_fixedfinal_20260629/audit/MGCNA_CORRECTED_FAST_FINAL125_RAW_METRICS.tsv	
MGCNA	MDA	native	random	17	0.890780020358135	0.889611274135101	0.788704128440367	0.7555555555555555	0.5998930751775655	0.1802336720945294	0.1723305264906346	0.9837457948719696	0.9837457948719696			PASS	formal_runs/mgcna_corrected_fast_full125_fixedfinal_20260629/formal_125runs/random/seed_17	formal_runs/mgcna_corrected_fast_full125_fixedfinal_20260629/audit/MGCNA_CORRECTED_FAST_FINAL125_RAW_METRICS.tsv	
MGCNA	MDA	native	random	18	0.8398616685779816	0.8660736272647864	0.783256880733945	0.7509881422924901	0.5865560516390117	0.1879556656387394	0.1644059996184072	1.122415442593231	1.122415442593231			PASS	formal_runs/mgcna_corrected_fast_full125_fixedfinal_20260629/formal_125runs/random/seed_18	formal_runs/mgcna_corrected_fast_full125_fixedfinal_20260629/audit/MGCNA_CORRECTED_FAST_FINAL125_RAW_METRICS.tsv	
MGCNA	MDA	native	random	19	0.8518623484976011	0.871416557484031	0.78125	0.7462587296308614	0.5851973144801245	0.1936903848777697	0.1781894463595474	1.1557078116635595	1.1557078116635595			PASS	formal_runs/mgcna_corrected_fast_full125_fixedfinal_20260629/formal_125runs/random/seed_19	formal_runs/mgcna_corrected_fast_full125_fixedfinal_20260629/audit/MGCNA_CORRECTED_FAST_FINAL125_RAW_METRICS.tsv	
MGCNA	MDA	native	random	20	0.820401764108661	0.8494877041764878	0.7775229357798165	0.7511225144323285	0.567975365199227	0.1968654945059704	0.1746953401405472	1.2130353408956336	1.2130353408956336			PASS	formal_runs/mgcna_corrected_fast_full125_fixedfinal_20260629/formal_125runs/random/seed_20	formal_runs/mgcna_corrected_fast_full125_fixedfinal_20260629/audit/MGCNA_CORRECTED_FAST_FINAL125_RAW_METRICS.tsv	
MGCNA	MDA	native	random	21	0.8661054809149061	0.8809874471145792	0.7950114678899083	0.7692804130364633	0.6052716036376175	0.1732892517654857	0.1492017656342442	0.9103355171926176	0.9103355171926176			PASS	formal_runs/mgcna_corrected_fast_full125_fixedfinal_20260629/formal_125runs/random/seed_21	formal_runs/mgcna_corrected_fast_full125_fixedfinal_20260629/audit/MGCNA_CORRECTED_FAST_FINAL125_RAW_METRICS.tsv	
MGCNA	MDA	native	random	22	0.8742087879282048	0.8812886785437437	0.7961582568807339	0.7752134049952577	0.6028772259752646	0.1767967541093301	0.1562849389391155	0.9643275642039189	0.9643275642039189			PASS	formal_runs/mgcna_corrected_fast_full125_fixedfinal_20260629/formal_125runs/random/seed_22	formal_runs/mgcna_corrected_fast_full125_fixedfinal_20260629/audit/MGCNA_CORRECTED_FAST_FINAL125_RAW_METRICS.tsv	
MGCNA	MDA	native	random	23	0.9009528409330022	0.9034289557937883	0.8156536697247706	0.7967119822952893	0.642563238914585	0.1529243646900065	0.1344890226838432	0.7782319722836268	0.7782319722836268			PASS	formal_runs/mgcna_corrected_fast_full125_fixedfinal_20260629/formal_125runs/random/seed_23	formal_runs/mgcna_corrected_fast_full125_fixedfinal_20260629/audit/MGCNA_CORRECTED_FAST_FINAL125_RAW_METRICS.tsv	
MGCNA	MDA	native	random	24	0.8805991446427068	0.895905819513959	0.8130733944954128	0.790891597177678	0.6407325400801197	0.1596744461946148	0.1380484838026222	0.8792002945558376	0.8792002945558376			PASS	formal_runs/mgcna_corrected_fast_full125_fixedfinal_20260629/formal_125runs/random/seed_24	formal_runs/mgcna_corrected_fast_full125_fixedfinal_20260629/audit/MGCNA_CORRECTED_FAST_FINAL125_RAW_METRICS.tsv	
MGCNA	MDA	native	scaffold_cold	0	0.5474301858015557	0.5753326732113552	0.5109016999260901	0.0603478878239261	0.076915101968596	0.4363450695319561	0.4354712178177675	2.6927486115335784	2.6927486115335784			PASS	formal_runs/mgcna_corrected_fast_full125_fixedfinal_20260629/formal_125runs/scaffold_cold/seed_0	formal_runs/mgcna_corrected_fast_full125_fixedfinal_20260629/audit/MGCNA_CORRECTED_FAST_FINAL125_RAW_METRICS.tsv	
MGCNA	MDA	native	scaffold_cold	1	0.473519299124632	0.4949405133154294	0.5038503850385039	0.1156862745098039	0.0160812495004544	0.4497743255240034	0.4305179620171133	3.7195206925827295	3.7195206925827295			PASS	formal_runs/mgcna_corrected_fast_full125_fixedfinal_20260629/formal_125runs/scaffold_cold/seed_1	formal_runs/mgcna_corrected_fast_full125_fixedfinal_20260629/audit/MGCNA_CORRECTED_FAST_FINAL125_RAW_METRICS.tsv	
MGCNA	MDA	native	scaffold_cold	2	0.5033374866500534	0.5224230944634607	0.5224056603773585	0.2702702702702703	0.0619952442369989	0.4131552807566462	0.3723483681492582	2.6459870619566903	2.6459870619566903			PASS	formal_runs/mgcna_corrected_fast_full125_fixedfinal_20260629/formal_125runs/scaffold_cold/seed_2	formal_runs/mgcna_corrected_fast_full125_fixedfinal_20260629/audit/MGCNA_CORRECTED_FAST_FINAL125_RAW_METRICS.tsv	
MGCNA	MDA	native	scaffold_cold	3	0.564824106234742	0.5582077654704309	0.5455075845974329	0.3336184773310521	0.1179351595347781	0.3994291998089788	0.3765619434443975	2.441819419799076	2.4418194197990752			PASS	formal_runs/mgcna_corrected_fast_full125_fixedfinal_20260629/formal_125runs/scaffold_cold/seed_3	formal_runs/mgcna_corrected_fast_full125_fixedfinal_20260629/audit/MGCNA_CORRECTED_FAST_FINAL125_RAW_METRICS.tsv	
MGCNA	MDA	native	scaffold_cold	4	0.5616878897622324	0.5808392973301932	0.5277577505407354	0.1586384071933204	0.1157299524102683	0.4363432597611417	0.4323875308580056	3.1835997291845577	3.1835997291845577			PASS	formal_runs/mgcna_corrected_fast_full125_fixedfinal_20260629/formal_125runs/scaffold_cold/seed_4	formal_runs/mgcna_corrected_fast_full125_fixedfinal_20260629/audit/MGCNA_CORRECTED_FAST_FINAL125_RAW_METRICS.tsv	
MGCNA	MDA	native	scaffold_cold	5	0.5669234339595121	0.5655407527899546	0.5199506375976964	0.1555716353111432	0.0789856974166278	0.4312702507067074	0.419862076877451	2.5248138601145773	2.5248138601145773			PASS	formal_runs/mgcna_corrected_fast_full125_fixedfinal_20260629/formal_125runs/scaffold_cold/seed_5	formal_runs/mgcna_corrected_fast_full125_fixedfinal_20260629/audit/MGCNA_CORRECTED_FAST_FINAL125_RAW_METRICS.tsv	
MGCNA	MDA	native	scaffold_cold	6	0.573827014629191	0.5682005904054331	0.5186500888099467	0.1437598736176935	0.0772392975816655	0.418163341448606	0.403503502849859	2.4930684852077087	2.4930684852077087			PASS	formal_runs/mgcna_corrected_fast_full125_fixedfinal_20260629/formal_125runs/scaffold_cold/seed_6	formal_runs/mgcna_corrected_fast_full125_fixedfinal_20260629/audit/MGCNA_CORRECTED_FAST_FINAL125_RAW_METRICS.tsv	
MGCNA	MDA	native	scaffold_cold	7	0.5200403687512147	0.5319935125987676	0.5153267784846732	0.134297520661157	0.0646073922754071	0.4518274831026235	0.4399912715868094	3.292544509482032	3.292544509482032			PASS	formal_runs/mgcna_corrected_fast_full125_fixedfinal_20260629/formal_125runs/scaffold_cold/seed_7	formal_runs/mgcna_corrected_fast_full125_fixedfinal_20260629/audit/MGCNA_CORRECTED_FAST_FINAL125_RAW_METRICS.tsv	
MGCNA	MDA	native	scaffold_cold	8	0.5278765100268725	0.5144402355307112	0.4924069855732726	0.0708825573314801	-0.0361276957460127	0.4547914470700145	0.4458725513800434	3.166705931745524	3.166705931745524			PASS	formal_runs/mgcna_corrected_fast_full125_fixedfinal_20260629/formal_125runs/scaffold_cold/seed_8	formal_runs/mgcna_corrected_fast_full125_fixedfinal_20260629/audit/MGCNA_CORRECTED_FAST_FINAL125_RAW_METRICS.tsv	
MGCNA	MDA	native	scaffold_cold	9	0.6618688371779609	0.6462311669031572	0.5497630331753555	0.2475247524752475	0.1671159552750145	0.3958160055174278	0.3862905490542374	2.4133269646178244	2.4133269646178244			PASS	formal_runs/mgcna_corrected_fast_full125_fixedfinal_20260629/formal_125runs/scaffold_cold/seed_9	formal_runs/mgcna_corrected_fast_full125_fixedfinal_20260629/audit/MGCNA_CORRECTED_FAST_FINAL125_RAW_METRICS.tsv	
MGCNA	MDA	native	scaffold_cold	10	0.4776692994343112	0.4792059891404588	0.4866497139224412	0.0734366035570854	-0.0590484315418469	0.467492158014776	0.455174003101258	3.197730327574908	3.197730327574908			PASS	formal_runs/mgcna_corrected_fast_full125_fixedfinal_20260629/formal_125runs/scaffold_cold/seed_10	formal_runs/mgcna_corrected_fast_full125_fixedfinal_20260629/audit/MGCNA_CORRECTED_FAST_FINAL125_RAW_METRICS.tsv	
MGCNA	MDA	native	scaffold_cold	11	0.5225985829070905	0.5399104185785544	0.5211002260738508	0.1847338037203335	0.0747062548696119	0.4281858438296403	0.4058207252215494	3.037876192197403	3.037876192197403			PASS	formal_runs/mgcna_corrected_fast_full125_fixedfinal_20260629/formal_125runs/scaffold_cold/seed_11	formal_runs/mgcna_corrected_fast_full125_fixedfinal_20260629/audit/MGCNA_CORRECTED_FAST_FINAL125_RAW_METRICS.tsv	
MGCNA	MDA	native	scaffold_cold	12	0.5398436915248838	0.5497055941926713	0.5202501488981537	0.1674418604651162	0.076307641961945	0.4228066958439432	0.3947861688803565	2.264464546263593	2.264464546263593			PASS	formal_runs/mgcna_corrected_fast_full125_fixedfinal_20260629/formal_125runs/scaffold_cold/seed_12	formal_runs/mgcna_corrected_fast_full125_fixedfinal_20260629/audit/MGCNA_CORRECTED_FAST_FINAL125_RAW_METRICS.tsv	
MGCNA	MDA	native	scaffold_cold	13	0.4645294526017809	0.4816958330986939	0.4977109221713538	0.0889679715302491	-0.01037228280293	0.459767973714866	0.4405174928521498	3.448825658714615	3.448825658714615			PASS	formal_runs/mgcna_corrected_fast_full125_fixedfinal_20260629/formal_125runs/scaffold_cold/seed_13	formal_runs/mgcna_corrected_fast_full125_fixedfinal_20260629/audit/MGCNA_CORRECTED_FAST_FINAL125_RAW_METRICS.tsv	
MGCNA	MDA	native	scaffold_cold	14	0.5542575285565939	0.5492085126631258	0.5116822429906542	0.1480978260869565	0.0448491123103049	0.4250746084111981	0.4108975214651743	2.6489920651160364	2.6489920651160364			PASS	formal_runs/mgcna_corrected_fast_full125_fixedfinal_20260629/formal_125runs/scaffold_cold/seed_14	formal_runs/mgcna_corrected_fast_full125_fixedfinal_20260629/audit/MGCNA_CORRECTED_FAST_FINAL125_RAW_METRICS.tsv	
MGCNA	MDA	native	scaffold_cold	15	0.6413321428571428	0.6325902601808789	0.5291071428571429	0.1496291518864882	0.1290646764009305	0.4295475099705202	0.4291384894706122	3.014314996019312	3.014314996019312			PASS	formal_runs/mgcna_corrected_fast_full125_fixedfinal_20260629/formal_125runs/scaffold_cold/seed_15	formal_runs/mgcna_corrected_fast_full125_fixedfinal_20260629/audit/MGCNA_CORRECTED_FAST_FINAL125_RAW_METRICS.tsv	
MGCNA	MDA	native	scaffold_cold	16	0.5379023117656476	0.5385483217663392	0.5159549507273581	0.1671376665320952	0.0584183816624965	0.428189971380391	0.4096468632360005	2.3751941221851687	2.375194122185168			PASS	formal_runs/mgcna_corrected_fast_full125_fixedfinal_20260629/formal_125runs/scaffold_cold/seed_16	formal_runs/mgcna_corrected_fast_full125_fixedfinal_20260629/audit/MGCNA_CORRECTED_FAST_FINAL125_RAW_METRICS.tsv	
MGCNA	MDA	native	scaffold_cold	17	0.5270847446008935	0.5380044396222513	0.5170682730923695	0.1847457627118644	0.0589482331378397	0.42432060088432	0.3942842853854906	2.8768548735018467	2.8768548735018467			PASS	formal_runs/mgcna_corrected_fast_full125_fixedfinal_20260629/formal_125runs/scaffold_cold/seed_17	formal_runs/mgcna_corrected_fast_full125_fixedfinal_20260629/audit/MGCNA_CORRECTED_FAST_FINAL125_RAW_METRICS.tsv	
MGCNA	MDA	native	scaffold_cold	18	0.5830868698768693	0.5710477340438116	0.5087778528021607	0.0866290018832391	0.0460195011513112	0.4482206251189163	0.4408474529289435	3.314593012347227	3.314593012347227			PASS	formal_runs/mgcna_corrected_fast_full125_fixedfinal_20260629/formal_125runs/scaffold_cold/seed_18	formal_runs/mgcna_corrected_fast_full125_fixedfinal_20260629/audit/MGCNA_CORRECTED_FAST_FINAL125_RAW_METRICS.tsv	
MGCNA	MDA	native	scaffold_cold	19	0.6011639077024589	0.6152356746367587	0.5401982378854625	0.2115203021718602	0.1455885657170701	0.3844241097389987	0.3714711276858487	2.142097440100496	2.142097440100496			PASS	formal_runs/mgcna_corrected_fast_full125_fixedfinal_20260629/formal_125runs/scaffold_cold/seed_19	formal_runs/mgcna_corrected_fast_full125_fixedfinal_20260629/audit/MGCNA_CORRECTED_FAST_FINAL125_RAW_METRICS.tsv	
MGCNA	MDA	native	scaffold_cold	20	0.6539777546537172	0.6272965536118779	0.5309677419354839	0.1883141049497581	0.1155795018952285	0.4156863994655999	0.4065081284952098	2.342350319250217	2.342350319250217			PASS	formal_runs/mgcna_corrected_fast_full125_fixedfinal_20260629/formal_125runs/scaffold_cold/seed_20	formal_runs/mgcna_corrected_fast_full125_fixedfinal_20260629/audit/MGCNA_CORRECTED_FAST_FINAL125_RAW_METRICS.tsv	
MGCNA	MDA	native	scaffold_cold	21	0.5843495550062077	0.5828718317876729	0.5145823035096392	0.1072727272727272	0.0712961393400348	0.4328632594411054	0.4258104960157441	3.0628255693456103	3.0628255693456103			PASS	formal_runs/mgcna_corrected_fast_full125_fixedfinal_20260629/formal_125runs/scaffold_cold/seed_21	formal_runs/mgcna_corrected_fast_full125_fixedfinal_20260629/audit/MGCNA_CORRECTED_FAST_FINAL125_RAW_METRICS.tsv	
MGCNA	MDA	native	scaffold_cold	22	0.6070791511803173	0.5844770143948557	0.5225788900979326	0.1702127659574468	0.0855386960414502	0.4117900863566262	0.4013758664892168	2.227531617310447	2.227531617310447			PASS	formal_runs/mgcna_corrected_fast_full125_fixedfinal_20260629/formal_125runs/scaffold_cold/seed_22	formal_runs/mgcna_corrected_fast_full125_fixedfinal_20260629/audit/MGCNA_CORRECTED_FAST_FINAL125_RAW_METRICS.tsv	
MGCNA	MDA	native	scaffold_cold	23	0.5093836969649234	0.5331188023250243	0.5063405797101449	0.0840336134453781	0.0327722395184491	0.4374169568107129	0.4214559440716564	3.1684929910083044	3.1684929910083044			PASS	formal_runs/mgcna_corrected_fast_full125_fixedfinal_20260629/formal_125runs/scaffold_cold/seed_23	formal_runs/mgcna_corrected_fast_full125_fixedfinal_20260629/audit/MGCNA_CORRECTED_FAST_FINAL125_RAW_METRICS.tsv	
MGCNA	MDA	native	scaffold_cold	24	0.5478159555781239	0.5742274912082999	0.519346230820547	0.1164929491109748	0.0942980984032727	0.4416571949585506	0.435662867267938	3.868722327369128	3.868722327369128			PASS	formal_runs/mgcna_corrected_fast_full125_fixedfinal_20260629/formal_125runs/scaffold_cold/seed_24	formal_runs/mgcna_corrected_fast_full125_fixedfinal_20260629/audit/MGCNA_CORRECTED_FAST_FINAL125_RAW_METRICS.tsv	
MGCNA	MDA	native	strict_cold	0	0.5735285246033501	0.6002429701905864	0.5	0.0	0.0	0.4855047723668963	0.489123904736722	3.137928807557686	3.137928807557686			PASS	formal_runs/mgcna_corrected_fast_full125_fixedfinal_20260629/formal_125runs/strict_cold/seed_0	formal_runs/mgcna_corrected_fast_full125_fixedfinal_20260629/audit/MGCNA_CORRECTED_FAST_FINAL125_RAW_METRICS.tsv	
MGCNA	MDA	native	strict_cold	1	0.2991268860561915	0.4129209022916646	0.5	0.0	0.0	0.4997592265628993	0.4995327039242938	5.417887671716788	5.417887671716788			PASS	formal_runs/mgcna_corrected_fast_full125_fixedfinal_20260629/formal_125runs/strict_cold/seed_1	formal_runs/mgcna_corrected_fast_full125_fixedfinal_20260629/audit/MGCNA_CORRECTED_FAST_FINAL125_RAW_METRICS.tsv	
MGCNA	MDA	native	strict_cold	2	0.4147352462057064	0.4611221383809056	0.5	0.0	0.0	0.4989986146746182	0.498897034186255	4.218282112956208	4.218282112956208			PASS	formal_runs/mgcna_corrected_fast_full125_fixedfinal_20260629/formal_125runs/strict_cold/seed_2	formal_runs/mgcna_corrected_fast_full125_fixedfinal_20260629/audit/MGCNA_CORRECTED_FAST_FINAL125_RAW_METRICS.tsv	
MGCNA	MDA	native	strict_cold	3	0.3406952013626018	0.4180446454652103	0.5	0.0	0.0	0.4989957079491707	0.498972707987093	3.4546032230740287	3.4546032230740287			PASS	formal_runs/mgcna_corrected_fast_full125_fixedfinal_20260629/formal_125runs/strict_cold/seed_3	formal_runs/mgcna_corrected_fast_full125_fixedfinal_20260629/audit/MGCNA_CORRECTED_FAST_FINAL125_RAW_METRICS.tsv	
MGCNA	MDA	native	strict_cold	4	0.4525654675375197	0.5497607219628123	0.5	0.0	0.0	0.499695648018398	0.499692617066473	4.243023246770719	4.243023246770719			PASS	formal_runs/mgcna_corrected_fast_full125_fixedfinal_20260629/formal_125runs/strict_cold/seed_4	formal_runs/mgcna_corrected_fast_full125_fixedfinal_20260629/audit/MGCNA_CORRECTED_FAST_FINAL125_RAW_METRICS.tsv	
MGCNA	MDA	native	strict_cold	5	0.4814346619075946	0.5278443614876354	0.5	0.0	0.0	0.4990243277082526	0.4991522742322884	3.8243437456173055	3.824343745617306			PASS	formal_runs/mgcna_corrected_fast_full125_fixedfinal_20260629/formal_125runs/strict_cold/seed_5	formal_runs/mgcna_corrected_fast_full125_fixedfinal_20260629/audit/MGCNA_CORRECTED_FAST_FINAL125_RAW_METRICS.tsv	
MGCNA	MDA	native	strict_cold	6	0.387162127341596	0.4514551373426415	0.5	0.0	0.0	0.4994896882592107	0.4994395833890973	4.207393527090551	4.207393527090551			PASS	formal_runs/mgcna_corrected_fast_full125_fixedfinal_20260629/formal_125runs/strict_cold/seed_6	formal_runs/mgcna_corrected_fast_full125_fixedfinal_20260629/audit/MGCNA_CORRECTED_FAST_FINAL125_RAW_METRICS.tsv	
MGCNA	MDA	native	strict_cold	7	0.4632102719551603	0.4355501190945116	0.5	0.0	0.0	0.4971742745104945	0.4962823171646989	3.057614794073796	3.057614794073796			PASS	formal_runs/mgcna_corrected_fast_full125_fixedfinal_20260629/formal_125runs/strict_cold/seed_7	formal_runs/mgcna_corrected_fast_full125_fixedfinal_20260629/audit/MGCNA_CORRECTED_FAST_FINAL125_RAW_METRICS.tsv	
MGCNA	MDA	native	strict_cold	8	0.844501201923077	0.8799436312818651	0.5	0.0	0.0	0.4933323229806831	0.495739922186536	2.821716965018197	2.821716965018197			PASS	formal_runs/mgcna_corrected_fast_full125_fixedfinal_20260629/formal_125runs/strict_cold/seed_8	formal_runs/mgcna_corrected_fast_full125_fixedfinal_20260629/audit/MGCNA_CORRECTED_FAST_FINAL125_RAW_METRICS.tsv	
MGCNA	MDA	native	strict_cold	9	0.4872202244404489	0.4490876607025168	0.5	0.0	0.0	0.4981130805547481	0.4948355697674491	3.2982489887681834	3.2982489887681825			PASS	formal_runs/mgcna_corrected_fast_full125_fixedfinal_20260629/formal_125runs/strict_cold/seed_9	formal_runs/mgcna_corrected_fast_full125_fixedfinal_20260629/audit/MGCNA_CORRECTED_FAST_FINAL125_RAW_METRICS.tsv	
MGCNA	MDA	native	strict_cold	10	0.578673469387755	0.6454797547936972	0.5	0.0	0.0	0.4973582961815824	0.4977279450935514	3.494312994947072	3.494312994947072			PASS	formal_runs/mgcna_corrected_fast_full125_fixedfinal_20260629/formal_125runs/strict_cold/seed_10	formal_runs/mgcna_corrected_fast_full125_fixedfinal_20260629/audit/MGCNA_CORRECTED_FAST_FINAL125_RAW_METRICS.tsv	
MGCNA	MDA	native	strict_cold	11	0.5502127321516842	0.5612377402249722	0.5	0.0	0.0	0.4990690636704762	0.4991289702957911	3.808883077061487	3.808883077061487			PASS	formal_runs/mgcna_corrected_fast_full125_fixedfinal_20260629/formal_125runs/strict_cold/seed_11	formal_runs/mgcna_corrected_fast_full125_fixedfinal_20260629/audit/MGCNA_CORRECTED_FAST_FINAL125_RAW_METRICS.tsv	
MGCNA	MDA	native	strict_cold	12	0.6445884564178871	0.6771210813288085	0.5	0.0	0.0	0.4979722144632635	0.4984653170870609	3.4470821865942267	3.4470821865942267			PASS	formal_runs/mgcna_corrected_fast_full125_fixedfinal_20260629/formal_125runs/strict_cold/seed_12	formal_runs/mgcna_corrected_fast_full125_fixedfinal_20260629/audit/MGCNA_CORRECTED_FAST_FINAL125_RAW_METRICS.tsv	
MGCNA	MDA	native	strict_cold	13	0.3178018667296786	0.382768552088943	0.5	0.0	0.0	0.498646153694565	0.497604466474317	3.717773275691799	3.717773275691799			PASS	formal_runs/mgcna_corrected_fast_full125_fixedfinal_20260629/formal_125runs/strict_cold/seed_13	formal_runs/mgcna_corrected_fast_full125_fixedfinal_20260629/audit/MGCNA_CORRECTED_FAST_FINAL125_RAW_METRICS.tsv	
MGCNA	MDA	native	strict_cold	14	0.5469470343185875	0.5409791801925711	0.5	0.0	0.0	0.4990170293735174	0.4982949446529865	3.9140169397185103	3.9140169397185103			PASS	formal_runs/mgcna_corrected_fast_full125_fixedfinal_20260629/formal_125runs/strict_cold/seed_14	formal_runs/mgcna_corrected_fast_full125_fixedfinal_20260629/audit/MGCNA_CORRECTED_FAST_FINAL125_RAW_METRICS.tsv	
MGCNA	MDA	native	strict_cold	15	0.4371541775454262	0.4561470930103029	0.5	0.0	0.0	0.4969008350915424	0.4965145559135855	2.917258197755155	2.917258197755155			PASS	formal_runs/mgcna_corrected_fast_full125_fixedfinal_20260629/formal_125runs/strict_cold/seed_15	formal_runs/mgcna_corrected_fast_full125_fixedfinal_20260629/audit/MGCNA_CORRECTED_FAST_FINAL125_RAW_METRICS.tsv	
MGCNA	MDA	native	strict_cold	16	0.5484949558913442	0.524263186225665	0.5	0.0	0.0	0.4955334841362985	0.494656194375298	2.957399081299943	2.957399081299943			PASS	formal_runs/mgcna_corrected_fast_full125_fixedfinal_20260629/formal_125runs/strict_cold/seed_16	formal_runs/mgcna_corrected_fast_full125_fixedfinal_20260629/audit/MGCNA_CORRECTED_FAST_FINAL125_RAW_METRICS.tsv	
MGCNA	MDA	native	strict_cold	17	0.5254649653979239	0.566259435128087	0.5	0.0	0.0	0.4978542515403923	0.4978941945972859	3.078450956248142	3.078450956248142			PASS	formal_runs/mgcna_corrected_fast_full125_fixedfinal_20260629/formal_125runs/strict_cold/seed_17	formal_runs/mgcna_corrected_fast_full125_fixedfinal_20260629/audit/MGCNA_CORRECTED_FAST_FINAL125_RAW_METRICS.tsv	
MGCNA	MDA	native	strict_cold	18	0.2964606618452772	0.4291221918011851	0.5	0.0	0.0	0.4959026656829304	0.4943767575368993	3.507027070484744	3.507027070484744			PASS	formal_runs/mgcna_corrected_fast_full125_fixedfinal_20260629/formal_125runs/strict_cold/seed_18	formal_runs/mgcna_corrected_fast_full125_fixedfinal_20260629/audit/MGCNA_CORRECTED_FAST_FINAL125_RAW_METRICS.tsv	
MGCNA	MDA	native	strict_cold	19	0.6612499819283205	0.6295800819743155	0.5	0.0	0.0	0.4974376026661558	0.5010037430663168	3.166306899790618	3.1663068997906176			PASS	formal_runs/mgcna_corrected_fast_full125_fixedfinal_20260629/formal_125runs/strict_cold/seed_19	formal_runs/mgcna_corrected_fast_full125_fixedfinal_20260629/audit/MGCNA_CORRECTED_FAST_FINAL125_RAW_METRICS.tsv	
MGCNA	MDA	native	strict_cold	20	0.7168058816988376	0.7211079562827608	0.5	0.0	0.0	0.4938563399603978	0.4962580880710273	3.11729029726741	3.11729029726741			PASS	formal_runs/mgcna_corrected_fast_full125_fixedfinal_20260629/formal_125runs/strict_cold/seed_20	formal_runs/mgcna_corrected_fast_full125_fixedfinal_20260629/audit/MGCNA_CORRECTED_FAST_FINAL125_RAW_METRICS.tsv	
MGCNA	MDA	native	strict_cold	21	0.6902951354449074	0.614325777617376	0.5	0.0	0.0	0.4960781659899821	0.4965031458122438	2.947867606055936	2.947867606055936			PASS	formal_runs/mgcna_corrected_fast_full125_fixedfinal_20260629/formal_125runs/strict_cold/seed_21	formal_runs/mgcna_corrected_fast_full125_fixedfinal_20260629/audit/MGCNA_CORRECTED_FAST_FINAL125_RAW_METRICS.tsv	
MGCNA	MDA	native	strict_cold	22	0.5094534136041924	0.5785432464575262	0.5	0.0	0.0	0.4685994822949492	0.4727391310130339	2.7620864647322327	2.7620864647322327			PASS	formal_runs/mgcna_corrected_fast_full125_fixedfinal_20260629/formal_125runs/strict_cold/seed_22	formal_runs/mgcna_corrected_fast_full125_fixedfinal_20260629/audit/MGCNA_CORRECTED_FAST_FINAL125_RAW_METRICS.tsv	
MGCNA	MDA	native	strict_cold	23	0.3556670602125147	0.4027027049970971	0.5	0.0	0.0	0.4995711971290619	0.4992556685830288	4.395004791279887	4.395004791279887			PASS	formal_runs/mgcna_corrected_fast_full125_fixedfinal_20260629/formal_125runs/strict_cold/seed_23	formal_runs/mgcna_corrected_fast_full125_fixedfinal_20260629/audit/MGCNA_CORRECTED_FAST_FINAL125_RAW_METRICS.tsv	
MGCNA	MDA	native	strict_cold	24	0.3894609682867329	0.4135454037619208	0.5	0.0	0.0	0.4985898827707447	0.4967069197039451	4.3972759452816295	4.397275945281629			PASS	formal_runs/mgcna_corrected_fast_full125_fixedfinal_20260629/formal_125runs/strict_cold/seed_24	formal_runs/mgcna_corrected_fast_full125_fixedfinal_20260629/audit/MGCNA_CORRECTED_FAST_FINAL125_RAW_METRICS.tsv	
PLMF-MDA	MDA	MDR	drug_cold	0	0.4532092262080576	0.494107403131702	0.4908288043478261	0.3076212471131639	-0.0216176957059659	0.4156023389108481	0.3731962266351132	1.8216540350035613	1.8216540350035613			PASS	formal_runs/full_metric_rerun_20260615/plmf_standardized_repair_20260619/05_runs/MDR/drug_cold/seed_0	outputs/paper1_data_refresh_20260710/PLMF_MDA_REBUILT_FROM_FROZEN_ROOT_RAW_METRICS.tsv	
PLMF-MDA	MDA	MDR	drug_cold	1	0.5477662421593178	0.5848923129824877	0.566943674976916	0.4188351920693928	0.155618728734096	0.3421536162572005	0.2643266680928786	1.4363206023341464	1.436320602334146			PASS	formal_runs/full_metric_rerun_20260615/plmf_standardized_repair_20260619/05_runs/MDR/drug_cold/seed_1	outputs/paper1_data_refresh_20260710/PLMF_MDA_REBUILT_FROM_FROZEN_ROOT_RAW_METRICS.tsv	
PLMF-MDA	MDA	MDR	drug_cold	10	0.5905382742397769	0.5827189970804356	0.554552590266876	0.4253164556962025	0.1221581208987017	0.3435786658462895	0.2948859982502169	1.3601952446023535	1.3601952446023535			PASS	formal_runs/full_metric_rerun_20260615/plmf_standardized_repair_20260619/05_runs/MDR/drug_cold/seed_10	outputs/paper1_data_refresh_20260710/PLMF_MDA_REBUILT_FROM_FROZEN_ROOT_RAW_METRICS.tsv	
PLMF-MDA	MDA	MDR	drug_cold	11	0.6689078128650003	0.6796427458255915	0.6377880184331797	0.5643015521064302	0.2927339122464776	0.2770656917686797	0.1926528548803554	1.1389485905695882	1.1389485905695882			PASS	formal_runs/full_metric_rerun_20260615/plmf_standardized_repair_20260619/05_runs/MDR/drug_cold/seed_11	outputs/paper1_data_refresh_20260710/PLMF_MDA_REBUILT_FROM_FROZEN_ROOT_RAW_METRICS.tsv	
PLMF-MDA	MDA	MDR	drug_cold	12	0.5945347980644464	0.5938883639680774	0.5675551470588235	0.4307320024198427	0.1540796703537965	0.321798147142614	0.2399362182623543	1.0800113168663523	1.080011316866352			PASS	formal_runs/full_metric_rerun_20260615/plmf_standardized_repair_20260619/05_runs/MDR/drug_cold/seed_12	outputs/paper1_data_refresh_20260710/PLMF_MDA_REBUILT_FROM_FROZEN_ROOT_RAW_METRICS.tsv	
PLMF-MDA	MDA	MDR	drug_cold	13	0.4920272721586288	0.5314883457083021	0.5013698630136987	0.3381818181818182	0.0031493134260961	0.3810375840666357	0.3367092025192135	1.5870120107590566	1.5870120107590566			PASS	formal_runs/full_metric_rerun_20260615/plmf_standardized_repair_20260619/05_runs/MDR/drug_cold/seed_13	outputs/paper1_data_refresh_20260710/PLMF_MDA_REBUILT_FROM_FROZEN_ROOT_RAW_METRICS.tsv	
PLMF-MDA	MDA	MDR	drug_cold	14	0.5333557797662528	0.4950325406277971	0.4787162162162162	0.2115482881962187	-0.0578885938159806	0.4154912192178487	0.3908283264928846	1.5275106684163635	1.5275106684163635			PASS	formal_runs/full_metric_rerun_20260615/plmf_standardized_repair_20260619/05_runs/MDR/drug_cold/seed_14	outputs/paper1_data_refresh_20260710/PLMF_MDA_REBUILT_FROM_FROZEN_ROOT_RAW_METRICS.tsv	
PLMF-MDA	MDA	MDR	drug_cold	15	0.617345422116528	0.6670841910786396	0.6068965517241379	0.4545454545454545	0.257761165779624	0.3141366624935398	0.2432854305002828	1.2973812417386252	1.2973812417386252			PASS	formal_runs/full_metric_rerun_20260615/plmf_standardized_repair_20260619/05_runs/MDR/drug_cold/seed_15	outputs/paper1_data_refresh_20260710/PLMF_MDA_REBUILT_FROM_FROZEN_ROOT_RAW_METRICS.tsv	
PLMF-MDA	MDA	MDR	drug_cold	16	0.67234211608197	0.6704356219521947	0.5620941558441559	0.2704530087897228	0.20675694554149	0.3603725443221263	0.3507479658439388	1.3224531101525168	1.3224531101525168			PASS	formal_runs/full_metric_rerun_20260615/plmf_standardized_repair_20260619/05_runs/MDR/drug_cold/seed_16	outputs/paper1_data_refresh_20260710/PLMF_MDA_REBUILT_FROM_FROZEN_ROOT_RAW_METRICS.tsv	
PLMF-MDA	MDA	MDR	drug_cold	17	0.50684960759325	0.548534565540552	0.5277264325323475	0.3722358722358722	0.0638360006374424	0.3895214262828087	0.3437303690148299	1.6300968765453048	1.6300968765453048			PASS	formal_runs/full_metric_rerun_20260615/plmf_standardized_repair_20260619/05_runs/MDR/drug_cold/seed_17	outputs/paper1_data_refresh_20260710/PLMF_MDA_REBUILT_FROM_FROZEN_ROOT_RAW_METRICS.tsv	
PLMF-MDA	MDA	MDR	drug_cold	18	0.4825022005966061	0.4653171034955515	0.4825174825174825	0.0647709320695102	-0.0778127653636392	0.4686832822970929	0.4584096023081752	2.264098807463418	2.264098807463418			PASS	formal_runs/full_metric_rerun_20260615/plmf_standardized_repair_20260619/05_runs/MDR/drug_cold/seed_18	outputs/paper1_data_refresh_20260710/PLMF_MDA_REBUILT_FROM_FROZEN_ROOT_RAW_METRICS.tsv	
PLMF-MDA	MDA	MDR	drug_cold	19	0.5957780624709674	0.5825209644959767	0.5360721442885772	0.411689961880559	0.0796117338651413	0.3522545568968764	0.315258522912969	1.3456419347483528	1.3456419347483528			PASS	formal_runs/full_metric_rerun_20260615/plmf_standardized_repair_20260619/05_runs/MDR/drug_cold/seed_19	outputs/paper1_data_refresh_20260710/PLMF_MDA_REBUILT_FROM_FROZEN_ROOT_RAW_METRICS.tsv	
PLMF-MDA	MDA	MDR	drug_cold	2	0.5768272962582992	0.6204324351703944	0.5900548159749412	0.480912245909767	0.1985150030662293	0.3278875934270371	0.2475046012483556	1.3387429308225274	1.3387429308225272			PASS	formal_runs/full_metric_rerun_20260615/plmf_standardized_repair_20260619/05_runs/MDR/drug_cold/seed_2	outputs/paper1_data_refresh_20260710/PLMF_MDA_REBUILT_FROM_FROZEN_ROOT_RAW_METRICS.tsv	
PLMF-MDA	MDA	MDR	drug_cold	20	0.4448408867793864	0.5185614817449111	0.5298393267023719	0.2323547782635852	0.0944445594328985	0.4087589770617676	0.3514225611499864	1.926264411193616	1.926264411193616			PASS	formal_runs/full_metric_rerun_20260615/plmf_standardized_repair_20260619/05_runs/MDR/drug_cold/seed_20	outputs/paper1_data_refresh_20260710/PLMF_MDA_REBUILT_FROM_FROZEN_ROOT_RAW_METRICS.tsv	
PLMF-MDA	MDA	MDR	drug_cold	21	0.6462875752534335	0.6739086507723622	0.5841313269493844	0.3559322033898305	0.2384701860505325	0.3365556115331066	0.3062890240934513	1.2197107575999862	1.2197107575999862			PASS	formal_runs/full_metric_rerun_20260615/plmf_standardized_repair_20260619/05_runs/MDR/drug_cold/seed_21	outputs/paper1_data_refresh_20260710/PLMF_MDA_REBUILT_FROM_FROZEN_ROOT_RAW_METRICS.tsv	
PLMF-MDA	MDA	MDR	drug_cold	22	0.5210644071357294	0.5504387540419144	0.5317991631799163	0.2574651625746516	0.0943872914420442	0.417135146427424	0.3848360932334567	1.9529017011319485	1.9529017011319485			PASS	formal_runs/full_metric_rerun_20260615/plmf_standardized_repair_20260619/05_runs/MDR/drug_cold/seed_22	outputs/paper1_data_refresh_20260710/PLMF_MDA_REBUILT_FROM_FROZEN_ROOT_RAW_METRICS.tsv	
PLMF-MDA	MDA	MDR	drug_cold	23	0.6545037331278117	0.665055056728663	0.6031941031941032	0.4631578947368421	0.2419197151155112	0.3302179036346814	0.2721919423808918	1.351042095908067	1.3510420959080665			PASS	formal_runs/full_metric_rerun_20260615/plmf_standardized_repair_20260619/05_runs/MDR/drug_cold/seed_23	outputs/paper1_data_refresh_20260710/PLMF_MDA_REBUILT_FROM_FROZEN_ROOT_RAW_METRICS.tsv	
PLMF-MDA	MDA	MDR	drug_cold	24	0.652105769079509	0.6256055042378975	0.5873521383075523	0.5238845144356955	0.1812650562607229	0.3066741667360625	0.2502068892964442	1.0542020831989891	1.0542020831989891			PASS	formal_runs/full_metric_rerun_20260615/plmf_standardized_repair_20260619/05_runs/MDR/drug_cold/seed_24	outputs/paper1_data_refresh_20260710/PLMF_MDA_REBUILT_FROM_FROZEN_ROOT_RAW_METRICS.tsv	
PLMF-MDA	MDA	MDR	drug_cold	3	0.5719130434782609	0.5643821004402079	0.5334782608695652	0.2917491749174917	0.0916228524364889	0.3834525087505001	0.3568482589627242	1.6228772175145665	1.6228772175145665			PASS	formal_runs/full_metric_rerun_20260615/plmf_standardized_repair_20260619/05_runs/MDR/drug_cold/seed_3	outputs/paper1_data_refresh_20260710/PLMF_MDA_REBUILT_FROM_FROZEN_ROOT_RAW_METRICS.tsv	
PLMF-MDA	MDA	MDR	drug_cold	4	0.6171259294869654	0.5693686021504516	0.5228251507321274	0.3284848484848485	0.0559809426993627	0.368462947575333	0.339982937063602	1.2733437272259924	1.2733437272259924			PASS	formal_runs/full_metric_rerun_20260615/plmf_standardized_repair_20260619/05_runs/MDR/drug_cold/seed_4	outputs/paper1_data_refresh_20260710/PLMF_MDA_REBUILT_FROM_FROZEN_ROOT_RAW_METRICS.tsv	
PLMF-MDA	MDA	MDR	drug_cold	5	0.4649015786336217	0.5326034666962486	0.5096660808435852	0.3268998793727382	0.0230228324666808	0.4058914970706283	0.3737233067689141	1.5424254066911125	1.5424254066911125			PASS	formal_runs/full_metric_rerun_20260615/plmf_standardized_repair_20260619/05_runs/MDR/drug_cold/seed_5	outputs/paper1_data_refresh_20260710/PLMF_MDA_REBUILT_FROM_FROZEN_ROOT_RAW_METRICS.tsv	
PLMF-MDA	MDA	MDR	drug_cold	6	0.6226626926235563	0.5796196474568156	0.5394431554524362	0.3812987012987013	0.0917866148160716	0.3509703768137013	0.3242270853699843	1.1910253606907375	1.1910253606907375			PASS	formal_runs/full_metric_rerun_20260615/plmf_standardized_repair_20260619/05_runs/MDR/drug_cold/seed_6	outputs/paper1_data_refresh_20260710/PLMF_MDA_REBUILT_FROM_FROZEN_ROOT_RAW_METRICS.tsv	
PLMF-MDA	MDA	MDR	drug_cold	7	0.4380229461978229	0.4948492177623205	0.4336283185840708	0.3333333333333333	-0.1391935290989209	0.418224537280432	0.3995577714428747	1.481103651535375	1.481103651535375			PASS	formal_runs/full_metric_rerun_20260615/plmf_standardized_repair_20260619/05_runs/MDR/drug_cold/seed_7	outputs/paper1_data_refresh_20260710/PLMF_MDA_REBUILT_FROM_FROZEN_ROOT_RAW_METRICS.tsv	
PLMF-MDA	MDA	MDR	drug_cold	8	0.5148183703703704	0.5064556367242332	0.4866666666666667	0.2050929112181693	-0.0377839746504692	0.4281499671762518	0.4097720487689851	1.800955269029971	1.800955269029971			PASS	formal_runs/full_metric_rerun_20260615/plmf_standardized_repair_20260619/05_runs/MDR/drug_cold/seed_8	outputs/paper1_data_refresh_20260710/PLMF_MDA_REBUILT_FROM_FROZEN_ROOT_RAW_METRICS.tsv	
PLMF-MDA	MDA	MDR	drug_cold	9	0.5579875007511568	0.5511512121265484	0.5209302325581395	0.2720848056537102	0.0573632524917441	0.389838491225684	0.3559484475153458	1.5379245891973217	1.5379245891973214			PASS	formal_runs/full_metric_rerun_20260615/plmf_standardized_repair_20260619/05_runs/MDR/drug_cold/seed_9	outputs/paper1_data_refresh_20260710/PLMF_MDA_REBUILT_FROM_FROZEN_ROOT_RAW_METRICS.tsv	
PLMF-MDA	MDA	MDR	mirna_cold	0	0.9080105409887772	0.8929594688904653	0.8324125230202578	0.8291079812206573	0.6653227874985969	0.1242222640089387	0.056002412673885	0.4067679765290489	0.4067679765290489			PASS	formal_runs/full_metric_rerun_20260615/plmf_standardized_repair_20260619/05_runs/MDR/mirna_cold/seed_0	outputs/paper1_data_refresh_20260710/PLMF_MDA_REBUILT_FROM_FROZEN_ROOT_RAW_METRICS.tsv	
PLMF-MDA	MDA	MDR	mirna_cold	1	0.9037130996309962	0.8911607354566052	0.8321033210332104	0.8342440801457195	0.664428333088177	0.1250405721301505	0.0548322644796207	0.4349953074666055	0.4349953074666055			PASS	formal_runs/full_metric_rerun_20260615/plmf_standardized_repair_20260619/05_runs/MDR/mirna_cold/seed_1	outputs/paper1_data_refresh_20260710/PLMF_MDA_REBUILT_FROM_FROZEN_ROOT_RAW_METRICS.tsv	
PLMF-MDA	MDA	MDR	mirna_cold	10	0.9084041819852942	0.8874329888367823	0.8432904411764706	0.8436497019715726	0.6865881325666454	0.1182509911898222	0.0442437686559082	0.3927410886659156	0.3927410886659156			PASS	formal_runs/full_metric_rerun_20260615/plmf_standardized_repair_20260619/05_runs/MDR/mirna_cold/seed_10	outputs/paper1_data_refresh_20260710/PLMF_MDA_REBUILT_FROM_FROZEN_ROOT_RAW_METRICS.tsv	
PLMF-MDA	MDA	MDR	mirna_cold	11	0.9147941132748626	0.8987684073049018	0.83963133640553	0.8399264029438822	0.679267288884262	0.1157876045581546	0.0296595099561256	0.3779330008166289	0.3779330008166289			PASS	formal_runs/full_metric_rerun_20260615/plmf_standardized_repair_20260619/05_runs/MDR/mirna_cold/seed_11	outputs/paper1_data_refresh_20260710/PLMF_MDA_REBUILT_FROM_FROZEN_ROOT_RAW_METRICS.tsv	
PLMF-MDA	MDA	MDR	mirna_cold	12	0.9053513194264784	0.886011144779258	0.8293357933579336	0.8287037037037037	0.6586895248837595	0.1262666661497867	0.0565589046695803	0.405336943772729	0.405336943772729			PASS	formal_runs/full_metric_rerun_20260615/plmf_standardized_repair_20260619/05_runs/MDR/mirna_cold/seed_12	outputs/paper1_data_refresh_20260710/PLMF_MDA_REBUILT_FROM_FROZEN_ROOT_RAW_METRICS.tsv	
PLMF-MDA	MDA	MDR	mirna_cold	13	0.9116527728968424	0.894281625983494	0.8428308823529411	0.8458070333633905	0.6861732185455567	0.1165078787583168	0.0444182922028756	0.399225281394738	0.399225281394738			PASS	formal_runs/full_metric_rerun_20260615/plmf_standardized_repair_20260619/05_runs/MDR/mirna_cold/seed_13	outputs/paper1_data_refresh_20260710/PLMF_MDA_REBUILT_FROM_FROZEN_ROOT_RAW_METRICS.tsv	
PLMF-MDA	MDA	MDR	mirna_cold	14	0.9113253849754508	0.8966879824220008	0.8424214417744916	0.8450704225352113	0.6852436496394488	0.118619501336319	0.0451027076497934	0.3923823999150056	0.3923823999150056			PASS	formal_runs/full_metric_rerun_20260615/plmf_standardized_repair_20260619/05_runs/MDR/mirna_cold/seed_14	outputs/paper1_data_refresh_20260710/PLMF_MDA_REBUILT_FROM_FROZEN_ROOT_RAW_METRICS.tsv	
PLMF-MDA	MDA	MDR	mirna_cold	15	0.918849412814033	0.9075975032724004	0.8423963133640553	0.8482697426796806	0.6868541386512093	0.1124100208030393	0.0248587772340348	0.361768733903352	0.361768733903352			PASS	formal_runs/full_metric_rerun_20260615/plmf_standardized_repair_20260619/05_runs/MDR/mirna_cold/seed_15	outputs/paper1_data_refresh_20260710/PLMF_MDA_REBUILT_FROM_FROZEN_ROOT_RAW_METRICS.tsv	
PLMF-MDA	MDA	MDR	mirna_cold	16	0.9035014532862584	0.8778784166991609	0.8420810313075506	0.8459811405478221	0.6850411481570765	0.1213726538411631	0.0481463661671567	0.4138939542934807	0.4138939542934807			PASS	formal_runs/full_metric_rerun_20260615/plmf_standardized_repair_20260619/05_runs/MDR/mirna_cold/seed_16	outputs/paper1_data_refresh_20260710/PLMF_MDA_REBUILT_FROM_FROZEN_ROOT_RAW_METRICS.tsv	
PLMF-MDA	MDA	MDR	mirna_cold	17	0.9056532538839214	0.8897455237963298	0.8290203327171903	0.8271028037383178	0.6582026042620529	0.128418992714398	0.0758996753806033	0.4344072021598005	0.4344072021598005			PASS	formal_runs/full_metric_rerun_20260615/plmf_standardized_repair_20260619/05_runs/MDR/mirna_cold/seed_17	outputs/paper1_data_refresh_20260710/PLMF_MDA_REBUILT_FROM_FROZEN_ROOT_RAW_METRICS.tsv	
PLMF-MDA	MDA	MDR	mirna_cold	18	0.8992117383488322	0.8792483234875886	0.8304227941176471	0.8367978770455551	0.6628716080363273	0.1262597618859642	0.046668454962565	0.4235893920360314	0.4235893920360314			PASS	formal_runs/full_metric_rerun_20260615/plmf_standardized_repair_20260619/05_runs/MDR/mirna_cold/seed_18	outputs/paper1_data_refresh_20260710/PLMF_MDA_REBUILT_FROM_FROZEN_ROOT_RAW_METRICS.tsv	
PLMF-MDA	MDA	MDR	mirna_cold	19	0.9100522411772544	0.8838668675142001	0.8354898336414048	0.8417777777777777	0.6731092055830908	0.1193734638654037	0.0519835498177612	0.4009520489920475	0.4009520489920475			PASS	formal_runs/full_metric_rerun_20260615/plmf_standardized_repair_20260619/05_runs/MDR/mirna_cold/seed_19	outputs/paper1_data_refresh_20260710/PLMF_MDA_REBUILT_FROM_FROZEN_ROOT_RAW_METRICS.tsv	
PLMF-MDA	MDA	MDR	mirna_cold	2	0.9193471936120964	0.908616203182276	0.847926267281106	0.8555166374781086	0.6997255708777166	0.1113607533400692	0.0383243909662436	0.3702826018135027	0.3702826018135026			PASS	formal_runs/full_metric_rerun_20260615/plmf_standardized_repair_20260619/05_runs/MDR/mirna_cold/seed_2	outputs/paper1_data_refresh_20260710/PLMF_MDA_REBUILT_FROM_FROZEN_ROOT_RAW_METRICS.tsv	
PLMF-MDA	MDA	MDR	mirna_cold	20	0.9153972242817264	0.901722577873549	0.8438077634011091	0.8448117539026629	0.6876730935592488	0.1172513405884362	0.047072829076691	0.3960117815530001	0.396011781553			PASS	formal_runs/full_metric_rerun_20260615/plmf_standardized_repair_20260619/05_runs/MDR/mirna_cold/seed_20	outputs/paper1_data_refresh_20260710/PLMF_MDA_REBUILT_FROM_FROZEN_ROOT_RAW_METRICS.tsv	
PLMF-MDA	MDA	MDR	mirna_cold	21	0.9087842421035852	0.8983971489479606	0.8268876611418048	0.8216318785578748	0.6549135570503731	0.128976070358174	0.0645147301310313	0.4241030564315767	0.4241030564315767			PASS	formal_runs/full_metric_rerun_20260615/plmf_standardized_repair_20260619/05_runs/MDR/mirna_cold/seed_21	outputs/paper1_data_refresh_20260710/PLMF_MDA_REBUILT_FROM_FROZEN_ROOT_RAW_METRICS.tsv	
PLMF-MDA	MDA	MDR	mirna_cold	22	0.8938532907841642	0.8660834094808721	0.8294824399260629	0.8354881854658939	0.6607283681141155	0.1299500308118829	0.0517815176758538	0.4334641010331752	0.4334641010331752			PASS	formal_runs/full_metric_rerun_20260615/plmf_standardized_repair_20260619/05_runs/MDR/mirna_cold/seed_22	outputs/paper1_data_refresh_20260710/PLMF_MDA_REBUILT_FROM_FROZEN_ROOT_RAW_METRICS.tsv	
PLMF-MDA	MDA	MDR	mirna_cold	23	0.9011438697047768	0.8886603070014542	0.8215258855585831	0.8198074277854195	0.6431687744982665	0.1291882778263756	0.0514682822307685	0.4315364574309069	0.4315364574309068			PASS	formal_runs/full_metric_rerun_20260615/plmf_standardized_repair_20260619/05_runs/MDR/mirna_cold/seed_23	outputs/paper1_data_refresh_20260710/PLMF_MDA_REBUILT_FROM_FROZEN_ROOT_RAW_METRICS.tsv	
PLMF-MDA	MDA	MDR	mirna_cold	24	0.9061845490482812	0.8859328223554744	0.8322550831792976	0.834924965893588	0.6648580982086042	0.1209770876077705	0.0445885595801577	0.4037070117361255	0.4037070117361255			PASS	formal_runs/full_metric_rerun_20260615/plmf_standardized_repair_20260619/05_runs/MDR/mirna_cold/seed_24	outputs/paper1_data_refresh_20260710/PLMF_MDA_REBUILT_FROM_FROZEN_ROOT_RAW_METRICS.tsv	
PLMF-MDA	MDA	MDR	mirna_cold	3	0.9081357787936036	0.890255733900317	0.8302836230558097	0.8370663153271849	0.6628686588840863	0.1232809043787999	0.0575822476051186	0.4076062522310554	0.4076062522310554			PASS	formal_runs/full_metric_rerun_20260615/plmf_standardized_repair_20260619/05_runs/MDR/mirna_cold/seed_3	outputs/paper1_data_refresh_20260710/PLMF_MDA_REBUILT_FROM_FROZEN_ROOT_RAW_METRICS.tsv	
PLMF-MDA	MDA	MDR	mirna_cold	4	0.9118600947142644	0.89601374398045	0.8414746543778802	0.848990342405619	0.6863580066696308	0.1187255719661623	0.0517265095302768	0.4003744326711508	0.4003744326711508			PASS	formal_runs/full_metric_rerun_20260615/plmf_standardized_repair_20260619/05_runs/MDR/mirna_cold/seed_4	outputs/paper1_data_refresh_20260710/PLMF_MDA_REBUILT_FROM_FROZEN_ROOT_RAW_METRICS.tsv	
PLMF-MDA	MDA	MDR	mirna_cold	5	0.9177637086110818	0.8951522209507412	0.8410351201478743	0.8427787934186471	0.682238092619937	0.1127563603455435	0.0363939829920853	0.3648692107468017	0.3648692107468017			PASS	formal_runs/full_metric_rerun_20260615/plmf_standardized_repair_20260619/05_runs/MDR/mirna_cold/seed_5	outputs/paper1_data_refresh_20260710/PLMF_MDA_REBUILT_FROM_FROZEN_ROOT_RAW_METRICS.tsv	
PLMF-MDA	MDA	MDR	mirna_cold	6	0.9042253785311312	0.8862002664125762	0.8268698060941828	0.8319139399372478	0.6549202586342301	0.1244798757902289	0.0544441878093333	0.4161661888585129	0.4161661888585128			PASS	formal_runs/full_metric_rerun_20260615/plmf_standardized_repair_20260619/05_runs/MDR/mirna_cold/seed_6	outputs/paper1_data_refresh_20260710/PLMF_MDA_REBUILT_FROM_FROZEN_ROOT_RAW_METRICS.tsv	
PLMF-MDA	MDA	MDR	mirna_cold	7	0.909274732465316	0.8876536230854061	0.8434343434343434	0.847427293064877	0.6878115120115218	0.1167803040895133	0.0270569818649331	0.3865024059093387	0.3865024059093387			PASS	formal_runs/full_metric_rerun_20260615/plmf_standardized_repair_20260619/05_runs/MDR/mirna_cold/seed_7	outputs/paper1_data_refresh_20260710/PLMF_MDA_REBUILT_FROM_FROZEN_ROOT_RAW_METRICS.tsv	
PLMF-MDA	MDA	MDR	mirna_cold	8	0.904228944307086	0.8896362266866964	0.8268876611418048	0.8312387791741472	0.6546462499293384	0.1249196404379224	0.0377191235326747	0.4007396232875969	0.4007396232875969			PASS	formal_runs/full_metric_rerun_20260615/plmf_standardized_repair_20260619/05_runs/MDR/mirna_cold/seed_8	outputs/paper1_data_refresh_20260710/PLMF_MDA_REBUILT_FROM_FROZEN_ROOT_RAW_METRICS.tsv	
PLMF-MDA	MDA	MDR	mirna_cold	9	0.9010115344951308	0.8824954898681681	0.8273645546372819	0.827996340347667	0.6547467767073333	0.1263696364531232	0.0593455630808099	0.4397255413982041	0.4397255413982041			PASS	formal_runs/full_metric_rerun_20260615/plmf_standardized_repair_20260619/05_runs/MDR/mirna_cold/seed_9	outputs/paper1_data_refresh_20260710/PLMF_MDA_REBUILT_FROM_FROZEN_ROOT_RAW_METRICS.tsv	
PLMF-MDA	MDA	MDR	random	0	0.9190868214882416	0.912144380146792	0.8488909426987061	0.8529014844804319	0.6988215877080518	0.1124641943761185	0.0281775690523654	0.3657715863950964	0.3657715863950964			PASS	formal_runs/full_metric_rerun_20260615/plmf_standardized_repair_20260619/05_runs/MDR/random/seed_0	outputs/paper1_data_refresh_20260710/PLMF_MDA_REBUILT_FROM_FROZEN_ROOT_RAW_METRICS.tsv	
PLMF-MDA	MDA	MDR	random	1	0.9162475527963893	0.9000696191303983	0.844731977818854	0.851721094439541	0.6925480941122985	0.1162914540887845	0.0503700659701658	0.3883269042156786	0.3883269042156786			PASS	formal_runs/full_metric_rerun_20260615/plmf_standardized_repair_20260619/05_runs/MDR/random/seed_1	outputs/paper1_data_refresh_20260710/PLMF_MDA_REBUILT_FROM_FROZEN_ROOT_RAW_METRICS.tsv	
PLMF-MDA	MDA	MDR	random	10	0.92716430174832	0.9132428126728516	0.850739371534196	0.8605955977557186	0.7085988449889201	0.1085634970576542	0.0510650723686374	0.3528973475336958	0.3528973475336958			PASS	formal_runs/full_metric_rerun_20260615/plmf_standardized_repair_20260619/05_runs/MDR/random/seed_10	outputs/paper1_data_refresh_20260710/PLMF_MDA_REBUILT_FROM_FROZEN_ROOT_RAW_METRICS.tsv	
PLMF-MDA	MDA	MDR	random	11	0.929377462151626	0.9117829542831222	0.8581330868761553	0.8560712611345522	0.7165603318334927	0.1075903026400939	0.0489510653539262	0.3631643140758078	0.3631643140758078			PASS	formal_runs/full_metric_rerun_20260615/plmf_standardized_repair_20260619/05_runs/MDR/random/seed_11	outputs/paper1_data_refresh_20260710/PLMF_MDA_REBUILT_FROM_FROZEN_ROOT_RAW_METRICS.tsv	
PLMF-MDA	MDA	MDR	random	12	0.926211472558861	0.9034919019722903	0.8576709796672828	0.8602540834845736	0.7158312811735256	0.1034109640506624	0.0332848845603582	0.3434538017933635	0.3434538017933635			PASS	formal_runs/full_metric_rerun_20260615/plmf_standardized_repair_20260619/05_runs/MDR/random/seed_12	outputs/paper1_data_refresh_20260710/PLMF_MDA_REBUILT_FROM_FROZEN_ROOT_RAW_METRICS.tsv	
PLMF-MDA	MDA	MDR	random	13	0.915989165678674	0.9008127033819155	0.8401109057301294	0.8512467755803955	0.6879766690129174	0.1170538506106542	0.0489082861745667	0.3781705589885517	0.3781705589885517			PASS	formal_runs/full_metric_rerun_20260615/plmf_standardized_repair_20260619/05_runs/MDR/random/seed_13	outputs/paper1_data_refresh_20260710/PLMF_MDA_REBUILT_FROM_FROZEN_ROOT_RAW_METRICS.tsv	
PLMF-MDA	MDA	MDR	random	14	0.9226858764320198	0.909136982821328	0.8419593345656192	0.8382213812677389	0.6846500712034611	0.1144568828570803	0.0593582470060717	0.3777245093475735	0.3777245093475735			PASS	formal_runs/full_metric_rerun_20260615/plmf_standardized_repair_20260619/05_runs/MDR/random/seed_14	outputs/paper1_data_refresh_20260710/PLMF_MDA_REBUILT_FROM_FROZEN_ROOT_RAW_METRICS.tsv	
PLMF-MDA	MDA	MDR	random	15	0.9266488087713244	0.9124589567341947	0.8544362292051756	0.8604342046964998	0.7115055381376224	0.1065645372210161	0.0335575940360713	0.3496761993639297	0.3496761993639297			PASS	formal_runs/full_metric_rerun_20260615/plmf_standardized_repair_20260619/05_runs/MDR/random/seed_15	outputs/paper1_data_refresh_20260710/PLMF_MDA_REBUILT_FROM_FROZEN_ROOT_RAW_METRICS.tsv	
PLMF-MDA	MDA	MDR	random	16	0.9238437069710708	0.908745314742762	0.8581330868761553	0.8630075858991522	0.7180868167405176	0.1079241666467691	0.0379905167219812	0.3538523187405938	0.3538523187405938			PASS	formal_runs/full_metric_rerun_20260615/plmf_standardized_repair_20260619/05_runs/MDR/random/seed_16	outputs/paper1_data_refresh_20260710/PLMF_MDA_REBUILT_FROM_FROZEN_ROOT_RAW_METRICS.tsv	
PLMF-MDA	MDA	MDR	random	17	0.9053858979571614	0.8920978400076776	0.8170055452865065	0.8323454699407282	0.6449009227984127	0.1297161027373114	0.0668018250668668	0.4164091022587056	0.4164091022587056			PASS	formal_runs/full_metric_rerun_20260615/plmf_standardized_repair_20260619/05_runs/MDR/random/seed_17	outputs/paper1_data_refresh_20260710/PLMF_MDA_REBUILT_FROM_FROZEN_ROOT_RAW_METRICS.tsv	
PLMF-MDA	MDA	MDR	random	18	0.9158917900376176	0.89038464045639	0.8401109057301294	0.8377110694183865	0.6805194923851302	0.1159175727604353	0.0602116161202063	0.3756031906043631	0.375603190604363			PASS	formal_runs/full_metric_rerun_20260615/plmf_standardized_repair_20260619/05_runs/MDR/random/seed_18	outputs/paper1_data_refresh_20260710/PLMF_MDA_REBUILT_FROM_FROZEN_ROOT_RAW_METRICS.tsv	
PLMF-MDA	MDA	MDR	random	19	0.9231146709215836	0.911067210927203	0.8548983364140481	0.8640692640692641	0.7163480982351748	0.1094505105555317	0.0444369497821746	0.3592900939753725	0.3592900939753725			PASS	formal_runs/full_metric_rerun_20260615/plmf_standardized_repair_20260619/05_runs/MDR/random/seed_19	outputs/paper1_data_refresh_20260710/PLMF_MDA_REBUILT_FROM_FROZEN_ROOT_RAW_METRICS.tsv	
PLMF-MDA	MDA	MDR	random	2	0.924599649447692	0.9080962016976316	0.8516635859519408	0.8570155902004455	0.7053062960386017	0.1074326712634593	0.0261196680743861	0.3528682275280126	0.3528682275280126			PASS	formal_runs/full_metric_rerun_20260615/plmf_standardized_repair_20260619/05_runs/MDR/random/seed_2	outputs/paper1_data_refresh_20260710/PLMF_MDA_REBUILT_FROM_FROZEN_ROOT_RAW_METRICS.tsv	
PLMF-MDA	MDA	MDR	random	20	0.9255904893040544	0.910276598951941	0.8516635859519408	0.8553402433528616	0.7042375899903521	0.1076649262041099	0.0279223583147708	0.3473753235347698	0.3473753235347698			PASS	formal_runs/full_metric_rerun_20260615/plmf_standardized_repair_20260619/05_runs/MDR/random/seed_20	outputs/paper1_data_refresh_20260710/PLMF_MDA_REBUILT_FROM_FROZEN_ROOT_RAW_METRICS.tsv	
PLMF-MDA	MDA	MDR	random	21	0.928951657265077	0.9118848089967724	0.8585951940850277	0.8598901098901099	0.7173129404064083	0.1048497030380871	0.0364744166240378	0.3453605509335468	0.3453605509335468			PASS	formal_runs/full_metric_rerun_20260615/plmf_standardized_repair_20260619/05_runs/MDR/random/seed_21	outputs/paper1_data_refresh_20260710/PLMF_MDA_REBUILT_FROM_FROZEN_ROOT_RAW_METRICS.tsv	
PLMF-MDA	MDA	MDR	random	22	0.9246158787212015	0.9143343747628528	0.8428835489833642	0.8444647758462946	0.6859088966420785	0.1089357425910239	0.0300662056197688	0.3557673426043972	0.3557673426043972			PASS	formal_runs/full_metric_rerun_20260615/plmf_standardized_repair_20260619/05_runs/MDR/random/seed_22	outputs/paper1_data_refresh_20260710/PLMF_MDA_REBUILT_FROM_FROZEN_ROOT_RAW_METRICS.tsv	
PLMF-MDA	MDA	MDR	random	23	0.9324721283581784	0.920991160034252	0.8558225508317929	0.8636363636363636	0.7163649302230644	0.1039218144601822	0.046469525576421	0.3366079016704235	0.3366079016704235			PASS	formal_runs/full_metric_rerun_20260615/plmf_standardized_repair_20260619/05_runs/MDR/random/seed_23	outputs/paper1_data_refresh_20260710/PLMF_MDA_REBUILT_FROM_FROZEN_ROOT_RAW_METRICS.tsv	
PLMF-MDA	MDA	MDR	random	24	0.9219623925024174	0.9048676968962494	0.8548983364140481	0.8593189964157706	0.711202578229775	0.1075672987291	0.025593294180556	0.3574567443857849	0.3574567443857848			PASS	formal_runs/full_metric_rerun_20260615/plmf_standardized_repair_20260619/05_runs/MDR/random/seed_24	outputs/paper1_data_refresh_20260710/PLMF_MDA_REBUILT_FROM_FROZEN_ROOT_RAW_METRICS.tsv	
PLMF-MDA	MDA	MDR	random	3	0.9220456743006892	0.9114217363437798	0.8470425138632163	0.8480954566314823	0.6941517350141061	0.1137834744606657	0.0443188600917382	0.3662977789959417	0.3662977789959417			PASS	formal_runs/full_metric_rerun_20260615/plmf_standardized_repair_20260619/05_runs/MDR/random/seed_3	outputs/paper1_data_refresh_20260710/PLMF_MDA_REBUILT_FROM_FROZEN_ROOT_RAW_METRICS.tsv	
PLMF-MDA	MDA	MDR	random	4	0.923394412346548	0.9054720305480785	0.8530499075785583	0.8550592525068368	0.7063713806458851	0.1077115152764388	0.0257146441132445	0.3494227001186472	0.3494227001186472			PASS	formal_runs/full_metric_rerun_20260615/plmf_standardized_repair_20260619/05_runs/MDR/random/seed_4	outputs/paper1_data_refresh_20260710/PLMF_MDA_REBUILT_FROM_FROZEN_ROOT_RAW_METRICS.tsv	
PLMF-MDA	MDA	MDR	random	5	0.9149594609831184	0.8990249345968074	0.8451940850277264	0.8495734171531207	0.6915614344856176	0.1137140686063958	0.0258401325015749	0.3657364906147093	0.3657364906147093			PASS	formal_runs/full_metric_rerun_20260615/plmf_standardized_repair_20260619/05_runs/MDR/random/seed_5	outputs/paper1_data_refresh_20260710/PLMF_MDA_REBUILT_FROM_FROZEN_ROOT_RAW_METRICS.tsv	
PLMF-MDA	MDA	MDR	random	6	0.9183522333188694	0.8992495436494594	0.8553604436229205	0.8595782862270076	0.7120068213393059	0.1085538478218187	0.0432322262329892	0.3641006803484826	0.3641006803484826			PASS	formal_runs/full_metric_rerun_20260615/plmf_standardized_repair_20260619/05_runs/MDR/random/seed_6	outputs/paper1_data_refresh_20260710/PLMF_MDA_REBUILT_FROM_FROZEN_ROOT_RAW_METRICS.tsv	
PLMF-MDA	MDA	MDR	random	7	0.9222143733279576	0.9110462633356516	0.8525878003696857	0.8573983012963791	0.7067860395418145	0.1094836209290589	0.0227417583566736	0.3488450280664032	0.3488450280664032			PASS	formal_runs/full_metric_rerun_20260615/plmf_standardized_repair_20260619/05_runs/MDR/random/seed_7	outputs/paper1_data_refresh_20260710/PLMF_MDA_REBUILT_FROM_FROZEN_ROOT_RAW_METRICS.tsv	
PLMF-MDA	MDA	MDR	random	8	0.9228468879086786	0.906009593770071	0.8558225508317929	0.856353591160221	0.7116645542219859	0.1085495597795331	0.0436596457305745	0.3587785820025355	0.3587785820025355			PASS	formal_runs/full_metric_rerun_20260615/plmf_standardized_repair_20260619/05_runs/MDR/random/seed_8	outputs/paper1_data_refresh_20260710/PLMF_MDA_REBUILT_FROM_FROZEN_ROOT_RAW_METRICS.tsv	
PLMF-MDA	MDA	MDR	random	9	0.9291592211315391	0.915428489434427	0.8641404805914972	0.8688670829616414	0.7301807284087821	0.1018826357177721	0.0268848474143567	0.3392693291755272	0.3392693291755272			PASS	formal_runs/full_metric_rerun_20260615/plmf_standardized_repair_20260619/05_runs/MDR/random/seed_9	outputs/paper1_data_refresh_20260710/PLMF_MDA_REBUILT_FROM_FROZEN_ROOT_RAW_METRICS.tsv	
PLMF-MDA	MDA	MDR	scaffold_cold	0	0.5962799060844179	0.609341764744016	0.5851339671564391	0.4957983193277311	0.1820838497650095	0.3366881229224804	0.2732934148639323	1.313646347711595	1.313646347711595			PASS	formal_runs/full_metric_rerun_20260615/plmf_standardized_repair_20260619/05_runs/MDR/scaffold_cold/seed_0	outputs/paper1_data_refresh_20260710/PLMF_MDA_REBUILT_FROM_FROZEN_ROOT_RAW_METRICS.tsv	
PLMF-MDA	MDA	MDR	scaffold_cold	1	0.6410853779909819	0.6696962614396864	0.6225402504472272	0.5300668151447662	0.2665949934163293	0.2753430492497604	0.1681568441662208	0.8735748012445989	0.8735748012445987			PASS	formal_runs/full_metric_rerun_20260615/plmf_standardized_repair_20260619/05_runs/MDR/scaffold_cold/seed_1	outputs/paper1_data_refresh_20260710/PLMF_MDA_REBUILT_FROM_FROZEN_ROOT_RAW_METRICS.tsv	
PLMF-MDA	MDA	MDR	scaffold_cold	10	0.4663314749525593	0.4765945871981105	0.4931798806479113	0.2807017543859649	-0.0169061043113657	0.4126441736064808	0.3738393350830237	1.7326541681086205	1.7326541681086205			PASS	formal_runs/full_metric_rerun_20260615/plmf_standardized_repair_20260619/05_runs/MDR/scaffold_cold/seed_10	outputs/paper1_data_refresh_20260710/PLMF_MDA_REBUILT_FROM_FROZEN_ROOT_RAW_METRICS.tsv	
PLMF-MDA	MDA	MDR	scaffold_cold	11	0.6241042410357505	0.5625819098214342	0.5159671532846716	0.2806779661016949	0.0422230437551152	0.3619188213681824	0.3411089234734422	1.1844148088837054	1.1844148088837054			PASS	formal_runs/full_metric_rerun_20260615/plmf_standardized_repair_20260619/05_runs/MDR/scaffold_cold/seed_11	outputs/paper1_data_refresh_20260710/PLMF_MDA_REBUILT_FROM_FROZEN_ROOT_RAW_METRICS.tsv	
PLMF-MDA	MDA	MDR	scaffold_cold	12	0.703730143177527	0.7318320564151124	0.5903880070546738	0.3311735061195104	0.286129004189654	0.3429596895333602	0.3437245115674351	1.3921551701371773	1.3921551701371773			PASS	formal_runs/full_metric_rerun_20260615/plmf_standardized_repair_20260619/05_runs/MDR/scaffold_cold/seed_12	outputs/paper1_data_refresh_20260710/PLMF_MDA_REBUILT_FROM_FROZEN_ROOT_RAW_METRICS.tsv	
PLMF-MDA	MDA	MDR	scaffold_cold	13	0.6520455553221778	0.6473184679466042	0.6131239935587761	0.5977396400167434	0.2269127542745859	0.2849137199268931	0.2130873152208391	0.9316729274935652	0.9316729274935652			PASS	formal_runs/full_metric_rerun_20260615/plmf_standardized_repair_20260619/05_runs/MDR/scaffold_cold/seed_13	outputs/paper1_data_refresh_20260710/PLMF_MDA_REBUILT_FROM_FROZEN_ROOT_RAW_METRICS.tsv	
PLMF-MDA	MDA	MDR	scaffold_cold	14	0.4830727814711285	0.5113865743490937	0.515993907083016	0.2071116656269494	0.051028625715558	0.4109488028685464	0.3650028054785404	1.947171409556492	1.947171409556492			PASS	formal_runs/full_metric_rerun_20260615/plmf_standardized_repair_20260619/05_runs/MDR/scaffold_cold/seed_14	outputs/paper1_data_refresh_20260710/PLMF_MDA_REBUILT_FROM_FROZEN_ROOT_RAW_METRICS.tsv	
PLMF-MDA	MDA	MDR	scaffold_cold	15	0.7491528847367757	0.7395955928558704	0.6550561797752809	0.5665882352941176	0.3397096398031241	0.2351527815841588	0.1651142116067423	0.7089218766306217	0.7089218766306216			PASS	formal_runs/full_metric_rerun_20260615/plmf_standardized_repair_20260619/05_runs/MDR/scaffold_cold/seed_15	outputs/paper1_data_refresh_20260710/PLMF_MDA_REBUILT_FROM_FROZEN_ROOT_RAW_METRICS.tsv	
PLMF-MDA	MDA	MDR	scaffold_cold	16	0.4503153370466208	0.5134805258028209	0.5082781456953642	0.3612903225806451	0.0186490583330466	0.4157247268849967	0.3777250298058408	2.147831780175313	2.147831780175313			PASS	formal_runs/full_metric_rerun_20260615/plmf_standardized_repair_20260619/05_runs/MDR/scaffold_cold/seed_16	outputs/paper1_data_refresh_20260710/PLMF_MDA_REBUILT_FROM_FROZEN_ROOT_RAW_METRICS.tsv	
PLMF-MDA	MDA	MDR	scaffold_cold	17	0.5021556312352934	0.4787893271294978	0.4765297569153395	0.2256664600123992	-0.0616270848929608	0.4158965061758077	0.3866219064469438	1.5833561180411753	1.5833561180411753			PASS	formal_runs/full_metric_rerun_20260615/plmf_standardized_repair_20260619/05_runs/MDR/scaffold_cold/seed_17	outputs/paper1_data_refresh_20260710/PLMF_MDA_REBUILT_FROM_FROZEN_ROOT_RAW_METRICS.tsv	
PLMF-MDA	MDA	MDR	scaffold_cold	18	0.4899271137026239	0.4839113652570277	0.4819727891156463	0.4263653483992467	-0.0367517593432863	0.3457926082252376	0.2761902013143602	1.015087788953679	1.015087788953679			PASS	formal_runs/full_metric_rerun_20260615/plmf_standardized_repair_20260619/05_runs/MDR/scaffold_cold/seed_18	outputs/paper1_data_refresh_20260710/PLMF_MDA_REBUILT_FROM_FROZEN_ROOT_RAW_METRICS.tsv	
PLMF-MDA	MDA	MDR	scaffold_cold	19	0.5323309063291382	0.5644131342618881	0.5201072386058981	0.3741258741258741	0.0454643574628458	0.369343042235442	0.3250612480035172	1.6560293018072978	1.6560293018072978			PASS	formal_runs/full_metric_rerun_20260615/plmf_standardized_repair_20260619/05_runs/MDR/scaffold_cold/seed_19	outputs/paper1_data_refresh_20260710/PLMF_MDA_REBUILT_FROM_FROZEN_ROOT_RAW_METRICS.tsv	
PLMF-MDA	MDA	MDR	scaffold_cold	2	0.5721372216971224	0.5935633407886396	0.5389492753623188	0.3867469879518072	0.0897337947403968	0.3648279341824281	0.3265032317669359	1.4115846868360862	1.4115846868360862			PASS	formal_runs/full_metric_rerun_20260615/plmf_standardized_repair_20260619/05_runs/MDR/scaffold_cold/seed_2	outputs/paper1_data_refresh_20260710/PLMF_MDA_REBUILT_FROM_FROZEN_ROOT_RAW_METRICS.tsv	
PLMF-MDA	MDA	MDR	scaffold_cold	20	0.529115393759961	0.5368452373864805	0.5187901008249313	0.2369186046511628	0.0557606414741093	0.4180987407825111	0.3753676064369913	2.008921214607087	2.008921214607087			PASS	formal_runs/full_metric_rerun_20260615/plmf_standardized_repair_20260619/05_runs/MDR/scaffold_cold/seed_20	outputs/paper1_data_refresh_20260710/PLMF_MDA_REBUILT_FROM_FROZEN_ROOT_RAW_METRICS.tsv	
PLMF-MDA	MDA	MDR	scaffold_cold	21	0.5518228227295638	0.5235610925371839	0.5073415765069552	0.219228413962033	0.0217600066692441	0.4036635855415303	0.370260592929075	1.452048261311254	1.4520482613112538			PASS	formal_runs/full_metric_rerun_20260615/plmf_standardized_repair_20260619/05_runs/MDR/scaffold_cold/seed_21	outputs/paper1_data_refresh_20260710/PLMF_MDA_REBUILT_FROM_FROZEN_ROOT_RAW_METRICS.tsv	
PLMF-MDA	MDA	MDR	scaffold_cold	22	0.4855608303942942	0.4901986214492343	0.4903685092127303	0.2081977878985035	-0.0274621237492769	0.4266713735076606	0.3979288311924791	1.819055651239619	1.819055651239619			PASS	formal_runs/full_metric_rerun_20260615/plmf_standardized_repair_20260619/05_runs/MDR/scaffold_cold/seed_22	outputs/paper1_data_refresh_20260710/PLMF_MDA_REBUILT_FROM_FROZEN_ROOT_RAW_METRICS.tsv	
PLMF-MDA	MDA	MDR	scaffold_cold	23	0.6292798371260283	0.6233136705663334	0.5694135115070527	0.4352482960077897	0.1577731026316984	0.298327624901452	0.2300176541933953	0.9521385125186675	0.9521385125186675			PASS	formal_runs/full_metric_rerun_20260615/plmf_standardized_repair_20260619/05_runs/MDR/scaffold_cold/seed_23	outputs/paper1_data_refresh_20260710/PLMF_MDA_REBUILT_FROM_FROZEN_ROOT_RAW_METRICS.tsv	
PLMF-MDA	MDA	MDR	scaffold_cold	24	0.5227485294857399	0.5325359987065148	0.528624192059095	0.3762981062919975	0.0656076207465853	0.3736749375340085	0.3131852834822765	1.520197123007734	1.520197123007734			PASS	formal_runs/full_metric_rerun_20260615/plmf_standardized_repair_20260619/05_runs/MDR/scaffold_cold/seed_24	outputs/paper1_data_refresh_20260710/PLMF_MDA_REBUILT_FROM_FROZEN_ROOT_RAW_METRICS.tsv	
PLMF-MDA	MDA	MDR	scaffold_cold	3	0.48987579663491	0.5034262082801422	0.4729241877256318	0.2275132275132275	-0.0701263881436778	0.4081239960177784	0.3804551467019384	1.4901142734387278	1.4901142734387278			PASS	formal_runs/full_metric_rerun_20260615/plmf_standardized_repair_20260619/05_runs/MDR/scaffold_cold/seed_3	outputs/paper1_data_refresh_20260710/PLMF_MDA_REBUILT_FROM_FROZEN_ROOT_RAW_METRICS.tsv	
PLMF-MDA	MDA	MDR	scaffold_cold	4	0.5637143703703704	0.5671664504127135	0.528	0.3148387096774193	0.0715343524312611	0.4076264163954064	0.3746485974787159	1.868300989350565	1.868300989350565			PASS	formal_runs/full_metric_rerun_20260615/plmf_standardized_repair_20260619/05_runs/MDR/scaffold_cold/seed_4	outputs/paper1_data_refresh_20260710/PLMF_MDA_REBUILT_FROM_FROZEN_ROOT_RAW_METRICS.tsv	
PLMF-MDA	MDA	MDR	scaffold_cold	5	0.7106652470477834	0.7205129881051483	0.6566181566181566	0.6250472947408248	0.3177744872592303	0.2399572308152799	0.1325326237004756	0.7572553166515619	0.7572553166515619			PASS	formal_runs/full_metric_rerun_20260615/plmf_standardized_repair_20260619/05_runs/MDR/scaffold_cold/seed_5	outputs/paper1_data_refresh_20260710/PLMF_MDA_REBUILT_FROM_FROZEN_ROOT_RAW_METRICS.tsv	
PLMF-MDA	MDA	MDR	scaffold_cold	6	0.3649020346007617	0.434969110144751	0.4226519337016574	0.2907239819004525	-0.1666571536448081	0.4382146678091431	0.4107618563903693	1.52899332867197	1.52899332867197			PASS	formal_runs/full_metric_rerun_20260615/plmf_standardized_repair_20260619/05_runs/MDR/scaffold_cold/seed_6	outputs/paper1_data_refresh_20260710/PLMF_MDA_REBUILT_FROM_FROZEN_ROOT_RAW_METRICS.tsv	
PLMF-MDA	MDA	MDR	scaffold_cold	7	0.6629844045368619	0.6442454606927256	0.6163949275362319	0.5627258647392875	0.2401371066044375	0.286836727407322	0.2117283468082234	0.9438970726877708	0.9438970726877706			PASS	formal_runs/full_metric_rerun_20260615/plmf_standardized_repair_20260619/05_runs/MDR/scaffold_cold/seed_7	outputs/paper1_data_refresh_20260710/PLMF_MDA_REBUILT_FROM_FROZEN_ROOT_RAW_METRICS.tsv	
PLMF-MDA	MDA	MDR	scaffold_cold	8	0.6100622651174139	0.6696540041666459	0.6133743274404304	0.4585575888051668	0.2764061884514399	0.3250882483643096	0.2692344641359301	1.4226578743441682	1.4226578743441682			PASS	formal_runs/full_metric_rerun_20260615/plmf_standardized_repair_20260619/05_runs/MDR/scaffold_cold/seed_8	outputs/paper1_data_refresh_20260710/PLMF_MDA_REBUILT_FROM_FROZEN_ROOT_RAW_METRICS.tsv	
PLMF-MDA	MDA	MDR	scaffold_cold	9	0.4879004640696976	0.5351290534266971	0.512396694214876	0.3615870153291253	0.0281309413657698	0.4005343155300923	0.3647347455705931	1.7599942939046151	1.7599942939046151			PASS	formal_runs/full_metric_rerun_20260615/plmf_standardized_repair_20260619/05_runs/MDR/scaffold_cold/seed_9	outputs/paper1_data_refresh_20260710/PLMF_MDA_REBUILT_FROM_FROZEN_ROOT_RAW_METRICS.tsv	
PLMF-MDA	MDA	MDR	strict_cold	0	0.5703889857164255	0.5504484015770756	0.5641143911439115	0.588951718138321	0.129175517763522	0.3699660929352921	0.3306291248949661	1.7411599306804444	1.7411599306804444			PASS	formal_runs/full_metric_rerun_20260615/plmf_standardized_repair_20260619/05_runs/MDR/strict_cold/seed_0	outputs/paper1_data_refresh_20260710/PLMF_MDA_REBUILT_FROM_FROZEN_ROOT_RAW_METRICS.tsv	
PLMF-MDA	MDA	MDR	strict_cold	1	0.5519364506008536	0.5543250422476764	0.546918123275069	0.4661246612466124	0.0984541307762713	0.3715645937444811	0.3293002386447129	1.8339100894145	1.8339100894145			PASS	formal_runs/full_metric_rerun_20260615/plmf_standardized_repair_20260619/05_runs/MDR/strict_cold/seed_1	outputs/paper1_data_refresh_20260710/PLMF_MDA_REBUILT_FROM_FROZEN_ROOT_RAW_METRICS.tsv	
PLMF-MDA	MDA	MDR	strict_cold	10	0.5721382640486922	0.5626023640079181	0.5239852398523985	0.2467153284671532	0.0708778471082769	0.4234794647922417	0.4093575954696909	2.898553875122006	2.8985538751220057			PASS	formal_runs/full_metric_rerun_20260615/plmf_standardized_repair_20260619/05_runs/MDR/strict_cold/seed_10	outputs/paper1_data_refresh_20260710/PLMF_MDA_REBUILT_FROM_FROZEN_ROOT_RAW_METRICS.tsv	
PLMF-MDA	MDA	MDR	strict_cold	11	0.5760299524221453	0.5643273879690419	0.5528492647058824	0.4997429305912596	0.1081645708725474	0.3711596936556011	0.3403327595203435	1.68568376362453	1.68568376362453			PASS	formal_runs/full_metric_rerun_20260615/plmf_standardized_repair_20260619/05_runs/MDR/strict_cold/seed_11	outputs/paper1_data_refresh_20260710/PLMF_MDA_REBUILT_FROM_FROZEN_ROOT_RAW_METRICS.tsv	
PLMF-MDA	MDA	MDR	strict_cold	12	0.5282193616187284	0.5101015446780868	0.5211397058823529	0.4211111111111111	0.0450554463538786	0.4439933985786435	0.4233114228472731	3.0886236683722994	3.0886236683722994			PASS	formal_runs/full_metric_rerun_20260615/plmf_standardized_repair_20260619/05_runs/MDR/strict_cold/seed_12	outputs/paper1_data_refresh_20260710/PLMF_MDA_REBUILT_FROM_FROZEN_ROOT_RAW_METRICS.tsv	
PLMF-MDA	MDA	MDR	strict_cold	13	0.547651350291955	0.5566906684669306	0.5335477941176471	0.5290023201856149	0.0671080898507139	0.4059080929753286	0.3814834531779288	2.152411762484721	2.152411762484721			PASS	formal_runs/full_metric_rerun_20260615/plmf_standardized_repair_20260619/05_runs/MDR/strict_cold/seed_13	outputs/paper1_data_refresh_20260710/PLMF_MDA_REBUILT_FROM_FROZEN_ROOT_RAW_METRICS.tsv	
PLMF-MDA	MDA	MDR	strict_cold	14	0.5472000562508319	0.5478851204009282	0.5247026532479414	0.5160689333954355	0.049436787417278	0.4079483578970304	0.3867506205318171	2.0830436400099805	2.0830436400099805			PASS	formal_runs/full_metric_rerun_20260615/plmf_standardized_repair_20260619/05_runs/MDR/strict_cold/seed_14	outputs/paper1_data_refresh_20260710/PLMF_MDA_REBUILT_FROM_FROZEN_ROOT_RAW_METRICS.tsv	
PLMF-MDA	MDA	MDR	strict_cold	15	0.5782877582004603	0.5788766742049986	0.5493542435424354	0.4961320268179474	0.1009876711758195	0.3754388931432876	0.3421892066063542	1.9059571325298996	1.9059571325298996			PASS	formal_runs/full_metric_rerun_20260615/plmf_standardized_repair_20260619/05_runs/MDR/strict_cold/seed_15	outputs/paper1_data_refresh_20260710/PLMF_MDA_REBUILT_FROM_FROZEN_ROOT_RAW_METRICS.tsv	
PLMF-MDA	MDA	MDR	strict_cold	16	0.59371578652141	0.5910842795150641	0.5716911764705882	0.5431372549019607	0.1445158279152927	0.3696215096496812	0.3397151453270222	1.9657825441816368	1.9657825441816368			PASS	formal_runs/full_metric_rerun_20260615/plmf_standardized_repair_20260619/05_runs/MDR/strict_cold/seed_16	outputs/paper1_data_refresh_20260710/PLMF_MDA_REBUILT_FROM_FROZEN_ROOT_RAW_METRICS.tsv	
PLMF-MDA	MDA	MDR	strict_cold	17	0.6230168544395389	0.6277782931239698	0.5772394881170019	0.3829219479653102	0.198876524335468	0.3815042307992323	0.3577186497186139	2.729889092202884	2.729889092202884			PASS	formal_runs/full_metric_rerun_20260615/plmf_standardized_repair_20260619/05_runs/MDR/strict_cold/seed_17	outputs/paper1_data_refresh_20260710/PLMF_MDA_REBUILT_FROM_FROZEN_ROOT_RAW_METRICS.tsv	
PLMF-MDA	MDA	MDR	strict_cold	18	0.5319080885447353	0.5286046152320918	0.5261467889908257	0.525929325378614	0.0522935999888944	0.4174759974517433	0.3907120236073723	2.2670311154107026	2.2670311154107026			PASS	formal_runs/full_metric_rerun_20260615/plmf_standardized_repair_20260619/05_runs/MDR/strict_cold/seed_18	outputs/paper1_data_refresh_20260710/PLMF_MDA_REBUILT_FROM_FROZEN_ROOT_RAW_METRICS.tsv	
PLMF-MDA	MDA	MDR	strict_cold	19	0.479241050836918	0.481083577721212	0.4879852125693161	0.3725934314835787	-0.025841304846971	0.4617437274178461	0.44225180128367	3.050233210777472	3.050233210777472			PASS	formal_runs/full_metric_rerun_20260615/plmf_standardized_repair_20260619/05_runs/MDR/strict_cold/seed_19	outputs/paper1_data_refresh_20260710/PLMF_MDA_REBUILT_FROM_FROZEN_ROOT_RAW_METRICS.tsv	
PLMF-MDA	MDA	MDR	strict_cold	2	0.5177702169088112	0.5166120178597995	0.5119926199261993	0.4913461538461538	0.0240646679146229	0.4323446465412089	0.4081575712047336	2.5951255705088987	2.5951255705088987			PASS	formal_runs/full_metric_rerun_20260615/plmf_standardized_repair_20260619/05_runs/MDR/strict_cold/seed_2	outputs/paper1_data_refresh_20260710/PLMF_MDA_REBUILT_FROM_FROZEN_ROOT_RAW_METRICS.tsv	
PLMF-MDA	MDA	MDR	strict_cold	20	0.5628594675088665	0.5516666072236323	0.5370539798719122	0.4088785046728972	0.0822441840193392	0.4090685454321922	0.3852056705663135	2.226279368986583	2.2262793689865825			PASS	formal_runs/full_metric_rerun_20260615/plmf_standardized_repair_20260619/05_runs/MDR/strict_cold/seed_20	outputs/paper1_data_refresh_20260710/PLMF_MDA_REBUILT_FROM_FROZEN_ROOT_RAW_METRICS.tsv	
PLMF-MDA	MDA	MDR	strict_cold	21	0.5590937338996442	0.5808106691591784	0.546831955922865	0.474160895045285	0.097460730646689	0.3885877029999305	0.3620142697066293	1.9486605644814063	1.9486605644814063			PASS	formal_runs/full_metric_rerun_20260615/plmf_standardized_repair_20260619/05_runs/MDR/strict_cold/seed_21	outputs/paper1_data_refresh_20260710/PLMF_MDA_REBUILT_FROM_FROZEN_ROOT_RAW_METRICS.tsv	
PLMF-MDA	MDA	MDR	strict_cold	22	0.598785562828196	0.5842990043579308	0.5784856879039705	0.5192206424433913	0.161970885967925	0.3752142982350693	0.3522930750363139	2.3700054195614206	2.3700054195614206			PASS	formal_runs/full_metric_rerun_20260615/plmf_standardized_repair_20260619/05_runs/MDR/strict_cold/seed_22	outputs/paper1_data_refresh_20260710/PLMF_MDA_REBUILT_FROM_FROZEN_ROOT_RAW_METRICS.tsv	
PLMF-MDA	MDA	MDR	strict_cold	23	0.5374417881584387	0.5468488654463396	0.5263401109057301	0.4591029023746701	0.0543878521610665	0.4129172041717313	0.3879757983077902	2.280439232023155	2.280439232023155			PASS	formal_runs/full_metric_rerun_20260615/plmf_standardized_repair_20260619/05_runs/MDR/strict_cold/seed_23	outputs/paper1_data_refresh_20260710/PLMF_MDA_REBUILT_FROM_FROZEN_ROOT_RAW_METRICS.tsv	
PLMF-MDA	MDA	MDR	strict_cold	24	0.4842997356733621	0.5186445313215726	0.4990842490842491	0.3791146424517593	-0.0019857732529107	0.4336196867069237	0.408144727992101	2.316798598128416	2.316798598128416			PASS	formal_runs/full_metric_rerun_20260615/plmf_standardized_repair_20260619/05_runs/MDR/strict_cold/seed_24	outputs/paper1_data_refresh_20260710/PLMF_MDA_REBUILT_FROM_FROZEN_ROOT_RAW_METRICS.tsv	
PLMF-MDA	MDA	MDR	strict_cold	3	0.5332380131453189	0.5450675344925905	0.538781163434903	0.4683342203299627	0.0804382231473012	0.3941167313810043	0.3568395356183853	2.3150148852124	2.3150148852124			PASS	formal_runs/full_metric_rerun_20260615/plmf_standardized_repair_20260619/05_runs/MDR/strict_cold/seed_3	outputs/paper1_data_refresh_20260710/PLMF_MDA_REBUILT_FROM_FROZEN_ROOT_RAW_METRICS.tsv	
PLMF-MDA	MDA	MDR	strict_cold	4	0.5799398491873404	0.5708317144712944	0.5628465804066544	0.5265265265265265	0.1271990532552482	0.3814366568277367	0.3525920010805581	2.0676198474414247	2.0676198474414247			PASS	formal_runs/full_metric_rerun_20260615/plmf_standardized_repair_20260619/05_runs/MDR/strict_cold/seed_4	outputs/paper1_data_refresh_20260710/PLMF_MDA_REBUILT_FROM_FROZEN_ROOT_RAW_METRICS.tsv	
PLMF-MDA	MDA	MDR	strict_cold	5	0.4903401655727566	0.5088014233426291	0.493992606284658	0.4257996853696906	-0.0123687579167694	0.4211624904530208	0.3948207250414046	2.119723499965508	2.119723499965508			PASS	formal_runs/full_metric_rerun_20260615/plmf_standardized_repair_20260619/05_runs/MDR/strict_cold/seed_5	outputs/paper1_data_refresh_20260710/PLMF_MDA_REBUILT_FROM_FROZEN_ROOT_RAW_METRICS.tsv	
PLMF-MDA	MDA	MDR	strict_cold	6	0.5545321503549274	0.5367422967682922	0.5290055248618785	0.3438101347017319	0.0702770122479608	0.4195151297391682	0.3972093605292521	2.5456908754478875	2.5456908754478875			PASS	formal_runs/full_metric_rerun_20260615/plmf_standardized_repair_20260619/05_runs/MDR/strict_cold/seed_6	outputs/paper1_data_refresh_20260710/PLMF_MDA_REBUILT_FROM_FROZEN_ROOT_RAW_METRICS.tsv	
PLMF-MDA	MDA	MDR	strict_cold	7	0.5521796408000981	0.5402466928992202	0.544280442804428	0.5513169845594914	0.0886044801196052	0.3994675700658568	0.3720174059406129	2.162858262966442	2.162858262966442			PASS	formal_runs/full_metric_rerun_20260615/plmf_standardized_repair_20260619/05_runs/MDR/strict_cold/seed_7	outputs/paper1_data_refresh_20260710/PLMF_MDA_REBUILT_FROM_FROZEN_ROOT_RAW_METRICS.tsv	
PLMF-MDA	MDA	MDR	strict_cold	8	0.5708813410896353	0.5779922926453909	0.5511415525114155	0.5521640091116173	0.1022841713548979	0.3903022900729953	0.366649403611628	2.021411592915278	2.021411592915278			PASS	formal_runs/full_metric_rerun_20260615/plmf_standardized_repair_20260619/05_runs/MDR/strict_cold/seed_8	outputs/paper1_data_refresh_20260710/PLMF_MDA_REBUILT_FROM_FROZEN_ROOT_RAW_METRICS.tsv	
PLMF-MDA	MDA	MDR	strict_cold	9	0.5427516422469724	0.5454769361534182	0.5220588235294118	0.5220588235294118	0.0441176470588235	0.3990498077075148	0.369345451062136	1.8923636157593415	1.8923636157593415			PASS	formal_runs/full_metric_rerun_20260615/plmf_standardized_repair_20260619/05_runs/MDR/strict_cold/seed_9	outputs/paper1_data_refresh_20260710/PLMF_MDA_REBUILT_FROM_FROZEN_ROOT_RAW_METRICS.tsv	
PLMF-MDA	MDA	MDS	drug_cold	0	0.6078652721492878	0.5616883240037733	0.5364532019704433	0.4595060310166571	0.0760544471404862	0.2941843142551081	0.2241355895216742	0.8433631263728472	0.8433631263728472			PASS	formal_runs/full_metric_rerun_20260615/plmf_standardized_repair_20260619/05_runs/MDS/drug_cold/seed_0	outputs/paper1_data_refresh_20260710/PLMF_MDA_REBUILT_FROM_FROZEN_ROOT_RAW_METRICS.tsv	
PLMF-MDA	MDA	MDS	drug_cold	1	0.5418030010370081	0.5112931633281909	0.4633490248823134	0.1730569948186528	-0.1029386722566902	0.4320544255523464	0.4300311576815449	1.6512819882803218	1.6512819882803216			PASS	formal_runs/full_metric_rerun_20260615/plmf_standardized_repair_20260619/05_runs/MDS/drug_cold/seed_1	outputs/paper1_data_refresh_20260710/PLMF_MDA_REBUILT_FROM_FROZEN_ROOT_RAW_METRICS.tsv	
PLMF-MDA	MDA	MDS	drug_cold	10	0.6900627528439675	0.657405618769425	0.6129597197898424	0.5332629355860612	0.2403706307119961	0.2684913101344396	0.1970444549514358	0.8209548549736514	0.8209548549736514			PASS	formal_runs/full_metric_rerun_20260615/plmf_standardized_repair_20260619/05_runs/MDS/drug_cold/seed_10	outputs/paper1_data_refresh_20260710/PLMF_MDA_REBUILT_FROM_FROZEN_ROOT_RAW_METRICS.tsv	
PLMF-MDA	MDA	MDS	drug_cold	11	0.655969317361549	0.6240790349267414	0.5580279232111692	0.3339907955292571	0.1568646015416858	0.3280514850443307	0.2935184871711186	1.0840498092424222	1.0840498092424222			PASS	formal_runs/full_metric_rerun_20260615/plmf_standardized_repair_20260619/05_runs/MDS/drug_cold/seed_11	outputs/paper1_data_refresh_20260710/PLMF_MDA_REBUILT_FROM_FROZEN_ROOT_RAW_METRICS.tsv	
PLMF-MDA	MDA	MDS	drug_cold	12	0.8053013316249484	0.7472742779225632	0.5881801125703565	0.3842917251051893	0.2353828083484742	0.270601572096892	0.2680324345494729	0.7920629179644445	0.7920629179644445			PASS	formal_runs/full_metric_rerun_20260615/plmf_standardized_repair_20260619/05_runs/MDS/drug_cold/seed_12	outputs/paper1_data_refresh_20260710/PLMF_MDA_REBUILT_FROM_FROZEN_ROOT_RAW_METRICS.tsv	
PLMF-MDA	MDA	MDS	drug_cold	13	0.5771452754693752	0.5194386748179425	0.5166666666666667	0.3938393839383938	0.036461748724557	0.337033703169175	0.2883647907082106	0.994692671442308	0.994692671442308			PASS	formal_runs/full_metric_rerun_20260615/plmf_standardized_repair_20260619/05_runs/MDS/drug_cold/seed_13	outputs/paper1_data_refresh_20260710/PLMF_MDA_REBUILT_FROM_FROZEN_ROOT_RAW_METRICS.tsv	
PLMF-MDA	MDA	MDS	drug_cold	14	0.4980606995884774	0.4708043221514128	0.4416666666666666	0.2279129321382842	-0.1401041655223785	0.3979579461675966	0.3802088633391745	1.2686725105205767	1.2686725105205767			PASS	formal_runs/full_metric_rerun_20260615/plmf_standardized_repair_20260619/05_runs/MDS/drug_cold/seed_14	outputs/paper1_data_refresh_20260710/PLMF_MDA_REBUILT_FROM_FROZEN_ROOT_RAW_METRICS.tsv	
PLMF-MDA	MDA	MDS	drug_cold	15	0.7115957636169455	0.7043513434398516	0.5863207547169811	0.3667870036101083	0.2395946866788212	0.3042780016678774	0.2855941817419491	1.0106201300936155	1.0106201300936153			PASS	formal_runs/full_metric_rerun_20260615/plmf_standardized_repair_20260619/05_runs/MDS/drug_cold/seed_15	outputs/paper1_data_refresh_20260710/PLMF_MDA_REBUILT_FROM_FROZEN_ROOT_RAW_METRICS.tsv	
PLMF-MDA	MDA	MDS	drug_cold	16	0.7378011185977892	0.74085465858498	0.6532567049808429	0.5959821428571429	0.3196294446418128	0.2567032513944614	0.1987028589070296	0.9191184113604915	0.9191184113604915			PASS	formal_runs/full_metric_rerun_20260615/plmf_standardized_repair_20260619/05_runs/MDS/drug_cold/seed_16	outputs/paper1_data_refresh_20260710/PLMF_MDA_REBUILT_FROM_FROZEN_ROOT_RAW_METRICS.tsv	
PLMF-MDA	MDA	MDS	drug_cold	17	0.6383037135832867	0.6051536901501867	0.5224171539961013	0.2134831460674157	0.0724575685883292	0.3803399308076	0.3741830001822483	1.4996641328327112	1.4996641328327112			PASS	formal_runs/full_metric_rerun_20260615/plmf_standardized_repair_20260619/05_runs/MDS/drug_cold/seed_17	outputs/paper1_data_refresh_20260710/PLMF_MDA_REBUILT_FROM_FROZEN_ROOT_RAW_METRICS.tsv	
PLMF-MDA	MDA	MDS	drug_cold	18	0.7357216765583995	0.6770708919810016	0.6010587102983638	0.4491694352159468	0.242294646024143	0.2782969771697913	0.2533416539771853	0.8657520348243825	0.8657520348243825			PASS	formal_runs/full_metric_rerun_20260615/plmf_standardized_repair_20260619/05_runs/MDS/drug_cold/seed_18	outputs/paper1_data_refresh_20260710/PLMF_MDA_REBUILT_FROM_FROZEN_ROOT_RAW_METRICS.tsv	
PLMF-MDA	MDA	MDS	drug_cold	19	0.6416877006776354	0.6430980707890829	0.5121241513094084	0.0615671641791044	0.0868490202601653	0.3873273540046391	0.3889481268329031	1.3501765515925097	1.3501765515925097			PASS	formal_runs/full_metric_rerun_20260615/plmf_standardized_repair_20260619/05_runs/MDS/drug_cold/seed_19	outputs/paper1_data_refresh_20260710/PLMF_MDA_REBUILT_FROM_FROZEN_ROOT_RAW_METRICS.tsv	
PLMF-MDA	MDA	MDS	drug_cold	2	0.8467697258080429	0.8228958183450024	0.6138659320477502	0.4089950808151792	0.3160079358119392	0.2289859707803101	0.2287754756474799	0.6538498828756726	0.6538498828756726			PASS	formal_runs/full_metric_rerun_20260615/plmf_standardized_repair_20260619/05_runs/MDS/drug_cold/seed_2	outputs/paper1_data_refresh_20260710/PLMF_MDA_REBUILT_FROM_FROZEN_ROOT_RAW_METRICS.tsv	
PLMF-MDA	MDA	MDS	drug_cold	20	0.5811304346211961	0.5518430255347027	0.5110789980732178	0.3738433066008637	0.024652652543784	0.3580576170842312	0.3251984462482993	1.1873499148944977	1.1873499148944977			PASS	formal_runs/full_metric_rerun_20260615/plmf_standardized_repair_20260619/05_runs/MDS/drug_cold/seed_20	outputs/paper1_data_refresh_20260710/PLMF_MDA_REBUILT_FROM_FROZEN_ROOT_RAW_METRICS.tsv	
PLMF-MDA	MDA	MDS	drug_cold	21	0.6143262911525824	0.5873405040762523	0.5211614173228346	0.2509622786759045	0.0611195760417661	0.3594822144900252	0.3368323801251097	1.2900009034292346	1.2900009034292346			PASS	formal_runs/full_metric_rerun_20260615/plmf_standardized_repair_20260619/05_runs/MDS/drug_cold/seed_21	outputs/paper1_data_refresh_20260710/PLMF_MDA_REBUILT_FROM_FROZEN_ROOT_RAW_METRICS.tsv	
PLMF-MDA	MDA	MDS	drug_cold	22	0.4506323964497041	0.4532370255379347	0.4682692307692307	0.1208267090620031	-0.1035919123538472	0.4421790868102006	0.4213032830011657	1.618389292347311	1.618389292347311			PASS	formal_runs/full_metric_rerun_20260615/plmf_standardized_repair_20260619/05_runs/MDS/drug_cold/seed_22	outputs/paper1_data_refresh_20260710/PLMF_MDA_REBUILT_FROM_FROZEN_ROOT_RAW_METRICS.tsv	
PLMF-MDA	MDA	MDS	drug_cold	23	0.7119685147585447	0.641495480569572	0.605475040257649	0.5172413793103449	0.2266341015704312	0.2701612640719216	0.2211503478153914	0.9142364772722408	0.9142364772722408			PASS	formal_runs/full_metric_rerun_20260615/plmf_standardized_repair_20260619/05_runs/MDS/drug_cold/seed_23	outputs/paper1_data_refresh_20260710/PLMF_MDA_REBUILT_FROM_FROZEN_ROOT_RAW_METRICS.tsv	
PLMF-MDA	MDA	MDS	drug_cold	24	0.6608990659502683	0.5909757488419396	0.49853228962818	0.1048034934497816	-0.006171702973962	0.3875777057135515	0.3827382974290614	1.2547705325021354	1.2547705325021354			PASS	formal_runs/full_metric_rerun_20260615/plmf_standardized_repair_20260619/05_runs/MDS/drug_cold/seed_24	outputs/paper1_data_refresh_20260710/PLMF_MDA_REBUILT_FROM_FROZEN_ROOT_RAW_METRICS.tsv	
PLMF-MDA	MDA	MDS	drug_cold	3	0.6413115910149578	0.5677330257380547	0.5215827338129496	0.3383084577114428	0.0518475847365212	0.3154290358039712	0.2857583645012408	0.941503364974522	0.9415033649745218			PASS	formal_runs/full_metric_rerun_20260615/plmf_standardized_repair_20260619/05_runs/MDS/drug_cold/seed_3	outputs/paper1_data_refresh_20260710/PLMF_MDA_REBUILT_FROM_FROZEN_ROOT_RAW_METRICS.tsv	
PLMF-MDA	MDA	MDS	drug_cold	4	0.5902523686691643	0.5671131872403371	0.5250205086136177	0.3123515439429928	0.0636853904735941	0.3468411455540871	0.3007877263599073	1.1398482506679368	1.1398482506679366			PASS	formal_runs/full_metric_rerun_20260615/plmf_standardized_repair_20260619/05_runs/MDS/drug_cold/seed_4	outputs/paper1_data_refresh_20260710/PLMF_MDA_REBUILT_FROM_FROZEN_ROOT_RAW_METRICS.tsv	
PLMF-MDA	MDA	MDS	drug_cold	5	0.7354119478319052	0.7486397932957036	0.6597289448209099	0.5603502188868043	0.3581459915128872	0.2531164779219811	0.1930941641965199	0.8530029473026652	0.8530029473026652			PASS	formal_runs/full_metric_rerun_20260615/plmf_standardized_repair_20260619/05_runs/MDS/drug_cold/seed_5	outputs/paper1_data_refresh_20260710/PLMF_MDA_REBUILT_FROM_FROZEN_ROOT_RAW_METRICS.tsv	
PLMF-MDA	MDA	MDS	drug_cold	6	0.8411159821007301	0.8042610372729463	0.7356664184661206	0.7034252297410192	0.4828847314951803	0.1878104538734517	0.1381833234201543	0.5852169132450674	0.5852169132450674			PASS	formal_runs/full_metric_rerun_20260615/plmf_standardized_repair_20260619/05_runs/MDS/drug_cold/seed_6	outputs/paper1_data_refresh_20260710/PLMF_MDA_REBUILT_FROM_FROZEN_ROOT_RAW_METRICS.tsv	
PLMF-MDA	MDA	MDS	drug_cold	7	0.6067131239669421	0.5726409589216543	0.5112727272727273	0.2516703786191537	0.0313065998042211	0.3639090780018688	0.3426728781769211	1.327152586449177	1.327152586449177			PASS	formal_runs/full_metric_rerun_20260615/plmf_standardized_repair_20260619/05_runs/MDS/drug_cold/seed_7	outputs/paper1_data_refresh_20260710/PLMF_MDA_REBUILT_FROM_FROZEN_ROOT_RAW_METRICS.tsv	
PLMF-MDA	MDA	MDS	drug_cold	8	0.602423179189167	0.5284060268868338	0.493891797556719	0.2935444579780755	-0.0148331719519912	0.3583405906286128	0.3430383836308674	1.0937173498821386	1.0937173498821386			PASS	formal_runs/full_metric_rerun_20260615/plmf_standardized_repair_20260619/05_runs/MDS/drug_cold/seed_8	outputs/paper1_data_refresh_20260710/PLMF_MDA_REBUILT_FROM_FROZEN_ROOT_RAW_METRICS.tsv	
PLMF-MDA	MDA	MDS	drug_cold	9	0.7421717106596181	0.683444275491195	0.6103004291845494	0.468384074941452	0.260898109574496	0.2613497015928805	0.2236212449021889	0.782450467894447	0.782450467894447			PASS	formal_runs/full_metric_rerun_20260615/plmf_standardized_repair_20260619/05_runs/MDS/drug_cold/seed_9	outputs/paper1_data_refresh_20260710/PLMF_MDA_REBUILT_FROM_FROZEN_ROOT_RAW_METRICS.tsv	
PLMF-MDA	MDA	MDS	mirna_cold	0	0.8951758737052602	0.8731090951109524	0.8300395256916996	0.8368121442125237	0.6623647276758983	0.1265923794216716	0.0416516393922677	0.4213381294327379	0.4213381294327379			PASS	formal_runs/full_metric_rerun_20260615/plmf_standardized_repair_20260619/05_runs/MDS/mirna_cold/seed_0	outputs/paper1_data_refresh_20260710/PLMF_MDA_REBUILT_FROM_FROZEN_ROOT_RAW_METRICS.tsv	
PLMF-MDA	MDA	MDS	mirna_cold	1	0.9203324923057696	0.9105633495413714	0.8473320158102767	0.8552693208430914	0.6988807065281875	0.1106333007664213	0.0387993064554745	0.36943059060261	0.3694305906026099			PASS	formal_runs/full_metric_rerun_20260615/plmf_standardized_repair_20260619/05_runs/MDS/mirna_cold/seed_1	outputs/paper1_data_refresh_20260710/PLMF_MDA_REBUILT_FROM_FROZEN_ROOT_RAW_METRICS.tsv	
PLMF-MDA	MDA	MDS	mirna_cold	10	0.9058364839319472	0.8833617999945096	0.8389328063241107	0.8406647116324536	0.6780258456282747	0.1203671224545212	0.036870800428361	0.4079883344204204	0.4079883344204204			PASS	formal_runs/full_metric_rerun_20260615/plmf_standardized_repair_20260619/05_runs/MDS/mirna_cold/seed_10	outputs/paper1_data_refresh_20260710/PLMF_MDA_REBUILT_FROM_FROZEN_ROOT_RAW_METRICS.tsv	
PLMF-MDA	MDA	MDS	mirna_cold	11	0.9201037545370726	0.9075485271272122	0.8461538461538461	0.8460019743336624	0.6923090389569933	0.113736016432412	0.0486250058410794	0.3729765600944664	0.3729765600944663			PASS	formal_runs/full_metric_rerun_20260615/plmf_standardized_repair_20260619/05_runs/MDS/mirna_cold/seed_11	outputs/paper1_data_refresh_20260710/PLMF_MDA_REBUILT_FROM_FROZEN_ROOT_RAW_METRICS.tsv	
PLMF-MDA	MDA	MDS	mirna_cold	12	0.903352176883145	0.8845313607081317	0.853405725567621	0.85997171145686	0.7099402538438749	0.1169909569588288	0.0406997974984965	0.3897566339546434	0.3897566339546434			PASS	formal_runs/full_metric_rerun_20260615/plmf_standardized_repair_20260619/05_runs/MDS/mirna_cold/seed_12	outputs/paper1_data_refresh_20260710/PLMF_MDA_REBUILT_FROM_FROZEN_ROOT_RAW_METRICS.tsv	
PLMF-MDA	MDA	MDS	mirna_cold	13	0.9175127015294666	0.9066299325342094	0.8481701285855588	0.8468827930174564	0.6964387215504019	0.1127194193496901	0.0466540475929937	0.3800172107035948	0.3800172107035947			PASS	formal_runs/full_metric_rerun_20260615/plmf_standardized_repair_20260619/05_runs/MDS/mirna_cold/seed_13	outputs/paper1_data_refresh_20260710/PLMF_MDA_REBUILT_FROM_FROZEN_ROOT_RAW_METRICS.tsv	
PLMF-MDA	MDA	MDS	mirna_cold	14	0.9098288776154442	0.8967531832261797	0.8470993117010817	0.8462679189322788	0.6942392336205152	0.1151736583212884	0.0387479228049634	0.3903097371189831	0.3903097371189831			PASS	formal_runs/full_metric_rerun_20260615/plmf_standardized_repair_20260619/05_runs/MDS/mirna_cold/seed_14	outputs/paper1_data_refresh_20260710/PLMF_MDA_REBUILT_FROM_FROZEN_ROOT_RAW_METRICS.tsv	
PLMF-MDA	MDA	MDS	mirna_cold	15	0.9098790532690548	0.8944856296157314	0.8443025540275049	0.8445316331535067	0.6886080981847083	0.1187462464466316	0.0600203118692822	0.4155867393128349	0.4155867393128349			PASS	formal_runs/full_metric_rerun_20260615/plmf_standardized_repair_20260619/05_runs/MDS/mirna_cold/seed_15	outputs/paper1_data_refresh_20260710/PLMF_MDA_REBUILT_FROM_FROZEN_ROOT_RAW_METRICS.tsv	
PLMF-MDA	MDA	MDS	mirna_cold	16	0.9137499376296936	0.8962690377193913	0.8550939663699307	0.8625058657907085	0.7143518341269197	0.1098020937788041	0.037361953924665	0.3878419391436128	0.3878419391436128			PASS	formal_runs/full_metric_rerun_20260615/plmf_standardized_repair_20260619/05_runs/MDS/mirna_cold/seed_16	outputs/paper1_data_refresh_20260710/PLMF_MDA_REBUILT_FROM_FROZEN_ROOT_RAW_METRICS.tsv	
PLMF-MDA	MDA	MDS	mirna_cold	17	0.9095508054884476	0.8955443862304033	0.8412228796844181	0.8488262910798122	0.6859249148006377	0.1182031061559654	0.051285617188914	0.4032764779596737	0.4032764779596737			PASS	formal_runs/full_metric_rerun_20260615/plmf_standardized_repair_20260619/05_runs/MDS/mirna_cold/seed_17	outputs/paper1_data_refresh_20260710/PLMF_MDA_REBUILT_FROM_FROZEN_ROOT_RAW_METRICS.tsv	
PLMF-MDA	MDA	MDS	mirna_cold	18	0.898546258221874	0.8830490060118679	0.8308605341246291	0.828140703517588	0.6620527862823214	0.1266890702429943	0.061505222556181	0.4382277460514509	0.4382277460514509			PASS	formal_runs/full_metric_rerun_20260615/plmf_standardized_repair_20260619/05_runs/MDS/mirna_cold/seed_18	outputs/paper1_data_refresh_20260710/PLMF_MDA_REBUILT_FROM_FROZEN_ROOT_RAW_METRICS.tsv	
PLMF-MDA	MDA	MDS	mirna_cold	19	0.9149901234591964	0.8935642943053063	0.8489634748272458	0.8437180796731358	0.6995047413716545	0.1162461432891709	0.0596265134809647	0.3801497394020756	0.3801497394020756			PASS	formal_runs/full_metric_rerun_20260615/plmf_standardized_repair_20260619/05_runs/MDS/mirna_cold/seed_19	outputs/paper1_data_refresh_20260710/PLMF_MDA_REBUILT_FROM_FROZEN_ROOT_RAW_METRICS.tsv	
PLMF-MDA	MDA	MDS	mirna_cold	2	0.9000147732019987	0.8805408129674169	0.8273986152324432	0.8387990762124712	0.6614472610381621	0.127349022713137	0.0673518803164788	0.4289889560191994	0.4289889560191994			PASS	formal_runs/full_metric_rerun_20260615/plmf_standardized_repair_20260619/05_runs/MDS/mirna_cold/seed_2	outputs/paper1_data_refresh_20260710/PLMF_MDA_REBUILT_FROM_FROZEN_ROOT_RAW_METRICS.tsv	
PLMF-MDA	MDA	MDS	mirna_cold	20	0.9135537769011692	0.8906672108323437	0.8506429277942631	0.8536821705426356	0.7018917876534603	0.1120997312393238	0.0331537873640954	0.3761427352497984	0.3761427352497984			PASS	formal_runs/full_metric_rerun_20260615/plmf_standardized_repair_20260619/05_runs/MDS/mirna_cold/seed_20	outputs/paper1_data_refresh_20260710/PLMF_MDA_REBUILT_FROM_FROZEN_ROOT_RAW_METRICS.tsv	
PLMF-MDA	MDA	MDS	mirna_cold	21	0.9111257502419192	0.8913958860465258	0.851431391905232	0.8538125303545411	0.703236029992699	0.1129442680582846	0.0341449872666478	0.3792556319774112	0.3792556319774112			PASS	formal_runs/full_metric_rerun_20260615/plmf_standardized_repair_20260619/05_runs/MDS/mirna_cold/seed_21	outputs/paper1_data_refresh_20260710/PLMF_MDA_REBUILT_FROM_FROZEN_ROOT_RAW_METRICS.tsv	
PLMF-MDA	MDA	MDS	mirna_cold	22	0.8979183740689887	0.880705776534245	0.8321816386969397	0.8298298298298298	0.6646172119092892	0.1278602938896949	0.0670793663903303	0.4461990437190654	0.4461990437190653			PASS	formal_runs/full_metric_rerun_20260615/plmf_standardized_repair_20260619/05_runs/MDS/mirna_cold/seed_22	outputs/paper1_data_refresh_20260710/PLMF_MDA_REBUILT_FROM_FROZEN_ROOT_RAW_METRICS.tsv	
PLMF-MDA	MDA	MDS	mirna_cold	23	0.8956792208908122	0.8745336396325685	0.8374505928853755	0.843407900999524	0.676863286567513	0.1230043800297117	0.0237943769483564	0.4152555619232054	0.4152555619232054			PASS	formal_runs/full_metric_rerun_20260615/plmf_standardized_repair_20260619/05_runs/MDS/mirna_cold/seed_23	outputs/paper1_data_refresh_20260710/PLMF_MDA_REBUILT_FROM_FROZEN_ROOT_RAW_METRICS.tsv	
PLMF-MDA	MDA	MDS	mirna_cold	24	0.9123158425047364	0.8914739764923745	0.8382642998027613	0.8328236493374108	0.6779662415803702	0.1202835317354565	0.0641713438041789	0.3963990692362873	0.3963990692362873			PASS	formal_runs/full_metric_rerun_20260615/plmf_standardized_repair_20260619/05_runs/MDS/mirna_cold/seed_24	outputs/paper1_data_refresh_20260710/PLMF_MDA_REBUILT_FROM_FROZEN_ROOT_RAW_METRICS.tsv	
PLMF-MDA	MDA	MDS	mirna_cold	3	0.9046668642949318	0.8792076324759046	0.8466864490603363	0.8493683187560739	0.6938128982413218	0.1173323403671085	0.0361083315596266	0.3902750531419927	0.3902750531419927			PASS	formal_runs/full_metric_rerun_20260615/plmf_standardized_repair_20260619/05_runs/MDS/mirna_cold/seed_3	outputs/paper1_data_refresh_20260710/PLMF_MDA_REBUILT_FROM_FROZEN_ROOT_RAW_METRICS.tsv	
PLMF-MDA	MDA	MDS	mirna_cold	4	0.9107112073739286	0.8980714596738254	0.8488714425907753	0.8559401309635173	0.7011271774333567	0.1179929662424689	0.0513794771245677	0.3916083332574732	0.3916083332574732			PASS	formal_runs/full_metric_rerun_20260615/plmf_standardized_repair_20260619/05_runs/MDS/mirna_cold/seed_4	outputs/paper1_data_refresh_20260710/PLMF_MDA_REBUILT_FROM_FROZEN_ROOT_RAW_METRICS.tsv	
PLMF-MDA	MDA	MDS	mirna_cold	5	0.9043425387013866	0.8895514766622872	0.854104846686449	0.8563078421821725	0.7085428583358876	0.1177070072094599	0.0501123451342135	0.4047820924310829	0.4047820924310829			PASS	formal_runs/full_metric_rerun_20260615/plmf_standardized_repair_20260619/05_runs/MDS/mirna_cold/seed_5	outputs/paper1_data_refresh_20260710/PLMF_MDA_REBUILT_FROM_FROZEN_ROOT_RAW_METRICS.tsv	
PLMF-MDA	MDA	MDS	mirna_cold	6	0.9064987995504454	0.8890247003096776	0.8454367026496565	0.8507816200852677	0.6926530832399306	0.1185239644628027	0.0491051294897559	0.4050915572785611	0.4050915572785611			PASS	formal_runs/full_metric_rerun_20260615/plmf_standardized_repair_20260619/05_runs/MDS/mirna_cold/seed_6	outputs/paper1_data_refresh_20260710/PLMF_MDA_REBUILT_FROM_FROZEN_ROOT_RAW_METRICS.tsv	
PLMF-MDA	MDA	MDS	mirna_cold	7	0.9155236613072506	0.8978017960694014	0.849457058242843	0.8587308939323761	0.7050170382864198	0.1145631542650735	0.0577019246154229	0.3842943729937534	0.3842943729937533			PASS	formal_runs/full_metric_rerun_20260615/plmf_standardized_repair_20260619/05_runs/MDS/mirna_cold/seed_7	outputs/paper1_data_refresh_20260710/PLMF_MDA_REBUILT_FROM_FROZEN_ROOT_RAW_METRICS.tsv	
PLMF-MDA	MDA	MDS	mirna_cold	8	0.9117360422220844	0.8924851475807426	0.8548228346456693	0.8583773403744599	0.7105414179641579	0.1119863125723169	0.0291786456921362	0.382618925374425	0.3826189253744249			PASS	formal_runs/full_metric_rerun_20260615/plmf_standardized_repair_20260619/05_runs/MDS/mirna_cold/seed_8	outputs/paper1_data_refresh_20260710/PLMF_MDA_REBUILT_FROM_FROZEN_ROOT_RAW_METRICS.tsv	
PLMF-MDA	MDA	MDS	mirna_cold	9	0.9076640632566986	0.8915562490479708	0.8363006923837785	0.8490652074783401	0.6824338042535543	0.124997147678929	0.0709520545718444	0.4124811076414656	0.4124811076414656			PASS	formal_runs/full_metric_rerun_20260615/plmf_standardized_repair_20260619/05_runs/MDS/mirna_cold/seed_9	outputs/paper1_data_refresh_20260710/PLMF_MDA_REBUILT_FROM_FROZEN_ROOT_RAW_METRICS.tsv	
PLMF-MDA	MDA	MDS	random	0	0.9163083431413698	0.9001002303698848	0.8461918892185954	0.8530940009447331	0.6954609343640926	0.1142055683300109	0.044702800190952	0.3825522174140815	0.3825522174140814			PASS	formal_runs/full_metric_rerun_20260615/plmf_standardized_repair_20260619/05_runs/MDS/random/seed_0	outputs/paper1_data_refresh_20260710/PLMF_MDA_REBUILT_FROM_FROZEN_ROOT_RAW_METRICS.tsv	
PLMF-MDA	MDA	MDS	random	1	0.9211800755487852	0.9155086515048392	0.8466864490603363	0.8509615384615384	0.6945167352088677	0.1098158627962851	0.020295145434215	0.3562428100381568	0.3562428100381568			PASS	formal_runs/full_metric_rerun_20260615/plmf_standardized_repair_20260619/05_runs/MDS/random/seed_1	outputs/paper1_data_refresh_20260710/PLMF_MDA_REBUILT_FROM_FROZEN_ROOT_RAW_METRICS.tsv	
PLMF-MDA	MDA	MDS	random	10	0.9176168966296554	0.9032210841725016	0.8511374876360039	0.8617363344051447	0.7106768867477883	0.1165314659596454	0.0708078596444654	0.3960210883344999	0.3960210883344999			PASS	formal_runs/full_metric_rerun_20260615/plmf_standardized_repair_20260619/05_runs/MDS/random/seed_10	outputs/paper1_data_refresh_20260710/PLMF_MDA_REBUILT_FROM_FROZEN_ROOT_RAW_METRICS.tsv	
PLMF-MDA	MDA	MDS	random	11	0.9267630740391792	0.9215942393069356	0.8526211671612265	0.8537782139352306	0.7053306682665405	0.10597617614929	0.0360638015291711	0.3501510400292771	0.3501510400292771			PASS	formal_runs/full_metric_rerun_20260615/plmf_standardized_repair_20260619/05_runs/MDS/random/seed_11	outputs/paper1_data_refresh_20260710/PLMF_MDA_REBUILT_FROM_FROZEN_ROOT_RAW_METRICS.tsv	
PLMF-MDA	MDA	MDS	random	12	0.934344368230376	0.9210160537959998	0.8679525222551929	0.8729176582579724	0.7381620783592376	0.0973090698089913	0.0217894711516009	0.3246074241795767	0.3246074241795767			PASS	formal_runs/full_metric_rerun_20260615/plmf_standardized_repair_20260619/05_runs/MDS/random/seed_12	outputs/paper1_data_refresh_20260710/PLMF_MDA_REBUILT_FROM_FROZEN_ROOT_RAW_METRICS.tsv	
PLMF-MDA	MDA	MDS	random	13	0.9125318822331212	0.8932350629053205	0.8506429277942631	0.8535402521823472	0.7018353875998772	0.1138689226157844	0.0325731214678062	0.3738841065138588	0.3738841065138588			PASS	formal_runs/full_metric_rerun_20260615/plmf_standardized_repair_20260619/05_runs/MDS/random/seed_13	outputs/paper1_data_refresh_20260710/PLMF_MDA_REBUILT_FROM_FROZEN_ROOT_RAW_METRICS.tsv	
PLMF-MDA	MDA	MDS	random	14	0.921221655753086	0.9075422010778428	0.8625123639960435	0.8672397325692455	0.7268703440107269	0.1080927856213997	0.046126290443284	0.3692180760092341	0.3692180760092341			PASS	formal_runs/full_metric_rerun_20260615/plmf_standardized_repair_20260619/05_runs/MDS/random/seed_14	outputs/paper1_data_refresh_20260710/PLMF_MDA_REBUILT_FROM_FROZEN_ROOT_RAW_METRICS.tsv	
PLMF-MDA	MDA	MDS	random	15	0.9318001489060492	0.9259772785592894	0.8664688427299704	0.8667324777887463	0.7329434221293993	0.1010622634717012	0.0448884478702172	0.3423472369175064	0.3423472369175064			PASS	formal_runs/full_metric_rerun_20260615/plmf_standardized_repair_20260619/05_runs/MDS/random/seed_15	outputs/paper1_data_refresh_20260710/PLMF_MDA_REBUILT_FROM_FROZEN_ROOT_RAW_METRICS.tsv	
PLMF-MDA	MDA	MDS	random	16	0.920356787503632	0.9123089362967192	0.8605341246290801	0.8602576808721506	0.7210738930260893	0.1085651675658937	0.0519934568845517	0.374962062759008	0.374962062759008			PASS	formal_runs/full_metric_rerun_20260615/plmf_standardized_repair_20260619/05_runs/MDS/random/seed_16	outputs/paper1_data_refresh_20260710/PLMF_MDA_REBUILT_FROM_FROZEN_ROOT_RAW_METRICS.tsv	
PLMF-MDA	MDA	MDS	random	17	0.9252397710251524	0.9126059010825336	0.8585558852621167	0.8626320845341018	0.7183779816304875	0.1028824684654493	0.0211881395374043	0.3426971789675676	0.3426971789675676			PASS	formal_runs/full_metric_rerun_20260615/plmf_standardized_repair_20260619/05_runs/MDS/random/seed_17	outputs/paper1_data_refresh_20260710/PLMF_MDA_REBUILT_FROM_FROZEN_ROOT_RAW_METRICS.tsv	
PLMF-MDA	MDA	MDS	random	18	0.9185179641157944	0.9048209452157558	0.8526211671612265	0.8613953488372093	0.7109635177965818	0.1120509283779546	0.0543982843043768	0.3768795268556503	0.3768795268556503			PASS	formal_runs/full_metric_rerun_20260615/plmf_standardized_repair_20260619/05_runs/MDS/random/seed_18	outputs/paper1_data_refresh_20260710/PLMF_MDA_REBUILT_FROM_FROZEN_ROOT_RAW_METRICS.tsv	
PLMF-MDA	MDA	MDS	random	19	0.9241948849500208	0.9063583709078102	0.8625123639960435	0.8692380056444027	0.7288915196447477	0.1054570669006203	0.0378306651184119	0.3574086436494674	0.3574086436494674			PASS	formal_runs/full_metric_rerun_20260615/plmf_standardized_repair_20260619/05_runs/MDS/random/seed_19	outputs/paper1_data_refresh_20260710/PLMF_MDA_REBUILT_FROM_FROZEN_ROOT_RAW_METRICS.tsv	
PLMF-MDA	MDA	MDS	random	2	0.9278197004072904	0.918593203950503	0.8605341246290801	0.8654580152671756	0.7230076021865324	0.1042536801097793	0.0296018208549009	0.3449470080426496	0.3449470080426496			PASS	formal_runs/full_metric_rerun_20260615/plmf_standardized_repair_20260619/05_runs/MDS/random/seed_2	outputs/paper1_data_refresh_20260710/PLMF_MDA_REBUILT_FROM_FROZEN_ROOT_RAW_METRICS.tsv	
PLMF-MDA	MDA	MDS	random	20	0.9245519855281322	0.916289609841434	0.8545994065281899	0.8627450980392157	0.7142479477322886	0.1082782391969157	0.0413552210843999	0.3577944468839034	0.3577944468839034			PASS	formal_runs/full_metric_rerun_20260615/plmf_standardized_repair_20260619/05_runs/MDS/random/seed_20	outputs/paper1_data_refresh_20260710/PLMF_MDA_REBUILT_FROM_FROZEN_ROOT_RAW_METRICS.tsv	
PLMF-MDA	MDA	MDS	random	21	0.9265453894401934	0.9118449163041228	0.8595450049455984	0.8600985221674877	0.7191125238215347	0.1058270928153403	0.0389554301769941	0.3501337841286792	0.3501337841286791			PASS	formal_runs/full_metric_rerun_20260615/plmf_standardized_repair_20260619/05_runs/MDS/random/seed_21	outputs/paper1_data_refresh_20260710/PLMF_MDA_REBUILT_FROM_FROZEN_ROOT_RAW_METRICS.tsv	
PLMF-MDA	MDA	MDS	random	22	0.9269078709859204	0.9122383495188188	0.8694362017804155	0.8717201166180758	0.7393412767279134	0.1009865567678138	0.0331126519722224	0.3488427085428967	0.3488427085428967			PASS	formal_runs/full_metric_rerun_20260615/plmf_standardized_repair_20260619/05_runs/MDS/random/seed_22	outputs/paper1_data_refresh_20260710/PLMF_MDA_REBUILT_FROM_FROZEN_ROOT_RAW_METRICS.tsv	
PLMF-MDA	MDA	MDS	random	23	0.918390777608522	0.914403551711263	0.837784371909001	0.8477251624883937	0.6814016030540317	0.1185883168382701	0.057666702905102	0.3831520862780322	0.3831520862780322			PASS	formal_runs/full_metric_rerun_20260615/plmf_standardized_repair_20260619/05_runs/MDS/random/seed_23	outputs/paper1_data_refresh_20260710/PLMF_MDA_REBUILT_FROM_FROZEN_ROOT_RAW_METRICS.tsv	
PLMF-MDA	MDA	MDS	random	24	0.912742229148995	0.8900698960174516	0.8521266073194856	0.8549247937894227	0.7047777934875784	0.1128042030567676	0.038091499814282	0.381958458947285	0.381958458947285			PASS	formal_runs/full_metric_rerun_20260615/plmf_standardized_repair_20260619/05_runs/MDS/random/seed_24	outputs/paper1_data_refresh_20260710/PLMF_MDA_REBUILT_FROM_FROZEN_ROOT_RAW_METRICS.tsv	
PLMF-MDA	MDA	MDS	random	3	0.9195579584021852	0.9062601787728912	0.8580613254203758	0.8674364896073903	0.7233954939450594	0.1100716478317454	0.0437191028408056	0.3643106822919871	0.3643106822919871			PASS	formal_runs/full_metric_rerun_20260615/plmf_standardized_repair_20260619/05_runs/MDS/random/seed_3	outputs/paper1_data_refresh_20260710/PLMF_MDA_REBUILT_FROM_FROZEN_ROOT_RAW_METRICS.tsv	
PLMF-MDA	MDA	MDS	random	4	0.9222748578690784	0.9147099151464672	0.8521266073194856	0.8535031847133758	0.7043776141840453	0.1098291341216261	0.0353198363189925	0.3733805008283073	0.3733805008283073			PASS	formal_runs/full_metric_rerun_20260615/plmf_standardized_repair_20260619/05_runs/MDS/random/seed_4	outputs/paper1_data_refresh_20260710/PLMF_MDA_REBUILT_FROM_FROZEN_ROOT_RAW_METRICS.tsv	
PLMF-MDA	MDA	MDS	random	5	0.9159913552309364	0.9000229265122829	0.8536102868447082	0.8591817316841104	0.709445153173169	0.1126127801696857	0.0501220170201075	0.3825166759529864	0.3825166759529863			PASS	formal_runs/full_metric_rerun_20260615/plmf_standardized_repair_20260619/05_runs/MDS/random/seed_5	outputs/paper1_data_refresh_20260710/PLMF_MDA_REBUILT_FROM_FROZEN_ROOT_RAW_METRICS.tsv	
PLMF-MDA	MDA	MDS	random	6	0.91219141373673	0.9002262350579004	0.8481701285855588	0.8547089446284903	0.6991783117962557	0.116317346521741	0.0437232046425297	0.3867422967463917	0.3867422967463917			PASS	formal_runs/full_metric_rerun_20260615/plmf_standardized_repair_20260619/05_runs/MDS/random/seed_6	outputs/paper1_data_refresh_20260710/PLMF_MDA_REBUILT_FROM_FROZEN_ROOT_RAW_METRICS.tsv	
PLMF-MDA	MDA	MDS	random	7	0.9259021192207184	0.9159616823558904	0.8565776458951533	0.8607108549471661	0.7144145169042503	0.1052749498084058	0.0211726910780742	0.344079058942154	0.344079058942154			PASS	formal_runs/full_metric_rerun_20260615/plmf_standardized_repair_20260619/05_runs/MDS/random/seed_7	outputs/paper1_data_refresh_20260710/PLMF_MDA_REBUILT_FROM_FROZEN_ROOT_RAW_METRICS.tsv	
PLMF-MDA	MDA	MDS	random	8	0.9191954768564584	0.906641967287116	0.8447082096933729	0.8475728155339806	0.6899039220232766	0.1103534665817304	0.0321321766254983	0.3654468457487075	0.3654468457487075			PASS	formal_runs/full_metric_rerun_20260615/plmf_standardized_repair_20260619/05_runs/MDS/random/seed_8	outputs/paper1_data_refresh_20260710/PLMF_MDA_REBUILT_FROM_FROZEN_ROOT_RAW_METRICS.tsv	
PLMF-MDA	MDA	MDS	random	9	0.9187214625274308	0.907219873724482	0.8447082096933729	0.8548983364140481	0.6963189848970651	0.1155989533409633	0.055042512235067	0.375344276106661	0.375344276106661			PASS	formal_runs/full_metric_rerun_20260615/plmf_standardized_repair_20260619/05_runs/MDS/random/seed_9	outputs/paper1_data_refresh_20260710/PLMF_MDA_REBUILT_FROM_FROZEN_ROOT_RAW_METRICS.tsv	
PLMF-MDA	MDA	MDS	scaffold_cold	0	0.4590407714222378	0.4402632837094991	0.4401862464183381	0.0533010296789824	-0.2076281083951189	0.4922246035761304	0.4880849585453354	2.0507135181700944	2.0507135181700944			PASS	formal_runs/full_metric_rerun_20260615/plmf_standardized_repair_20260619/05_runs/MDS/scaffold_cold/seed_0	outputs/paper1_data_refresh_20260710/PLMF_MDA_REBUILT_FROM_FROZEN_ROOT_RAW_METRICS.tsv	
PLMF-MDA	MDA	MDS	scaffold_cold	1	0.5971453894056287	0.551011488136945	0.5306685044796692	0.3532763532763532	0.0733614354385832	0.3287972570778885	0.2714799753246879	0.9975701184306462	0.9975701184306462			PASS	formal_runs/full_metric_rerun_20260615/plmf_standardized_repair_20260619/05_runs/MDS/scaffold_cold/seed_1	outputs/paper1_data_refresh_20260710/PLMF_MDA_REBUILT_FROM_FROZEN_ROOT_RAW_METRICS.tsv	
PLMF-MDA	MDA	MDS	scaffold_cold	10	0.5993253332756233	0.5956065952238958	0.5892269736842105	0.4626143087681549	0.2023247801269991	0.331569885618353	0.279494485894726	1.3313816619908687	1.3313816619908685			PASS	formal_runs/full_metric_rerun_20260615/plmf_standardized_repair_20260619/05_runs/MDS/scaffold_cold/seed_10	outputs/paper1_data_refresh_20260710/PLMF_MDA_REBUILT_FROM_FROZEN_ROOT_RAW_METRICS.tsv	
PLMF-MDA	MDA	MDS	scaffold_cold	11	0.6198148051737702	0.5724168912962182	0.5042517006802721	0.1324404761904762	0.0165089344114651	0.3976518142663311	0.3859054672762411	1.407530033794925	1.407530033794925			PASS	formal_runs/full_metric_rerun_20260615/plmf_standardized_repair_20260619/05_runs/MDS/scaffold_cold/seed_11	outputs/paper1_data_refresh_20260710/PLMF_MDA_REBUILT_FROM_FROZEN_ROOT_RAW_METRICS.tsv	
PLMF-MDA	MDA	MDS	scaffold_cold	12	0.5795103152706306	0.5734574419114933	0.5743110236220472	0.4364820846905538	0.1704016533863942	0.3445242915054074	0.2973462056460713	1.2632212672755387	1.2632212672755387			PASS	formal_runs/full_metric_rerun_20260615/plmf_standardized_repair_20260619/05_runs/MDS/scaffold_cold/seed_12	outputs/paper1_data_refresh_20260710/PLMF_MDA_REBUILT_FROM_FROZEN_ROOT_RAW_METRICS.tsv	
PLMF-MDA	MDA	MDS	scaffold_cold	13	0.7213583448905576	0.6793902643782226	0.6222050886661527	0.4842105263157895	0.2893110197862108	0.2773280211492407	0.2513435481943189	0.9422133668985948	0.9422133668985948			PASS	formal_runs/full_metric_rerun_20260615/plmf_standardized_repair_20260619/05_runs/MDS/scaffold_cold/seed_13	outputs/paper1_data_refresh_20260710/PLMF_MDA_REBUILT_FROM_FROZEN_ROOT_RAW_METRICS.tsv	
PLMF-MDA	MDA	MDS	scaffold_cold	14	0.6913038812169519	0.6306281180193922	0.5747295968534907	0.4823459006582885	0.1599982271762795	0.2591026399084474	0.1918561535533939	0.762444845332524	0.762444845332524			PASS	formal_runs/full_metric_rerun_20260615/plmf_standardized_repair_20260619/05_runs/MDS/scaffold_cold/seed_14	outputs/paper1_data_refresh_20260710/PLMF_MDA_REBUILT_FROM_FROZEN_ROOT_RAW_METRICS.tsv	
PLMF-MDA	MDA	MDS	scaffold_cold	15	0.5794606768686279	0.5325722261095973	0.4958893871449925	0.3155758498224251	-0.0096728988606003	0.3801354025606925	0.3547963025193051	1.3157047780130546	1.3157047780130546			PASS	formal_runs/full_metric_rerun_20260615/plmf_standardized_repair_20260619/05_runs/MDS/scaffold_cold/seed_15	outputs/paper1_data_refresh_20260710/PLMF_MDA_REBUILT_FROM_FROZEN_ROOT_RAW_METRICS.tsv	
PLMF-MDA	MDA	MDS	scaffold_cold	16	0.6155844260920477	0.5470422379834945	0.5120068610634648	0.38751345532831	0.026283491722393	0.2818266503902552	0.2170045292424277	0.7734199614720604	0.7734199614720604			PASS	formal_runs/full_metric_rerun_20260615/plmf_standardized_repair_20260619/05_runs/MDS/scaffold_cold/seed_16	outputs/paper1_data_refresh_20260710/PLMF_MDA_REBUILT_FROM_FROZEN_ROOT_RAW_METRICS.tsv	
PLMF-MDA	MDA	MDS	scaffold_cold	17	0.6311868009796238	0.6136932850315789	0.544564152791381	0.3141592920353982	0.1203378445370023	0.3225605394859592	0.2801881091391903	1.010789948297684	1.010789948297684			PASS	formal_runs/full_metric_rerun_20260615/plmf_standardized_repair_20260619/05_runs/MDS/scaffold_cold/seed_17	outputs/paper1_data_refresh_20260710/PLMF_MDA_REBUILT_FROM_FROZEN_ROOT_RAW_METRICS.tsv	
PLMF-MDA	MDA	MDS	scaffold_cold	18	0.6781170620734851	0.6515593418730798	0.5945742275810098	0.4625374625374625	0.2171695532607503	0.2907067597349326	0.2406108136165679	0.961285048433738	0.961285048433738			PASS	formal_runs/full_metric_rerun_20260615/plmf_standardized_repair_20260619/05_runs/MDS/scaffold_cold/seed_18	outputs/paper1_data_refresh_20260710/PLMF_MDA_REBUILT_FROM_FROZEN_ROOT_RAW_METRICS.tsv	
PLMF-MDA	MDA	MDS	scaffold_cold	19	0.749390079457793	0.7212752981709576	0.6261448792672772	0.5049614112458655	0.2893391631048188	0.2328871749699584	0.1596998816739816	0.6745503099688344	0.6745503099688344			PASS	formal_runs/full_metric_rerun_20260615/plmf_standardized_repair_20260619/05_runs/MDS/scaffold_cold/seed_19	outputs/paper1_data_refresh_20260710/PLMF_MDA_REBUILT_FROM_FROZEN_ROOT_RAW_METRICS.tsv	
PLMF-MDA	MDA	MDS	scaffold_cold	2	0.6428630428710026	0.6250027774559858	0.5515597920277296	0.3020903573836817	0.1474776182974244	0.3313565955116708	0.3003921173713245	1.169251526800209	1.169251526800209			PASS	formal_runs/full_metric_rerun_20260615/plmf_standardized_repair_20260619/05_runs/MDS/scaffold_cold/seed_2	outputs/paper1_data_refresh_20260710/PLMF_MDA_REBUILT_FROM_FROZEN_ROOT_RAW_METRICS.tsv	
PLMF-MDA	MDA	MDS	scaffold_cold	20	0.5391752524781885	0.512964555733189	0.4991467576791809	0.089922480620155	-0.0039023517389741	0.4158528449207056	0.3955763469823856	1.549395927389503	1.549395927389503			PASS	formal_runs/full_metric_rerun_20260615/plmf_standardized_repair_20260619/05_runs/MDS/scaffold_cold/seed_20	outputs/paper1_data_refresh_20260710/PLMF_MDA_REBUILT_FROM_FROZEN_ROOT_RAW_METRICS.tsv	
PLMF-MDA	MDA	MDS	scaffold_cold	21	0.7013148711209122	0.6325232870581856	0.5823699421965318	0.4410058027079304	0.1909668299322084	0.2793237275705225	0.2354408019910492	0.8149359420503978	0.8149359420503977			PASS	formal_runs/full_metric_rerun_20260615/plmf_standardized_repair_20260619/05_runs/MDS/scaffold_cold/seed_21	outputs/paper1_data_refresh_20260710/PLMF_MDA_REBUILT_FROM_FROZEN_ROOT_RAW_METRICS.tsv	
PLMF-MDA	MDA	MDS	scaffold_cold	22	0.5966099848666986	0.5416320931674701	0.5064102564102564	0.2865288667141838	0.0162809249693986	0.3568345662326422	0.3227048283672614	1.1891164818093851	1.1891164818093851			PASS	formal_runs/full_metric_rerun_20260615/plmf_standardized_repair_20260619/05_runs/MDS/scaffold_cold/seed_22	outputs/paper1_data_refresh_20260710/PLMF_MDA_REBUILT_FROM_FROZEN_ROOT_RAW_METRICS.tsv	
PLMF-MDA	MDA	MDS	scaffold_cold	23	0.6934694673986506	0.6582098649168064	0.5916187345932621	0.4332953249714937	0.2209449373518975	0.2774167065626671	0.2231133351681893	0.8563604387582106	0.8563604387582106			PASS	formal_runs/full_metric_rerun_20260615/plmf_standardized_repair_20260619/05_runs/MDS/scaffold_cold/seed_23	outputs/paper1_data_refresh_20260710/PLMF_MDA_REBUILT_FROM_FROZEN_ROOT_RAW_METRICS.tsv	
PLMF-MDA	MDA	MDS	scaffold_cold	24	0.5857059553864397	0.617725567886194	0.578656853725851	0.4753722794959908	0.1711382499778405	0.3251123253857533	0.2615166048381907	1.0852004125300887	1.0852004125300887			PASS	formal_runs/full_metric_rerun_20260615/plmf_standardized_repair_20260619/05_runs/MDS/scaffold_cold/seed_24	outputs/paper1_data_refresh_20260710/PLMF_MDA_REBUILT_FROM_FROZEN_ROOT_RAW_METRICS.tsv	
PLMF-MDA	MDA	MDS	scaffold_cold	3	0.3951337868480726	0.4369151662347202	0.4619047619047619	0.181159420289855	-0.1046758229305146	0.4429950214062229	0.4177682093269235	1.6340658706522084	1.6340658706522084			PASS	formal_runs/full_metric_rerun_20260615/plmf_standardized_repair_20260619/05_runs/MDS/scaffold_cold/seed_3	outputs/paper1_data_refresh_20260710/PLMF_MDA_REBUILT_FROM_FROZEN_ROOT_RAW_METRICS.tsv	
PLMF-MDA	MDA	MDS	scaffold_cold	4	0.653748703930625	0.5974806430635906	0.525242718446602	0.2646616541353383	0.0715626447332134	0.347294063596585	0.3376093050795867	1.2691928667807462	1.2691928667807462			PASS	formal_runs/full_metric_rerun_20260615/plmf_standardized_repair_20260619/05_runs/MDS/scaffold_cold/seed_4	outputs/paper1_data_refresh_20260710/PLMF_MDA_REBUILT_FROM_FROZEN_ROOT_RAW_METRICS.tsv	
PLMF-MDA	MDA	MDS	scaffold_cold	5	0.5243002809124229	0.4945601340316724	0.4631076388888889	0.2424984690753215	-0.0907722400988716	0.3800005778787419	0.3567634603615615	1.1522142442692835	1.1522142442692835			PASS	formal_runs/full_metric_rerun_20260615/plmf_standardized_repair_20260619/05_runs/MDS/scaffold_cold/seed_5	outputs/paper1_data_refresh_20260710/PLMF_MDA_REBUILT_FROM_FROZEN_ROOT_RAW_METRICS.tsv	
PLMF-MDA	MDA	MDS	scaffold_cold	6	0.6428787468850125	0.5804428395841611	0.5045283018867924	0.1859888406695598	0.0145493990494831	0.3747933773298738	0.3680691078168731	1.179851413074683	1.179851413074683			PASS	formal_runs/full_metric_rerun_20260615/plmf_standardized_repair_20260619/05_runs/MDS/scaffold_cold/seed_6	outputs/paper1_data_refresh_20260710/PLMF_MDA_REBUILT_FROM_FROZEN_ROOT_RAW_METRICS.tsv	
PLMF-MDA	MDA	MDS	scaffold_cold	7	0.4506948057418861	0.4407991897005194	0.424044734389562	0.1770972037283621	-0.1899213596449567	0.426803360444177	0.4146658971444387	1.3399687289898172	1.3399687289898172			PASS	formal_runs/full_metric_rerun_20260615/plmf_standardized_repair_20260619/05_runs/MDS/scaffold_cold/seed_7	outputs/paper1_data_refresh_20260710/PLMF_MDA_REBUILT_FROM_FROZEN_ROOT_RAW_METRICS.tsv	
PLMF-MDA	MDA	MDS	scaffold_cold	8	0.5036715950586885	0.5015906883740042	0.4975633528265107	0.1678773204196933	-0.0079889432843686	0.4149000574125225	0.3925602310947427	1.4851823181250907	1.4851823181250905			PASS	formal_runs/full_metric_rerun_20260615/plmf_standardized_repair_20260619/05_runs/MDS/scaffold_cold/seed_8	outputs/paper1_data_refresh_20260710/PLMF_MDA_REBUILT_FROM_FROZEN_ROOT_RAW_METRICS.tsv	
PLMF-MDA	MDA	MDS	scaffold_cold	9	0.6613270184639062	0.5867359654655165	0.508585445625511	0.3162684869169511	0.0207688313724677	0.3014505551415298	0.2815928631472151	0.8852223608235911	0.8852223608235911			PASS	formal_runs/full_metric_rerun_20260615/plmf_standardized_repair_20260619/05_runs/MDS/scaffold_cold/seed_9	outputs/paper1_data_refresh_20260710/PLMF_MDA_REBUILT_FROM_FROZEN_ROOT_RAW_METRICS.tsv	
PLMF-MDA	MDA	MDS	strict_cold	0	0.5265354655536412	0.5143109290593361	0.5167487684729064	0.4306442251886245	0.0351436253624634	0.4030416084761435	0.3704756347673362	1.762440714464006	1.7624407144640055			PASS	formal_runs/full_metric_rerun_20260615/plmf_standardized_repair_20260619/05_runs/MDS/strict_cold/seed_0	outputs/paper1_data_refresh_20260710/PLMF_MDA_REBUILT_FROM_FROZEN_ROOT_RAW_METRICS.tsv	
PLMF-MDA	MDA	MDS	strict_cold	1	0.5864767028854421	0.5788507352716098	0.5670611439842209	0.5662055335968379	0.1341233315348693	0.3636405596466791	0.3284436750086736	1.692504110054827	1.692504110054827			PASS	formal_runs/full_metric_rerun_20260615/plmf_standardized_repair_20260619/05_runs/MDS/strict_cold/seed_1	outputs/paper1_data_refresh_20260710/PLMF_MDA_REBUILT_FROM_FROZEN_ROOT_RAW_METRICS.tsv	
PLMF-MDA	MDA	MDS	strict_cold	10	0.5553688207306777	0.5454159097425771	0.5384615384615384	0.5073684210526316	0.0775433732974226	0.375769510894826	0.3379345905086222	1.621359746323373	1.621359746323373			PASS	formal_runs/full_metric_rerun_20260615/plmf_standardized_repair_20260619/05_runs/MDS/strict_cold/seed_10	outputs/paper1_data_refresh_20260710/PLMF_MDA_REBUILT_FROM_FROZEN_ROOT_RAW_METRICS.tsv	
PLMF-MDA	MDA	MDS	strict_cold	11	0.630389378837351	0.6149351365280535	0.5731225296442688	0.5210643015521065	0.1498282719812076	0.3524683803131969	0.3266417617884189	1.648105836118486	1.648105836118486			PASS	formal_runs/full_metric_rerun_20260615/plmf_standardized_repair_20260619/05_runs/MDS/strict_cold/seed_11	outputs/paper1_data_refresh_20260710/PLMF_MDA_REBUILT_FROM_FROZEN_ROOT_RAW_METRICS.tsv	
PLMF-MDA	MDA	MDS	strict_cold	12	0.5346315198169951	0.526717217992529	0.5285152409046214	0.5273533760473139	0.0570311710691559	0.3951995618577892	0.3655714958198159	1.6676095430310154	1.6676095430310154			PASS	formal_runs/full_metric_rerun_20260615/plmf_standardized_repair_20260619/05_runs/MDS/strict_cold/seed_12	outputs/paper1_data_refresh_20260710/PLMF_MDA_REBUILT_FROM_FROZEN_ROOT_RAW_METRICS.tsv	
PLMF-MDA	MDA	MDS	strict_cold	13	0.5636482640432574	0.5427300130417808	0.5448343079922028	0.5785198555956679	0.0908365672584317	0.379769503809989	0.3458961872555107	1.651916353846993	1.651916353846993			PASS	formal_runs/full_metric_rerun_20260615/plmf_standardized_repair_20260619/05_runs/MDS/strict_cold/seed_13	outputs/paper1_data_refresh_20260710/PLMF_MDA_REBUILT_FROM_FROZEN_ROOT_RAW_METRICS.tsv	
PLMF-MDA	MDA	MDS	strict_cold	14	0.6381587940758331	0.6256483961377322	0.6042490118577075	0.6169296987087518	0.2089564727837575	0.3083621887410579	0.250425100110888	1.1541886636853933	1.1541886636853933			PASS	formal_runs/full_metric_rerun_20260615/plmf_standardized_repair_20260619/05_runs/MDS/strict_cold/seed_14	outputs/paper1_data_refresh_20260710/PLMF_MDA_REBUILT_FROM_FROZEN_ROOT_RAW_METRICS.tsv	
PLMF-MDA	MDA	MDS	strict_cold	15	0.632179556040821	0.6205058565368955	0.5820969337289812	0.4355377421509686	0.1921296296296296	0.3538482129537575	0.3241888072869868	1.5231356378533505	1.5231356378533505			PASS	formal_runs/full_metric_rerun_20260615/plmf_standardized_repair_20260619/05_runs/MDS/strict_cold/seed_15	outputs/paper1_data_refresh_20260710/PLMF_MDA_REBUILT_FROM_FROZEN_ROOT_RAW_METRICS.tsv	
PLMF-MDA	MDA	MDS	strict_cold	16	0.5688960590312122	0.559236398268293	0.5592300098716683	0.5836829836829837	0.1192859443881172	0.3693551528993299	0.3262390622098469	1.6359895156104085	1.6359895156104085			PASS	formal_runs/full_metric_rerun_20260615/plmf_standardized_repair_20260619/05_runs/MDS/strict_cold/seed_16	outputs/paper1_data_refresh_20260710/PLMF_MDA_REBUILT_FROM_FROZEN_ROOT_RAW_METRICS.tsv	
PLMF-MDA	MDA	MDS	strict_cold	17	0.5620315018336268	0.5780753514855085	0.5349065880039331	0.5062630480167014	0.0702879006547626	0.3705437800419224	0.3341456670229205	1.4548499432820012	1.454849943282001			PASS	formal_runs/full_metric_rerun_20260615/plmf_standardized_repair_20260619/05_runs/MDS/strict_cold/seed_17	outputs/paper1_data_refresh_20260710/PLMF_MDA_REBUILT_FROM_FROZEN_ROOT_RAW_METRICS.tsv	
PLMF-MDA	MDA	MDS	strict_cold	18	0.5365192785389555	0.5273820591893688	0.5108695652173914	0.4512195121951219	0.0222717701593687	0.3982285073181084	0.3667809287766553	1.7343208581053975	1.7343208581053975			PASS	formal_runs/full_metric_rerun_20260615/plmf_standardized_repair_20260619/05_runs/MDS/strict_cold/seed_18	outputs/paper1_data_refresh_20260710/PLMF_MDA_REBUILT_FROM_FROZEN_ROOT_RAW_METRICS.tsv	
PLMF-MDA	MDA	MDS	strict_cold	19	0.5983112264513648	0.6020179084223263	0.5647058823529412	0.5621301775147929	0.1294207214671282	0.3424452488862991	0.298222635912316	1.290330063064481	1.290330063064481			PASS	formal_runs/full_metric_rerun_20260615/plmf_standardized_repair_20260619/05_runs/MDS/strict_cold/seed_19	outputs/paper1_data_refresh_20260710/PLMF_MDA_REBUILT_FROM_FROZEN_ROOT_RAW_METRICS.tsv	
PLMF-MDA	MDA	MDS	strict_cold	2	0.5989234875785555	0.5797948077498756	0.5616438356164384	0.5223880597014925	0.1249879454168194	0.3586573006805958	0.3286748483969959	1.5436860162014907	1.5436860162014907			PASS	formal_runs/full_metric_rerun_20260615/plmf_standardized_repair_20260619/05_runs/MDS/strict_cold/seed_2	outputs/paper1_data_refresh_20260710/PLMF_MDA_REBUILT_FROM_FROZEN_ROOT_RAW_METRICS.tsv	
PLMF-MDA	MDA	MDS	strict_cold	20	0.6068760236375166	0.5972356238541117	0.571992110453649	0.6054545454545455	0.1461014296004355	0.3463478213552071	0.3076753072697979	1.469053882814802	1.4690538828148016			PASS	formal_runs/full_metric_rerun_20260615/plmf_standardized_repair_20260619/05_runs/MDS/strict_cold/seed_20	outputs/paper1_data_refresh_20260710/PLMF_MDA_REBUILT_FROM_FROZEN_ROOT_RAW_METRICS.tsv	
PLMF-MDA	MDA	MDS	strict_cold	21	0.6518637028574075	0.6480737096107632	0.6365422396856582	0.6262626262626263	0.2734986073260875	0.3112122332042148	0.2631276505589798	1.4213338368766315	1.4213338368766315			PASS	formal_runs/full_metric_rerun_20260615/plmf_standardized_repair_20260619/05_runs/MDS/strict_cold/seed_21	outputs/paper1_data_refresh_20260710/PLMF_MDA_REBUILT_FROM_FROZEN_ROOT_RAW_METRICS.tsv	
PLMF-MDA	MDA	MDS	strict_cold	22	0.5173832246353223	0.5120585833959724	0.5185909980430529	0.5614973262032086	0.0379150894477237	0.3968495844520447	0.3554885469331829	1.68026940820971	1.68026940820971			PASS	formal_runs/full_metric_rerun_20260615/plmf_standardized_repair_20260619/05_runs/MDS/strict_cold/seed_22	outputs/paper1_data_refresh_20260710/PLMF_MDA_REBUILT_FROM_FROZEN_ROOT_RAW_METRICS.tsv	
PLMF-MDA	MDA	MDS	strict_cold	23	0.5472404930531708	0.5348846783717931	0.5286844708209694	0.4390818128310771	0.0605418739678491	0.3953367783253277	0.3650046096967633	1.9402321889141196	1.9402321889141196			PASS	formal_runs/full_metric_rerun_20260615/plmf_standardized_repair_20260619/05_runs/MDS/strict_cold/seed_23	outputs/paper1_data_refresh_20260710/PLMF_MDA_REBUILT_FROM_FROZEN_ROOT_RAW_METRICS.tsv	
PLMF-MDA	MDA	MDS	strict_cold	24	0.568113472528584	0.5892338303991997	0.5285996055226825	0.5469194312796208	0.0573871636446096	0.3781413070539646	0.3534995562793275	1.5451268792977486	1.5451268792977486			PASS	formal_runs/full_metric_rerun_20260615/plmf_standardized_repair_20260619/05_runs/MDS/strict_cold/seed_24	outputs/paper1_data_refresh_20260710/PLMF_MDA_REBUILT_FROM_FROZEN_ROOT_RAW_METRICS.tsv	
PLMF-MDA	MDA	MDS	strict_cold	3	0.5987202102295129	0.5916972856016547	0.5618199802176064	0.6083112290008842	0.1272782423058567	0.3483238991884859	0.3094650896282762	1.3966152029691057	1.3966152029691057			PASS	formal_runs/full_metric_rerun_20260615/plmf_standardized_repair_20260619/05_runs/MDS/strict_cold/seed_3	outputs/paper1_data_refresh_20260710/PLMF_MDA_REBUILT_FROM_FROZEN_ROOT_RAW_METRICS.tsv	
PLMF-MDA	MDA	MDS	strict_cold	4	0.5421784909101941	0.5463402480115617	0.5294406280667321	0.4375366568914956	0.0623018362103121	0.3930746413178408	0.3634884244997612	1.6766277228285862	1.6766277228285862			PASS	formal_runs/full_metric_rerun_20260615/plmf_standardized_repair_20260619/05_runs/MDS/strict_cold/seed_4	outputs/paper1_data_refresh_20260710/PLMF_MDA_REBUILT_FROM_FROZEN_ROOT_RAW_METRICS.tsv	
PLMF-MDA	MDA	MDS	strict_cold	5	0.5633997427746367	0.5778007827742687	0.547783251231527	0.5106609808102346	0.0966858462907056	0.3638775551108872	0.3162184302829235	1.4718113963393755	1.4718113963393755			PASS	formal_runs/full_metric_rerun_20260615/plmf_standardized_repair_20260619/05_runs/MDS/strict_cold/seed_5	outputs/paper1_data_refresh_20260710/PLMF_MDA_REBUILT_FROM_FROZEN_ROOT_RAW_METRICS.tsv	
PLMF-MDA	MDA	MDS	strict_cold	6	0.5448415598544595	0.5520872205846777	0.5336300692383779	0.4583572659391154	0.070019051892853	0.3893159424271789	0.354793656348183	1.742526299838087	1.742526299838087			PASS	formal_runs/full_metric_rerun_20260615/plmf_standardized_repair_20260619/05_runs/MDS/strict_cold/seed_6	outputs/paper1_data_refresh_20260710/PLMF_MDA_REBUILT_FROM_FROZEN_ROOT_RAW_METRICS.tsv	
PLMF-MDA	MDA	MDS	strict_cold	7	0.6024611773344373	0.5921731549661382	0.5711462450592886	0.5062571103526735	0.1474781399381595	0.341731733519492	0.2966689772782967	1.3276636684055227	1.3276636684055223			PASS	formal_runs/full_metric_rerun_20260615/plmf_standardized_repair_20260619/05_runs/MDS/strict_cold/seed_7	outputs/paper1_data_refresh_20260710/PLMF_MDA_REBUILT_FROM_FROZEN_ROOT_RAW_METRICS.tsv	
PLMF-MDA	MDA	MDS	strict_cold	8	0.6109883749485968	0.5940218384428295	0.585377821393523	0.5781328007988018	0.1708564559555076	0.3426814109409857	0.3021781641107223	1.553670807643934	1.553670807643934			PASS	formal_runs/full_metric_rerun_20260615/plmf_standardized_repair_20260619/05_runs/MDS/strict_cold/seed_8	outputs/paper1_data_refresh_20260710/PLMF_MDA_REBUILT_FROM_FROZEN_ROOT_RAW_METRICS.tsv	
PLMF-MDA	MDA	MDS	strict_cold	9	0.5565965333000047	0.5554404508402933	0.5370553359683794	0.4561810795124782	0.0776236571155557	0.3841208387127592	0.3482803662647339	1.6836096024515943	1.6836096024515943			PASS	formal_runs/full_metric_rerun_20260615/plmf_standardized_repair_20260619/05_runs/MDS/strict_cold/seed_9	outputs/paper1_data_refresh_20260710/PLMF_MDA_REBUILT_FROM_FROZEN_ROOT_RAW_METRICS.tsv	
